game_id,rating_diff,turns,rated,opening_shortname,white_experience,winner
10139,303,78,1,Scandinavian Defense,1,Black
9788,61,35,0,Scandinavian Defense,1,White
9789,49,93,1,Nimzowitsch Defense,2,White
9791,59,112,1,Nimzowitsch Defense,3,Black
9793,74,28,1,Scandinavian Defense,4,Black
9795,106,73,1,Nimzowitsch Defense,5,White
9799,291,138,1,King's Gambit,6,Black
10031,84,3,1,Nimzowitsch Defense,1,White
10054,237,43,1,Scandinavian Defense,1,White
11091,100,141,1,King's Pawn Game,1,White
9036,220,122,0,Sicilian Defense,1,Black
10893,2,56,1,Pirc Defense,2,Black
9800,25,70,1,Blackmar-Diemer Gambit,1,Black
9801,59,56,1,Blackmar-Diemer Gambit,2,Black
9802,1,64,1,Blackmar-Diemer Gambit,3,Black
9804,153,81,1,Indian Game,4,White
9805,55,54,1,Indian Game,5,Black
9806,57,94,1,Blackmar-Diemer Gambit,6,White
9807,45,46,1,Indian Game,7,Black
9808,25,57,1,Horwitz Defense,8,White
9809,95,56,1,Horwitz Defense,9,White
9810,99,54,1,Horwitz Defense,10,Black
9811,80,45,1,Indian Game,11,White
9813,89,140,1,Indian Game,12,Black
9815,47,27,1,Indian Game,13,Black
9816,239,87,1,Horwitz Defense,14,White
9817,100,88,1,Blackmar-Diemer Gambit,15,Black
9818,137,39,1,Horwitz Defense,16,White
9820,39,78,1,Dutch Defense,17,White
9821,18,32,1,Blackmar-Diemer Gambit,18,White
9823,5,134,1,Blackmar-Diemer Gambit,19,Draw
9825,271,78,1,Horwitz Defense,20,White
9826,14,83,1,Indian Game,21,White
9827,21,60,1,Blackmar-Diemer Gambit,22,White
9828,111,80,1,Horwitz Defense,23,White
9829,65,127,1,Blackmar-Diemer Gambit,24,Draw
9830,52,43,1,Horwitz Defense,25,White
9831,261,46,1,Indian Game,26,Black
9832,332,89,1,Horwitz Defense,27,White
9833,151,90,1,Horwitz Defense,28,Black
9834,161,64,1,Horwitz Defense,29,Black
9835,110,81,1,Dutch Defense,30,White
9836,172,55,1,Horwitz Defense,31,White
9837,33,99,1,Blackmar-Diemer Gambit,32,White
9838,183,79,1,Horwitz Defense,33,White
9840,183,48,1,Indian Game,34,Black
9842,254,60,1,Horwitz Defense,35,White
9843,22,40,1,Blackmar-Diemer Gambit,36,White
9844,363,107,1,Blackmar-Diemer Gambit,37,Draw
9845,137,101,1,Blackmar-Diemer Gambit,38,White
3657,283,69,1,Queen's Gambit,1,White
19830,0,58,0,Queen's Pawn Game,1,Black
19831,0,25,0,Queen's Pawn Game,2,White
10269,353,121,1,Van't Kruijs Opening,1,White
19106,243,2,1,French Defense,1,White
10520,118,82,1,Italian Game,1,Black
11229,118,82,1,Italian Game,2,Black
12867,93,54,1,Sicilian Defense,3,Black
15447,46,183,1,Sicilian Defense,4,White
3626,5,53,1,Blackmar-Diemer Gambit,1,White
11097,53,124,1,King's Pawn Game,1,Black
9666,126,34,1,Italian Game,1,Black
9667,3,33,1,French Defense,2,White
10347,175,58,1,Italian Game,1,Black
10263,507,85,1,King's Pawn Game,1,White
18730,276,89,1,Sicilian Defense,1,White
10846,328,3,1,Pirc Defense,1,White
2,61,16,1,Nimzowitsch Defense,1,Black
9052,279,88,1,Sicilian Defense,1,Black
11113,126,34,1,Italian Game,1,Black
10175,2,17,1,Alekhine Defense,1,White
5807,66,93,1,Sicilian Defense,1,White
16319,366,119,1,Sicilian Defense,1,White
6507,325,2,1,Bird Opening,1,Black
6509,0,149,0,Pirc Defense,2,Draw
704,22,60,0,Van't Kruijs Opening,1,Black
18898,73,68,1,Sicilian Defense,1,Black
7265,48,125,1,Queen's Pawn,1,White
6525,18,5,0,Ruy Lopez,1,White
1575,161,111,1,Four Knights Game,1,White
1576,66,27,1,French Defense,2,White
1578,137,27,1,Sicilian Defense,3,Black
1579,526,25,1,Scotch Game,4,White
1581,313,60,1,Vienna Game,5,Black
1583,123,130,1,Caro-Kann Defense,6,Draw
1586,16,50,1,Italian Game,7,Black
1588,264,33,1,Petrov's Defense,8,White
1590,8,32,1,Italian Game,9,Black
1593,12,25,1,Sicilian Defense,10,White
1595,210,57,1,Philidor Defense,11,White
1597,103,17,1,Italian Game,12,White
1599,196,24,1,Philidor Defense,13,Black
1600,103,39,1,Scandinavian Defense,14,White
1602,98,40,1,French Defense,15,Black
1605,348,64,1,Sicilian Defense,16,Black
1606,346,51,1,Four Knights Game,17,White
13141,148,18,1,Philidor Defense,18,Black
13142,115,18,1,French Defense,19,Black
13144,142,45,1,Four Knights Game,20,Draw
13147,162,87,1,Italian Game,21,White
13149,161,111,1,Four Knights Game,22,White
13150,66,27,1,French Defense,23,White
13152,137,27,1,Sicilian Defense,24,Black
13153,526,25,1,Scotch Game,25,White
13155,313,60,1,Vienna Game,26,Black
13157,123,130,1,Caro-Kann Defense,27,Draw
13160,16,50,1,Italian Game,28,Black
13162,264,33,1,Petrov's Defense,29,White
13164,8,32,1,Italian Game,30,Black
13167,12,25,1,Sicilian Defense,31,White
13169,210,57,1,Philidor Defense,32,White
13171,103,17,1,Italian Game,33,White
14759,148,18,1,Philidor Defense,34,Black
14760,115,18,1,French Defense,35,Black
14762,142,45,1,Four Knights Game,36,Draw
14765,162,87,1,Italian Game,37,White
14767,161,111,1,Four Knights Game,38,White
14768,66,27,1,French Defense,39,White
14770,137,27,1,Sicilian Defense,40,Black
14771,526,25,1,Scotch Game,41,White
14773,313,60,1,Vienna Game,42,Black
14775,123,130,1,Caro-Kann Defense,43,Draw
14778,16,50,1,Italian Game,44,Black
14780,264,33,1,Petrov's Defense,45,White
14782,8,32,1,Italian Game,46,Black
14785,12,25,1,Sicilian Defense,47,White
14787,210,57,1,Philidor Defense,48,White
14789,103,17,1,Italian Game,49,White
607,271,71,0,Italian Game,1,White
1092,490,54,0,Sicilian Defense,1,Black
12520,28,121,1,French Defense,1,White
8209,437,103,1,Van't Kruijs Opening,1,White
12931,173,26,1,Queen's Gambit,1,Black
12932,238,75,1,Queen's Gambit,2,White
12934,204,2,1,Van't Kruijs Opening,3,White
12936,229,2,1,Van't Kruijs Opening,4,Black
12937,218,2,1,Van't Kruijs Opening,5,White
12941,217,2,1,Van't Kruijs Opening,6,White
12942,206,2,1,Van't Kruijs Opening,7,White
12943,194,2,1,Van't Kruijs Opening,8,White
12944,183,2,1,Van't Kruijs Opening,9,White
12946,157,2,1,Van't Kruijs Opening,10,White
12948,129,2,1,Van't Kruijs Opening,11,White
12950,11,28,1,Slav Defense,12,Black
12951,144,2,1,Horwitz Defense,13,White
12952,129,2,1,Horwitz Defense,14,White
12954,148,2,1,Horwitz Defense,15,White
12955,133,2,1,Horwitz Defense,16,White
12957,177,24,1,Queen's Gambit,17,Black
12958,180,14,1,Van't Kruijs Opening,18,Black
12960,215,152,1,Slav Defense,19,Black
12962,77,34,1,King's Indian Defense,20,Black
12964,39,117,1,Benko Gambit,21,White
12965,246,92,1,King's Indian Defense,22,Black
12968,4,57,1,King's Indian Defense,23,White
12969,113,56,1,Queen's Gambit,24,Black
12974,81,43,1,Queen's Gambit,25,Draw
12975,3,100,1,Queen's Gambit,26,Black
10511,233,74,1,Alekhine Defense,1,Black
11220,233,74,1,Alekhine Defense,2,Black
15130,433,31,1,King's Gambit,1,White
15319,18,43,1,Four Knights Game,1,Black
15088,4,40,1,King's Pawn Game,1,Black
2763,454,96,1,Queen's Pawn Game,1,Black
6172,20,64,1,French Defense,1,Black
12797,282,27,0,Dutch Defense,1,White
12799,282,39,0,Dutch Defense,2,White
12802,282,34,0,Dutch Defense,3,White
2278,65,149,1,Sicilian Defense,1,White
14855,28,46,0,Sicilian Defense,1,White
8635,74,118,1,Scandinavian Defense,1,Black
8636,82,19,1,Scandinavian Defense,2,White
8014,273,23,0,Caro-Kann Defense,1,White
6479,53,128,1,Center Game,1,Black
7291,166,41,1,Nimzo-Larsen Attack,1,White
8982,39,3,1,Horwitz Defense,1,Draw
8360,566,64,0,French Defense,1,Black
5266,81,34,1,Sicilian Defense,1,Black
17669,208,118,1,Blackmar-Diemer Gambit,1,Black
17670,256,66,1,French Defense,2,Black
6142,182,62,1,Van't Kruijs Opening,1,Black
8282,112,114,1,Italian Game,1,Black
6318,87,27,1,Blackmar-Diemer Gambit,1,White
8658,130,118,1,Scandinavian Defense,1,Draw
7548,31,33,1,Sicilian Defense,1,Black
267,155,114,1,Van't Kruijs Opening,1,Black
7623,135,46,1,French Defense,1,Black
14650,161,37,1,Sicilian Defense,1,White
7810,179,99,1,French Defense,1,White
14954,85,37,1,Van't Kruijs Opening,1,White
16218,196,54,1,Horwitz Defense,2,White
8185,412,104,1,Sicilian Defense,1,Draw
13491,226,44,1,Caro-Kann Defense,1,Black
12830,27,42,0,King's Pawn Game,1,Black
17487,227,66,1,Nimzowitsch Defense,1,Black
7217,14,45,1,Scandinavian Defense,1,White
916,473,75,1,Dutch Defense,1,White
11775,97,72,1,Sicilian Defense,1,White
16544,78,80,1,Ruy Lopez,1,Black
13249,162,108,1,Queen's Gambit,1,Draw
11943,41,115,1,Scotch Game,1,White
9343,301,43,0,Van't Kruijs Opening,1,White
5887,355,37,1,Scotch Game,1,White
2773,70,68,1,Italian Game,1,Black
12896,402,42,1,Caro-Kann Defense,2,Black
12768,31,45,1,French Defense,1,White
864,401,54,1,Slav Defense,1,Black
12296,401,54,1,Slav Defense,2,Black
14305,401,54,1,Slav Defense,3,Black
16161,171,83,1,Ruy Lopez,1,White
18659,3,69,1,Ruy Lopez,1,White
18663,23,56,1,Ruy Lopez,2,Black
18665,234,68,1,Ruy Lopez,3,White
18667,181,45,1,Philidor Defense,4,White
18670,357,91,0,Nimzowitsch Defense,5,Draw
18671,32,32,0,Sicilian Defense,6,Black
18672,328,69,0,English Opening,7,White
18676,4,37,1,Ruy Lopez,8,White
18678,221,121,1,Ruy Lopez,9,White
18679,186,19,0,Sicilian Defense,10,White
18684,228,19,0,Queen's Gambit,11,White
18687,431,39,0,Caro-Kann Defense,12,White
18690,74,98,1,Semi-Slav Defense,13,Black
18691,192,33,0,Queen's Gambit,14,White
18692,296,38,0,Indian Game,15,Black
18694,296,168,0,Amar Opening,16,Black
18494,21,66,1,French Defense,1,Black
12518,51,39,1,French Defense,1,White
11666,1,29,1,Sicilian Defense,1,White
11669,33,36,1,Blackmar-Diemer Gambit,2,White
8787,90,55,1,Caro-Kann Defense,1,White
1832,42,38,1,King's Pawn Game,1,Draw
16975,115,111,1,King's Pawn Game,1,White
646,700,48,1,Four Knights Game,1,Black
1555,330,59,0,King's Pawn Game,1,White
14828,330,59,0,King's Pawn Game,2,White
60,59,29,1,Philidor Defense,1,White
14098,169,59,1,Caro-Kann Defense,2,White
16120,4,54,1,French Defense,1,Black
8681,22,65,1,Bishop's Opening,1,White
8692,17,47,1,King's Pawn Game,2,White
15138,613,41,1,Queen's Pawn Game,1,White
14034,6,68,1,Slav Defense,1,White
3171,286,73,1,Van't Kruijs Opening,1,White
13294,45,90,1,Van't Kruijs Opening,1,Black
4967,93,104,1,Blackmar-Diemer Gambit,1,Black
16289,117,27,1,Blackmar-Diemer Gambit,1,White
16211,152,167,1,Philidor Defense,1,White
6202,449,60,1,King's Gambit,1,Black
6208,171,54,1,Pirc Defense,2,Draw
6210,19,55,1,Nimzowitsch Defense,3,White
6214,45,32,1,King's Pawn Game,4,Black
6215,285,64,1,King's Pawn Game,5,Black
12478,159,48,1,Blackmar-Diemer Gambit,1,Black
11044,54,46,1,King's Pawn Game,1,Black
8102,335,35,1,Queen's Pawn Game,1,White
5355,484,27,0,Alekhine Defense,1,White
6998,68,41,1,Queen's Gambit,1,White
1654,29,105,1,Scandinavian Defense,1,White
7812,117,44,1,Horwitz Defense,1,Black
2632,151,60,1,Indian Game,1,White
1933,229,67,1,Scandinavian Defense,1,White
6055,506,49,1,Sicilian Defense,1,White
16754,283,45,1,English Opening,1,White
15157,78,109,1,Van't Kruijs Opening,1,White
2373,53,45,1,Slav Defense,1,White
8254,49,14,1,King's Pawn Game,1,Black
2804,102,61,0,Petrov's Defense,1,White
3906,95,42,1,Zukertort Opening,1,Black
9177,109,35,0,Alekhine Defense,1,White
5727,656,25,1,Robatsch (Modern) Defense,1,White
4153,39,20,1,Sicilian Defense,1,Black
6302,41,56,1,Philidor Defense,1,Black
6303,17,24,1,Scotch Game,2,Black
6305,24,36,1,Italian Game,3,Black
6306,56,47,1,Four Knights Game,4,White
6309,16,69,1,Scotch Game,5,Black
6310,14,89,1,Scandinavian Defense,6,White
6312,107,46,1,Scandinavian Defense,7,Black
6313,34,42,1,Italian Game,8,Black
6315,7,56,1,Scotch Game,9,Black
6316,2,63,1,Italian Game,10,White
6320,6,71,1,Italian Game,11,White
6322,210,84,1,Pirc Defense,12,Black
6324,274,41,1,Philidor Defense,13,White
6325,168,25,1,Scotch Game,14,White
6326,29,86,1,Sicilian Defense,15,Black
6330,14,36,1,Zukertort Opening,16,Black
6331,7,92,1,Petrov's Defense,17,Black
6333,204,61,1,Nimzowitsch Defense,18,White
6337,31,49,1,Scotch Game,19,White
6338,3,50,1,Scotch Game,20,Black
6339,117,24,1,Sicilian Defense,21,White
6341,57,23,1,Philidor Defense,22,White
6342,15,66,1,Scotch Game,23,Black
420,228,14,1,Italian Game,1,Black
19352,284,2,1,Nimzowitsch Defense,2,Black
16507,76,73,1,Budapest Defense,1,White
17205,98,61,1,Robatsch (Modern) Defense,1,White
1073,47,68,0,Scandinavian Defense,1,Black
12655,47,68,0,Scandinavian Defense,2,Black
14522,47,68,0,Scandinavian Defense,3,Black
9664,181,55,1,Italian Game,1,White
19044,12,63,1,English Opening,1,White
467,110,74,1,English Opening,1,Black
469,75,85,1,English Opening,2,White
13908,13,43,1,Caro-Kann Defense,1,White
7513,85,111,1,Ruy Lopez,1,White
6076,434,46,1,Petrov's Defense,1,White
6078,583,22,1,Nimzowitsch Defense,2,Black
11163,221,45,0,Zukertort Opening,1,White
8863,60,58,1,Philidor Defense,1,Black
8224,183,70,1,Vienna Game,1,Black
15357,182,42,0,Yusupov-Rubinstein System,1,Black
48,365,7,0,Sicilian Defense,1,White
4406,157,20,1,Budapest Defense,1,Black
19920,80,101,1,Sicilian Defense,1,White
17994,621,37,1,King's Gambit,1,White
10071,229,91,1,Sicilian Defense,1,White
13011,8,63,1,Van't Kruijs Opening,1,White
909,11,96,1,Sicilian Defense,1,Black
18581,65,95,1,French Defense,1,Draw
18584,64,1,1,Nimzowitsch Defense,2,White
18585,146,36,1,Italian Game,3,Black
18587,54,41,1,Nimzowitsch Defense,4,White
18590,43,81,1,Philidor Defense,5,White
18592,12,167,1,Italian Game,6,White
18593,56,43,1,Four Knights Game,7,White
18595,25,70,1,French Defense,8,Black
18596,33,100,1,Italian Game,9,Black
18599,90,118,1,Scandinavian Defense,10,Black
18600,13,25,1,Philidor Defense,11,White
8772,74,146,1,Philidor Defense,1,Black
16497,3,51,1,English Opening,1,White
11711,360,44,1,Nimzo-Indian Defense,1,Black
19334,360,44,1,Nimzo-Indian Defense,2,Black
8269,101,115,1,Indian Game,1,White
8271,44,94,1,Indian Game,2,Black
8272,158,82,1,Queen's Indian Defense,3,Black
8273,47,69,1,Queen's Indian Defense,4,White
8274,411,41,0,King's Indian Defense,5,White
8276,94,113,1,Queen's Gambit,6,Draw
8278,151,38,1,Benko Gambit,7,Black
8279,65,30,1,Semi-Slav Defense,8,White
7938,45,31,1,Blackmar-Diemer Gambit,1,White
16648,285,78,1,Horwitz Defense,1,Black
6940,98,48,1,Italian Game,1,Black
7188,109,26,1,Blackmar-Diemer Gambit,2,Black
7190,152,74,1,Zukertort Opening,3,Black
17761,450,35,1,King's Gambit,1,White
6721,84,79,1,French Defense,1,White
15953,128,88,1,Ruy Lopez,1,Black
10044,242,57,1,Blackmar-Diemer Gambit,1,White
11493,0,100,1,Blackmar-Diemer Gambit,1,Draw
19241,0,100,1,Blackmar-Diemer Gambit,2,Draw
6835,34,61,0,Scotch Game,1,White
2291,70,135,1,Sicilian Defense,1,Draw
9607,358,81,1,Slav Defense,1,White
7314,30,38,1,East Indian Defense,1,White
3933,29,109,1,Philidor Defense,1,White
15806,23,123,1,English Opening,1,White
12776,0,51,0,Russian Game,1,White
12778,461,45,0,Sicilian Defense,2,White
13053,29,83,1,King's Indian Defense,1,Black
13055,34,151,1,King's Indian Defense,2,White
403,112,116,1,French Defense,1,Black
545,183,73,1,Italian Game,1,White
3200,4,46,1,Scotch Game,1,Black
14925,14,53,1,Italian Game,1,White
10255,53,107,1,Scotch Game,1,Draw
17064,113,46,1,Gruenfeld Defense,1,Black
17479,308,42,1,Caro-Kann Defense,1,Black
13995,4,43,1,Philidor Defense,1,White
18153,16,52,1,Sicilian Defense,1,Black
1560,108,10,1,Sicilian Defense,1,Black
1561,632,88,1,Sicilian Defense,2,Black
8639,84,87,1,Scandinavian Defense,1,White
11940,154,38,1,Sicilian Defense,1,Black
16119,59,100,1,French Defense,2,Black
14560,61,140,1,Robatsch (Modern) Defense,1,Draw
3930,28,132,1,Ruy Lopez,1,Black
3932,51,115,1,French Defense,2,White
3934,129,86,1,Philidor Defense,3,Black
3936,6,64,1,Ruy Lopez,4,Black
3937,15,89,1,Sicilian Defense,5,White
2898,161,67,1,King's Knight Opening,1,White
7154,168,63,1,King's Gambit,1,White
16362,292,8,1,French Defense,1,Black
5411,93,108,1,Philidor Defense,1,Black
7335,388,78,1,Sicilian Defense,2,Black
18315,93,108,1,Philidor Defense,3,Black
19286,380,97,1,Scotch Game,1,White
17482,332,93,1,Van't Kruijs Opening,1,White
16779,85,30,1,Van't Kruijs Opening,1,Black
15770,38,46,1,Blackmar-Diemer Gambit,1,Black
2494,505,47,0,Italian Game,1,White
12908,28,134,1,Bird Opening,1,Black
13679,127,166,1,Bird Opening,2,Black
9238,296,39,1,Slav Defense,1,White
12426,376,56,0,Amar Opening,1,Black
2672,457,27,1,Four Knights Game,1,White
5499,288,43,1,Sicilian Defense,1,White
17591,201,109,1,English Opening,1,White
429,20,38,1,Alekhine Defense,1,Black
15437,346,43,1,King's Pawn Game,1,White
17630,5,54,1,French Defense,1,Black
4258,570,61,1,Italian Game,1,White
10457,326,14,0,Bishop's Opening,1,Black
15931,53,78,1,Ruy Lopez,1,Draw
1075,201,63,1,Sicilian Defense,1,White
1077,201,94,1,Sicilian Defense,2,Black
6462,204,65,1,Scotch Game,1,White
6463,204,25,1,Bishop's Opening,2,White
6464,204,141,1,King's Pawn Game,3,White
6465,204,93,1,King's Pawn Game,4,White
6466,204,48,0,Horwitz Defense,5,Black
6467,204,30,0,Four Knights Game,6,Black
6468,204,40,0,Pirc Defense,7,Black
6472,204,28,0,Vienna Game,8,Black
6474,204,105,1,Italian Game,9,Black
6477,199,80,1,Nimzowitsch Defense,10,Black
6495,114,42,1,Ruy Lopez,11,Black
6498,136,80,1,Four Knights Game,12,Draw
6500,102,48,1,Four Knights Game,13,Black
400,80,76,1,French Defense,1,Black
5195,248,37,1,Caro-Kann Defense,1,White
13015,18,40,1,Nimzowitsch Defense,1,Black
8082,69,136,1,Ruy Lopez,1,Black
11659,29,69,1,Van't Kruijs Opening,1,White
10237,406,40,0,French Defense,1,Black
5924,251,20,0,French Defense,1,White
9259,127,53,0,Queen's Gambit,1,Black
1689,698,39,0,French Defense,1,White
7197,362,75,1,Nimzowitsch Defense,1,White
16991,188,73,1,Ruy Lopez,2,White
968,0,21,0,King's Pawn Game,1,White
970,88,50,0,Queen's Pawn Game,2,Black
7024,228,58,1,Sicilian Defense,1,Black
16296,137,51,1,Four Knights Game,1,White
13713,110,37,1,King's Gambit,1,White
975,129,38,0,Blackmar-Diemer Gambit,1,Black
977,32,26,0,Sicilian Defense,2,Black
980,504,34,1,Queen's Gambit,3,Black
982,475,27,0,Van't Kruijs Opening,4,Black
984,55,54,0,Philidor Defense,5,Black
986,172,55,0,Zukertort Opening,6,Black
991,341,36,0,Sicilian Defense,7,Black
992,140,58,0,Queen's Gambit,8,Black
995,362,56,0,Horwitz Defense,9,Black
996,349,24,0,Queen's Gambit,10,Black
998,413,66,0,Semi-Slav Defense,11,Black
999,362,45,0,Scandinavian Defense,12,Black
1001,93,18,0,Scotch Game,13,Black
1004,161,34,0,Philidor Defense,14,Black
1006,283,24,0,Sicilian Defense,15,Black
1007,446,18,0,Pirc Defense,16,Black
1008,211,36,0,Sicilian Defense,17,Black
1011,722,77,0,Four Knights Game,18,White
7576,72,38,0,Van't Kruijs Opening,1,Black
11147,61,81,1,Van't Kruijs Opening,1,White
8191,205,109,1,Queen's Pawn Game,1,Black
523,29,58,1,Blackmar-Diemer Gambit,1,Black
15054,90,82,1,Sicilian Defense,1,Draw
10570,157,62,1,French Defense,1,Black
11279,157,62,1,French Defense,2,Black
14487,128,32,1,Sicilian Defense,1,Black
14489,31,22,1,Italian Game,2,White
9357,95,37,1,Petrov's Defense,1,White
9358,53,81,1,Ruy Lopez,2,White
9362,301,64,1,King's Indian Defense,3,Black
9363,134,46,1,Slav Defense,4,Black
9366,155,69,1,Caro-Kann Defense,5,White
8794,194,46,1,Queen's Pawn,1,White
4021,134,37,0,King's Pawn Game,1,White
5688,128,24,1,Queen's Gambit,1,White
3128,451,25,1,Scotch Game,1,Black
8633,186,65,1,Scandinavian Defense,1,White
11131,221,23,1,Horwitz Defense,1,White
15414,257,55,1,Caro-Kann Defense,1,White
3583,10,60,1,Ruy Lopez,1,Black
5259,41,45,1,Nimzo-Indian Defense,1,White
4238,459,68,0,English Opening,1,Draw
4244,308,68,0,English Opening,2,Black
4274,643,70,0,Horwitz Defense,3,Black
12693,246,138,1,Slav Defense,1,Draw
15123,149,45,1,King's Knight Opening,1,White
6505,86,67,0,King's Pawn Game,1,White
6506,134,30,0,French Defense,2,White
6508,0,182,1,Van't Kruijs Opening,3,Black
18476,68,78,1,Horwitz Defense,1,Black
18477,57,52,1,Caro-Kann Defense,2,Black
18478,270,15,1,Indian Game,3,White
18483,61,30,1,Budapest Defense,4,Black
18484,189,48,1,Indian Game,5,Black
18486,135,91,1,Horwitz Defense,6,White
18489,195,98,1,Slav Defense,7,Black
18490,121,62,1,Queen's Gambit,8,White
18492,126,109,1,Queen's Gambit,9,White
18495,137,120,1,Queen's Gambit,10,White
18497,121,55,1,Queen's Pawn Game,11,White
18498,147,68,1,Slav Defense,12,Black
18500,148,86,1,Semi-Slav Defense,13,Draw
18503,96,40,1,King's Indian Defense,14,White
18504,128,59,1,Queen's Gambit,15,White
18506,37,71,1,Horwitz Defense,16,White
18508,213,110,1,Queen's Gambit,17,Black
18509,168,44,1,Horwitz Defense,18,Black
1547,30,78,0,Nimzowitsch Defense,1,Black
4181,629,10,1,Horwitz Defense,1,White
9584,336,23,1,King's Pawn Game,1,White
11612,123,80,0,Nimzo-Larsen Attack,1,Draw
14141,165,54,1,Nimzo-Indian Defense,1,Black
11177,44,40,1,Horwitz Defense,1,Black
6238,134,57,1,Amar Opening,1,White
19784,69,81,1,Pirc Defense,1,White
1875,4,77,1,Sicilian Defense,1,White
9543,182,56,1,Queen's Gambit,1,Black
8714,0,40,0,Petrov's Defense,1,Black
628,5,24,1,French Defense,1,Black
17091,369,103,1,Nimzowitsch Defense,1,White
4866,75,63,1,Blackmar-Diemer Gambit,1,White
5947,20,51,1,Blackmar-Diemer Gambit,2,White
7041,131,92,1,Indian Game,3,Black
15018,74,17,1,Blackmar-Diemer Gambit,4,White
9626,177,19,1,Bishop's Opening,1,White
18020,9,34,1,Sicilian Defense,1,Black
16386,58,37,0,English Opening,1,White
2365,37,38,1,Pirc Defense,1,Black
588,330,34,1,Scandinavian Defense,1,Black
2142,36,70,1,French Defense,1,Black
2143,100,52,1,French Defense,2,Black
2144,98,50,1,Scandinavian Defense,3,Black
2145,66,87,1,Caro-Kann Defense,4,White
2147,95,127,1,French Defense,5,White
15869,12,76,0,Caro-Kann Defense,1,Black
9465,73,72,1,Van't Kruijs Opening,1,Black
13583,233,16,0,French Defense,2,White
11781,146,33,1,Sicilian Defense,1,White
2525,19,38,1,Scandinavian Defense,1,Black
15885,390,31,1,King's Gambit,1,White
11119,104,44,0,Van't Kruijs Opening,1,Black
11124,0,44,0,King's Pawn Game,2,Black
17566,323,64,1,Sicilian Defense,1,Black
5710,8,118,1,Blackmar-Diemer Gambit,1,Black
3044,751,53,1,French Defense,1,White
12878,37,44,1,Semi-Slav Defense,1,Black
15423,23,166,1,Caro-Kann Defense,1,Black
4517,9,57,1,Vienna Game,1,White
6642,131,75,0,French Defense,1,White
14062,19,27,1,Petrov's Defense,1,White
17491,437,32,1,Ruy Lopez,1,White
17493,141,47,1,Ruy Lopez,2,White
17494,193,113,0,Ruy Lopez,3,White
12146,532,62,1,Van't Kruijs Opening,1,Black
14014,236,41,1,Van't Kruijs Opening,2,White
3465,366,106,0,Nimzowitsch Defense,1,Draw
16332,366,106,0,Nimzowitsch Defense,2,Draw
1676,12,33,1,Scandinavian Defense,1,White
2832,0,22,0,Bishop's Opening,1,Black
15171,6,76,1,Sicilian Defense,1,Black
362,258,64,1,Blackmar-Diemer Gambit,1,Black
18253,164,126,1,Pirc Defense,1,Black
5539,110,43,1,Blackmar-Diemer Gambit,1,White
15081,196,84,1,Indian Game,1,Black
6840,102,55,1,French Defense,1,White
14276,36,15,1,Pirc Defense,1,White
15716,125,53,0,Sicilian Defense,1,White
4736,27,55,1,Sicilian Defense,1,White
17660,405,121,1,Italian Game,2,White
19349,242,37,1,Italian Game,1,White
12912,86,43,1,English Opening,1,White
4780,57,21,1,French Defense,1,White
16424,52,61,1,King's Indian Defense,1,White
11766,13,51,1,Sicilian Defense,1,White
6440,326,50,1,Blackmar-Diemer Gambit,1,Black
10257,115,51,1,Caro-Kann Defense,1,White
10092,5,44,0,Queen's Pawn Game,1,Black
19598,111,100,1,King's Indian Defense,1,Black
12476,27,30,1,Italian Game,1,Black
4015,17,47,1,King's Gambit,1,White
17878,511,77,0,Sicilian Defense,1,White
6630,158,53,0,French Defense,1,Draw
10275,89,43,1,Mexican Defense,1,White
13280,20,17,1,French Defense,1,Black
13282,53,29,1,French Defense,2,White
13283,261,121,1,Ruy Lopez,3,White
13285,1188,68,0,Sicilian Defense,4,Black
13286,26,84,1,Ruy Lopez,5,Black
13288,98,106,1,Petrov's Defense,6,White
6022,229,116,1,Scandinavian Defense,1,Black
7605,39,20,1,French Defense,1,Black
12494,127,70,1,Sicilian Defense,2,Black
8372,286,72,1,Scandinavian Defense,1,Black
17374,0,87,1,Horwitz Defense,2,White
12051,5,78,1,Van't Kruijs Opening,1,Black
19814,7,20,1,Van't Kruijs Opening,2,Black
10535,61,34,1,Blackmar-Diemer Gambit,1,Black
11244,61,34,1,Blackmar-Diemer Gambit,2,Black
11800,369,64,1,Sicilian Defense,1,Black
4820,346,12,0,Petrov's Defense,1,White
9556,240,49,0,Ruy Lopez,2,White
802,271,51,1,Italian Game,1,White
12237,271,51,1,Italian Game,2,White
14149,372,65,0,Sicilian Defense,1,White
14151,372,67,0,Sicilian Defense,2,White
14159,381,103,0,Sicilian Defense,3,White
14163,402,37,0,Sicilian Defense,4,White
14313,125,49,1,Queen's Gambit,1,White
14314,117,31,1,Queen's Gambit,2,Black
14316,296,14,1,Dutch Defense,3,White
14318,144,88,1,Semi-Slav Defense,4,Black
14319,423,39,1,Queen's Gambit,5,White
14321,243,41,1,Robatsch (Modern) Defense,6,White
14323,20,51,1,Queen's Gambit,7,Black
14324,197,86,1,Queen's Gambit,8,Black
14327,511,74,1,Horwitz Defense,9,Black
14328,58,69,1,Nimzo-Indian Defense,10,White
14329,39,44,1,Nimzowitsch Defense,11,Black
14331,102,76,1,Robatsch (Modern) Defense,12,Black
14333,141,84,1,Queen's Gambit,13,Black
14335,41,83,1,Slav Defense,14,White
14337,31,73,1,Queen's Gambit,15,White
14338,276,74,1,Sicilian Defense,16,Black
14339,315,63,1,Caro-Kann Defense,17,White
14342,46,24,1,Caro-Kann Defense,18,Black
11995,581,56,1,Van't Kruijs Opening,1,Black
2298,11,71,1,Sicilian Defense,1,White
8414,275,30,1,Van't Kruijs Opening,1,Black
8416,179,44,1,Ruy Lopez,2,Black
8419,94,56,0,Petrov's Defense,3,Black
8420,199,34,0,King's Pawn Game,4,Black
8908,171,63,0,French Defense,1,White
14501,98,39,1,Gruenfeld Defense,1,White
8776,257,41,1,Philidor Defense,1,White
981,55,38,0,Italian Game,1,Black
18206,50,48,1,Four Knights Game,1,Black
5558,100,52,1,Queen's Pawn Game,1,Black
5675,38,26,1,Ruy Lopez,1,Black
5677,18,17,1,Ruy Lopez,2,White
6072,120,69,1,Ruy Lopez,3,White
13261,90,32,1,Zukertort Opening,1,Draw
16046,213,46,0,Queen's Gambit,1,White
9220,512,114,1,Sicilian Defense,1,Black
3759,304,130,1,Four Knights Game,1,Draw
16764,110,51,1,French Defense,2,White
8877,167,3,1,King's Knight Opening,1,Draw
17978,128,132,1,Sicilian Defense,1,Draw
17980,144,39,1,Ruy Lopez,2,White
4340,333,97,1,French Defense,1,Draw
3495,58,42,1,Italian Game,1,Black
16428,40,30,1,Queen's Pawn,1,Black
16311,184,66,1,Four Knights Game,1,Black
8007,0,21,0,Alekhine Defense,1,White
16679,18,40,1,Sicilian Defense,1,Black
3544,33,21,1,Ruy Lopez,1,White
11530,48,137,1,Ruy Lopez,2,White
20028,43,47,1,Sicilian Defense,1,White
3093,83,76,1,Van't Kruijs Opening,1,White
3095,92,61,1,Van't Kruijs Opening,2,White
8991,4,45,1,Caro-Kann Defense,1,White
2390,4,88,1,Pirc Defense,1,Draw
12475,8,76,1,Sicilian Defense,1,Black
5937,15,34,1,Blackmar-Diemer Gambit,1,Black
11687,41,64,1,Scandinavian Defense,1,White
12079,159,104,1,Indian Game,1,Black
15932,129,57,1,Horwitz Defense,1,White
12876,80,98,1,Ruy Lopez,1,Black
15517,35,52,1,Nimzo-Larsen Attack,1,Black
17242,262,35,1,Italian Game,1,White
3183,307,27,1,Italian Game,1,White
18455,148,33,1,Petrov's Defense,1,White
7511,208,11,1,King's Pawn Game,1,Black
8570,640,31,1,Sicilian Defense,1,White
15917,96,32,1,Italian Game,1,Black
8429,65,104,1,Van't Kruijs Opening,1,Black
15293,9,76,1,Sicilian Defense,1,Black
6192,158,76,1,French Defense,1,Black
8204,65,104,1,Vienna Game,1,Black
8205,435,69,1,Nimzowitsch Defense,2,White
8207,241,33,1,Bishop's Opening,3,White
8210,85,96,1,Nimzowitsch Defense,4,Black
8215,206,101,1,Italian Game,5,White
8217,182,93,1,Bishop's Opening,6,White
8221,281,107,1,King's Pawn Game,7,White
8222,408,63,1,Bishop's Opening,8,White
8223,123,91,1,Sicilian Defense,9,White
8225,8,151,1,Bishop's Opening,10,White
8230,109,39,1,Italian Game,11,White
8232,63,77,1,Italian Game,12,White
8233,90,68,1,Italian Game,13,Black
8235,50,75,1,King's Pawn Game,14,White
8237,100,41,1,Bishop's Opening,15,White
4003,29,80,1,Bishop's Opening,1,Black
3874,24,87,0,Alekhine Defense,1,White
3877,115,80,1,English Opening,2,Black
3878,13,66,1,Van't Kruijs Opening,3,Black
16457,24,87,0,Alekhine Defense,4,White
16460,115,80,1,English Opening,5,Black
16461,13,66,1,Van't Kruijs Opening,6,Black
18117,199,9,1,Sicilian Defense,1,White
8577,133,64,1,Sicilian Defense,1,Black
5651,173,74,0,Van't Kruijs Opening,1,Black
7192,476,29,1,Scandinavian Defense,1,White
5227,116,40,0,Sicilian Defense,1,Black
5898,46,13,1,Petrov's Defense,1,White
17263,62,57,1,Italian Game,1,White
1971,812,15,1,French Defense,1,White
13241,812,15,1,French Defense,2,White
16189,476,41,1,Philidor Defense,1,White
17922,74,40,1,Philidor Defense,1,White
12177,17,37,1,Bird Opening,1,Draw
5092,317,93,0,Scotch Game,1,White
987,22,67,0,Petrov's Defense,1,Black
13715,49,6,1,Caro-Kann Defense,2,White
13718,161,97,1,Bishop's Opening,3,White
8698,85,78,1,Colle System,1,Black
18726,181,83,1,Sicilian Defense,1,White
3386,6,65,1,Sicilian Defense,1,White
6411,93,117,1,Caro-Kann Defense,1,White
3391,86,102,1,Italian Game,1,Black
19356,65,51,1,Queen's Gambit,1,Draw
18001,18,50,1,Ruy Lopez,1,Black
1409,49,74,1,French Defense,1,Black
16592,118,65,1,Italian Game,2,White
11840,121,76,1,Caro-Kann Defense,1,Draw
12189,348,23,1,Sicilian Defense,1,White
16452,30,81,1,Pirc Defense,1,Black
10585,426,58,1,Sicilian Defense,1,Black
11294,426,58,1,Sicilian Defense,2,Black
15035,356,56,0,Scandinavian Defense,1,Black
8668,301,135,1,Sicilian Defense,1,White
9252,44,101,1,Nimzowitsch Defense,1,White
8747,137,85,1,Sicilian Defense,1,White
4906,77,87,1,Sicilian Defense,1,White
18366,268,185,0,Four Knights Game,1,White
8893,279,60,1,Van't Kruijs Opening,1,Black
8895,240,35,1,Van't Kruijs Opening,2,White
8897,365,43,1,Van't Kruijs Opening,3,White
8899,384,105,1,Van't Kruijs Opening,4,White
8900,378,45,1,East Indian Defense,5,White
8902,357,73,1,Van't Kruijs Opening,6,White
8903,259,59,1,Van't Kruijs Opening,7,White
8904,275,53,1,Van't Kruijs Opening,8,White
8905,351,23,1,Van't Kruijs Opening,9,White
8907,187,49,1,Van't Kruijs Opening,10,White
8259,61,7,1,Van't Kruijs Opening,1,White
9364,270,43,1,Sicilian Defense,1,White
1629,51,41,1,King's Pawn Game,1,White
1145,9,36,1,Italian Game,1,Black
14599,9,36,1,Italian Game,2,Black
19947,108,46,1,Sicilian Defense,1,Black
9670,63,29,0,Scotch Game,1,White
9673,54,23,0,Four Knights Game,2,White
9676,118,113,0,Four Knights Game,3,White
10245,436,88,0,Queen's Pawn Game,1,Black
4854,191,118,1,Italian Game,1,Black
11867,48,108,1,Caro-Kann Defense,1,Draw
3097,459,59,1,Van't Kruijs Opening,1,White
3100,212,163,1,Van't Kruijs Opening,2,White
3101,334,19,1,Van't Kruijs Opening,3,White
3102,204,53,1,Van't Kruijs Opening,4,White
3103,179,71,1,Van't Kruijs Opening,5,White
16918,23,104,1,Queen's Pawn Game,1,Black
2482,168,25,0,King's Knight Opening,1,Black
4837,81,51,1,King's Indian Defense,1,White
17099,41,79,1,Nimzowitsch Defense,1,White
613,19,75,1,Sicilian Defense,1,White
15441,111,66,1,English Opening,1,Black
15957,143,16,1,King's Gambit,1,Black
2139,106,89,1,Indian Game,1,White
12685,174,56,1,French Defense,1,Black
19691,128,82,1,Ruy Lopez,1,Black
12849,79,62,1,Sicilian Defense,1,Black
1874,60,66,1,Sicilian Defense,1,Black
18743,104,96,1,Ruy Lopez,1,Black
14369,25,52,1,Horwitz Defense,1,Black
19372,259,127,1,Sicilian Defense,1,White
12840,271,126,1,Zukertort Opening,1,Black
11916,0,94,0,French Defense,1,Black
2611,75,36,0,Sicilian Defense,1,Black
10503,201,89,1,Sicilian Defense,1,White
15295,39,41,1,Sicilian Defense,1,White
15258,131,58,1,Indian Game,1,Black
17421,85,37,1,Philidor Defense,1,White
618,148,52,1,Queen's Gambit,1,Black
620,13,64,1,Slav Defense,2,Black
9173,241,53,1,Bird Opening,1,White
84,294,58,1,Van't Kruijs Opening,1,Black
19818,13,155,1,Alekhine Defense,1,White
14282,25,92,1,Dutch Defense,1,Draw
16206,41,65,1,Van't Kruijs Opening,1,White
4224,34,4,1,Scandinavian Defense,1,Black
10032,224,65,0,Nimzowitsch Defense,1,White
4969,5,51,1,French Defense,1,White
10435,269,92,0,Blackmar-Diemer Gambit,1,Black
10576,72,24,1,King's Pawn Game,2,Black
10577,59,82,1,Horwitz Defense,3,Black
11285,72,24,1,King's Pawn Game,4,Black
11286,59,82,1,Horwitz Defense,5,Black
6570,198,112,1,Vienna Game,1,Black
11723,753,2,0,Sicilian Defense,1,White
12460,620,37,0,Caro-Kann Defense,2,White
5070,94,34,0,King's Pawn Game,1,Black
552,115,12,1,Queen's Pawn Game,1,Black
17960,289,34,0,Sicilian Defense,1,White
17962,289,26,0,French Defense,2,White
6919,241,44,0,Zukertort Opening,1,Black
6921,241,9,0,Indian Game,2,White
18913,97,39,1,French Defense,1,White
7856,91,69,1,King's Pawn Game,1,White
12486,167,127,1,Alekhine Defense,1,White
11661,132,35,0,Indian Game,1,White
13525,676,74,1,Sicilian Defense,1,Black
19863,0,35,0,Colle System,1,White
466,90,116,1,Horwitz Defense,1,Draw
924,315,27,1,Scandinavian Defense,1,White
10675,117,48,1,Scotch Game,1,White
10234,230,134,0,Slav Defense,1,White
10236,201,80,0,Gruenfeld Defense,2,Black
2486,297,38,0,Bishop's Opening,1,Black
8666,202,16,0,Petrov's Defense,1,Black
8667,211,2,0,Pirc Defense,2,Black
8669,3,72,1,French Defense,3,Black
8671,171,29,1,Scotch Game,4,White
8672,375,52,1,Scotch Game,5,Black
8677,238,47,1,Sicilian Defense,6,White
18118,66,86,1,English Opening,1,Black
18119,267,52,1,English Opening,2,White
18121,72,91,0,King's Pawn Game,3,White
18123,315,27,1,Slav Defense,4,Draw
18124,57,77,1,King's Pawn Game,5,White
18126,237,8,0,Scandinavian Defense,6,White
18128,372,22,1,Sicilian Defense,7,Black
18130,297,22,1,Robatsch (Modern) Defense,8,Black
18132,382,66,1,Caro-Kann Defense,9,Black
18134,148,157,1,King's Pawn Game,10,White
18137,289,6,1,Caro-Kann Defense,11,Black
18138,236,16,1,Scotch Game,12,Black
18140,559,24,1,Caro-Kann Defense,13,Black
6374,22,124,1,Italian Game,1,Draw
10816,120,21,1,Amar Opening,1,White
15727,208,50,0,Sicilian Defense,1,Black
15942,69,108,1,Scotch Game,1,Black
7423,56,123,1,Scotch Game,1,White
19760,134,122,1,Pirc Defense,1,White
11521,6,71,1,Blackmar-Diemer Gambit,1,White
8047,87,34,1,Sicilian Defense,1,Black
6369,52,59,1,Italian Game,1,White
4849,323,29,1,Italian Game,1,Black
10924,148,101,1,Blackmar-Diemer Gambit,1,White
18920,32,58,1,Van't Kruijs Opening,1,Black
13982,26,46,1,Queen's Gambit,1,Black
18189,88,151,1,Sicilian Defense,1,White
12883,46,96,1,Sicilian Defense,1,Black
12886,369,19,1,Ruy Lopez,2,White
12888,236,35,1,Sicilian Defense,3,White
12889,0,51,1,Sicilian Defense,4,White
12890,271,39,1,Philidor Defense,5,White
12892,69,51,1,Petrov's Defense,6,White
12894,2,45,1,Sicilian Defense,7,White
7195,221,61,1,King's Indian Attack,1,White
2157,349,63,0,Center Game,1,White
2158,349,55,0,King's Pawn Game,2,White
2161,262,71,1,Sicilian Defense,3,White
8214,218,118,1,Philidor Defense,1,Black
8216,195,82,1,Philidor Defense,2,Black
15540,457,37,0,Sicilian Defense,1,White
1811,132,19,0,Italian Game,1,White
13300,20,55,1,Blackmar-Diemer Gambit,1,White
17716,51,48,1,Horwitz Defense,2,Black
19507,8,91,1,French Defense,1,Draw
19428,215,48,0,Sicilian Defense,1,Black
16757,58,35,0,Philidor Defense,1,White
16762,38,65,1,Philidor Defense,2,White
16765,38,61,1,French Defense,3,White
16767,121,57,0,Zukertort Opening,4,White
16774,89,111,1,Italian Game,5,White
16775,23,25,0,Sicilian Defense,6,White
16783,33,166,1,Ruy Lopez,7,Black
16788,54,52,1,Ruy Lopez,8,Black
16790,60,23,1,Ruy Lopez,9,White
16792,83,15,1,Scandinavian Defense,10,White
16794,60,35,1,Ruy Lopez,11,White
16796,14,60,1,Scandinavian Defense,12,Black
749,373,68,1,Sicilian Defense,1,Black
10790,321,64,1,Philidor Defense,1,Black
1516,28,48,1,Sicilian Defense,1,Black
3761,15,44,1,Bishop's Opening,1,Black
3763,138,22,1,Amar Opening,2,Black
95,401,62,1,Queen's Indian Defense,1,Black
15465,301,75,0,Queen's Indian Defense,1,White
4054,112,69,1,English Opening,1,White
4057,3,75,1,English Opening,2,White
4059,71,14,1,English Opening,3,Black
4061,14,52,1,English Opening,4,Black
4063,28,54,1,English Opening,5,Black
4066,2,85,1,English Opening,6,White
4067,14,64,1,English Opening,7,White
4069,33,40,1,English Opening,8,Black
4073,44,37,1,English Opening,9,White
4076,38,14,1,English Opening,10,Black
4078,112,39,1,English Opening,11,White
4079,35,26,1,English Opening,12,Black
4081,17,104,1,English Opening,13,Black
4083,7,97,1,English Opening,14,White
4084,63,51,1,English Opening,15,White
4085,52,63,1,English Opening,16,Black
4087,1,79,1,English Opening,17,White
4089,71,11,1,English Opening,18,White
4091,83,17,1,English Opening,19,White
4093,93,29,1,English Opening,20,White
4095,45,39,1,English Opening,21,Black
18431,7,37,1,English Opening,22,Black
4463,153,41,1,Sicilian Defense,1,White
10325,131,30,1,Sicilian Defense,2,Black
10326,127,52,1,Sicilian Defense,3,Black
10328,153,41,1,Sicilian Defense,4,White
10329,136,77,1,Queen's Gambit,5,White
10331,107,43,1,French Defense,6,White
10333,119,62,1,French Defense,7,Black
10334,129,21,1,King's Pawn Game,8,White
10335,82,136,1,French Defense,9,White
10056,429,2,1,Nimzowitsch Defense,1,Black
10058,368,2,1,Van't Kruijs Opening,2,Black
10060,213,2,1,Nimzowitsch Defense,3,Black
9744,522,3,1,Sicilian Defense,1,Black
9746,108,123,0,Scandinavian Defense,2,White
9747,169,68,1,Queen's Pawn Game,3,Black
9918,330,22,1,King's Pawn Game,1,Black
9679,237,102,1,Bird Opening,1,Draw
9917,237,102,1,Bird Opening,2,Draw
9745,108,50,0,Indian Game,1,Black
9919,286,92,1,King's Pawn Game,2,Black
776,382,98,1,Ruy Lopez,1,Black
15811,144,92,1,Ruy Lopez,1,Black
3500,18,50,1,King's Gambit,1,Black
18349,432,39,1,Scotch Game,1,White
15706,90,73,1,Sicilian Defense,1,White
14055,77,45,1,Ruy Lopez,1,White
824,239,35,1,Ruy Lopez,1,Black
5831,71,42,0,Robatsch (Modern) Defense,1,Black
8645,28,65,1,English Opening,1,White
19528,22,36,1,Nimzo-Indian Defense,1,Black
14221,7,100,1,French Defense,1,Black
4112,465,85,1,Queen's Pawn Game,1,White
11694,31,127,1,Van't Kruijs Opening,1,White
3304,113,62,1,Queen's Pawn Game,1,Black
10387,91,44,1,Van't Kruijs Opening,1,Black
11610,376,33,0,Italian Game,1,White
73,381,54,1,French Defense,1,Black
15098,25,45,1,King's Pawn Game,1,White
9495,36,94,0,Van't Kruijs Opening,1,Black
758,3,91,1,Nimzo-Indian Defense,1,Draw
759,253,57,1,Sicilian Defense,2,White
762,81,33,1,Blackmar-Diemer Gambit,3,Draw
763,220,71,1,Indian Game,4,White
766,442,63,1,Pirc Defense,5,White
768,219,99,1,Sicilian Defense,6,White
770,68,153,1,Benoni Defense,7,Draw
772,351,39,1,Queen's Gambit,8,White
774,227,65,1,Indian Game,9,White
15695,211,47,1,Pirc Defense,1,White
15697,184,71,1,Sicilian Defense,2,White
3262,0,51,0,Pirc Defense,1,White
6606,717,57,0,Scandinavian Defense,1,White
6607,735,19,0,King's Knight Opening,2,White
6608,175,63,0,Italian Game,3,Black
6609,52,103,0,Sicilian Defense,4,White
6611,108,89,1,Sicilian Defense,5,White
6612,123,106,1,Four Knights Game,6,Black
6614,101,70,0,Nimzowitsch Defense,7,Black
6615,98,49,0,Blackmar-Diemer Gambit,8,White
6617,80,82,0,Philidor Defense,9,White
6619,135,82,0,Caro-Kann Defense,10,Black
6621,108,34,0,Scandinavian Defense,11,Black
6624,72,53,0,Four Knights Game,12,White
6625,172,45,1,French Defense,13,White
6627,120,71,1,Four Knights Game,14,White
6629,196,37,0,Four Knights Game,15,White
6631,218,37,0,Caro-Kann Defense,16,White
6633,255,61,0,English Opening,17,White
6635,111,26,0,Four Knights Game,18,Black
6638,209,73,0,Four Knights Game,19,White
6640,106,78,0,Horwitz Defense,20,Black
12281,577,88,1,Sicilian Defense,1,Black
2483,260,55,1,Queen's Pawn Game,1,White
12529,236,30,1,Nimzowitsch Defense,1,Black
15283,83,39,1,Sicilian Defense,1,White
11665,21,38,1,Queen's Gambit,1,Black
11668,10,52,1,French Defense,2,Black
11670,13,63,1,Italian Game,3,White
11671,18,137,1,Scandinavian Defense,4,White
11672,112,54,1,Scotch Game,5,Black
11673,36,32,1,Scotch Game,6,Black
11675,69,90,1,Scotch Game,7,Black
11680,18,92,1,Sicilian Defense,8,Black
11683,46,81,1,Scandinavian Defense,9,White
11684,2,155,1,Bishop's Opening,10,Draw
11686,6,68,1,Philidor Defense,11,Black
11688,8,48,1,King's Knight Opening,12,Black
11689,3,72,1,Caro-Kann Defense,13,Black
11690,9,107,1,French Defense,14,White
11692,18,104,1,French Defense,15,White
11693,7,66,1,Scotch Game,16,Black
11695,59,88,1,Italian Game,17,Black
11697,21,51,1,Sicilian Defense,18,Draw
11699,1,59,1,Sicilian Defense,19,White
18657,61,123,1,English Opening,1,White
4873,13,143,1,Caro-Kann Defense,1,White
4874,38,132,1,Caro-Kann Defense,2,Black
4875,64,30,1,Caro-Kann Defense,3,Black
4876,44,41,1,Caro-Kann Defense,4,White
4878,15,150,1,Caro-Kann Defense,5,Draw
4880,32,52,1,Queen's Pawn Game,6,Black
4882,13,107,1,Caro-Kann Defense,7,White
4884,39,49,1,Benoni Defense,8,White
4887,196,33,0,Blackmar-Diemer Gambit,9,Draw
4890,155,67,1,Italian Game,10,White
4893,101,143,1,Benoni Defense,11,White
12702,493,43,0,Queen's Gambit,1,White
12704,159,87,1,King's Indian Defense,2,White
19703,15,122,1,Ruy Lopez,3,Black
4958,192,26,1,Russian Game,1,Draw
4225,124,44,1,Scandinavian Defense,1,Black
15569,55,55,1,Queen's Gambit,1,White
6235,180,7,1,Four Knights Game,1,White
12113,16,110,1,Blackmar-Diemer Gambit,1,Black
8375,492,43,1,Queen's Pawn Game,1,White
14425,111,73,1,Queen's Pawn Game,1,White
1471,93,48,0,Benoni Defense,1,White
10078,74,2,1,Blackmar-Diemer Gambit,1,Black
4765,344,97,1,Queen's Gambit,1,White
4767,380,36,1,Tarrasch Defense,2,Black
17071,97,67,1,Four Knights Game,1,White
16378,17,50,1,King's Gambit,1,Black
7110,662,31,0,Italian Game,1,White
18914,91,58,1,Semi-Slav Defense,1,Black
6859,103,46,1,Sicilian Defense,1,Black
6862,18,62,1,French Defense,2,Black
6863,8,120,1,King's Knight Opening,3,Black
6864,39,49,1,Sicilian Defense,4,White
6866,171,35,0,King's Knight Opening,5,White
6867,171,14,0,King's Knight Opening,6,Black
6868,57,11,1,Sicilian Defense,7,White
6871,127,25,1,Sicilian Defense,8,White
6873,257,58,1,Nimzowitsch Defense,9,Black
6874,213,55,1,Scandinavian Defense,10,White
6875,257,38,1,Italian Game,11,Black
6878,4,57,0,Italian Game,12,White
6880,53,90,1,Alekhine Defense,13,Black
6881,39,173,1,Ruy Lopez,14,White
6883,2,66,1,Sicilian Defense,15,Black
6887,323,107,1,King's Knight Opening,16,White
6888,28,34,1,Pirc Defense,17,White
6891,28,100,1,Scandinavian Defense,18,Black
6893,8,66,1,Sicilian Defense,19,Black
18605,103,46,1,Sicilian Defense,20,Black
18608,18,62,1,French Defense,21,Black
18609,8,120,1,King's Knight Opening,22,Black
18610,39,49,1,Sicilian Defense,23,White
18612,171,35,0,King's Knight Opening,24,White
18613,171,14,0,King's Knight Opening,25,Black
18614,57,11,1,Sicilian Defense,26,White
18617,127,25,1,Sicilian Defense,27,White
18619,257,58,1,Nimzowitsch Defense,28,Black
18620,213,55,1,Scandinavian Defense,29,White
18621,257,38,1,Italian Game,30,Black
18624,4,57,0,Italian Game,31,White
18626,53,90,1,Alekhine Defense,32,Black
18627,39,173,1,Ruy Lopez,33,White
18629,2,66,1,Sicilian Defense,34,Black
18633,323,107,1,King's Knight Opening,35,White
18634,28,34,1,Pirc Defense,36,White
18637,28,100,1,Scandinavian Defense,37,Black
18639,8,66,1,Sicilian Defense,38,Black
18342,30,88,1,Italian Game,1,Black
4993,40,33,1,French Defense,1,White
18992,67,32,0,Sicilian Defense,1,Black
11962,111,42,1,Center Game,1,Black
15144,423,69,1,Queen's Pawn,1,White
17126,77,49,1,Four Knights Game,1,White
18467,28,48,1,Petrov's Defense,1,Black
19868,40,70,1,King's Knight Opening,2,Black
19871,35,92,1,Russian Game,3,Black
19873,88,43,1,Scotch Game,4,White
19874,60,110,1,Sicilian Defense,5,Black
19877,105,113,1,Scotch Game,6,Black
19878,210,29,1,Scotch Game,7,White
19880,329,130,1,Scandinavian Defense,8,Black
19881,82,47,1,French Defense,9,White
19883,61,146,1,Scotch Game,10,Black
19885,37,57,1,Sicilian Defense,11,White
19886,230,66,1,Scandinavian Defense,12,Black
19888,1,38,1,Philidor Defense,13,Black
19890,28,48,1,Petrov's Defense,14,Black
19892,450,51,1,King's Knight Opening,15,White
19894,499,156,1,Scotch Game,16,Black
19896,36,86,1,Sicilian Defense,17,Black
19897,27,59,1,Petrov's Defense,18,White
19900,70,105,1,Nimzowitsch Defense,19,White
19901,84,72,1,Scotch Game,20,Black
19904,64,52,1,Sicilian Defense,21,Black
19905,261,40,1,Scotch Game,22,Black
19908,36,56,1,Philidor Defense,23,Black
19911,36,69,1,King's Knight Opening,24,White
19912,404,50,1,French Defense,25,Black
4446,60,59,1,King's Gambit,1,White
9461,108,56,1,Pirc Defense,2,Black
11976,63,120,1,English Opening,1,Black
17379,164,88,1,Zukertort Opening,1,Black
5180,126,23,1,Scandinavian Defense,1,Black
8294,306,61,1,Caro-Kann Defense,1,Black
6584,146,34,1,Sicilian Defense,1,Black
8187,144,62,1,Nimzo-Larsen Attack,1,Black
14354,106,44,1,Ruy Lopez,1,Black
5571,139,83,1,Sicilian Defense,1,White
4847,308,71,1,Italian Game,1,White
2089,36,60,1,King's Knight Opening,1,White
5986,333,124,1,Sicilian Defense,1,Black
1445,526,23,0,Italian Game,1,Draw
17829,38,80,1,King's Pawn Game,1,Black
12636,391,18,1,Sicilian Defense,1,Black
15216,64,56,0,Bishop's Opening,1,Black
6490,188,60,1,Ruy Lopez,1,Black
7132,155,41,1,King's Knight Opening,1,White
252,49,51,0,King's Pawn Game,1,White
19228,49,51,0,King's Pawn Game,2,White
3347,320,65,1,Scandinavian Defense,1,White
413,162,37,1,Caro-Kann Defense,1,White
8855,59,39,0,King's Pawn Game,1,White
11133,188,56,1,Van't Kruijs Opening,1,Black
11135,239,52,1,Van't Kruijs Opening,2,Black
11136,228,68,1,Van't Kruijs Opening,3,Black
11137,426,2,1,Van't Kruijs Opening,4,Black
11140,180,38,1,Van't Kruijs Opening,5,Black
11144,181,45,1,Van't Kruijs Opening,6,Black
11145,300,76,1,Van't Kruijs Opening,7,Black
11148,66,50,1,Van't Kruijs Opening,8,Black
11149,392,27,1,Van't Kruijs Opening,9,Black
11150,431,38,1,Van't Kruijs Opening,10,Black
11152,161,7,1,Van't Kruijs Opening,11,White
11154,112,92,1,Van't Kruijs Opening,12,Black
11162,143,40,1,Van't Kruijs Opening,13,Black
11164,34,35,1,Van't Kruijs Opening,14,White
11171,176,12,1,Van't Kruijs Opening,15,Black
11173,410,60,1,Van't Kruijs Opening,16,Black
16244,724,70,1,Amar Opening,1,Black
17704,38,45,1,Italian Game,1,White
16606,199,90,1,French Defense,1,Black
16566,106,61,1,English Opening,1,White
13443,16,62,1,French Defense,1,Black
13445,41,85,1,English Opening,2,Draw
13447,45,102,1,English Opening,3,Black
14661,508,79,1,English Opening,1,White
4800,238,26,1,Petrov's Defense,1,Black
4801,396,51,1,Sicilian Defense,2,Black
4805,373,25,1,Ruy Lopez,3,White
4806,141,20,1,Philidor Defense,4,Black
4809,86,19,1,Ruy Lopez,5,Draw
4811,304,134,1,Four Knights Game,6,Black
4814,477,33,1,Italian Game,7,Black
4815,329,22,0,French Defense,8,Black
4816,588,60,1,Scotch Game,9,Black
4818,147,62,1,Philidor Defense,10,Black
4822,363,40,1,Italian Game,11,Black
4824,444,107,1,Philidor Defense,12,Black
4828,578,30,1,King's Pawn Game,13,Black
4831,316,47,1,Van't Kruijs Opening,14,Black
17392,67,83,1,Bishop's Opening,1,White
15235,425,65,1,Caro-Kann Defense,1,White
6182,17,79,1,French Defense,1,White
14326,101,71,1,Nimzowitsch Defense,1,White
14668,335,37,1,Scandinavian Defense,2,White
9414,37,49,0,Four Knights Game,1,White
6870,29,62,1,Scotch Game,1,Black
18616,29,62,1,Scotch Game,2,Black
7377,347,27,1,Sicilian Defense,1,Black
1872,16,123,1,Semi-Slav Defense,1,Draw
4145,143,18,1,English Opening,1,Black
3360,41,26,1,Blackmar-Diemer Gambit,1,White
5809,34,106,1,Blackmar-Diemer Gambit,2,Black
14929,85,71,1,Italian Game,1,White
16756,39,26,1,French Defense,1,Black
12716,9,120,1,Nimzo-Larsen Attack,1,Black
17441,56,63,1,Bishop's Opening,1,White
15650,365,61,1,Queen's Gambit,1,White
13905,22,54,1,Sicilian Defense,1,Black
15707,83,31,1,Sicilian Defense,1,White
8321,110,148,1,Scotch Game,1,Black
8323,70,66,1,Scotch Game,2,Black
10899,234,34,0,English Opening,1,Black
3031,601,50,1,King's Gambit,1,Black
15732,188,84,0,Sicilian Defense,1,Black
10145,0,118,0,French Defense,1,Black
10146,0,74,0,French Defense,2,Black
2481,324,43,1,Horwitz Defense,1,White
11709,236,56,1,Nimzo-Indian Defense,2,Black
19332,236,56,1,Nimzo-Indian Defense,3,Black
792,304,118,1,Blackmar-Diemer Gambit,1,Black
12227,304,118,1,Blackmar-Diemer Gambit,2,Black
18924,293,59,1,Indian Game,3,White
2795,232,47,0,Blackmar-Diemer Gambit,1,White
7540,3,67,1,Italian Game,1,Black
3907,15,35,1,Horwitz Defense,1,White
3909,6,42,1,Yusupov-Rubinstein System,2,Draw
3910,44,178,1,Queen's Pawn Game,3,Black
3911,28,130,1,Yusupov-Rubinstein System,4,Black
3913,7,56,1,Queen's Pawn Game,5,Black
3916,265,79,1,Queen's Pawn Game,6,White
3918,12,116,1,Queen's Pawn Game,7,Black
3920,1,35,1,Horwitz Defense,8,White
3921,564,59,1,Pirc Defense,9,White
3923,29,74,1,Queen's Pawn Game,10,Black
3924,249,65,1,Queen's Pawn Game,11,White
3925,85,67,1,Horwitz Defense,12,White
3927,87,51,1,Queen's Pawn Game,13,White
3928,20,100,1,Queen's Pawn Game,14,Draw
13191,49,45,1,Italian Game,15,White
11759,170,65,1,Sicilian Defense,1,White
12956,140,37,1,French Defense,1,White
8804,229,21,1,Van't Kruijs Opening,1,White
5840,390,16,1,Bird Opening,1,Black
19274,14,26,1,Scotch Game,1,Black
6445,241,131,1,King's Knight Opening,1,White
1319,326,51,0,Ruy Lopez,1,White
644,447,84,1,Sicilian Defense,1,Black
7876,140,7,1,Sicilian Defense,2,White
13371,382,76,1,King's Indian Defense,1,Black
3614,186,123,1,King's Pawn Game,1,White
7145,257,14,1,King's Knight Opening,1,White
4077,2,59,1,Sicilian Defense,1,White
8876,0,48,1,Pirc Defense,1,Black
15036,236,20,0,Ruy Lopez,1,Draw
15039,266,77,0,Caro-Kann Defense,2,White
15041,307,3,0,Blackmar-Diemer Gambit,3,White
18826,23,45,1,Queen's Pawn Game,1,White
3482,189,31,0,Nimzowitsch Defense,1,Black
16349,189,31,0,Nimzowitsch Defense,2,Black
17003,291,63,1,Philidor Defense,1,White
12676,3,139,1,Italian Game,1,White
14553,3,139,1,Italian Game,2,White
18350,80,43,1,Italian Game,1,White
3559,215,30,0,Scotch Game,1,Black
6250,157,50,1,Sicilian Defense,1,Black
10051,219,100,1,Scandinavian Defense,1,Black
1921,59,67,1,Italian Game,1,White
7374,4,52,1,Scandinavian Defense,1,Draw
3130,126,73,1,Nimzo-Larsen Attack,1,White
18416,59,76,1,Indian Game,1,Black
10774,294,21,1,King's Knight Opening,1,White
4694,599,23,1,Van't Kruijs Opening,1,White
249,17,46,1,Italian Game,1,Black
19225,17,46,1,Italian Game,2,Black
3009,619,53,1,Blackmar-Diemer Gambit,1,White
18259,91,85,1,King's Indian Defense,1,White
17973,154,24,1,French Defense,1,White
9029,223,155,0,Blumenfeld Countergambit,1,White
12519,138,31,1,French Defense,1,White
17404,60,96,1,King's Pawn Game,1,White
7165,695,56,1,Four Knights Game,1,Black
9849,295,49,1,Pirc Defense,1,White
9850,235,37,1,French Defense,2,White
9851,60,116,1,Queen's Gambit,3,Black
9853,299,57,1,Nimzowitsch Defense,4,Black
9854,49,65,1,Philidor Defense,5,White
9857,250,67,1,Horwitz Defense,6,White
11598,1121,52,0,Indian Game,1,Black
11599,0,97,0,Nimzo-Larsen Attack,2,Draw
11600,709,52,0,Zukertort Opening,3,Black
11602,1121,86,0,Nimzo-Larsen Attack,4,Black
7626,77,52,1,French Defense,1,Black
15001,89,68,1,Italian Game,1,White
522,85,33,1,Scotch Game,1,White
524,59,31,1,Scandinavian Defense,2,White
1724,89,57,1,King's Gambit,1,Black
1726,99,103,1,Vienna Game,2,White
5177,262,49,1,Sicilian Defense,1,White
58,28,30,1,Philidor Defense,1,Black
18761,109,65,1,Sicilian Defense,1,White
6632,157,28,0,French Defense,1,Black
3255,111,75,1,Bishop's Opening,1,White
17187,60,69,1,Vienna Game,1,White
12897,62,37,1,Nimzo-Indian Defense,1,White
12157,10,137,1,Philidor Defense,1,White
7619,75,49,1,French Defense,1,Black
18737,120,56,1,Italian Game,1,Black
7771,242,24,1,Sicilian Defense,1,White
8847,54,49,1,Queen's Pawn,1,White
719,130,30,1,Italian Game,1,Black
12207,130,30,1,Italian Game,2,Black
15233,22,79,1,King's Indian Defense,1,White
15436,387,123,1,English Opening,2,White
1681,9,6,1,Blackmar-Diemer Gambit,1,Black
16301,0,76,0,Four Knights Game,1,Black
16303,60,92,0,Zukertort Opening,2,Black
16305,0,60,0,Philidor Defense,3,Black
4647,468,40,0,Pirc Defense,1,Black
7047,39,67,1,Scotch Game,1,White
9797,38,36,1,Scandinavian Defense,2,Black
16110,131,52,1,Queen's Gambit,1,Black
13922,273,34,1,Scandinavian Defense,1,Draw
13923,273,25,0,Sicilian Defense,2,White
13925,275,20,0,Sicilian Defense,3,White
13927,277,37,0,Scotch Game,4,White
14166,39,80,1,Sicilian Defense,1,Black
1563,52,69,1,Petrov's Defense,1,White
12090,43,75,1,Philidor Defense,2,White
626,21,61,1,French Defense,1,White
9412,208,82,1,Queen's Gambit,1,Black
15302,76,56,1,Sicilian Defense,1,Black
14936,135,67,1,King's Pawn Game,1,White
5305,207,59,1,Nimzowitsch Defense,1,White
18236,207,59,1,Nimzowitsch Defense,2,White
6684,267,25,1,Bishop's Opening,1,White
11726,12,143,1,Sicilian Defense,1,White
11727,100,100,1,Caro-Kann Defense,2,Black
11729,323,88,0,Petrov's Defense,3,Black
11734,95,54,0,Caro-Kann Defense,4,Black
11736,197,51,1,Caro-Kann Defense,5,White
11737,75,125,1,Philidor Defense,6,White
11739,133,72,0,Ruy Lopez,7,Black
11740,297,45,1,Scandinavian Defense,8,White
7629,127,32,1,French Defense,1,Black
18919,44,28,1,Sicilian Defense,1,White
8425,145,34,1,Sicilian Defense,1,White
8427,34,40,1,King's Pawn Game,2,Black
8430,111,141,1,King's Pawn Game,3,White
8431,29,40,1,King's Pawn Game,4,Black
8434,225,57,1,Sicilian Defense,5,White
8435,11,57,1,Sicilian Defense,6,Black
8439,78,58,0,Sicilian Defense,7,Black
8441,43,98,1,King's Pawn Game,8,Black
8443,38,99,1,Scandinavian Defense,9,White
8444,29,57,1,King's Pawn Game,10,White
8445,64,2,1,French Defense,11,Black
8446,55,159,1,King's Pawn Game,12,Draw
8449,125,85,1,King's Pawn Game,13,White
7840,0,76,0,Four Knights Game,1,Black
7841,0,118,0,Pirc Defense,2,Black
5534,51,41,1,Sicilian Defense,1,White
11156,65,12,1,French Defense,1,Black
15330,235,34,1,Van't Kruijs Opening,1,Black
978,6,35,0,French Defense,1,White
11353,567,78,1,Caro-Kann Defense,1,Black
17474,135,68,1,Nimzowitsch Defense,1,Black
10748,247,37,1,Italian Game,1,White
13481,3,91,1,Sicilian Defense,1,White
13483,663,55,1,Philidor Defense,2,White
13486,139,41,1,Nimzowitsch Defense,3,White
13487,184,50,1,Scandinavian Defense,4,Black
13489,64,109,1,Italian Game,5,White
13490,148,69,1,Italian Game,6,White
13493,328,45,0,Sicilian Defense,7,White
13495,289,46,1,Philidor Defense,8,Black
13499,196,85,1,Sicilian Defense,9,White
13500,387,67,1,Italian Game,10,White
13502,7,82,1,Sicilian Defense,11,Black
13504,346,54,1,Sicilian Defense,12,Black
2409,44,54,1,French Defense,1,Black
17689,91,108,1,Queen's Pawn Game,1,Black
4610,47,33,1,King's Pawn Game,1,White
1258,66,8,0,Italian Game,1,Black
11563,349,43,1,King's Knight Opening,1,White
11564,85,100,0,French Defense,2,Black
11567,418,3,0,King's Knight Opening,3,White
11569,158,36,0,Ruy Lopez,4,White
11571,158,13,0,Philidor Defense,5,White
11573,255,39,0,Nimzowitsch Defense,6,White
11574,127,71,0,Italian Game,7,Black
11576,55,90,1,Italian Game,8,Black
11578,3,111,1,Ruy Lopez,9,White
8440,208,27,1,King's Gambit,1,White
19632,4,53,0,Indian Game,1,Black
5023,613,6,1,Sicilian Defense,1,Black
8162,62,66,1,French Defense,1,Black
8163,264,80,1,Sicilian Defense,2,Black
8166,366,35,1,French Defense,3,White
8168,409,45,1,Philidor Defense,4,White
8170,107,51,1,Sicilian Defense,5,White
8172,183,58,1,Scotch Game,6,Black
8173,249,91,1,French Defense,7,White
8175,29,55,1,Sicilian Defense,8,White
8176,413,47,1,Scotch Game,9,White
8178,27,35,1,Scotch Game,10,White
8179,2,145,1,Scandinavian Defense,11,White
8180,183,118,1,Robatsch (Modern) Defense,12,Black
8182,158,39,1,Scotch Game,13,White
8183,104,196,1,Nimzowitsch Defense,14,Black
8186,445,37,1,Robatsch (Modern) Defense,15,White
8188,16,27,1,Sicilian Defense,16,White
8190,69,84,1,Sicilian Defense,17,Black
8192,240,51,1,French Defense,18,White
8194,39,29,1,Pirc Defense,19,White
8195,573,53,1,King's Knight Opening,20,White
8199,47,73,1,Four Knights Game,21,White
8200,74,61,1,Alekhine Defense,22,White
8202,334,79,1,French Defense,23,White
7306,99,47,1,Sicilian Defense,1,Black
13075,180,118,1,Slav Defense,1,Draw
19567,212,60,1,Nimzo-Indian Defense,2,Black
15290,222,27,1,Blackmar-Diemer Gambit,1,White
19350,97,118,1,Zukertort Opening,1,Black
5428,49,45,1,Caro-Kann Defense,1,White
18332,49,45,1,Caro-Kann Defense,2,White
8961,34,89,1,Bird Opening,1,White
12284,61,20,1,English Opening,1,Black
12285,53,60,1,English Opening,2,Black
12287,178,57,1,English Opening,3,White
6970,150,115,1,Van't Kruijs Opening,1,Draw
6971,187,69,1,Van't Kruijs Opening,2,White
6972,218,77,1,Van't Kruijs Opening,3,White
6974,1017,87,0,Nimzowitsch Defense,4,White
6978,135,131,1,Van't Kruijs Opening,5,White
6979,245,63,1,Van't Kruijs Opening,6,White
6984,906,34,0,Pirc Defense,7,Black
6987,135,47,1,Van't Kruijs Opening,8,White
6988,131,51,1,Van't Kruijs Opening,9,White
6991,42,61,1,Van't Kruijs Opening,10,White
17564,96,44,1,East Indian Defense,1,Black
15848,12,58,1,Caro-Kann Defense,1,Black
6160,61,31,1,French Defense,1,White
14704,160,46,1,Sicilian Defense,1,Black
14705,142,30,1,Sicilian Defense,2,Black
16381,22,63,1,Sicilian Defense,1,White
16383,79,66,0,Queen's Gambit,2,Black
16385,124,107,0,Queen's Gambit,3,White
16387,20,259,1,Slav Defense,4,Draw
16389,10,21,1,Horwitz Defense,5,Draw
16390,48,120,1,Queen's Gambit,6,Black
16392,61,82,1,Queen's Gambit,7,Black
16393,56,19,1,King's Knight Opening,8,White
11191,93,72,1,French Defense,1,Black
9297,139,34,1,Horwitz Defense,1,Black
9312,141,60,1,Colle System,2,Black
9313,87,19,1,Queen's Pawn Game,3,White
9315,3,66,1,Horwitz Defense,4,Black
9316,108,53,1,Queen's Pawn,5,White
9317,13,29,1,Queen's Pawn Game,6,White
9323,56,61,1,Colle System,7,White
9324,90,30,1,Blackmar-Diemer Gambit,8,Black
9329,95,62,1,Yusupov-Rubinstein System,9,Black
7859,23,62,1,Sicilian Defense,1,Black
19656,312,72,0,Van't Kruijs Opening,1,Black
7122,103,26,1,Blackmar-Diemer Gambit,1,Black
4294,372,94,0,Scandinavian Defense,1,Black
9127,253,31,1,Philidor Defense,1,White
11658,79,129,1,French Defense,1,Draw
3320,54,62,1,Italian Game,1,Black
1435,1169,124,0,Philidor Defense,1,White
8972,720,110,0,Sicilian Defense,2,Draw
3476,29,15,0,Nimzowitsch Defense,1,White
16343,29,15,0,Nimzowitsch Defense,2,White
10775,51,13,1,King's Knight Opening,1,White
15513,26,27,1,Sicilian Defense,1,White
15515,28,16,1,Sicilian Defense,2,Black
954,333,30,1,Sicilian Defense,1,Black
3158,120,91,1,Sicilian Defense,2,White
3162,413,67,1,Sicilian Defense,3,White
3163,81,64,1,Philidor Defense,4,Black
3165,437,70,1,Four Knights Game,5,Black
3166,407,53,1,Ruy Lopez,6,White
3168,32,56,1,French Defense,7,Black
12416,333,30,1,Sicilian Defense,8,Black
14407,333,30,1,Sicilian Defense,9,Black
15765,2,48,1,King's Knight Opening,1,Black
16758,24,63,1,Zukertort Opening,1,Draw
16394,211,75,1,Italian Game,1,White
11938,98,53,1,Scandinavian Defense,1,White
11939,31,63,1,French Defense,2,White
6340,12,57,1,Van't Kruijs Opening,1,White
8074,29,30,1,Scotch Game,1,Black
1746,51,108,1,Philidor Defense,1,Black
9289,235,50,0,Queen's Pawn Game,1,Black
9291,235,50,0,Van't Kruijs Opening,2,Black
9550,454,20,0,Italian Game,1,Black
15481,82,101,1,Sicilian Defense,1,White
6110,16,43,1,Ruy Lopez,1,White
7215,134,100,1,Scandinavian Defense,1,Black
11038,48,85,0,Philidor Defense,1,White
12105,207,48,1,King's Pawn Game,1,Black
15879,66,91,1,French Defense,1,White
15880,9,14,1,Queen's Gambit,2,White
15883,43,73,1,Indian Game,3,White
15884,47,18,1,Benoni Defense,4,Black
15887,44,110,1,Queen's Gambit,5,Black
15888,160,175,1,Queen's Gambit,6,White
15891,132,28,1,Queen's Gambit,7,Black
15892,110,51,1,Queen's Gambit,8,White
15894,73,48,1,Van't Kruijs Opening,9,Black
15896,68,33,1,Nimzo-Indian Defense,10,White
15898,77,107,1,Caro-Kann Defense,11,White
15899,7,40,1,Indian Game,12,Black
15902,8,100,1,Queen's Gambit,13,Black
15904,23,41,1,Queen's Gambit,14,White
15907,16,87,1,Queen's Gambit,15,White
15908,59,132,1,Slav Defense,16,Black
15911,39,41,1,Indian Game,17,White
15912,98,30,1,Indian Game,18,Black
15913,89,73,1,Dutch Defense,19,White
15914,20,50,1,Dutch Defense,20,Black
15919,46,51,1,Queen's Gambit,21,White
15920,42,79,1,Queen's Gambit,22,White
15921,99,90,1,Queen's Gambit,23,Draw
7802,59,85,1,French Defense,1,White
17158,57,79,1,Scotch Game,1,White
12981,12,86,1,Scotch Game,1,Black
14191,72,53,1,Zukertort Opening,1,White
14193,29,68,1,Ruy Lopez,2,Black
14196,118,88,1,Philidor Defense,3,Black
14197,36,43,1,Sicilian Defense,4,White
14203,152,70,1,Ruy Lopez,5,Black
8588,106,61,1,East Indian Defense,1,White
3224,398,71,0,Ruy Lopez,1,White
7909,450,31,1,Slav Defense,1,White
7912,567,27,1,Catalan Opening,2,White
7914,161,12,1,Queen's Pawn Game,3,Black
7915,382,38,0,English Opening,4,Black
7916,287,101,0,Semi-Slav Defense,5,White
7918,363,39,1,King's Indian Defense,6,White
5631,166,62,0,King's Indian Attack,1,Black
7417,260,48,1,Sicilian Defense,1,Black
2349,3,19,1,King's Pawn Game,1,White
10163,314,46,0,Sicilian Defense,1,Black
14109,134,85,1,Sicilian Defense,1,Black
5601,57,77,1,Caro-Kann Defense,1,White
19396,389,22,1,Nimzowitsch Defense,1,White
19297,6,84,1,King's Pawn Game,1,Black
18749,47,162,1,Sicilian Defense,1,Black
16895,107,76,0,Scandinavian Defense,1,Black
15474,67,110,1,Sicilian Defense,1,Black
14069,188,17,1,King's Pawn Game,1,White
7786,202,55,1,French Defense,1,White
7790,204,41,1,French Defense,2,White
19482,77,90,1,Horwitz Defense,1,Black
15757,89,56,1,Queen's Pawn Game,1,Black
18304,58,69,1,Petrov's Defense,1,White
17269,203,31,0,French Defense,1,White
16840,26,56,1,Ruy Lopez,1,Black
2770,184,93,1,Sicilian Defense,1,Draw
5043,3,107,1,Four Knights Game,1,Draw
6645,30,36,1,Queen's Pawn Game,1,Black
6646,267,18,1,Queen's Gambit,2,Black
6648,33,54,1,Queen's Gambit,3,Black
6652,157,58,1,French Defense,4,Black
6654,36,79,1,Queen's Gambit,5,Draw
6656,50,31,1,Zukertort Opening,6,Black
6658,59,40,1,Scotch Game,7,Black
6660,8,48,1,Zukertort Opening,8,Black
6664,124,46,1,Queen's Pawn Game,9,Black
6665,292,118,1,Queen's Gambit,10,Black
12031,19,17,1,Queen's Gambit,1,White
10717,44,14,1,Benoni Defense,1,Draw
18440,394,26,1,Petrov's Defense,1,Black
3243,20,35,0,Blackmar-Diemer Gambit,1,White
8063,73,66,1,French Defense,1,Black
12881,22,45,1,Sicilian Defense,1,White
8913,315,24,1,Ruy Lopez,1,White
18929,151,15,1,Indian Game,2,White
1037,7,72,0,Sicilian Defense,1,Black
17745,238,121,1,Italian Game,2,White
244,87,34,0,Scandinavian Defense,1,Black
19220,87,34,0,Scandinavian Defense,2,Black
7999,1,96,1,French Defense,1,Black
15995,57,64,1,French Defense,1,White
1737,37,35,1,Scotch Game,1,White
1739,372,41,1,Philidor Defense,2,White
1741,240,79,1,Scotch Game,3,White
1745,623,76,1,Robatsch (Modern) Defense,4,Black
1747,220,75,1,Ruy Lopez,5,White
1749,126,111,1,Nimzowitsch Defense,6,White
1750,68,40,1,French Defense,7,White
1751,400,60,1,Ruy Lopez,8,Black
1754,297,60,1,Philidor Defense,9,Black
1756,16,87,1,Nimzowitsch Defense,10,Black
1758,294,63,1,King's Knight Opening,11,White
1760,112,80,1,Sicilian Defense,12,Black
1761,13,71,1,Philidor Defense,13,White
1764,271,99,1,Philidor Defense,14,White
17069,152,62,1,Bishop's Opening,1,White
14243,281,45,1,Nimzowitsch Defense,1,White
12701,113,108,1,Sicilian Defense,1,Black
6661,12,129,1,Queen's Gambit,1,White
18044,233,50,1,French Defense,1,Black
3731,99,59,1,Horwitz Defense,1,Black
12699,141,43,1,Sicilian Defense,1,White
18396,10,46,1,Ruy Lopez,1,Black
4891,199,62,1,King's Indian Attack,1,Black
13929,2,60,1,Caro-Kann Defense,1,Black
10829,189,78,1,Philidor Defense,1,White
8722,73,97,1,Sicilian Defense,1,White
5406,99,74,1,Four Knights Game,1,Black
5408,286,50,1,Scotch Game,2,Black
5409,116,95,1,Four Knights Game,3,White
5413,12,109,1,Four Knights Game,4,White
5414,14,55,1,Queen's Gambit,5,White
5416,12,43,0,Italian Game,6,Black
5417,339,100,1,Sicilian Defense,7,Black
5418,88,39,1,Alekhine Defense,8,White
5421,246,59,1,Scandinavian Defense,9,White
5422,8,92,1,Philidor Defense,10,Black
5424,156,83,1,Sicilian Defense,11,White
5427,36,147,1,Nimzowitsch Defense,12,White
5429,24,63,1,Philidor Defense,13,Draw
5432,47,40,1,Queen's Gambit,14,Black
5434,19,107,1,Four Knights Game,15,Draw
18310,99,74,1,Four Knights Game,16,Black
18312,286,50,1,Scotch Game,17,Black
18313,116,95,1,Four Knights Game,18,White
18317,12,109,1,Four Knights Game,19,White
18318,14,55,1,Queen's Gambit,20,White
18320,12,43,0,Italian Game,21,Black
18321,339,100,1,Sicilian Defense,22,Black
18322,88,39,1,Alekhine Defense,23,White
18325,246,59,1,Scandinavian Defense,24,White
18326,8,92,1,Philidor Defense,25,Black
18328,156,83,1,Sicilian Defense,26,White
18331,36,147,1,Nimzowitsch Defense,27,White
18333,24,63,1,Philidor Defense,28,Draw
18336,47,40,1,Queen's Gambit,29,Black
18338,19,107,1,Four Knights Game,30,Draw
7310,31,64,1,Blumenfeld Countergambit,1,White
18023,15,48,1,Sicilian Defense,1,Black
18025,15,51,1,Sicilian Defense,2,Black
2024,6,19,1,Van't Kruijs Opening,1,White
2607,261,49,1,Van't Kruijs Opening,2,White
6231,81,90,0,Van't Kruijs Opening,3,Black
13004,121,98,1,Van't Kruijs Opening,4,Black
929,599,27,0,Scandinavian Defense,1,White
4902,166,117,1,Amar Opening,1,White
13140,94,198,1,King's Pawn Game,2,Black
14758,94,198,1,King's Pawn Game,3,Black
5239,158,40,1,Yusupov-Rubinstein System,1,White
7837,169,57,1,Ruy Lopez,1,White
3917,58,190,1,Sicilian Defense,1,Black
4068,22,9,1,Sicilian Defense,1,White
12190,25,45,1,Sicilian Defense,1,White
13128,0,169,1,Philidor Defense,1,White
16359,208,66,1,French Defense,2,Black
8083,194,126,0,Queen's Pawn Game,1,Black
16163,40,2,1,King's Pawn Game,1,Black
13320,394,39,1,Queen's Gambit,1,White
13322,151,29,1,Queen's Gambit,2,White
13325,30,67,1,French Defense,3,White
13327,173,81,1,Italian Game,4,Black
13328,421,63,1,English Opening,5,White
13332,144,44,1,Sicilian Defense,6,Black
13333,130,47,1,Sicilian Defense,7,Black
13335,8,88,1,Italian Game,8,Black
1245,534,29,1,Ruy Lopez,1,White
1989,123,68,0,French Defense,1,Black
1459,14,53,1,Bishop's Opening,1,White
16268,77,145,1,English Opening,1,White
19693,273,42,1,Italian Game,1,Black
19695,235,86,1,Queen's Gambit,2,White
19696,13,102,1,Horwitz Defense,3,Draw
19698,78,54,1,Benoni Defense,4,White
19700,112,62,1,Horwitz Defense,5,White
19702,195,118,1,Queen's Pawn Game,6,Black
19704,145,75,1,Horwitz Defense,7,White
19705,22,90,1,King's Indian Defense,8,Black
19706,170,57,1,Horwitz Defense,9,White
19708,553,101,0,Queen's Gambit,10,White
19709,78,62,1,Queen's Gambit,11,Black
19710,22,66,0,Nimzo-Indian Defense,12,Draw
19711,155,107,1,Caro-Kann Defense,13,White
19713,40,83,1,Queen's Pawn,14,White
19715,86,129,1,King's Indian Defense,15,White
19717,125,46,1,Horwitz Defense,16,Black
19719,136,45,1,Sicilian Defense,17,White
16030,110,95,0,French Defense,1,White
2760,702,31,1,Caro-Kann Defense,1,White
11593,330,47,0,Ruy Lopez,1,White
6538,281,133,1,Sicilian Defense,1,White
6539,23,34,1,Ruy Lopez,2,White
6540,105,39,1,King's Indian Defense,3,White
6541,27,39,1,French Defense,4,White
6543,0,31,0,English Opening,5,White
6546,173,39,1,Bird Opening,6,White
15446,63,31,1,Sicilian Defense,1,White
1281,0,27,0,Bishop's Opening,1,White
6364,0,18,1,Van't Kruijs Opening,1,Black
16015,39,71,0,French Defense,1,White
18775,19,88,1,Bishop's Opening,1,Black
12388,572,65,0,Sicilian Defense,1,White
19403,17,41,1,Queen's Gambit,1,White
9207,215,75,1,Sicilian Defense,1,White
9568,8,64,0,Sicilian Defense,1,Black
9585,200,17,1,Ruy Lopez,2,White
16306,333,55,0,Old Indian,1,White
8296,365,51,1,Four Knights Game,1,White
17574,81,40,1,Sicilian Defense,1,Black
18598,244,114,1,Four Knights Game,1,Black
11049,349,58,1,Blackmar-Diemer Gambit,1,Black
10506,69,54,1,Four Knights Game,1,Black
11215,69,54,1,Four Knights Game,2,Black
14284,83,28,1,Pirc Defense,1,Black
118,116,90,1,Ruy Lopez,1,Black
13727,116,90,1,Ruy Lopez,2,Black
1269,193,51,0,Blackmar-Diemer Gambit,1,White
1271,193,94,0,Blackmar-Diemer Gambit,2,Black
11045,137,94,1,Italian Game,1,Black
13019,142,15,0,English Opening,1,White
13021,356,23,0,Horwitz Defense,2,White
13024,230,49,1,Caro-Kann Defense,3,White
13026,126,43,1,Horwitz Defense,4,White
13029,48,77,0,Horwitz Defense,5,White
13031,213,53,0,Indian Game,6,White
13033,272,79,0,Dutch Defense,7,White
13035,264,40,0,Queen's Pawn Game,8,Black
13036,234,51,1,Caro-Kann Defense,9,White
13039,48,33,1,Blackmar-Diemer Gambit,10,White
13043,121,37,1,Horwitz Defense,11,White
15750,151,61,1,King's Knight Opening,1,White
19293,11,116,1,Italian Game,1,Black
12097,13,89,1,Scandinavian Defense,1,White
1816,615,13,0,Scotch Game,1,White
18287,210,57,1,French Defense,1,White
13425,13,57,1,Sicilian Defense,1,White
6371,15,82,1,French Defense,1,Black
6372,48,99,1,Philidor Defense,2,White
6373,51,56,1,French Defense,3,Black
6376,15,72,1,Sicilian Defense,4,Black
6377,155,49,1,Caro-Kann Defense,5,White
6378,82,50,1,Petrov's Defense,6,Black
6379,66,54,1,Nimzowitsch Defense,7,Black
6382,26,47,1,Italian Game,8,White
6383,22,61,1,Sicilian Defense,9,White
6385,71,40,1,Philidor Defense,10,Black
6387,2,16,1,Italian Game,11,Black
6388,11,58,1,Petrov's Defense,12,Black
6390,1,23,1,Philidor Defense,13,White
5270,5,68,1,Nimzo-Indian Defense,1,Black
2093,17,102,1,Scandinavian Defense,1,Black
11314,76,47,1,Italian Game,1,White
11412,55,20,1,Italian Game,1,White
13739,55,20,1,Italian Game,2,White
19060,55,20,1,Italian Game,3,White
13553,609,22,1,English Opening,1,Black
12280,573,78,0,King's Indian Defense,1,Black
9157,212,37,1,Sicilian Defense,1,White
12380,273,54,1,Queen's Gambit,1,Black
12382,526,48,1,Queen's Gambit,2,Black
12384,183,88,1,Queen's Gambit,3,Black
9591,338,43,1,King's Knight Opening,1,White
1630,5,77,1,Ruy Lopez,1,White
2505,833,29,0,Queen's Gambit,1,White
10033,179,30,1,Van't Kruijs Opening,1,Black
10035,306,12,1,Van't Kruijs Opening,2,Black
10040,18,31,1,Sicilian Defense,3,Draw
5608,436,48,1,Scandinavian Defense,1,Black
5609,356,16,1,Scandinavian Defense,2,Black
5610,399,24,1,Sicilian Defense,3,Black
5611,324,90,1,Sicilian Defense,4,Black
5612,136,48,1,Italian Game,5,Black
5613,163,13,1,Robatsch (Modern) Defense,6,White
5615,140,33,1,King's Knight Opening,7,Black
5617,2,80,1,Italian Game,8,Black
5618,118,84,1,Italian Game,9,Draw
5620,145,26,0,Petrov's Defense,10,Black
1567,12,161,1,Sicilian Defense,1,White
15980,12,161,1,Sicilian Defense,2,White
14529,51,90,1,Nimzo-Indian Defense,1,Black
8835,23,50,1,Pirc Defense,1,Black
8842,14,105,1,Pirc Defense,2,Black
9470,196,93,1,Alekhine Defense,1,White
5540,114,40,1,Sicilian Defense,1,Black
15240,169,82,1,Caro-Kann Defense,1,Black
17377,187,59,1,Sicilian Defense,1,White
12804,294,64,1,Robatsch (Modern) Defense,1,Black
8878,439,61,0,Philidor Defense,1,White
19795,46,58,1,Nimzowitsch Defense,1,White
14384,157,85,1,Bishop's Opening,1,White
14387,243,69,1,Pirc Defense,2,White
14388,122,41,1,French Defense,3,White
14390,272,25,1,Scotch Game,4,White
14394,164,40,1,Van't Kruijs Opening,5,White
14395,333,37,0,Ruy Lopez,6,White
5865,120,43,1,Queen's Gambit,1,White
10120,144,139,1,Van't Kruijs Opening,1,White
10121,76,3,1,Scandinavian Defense,2,White
6547,68,114,0,Four Knights Game,1,Black
6557,136,28,1,Ruy Lopez,2,Black
317,365,45,1,Indian Game,1,Black
10289,497,74,1,Blackmar-Diemer Gambit,2,Black
17939,131,169,0,Van't Kruijs Opening,1,White
1818,83,25,0,Horwitz Defense,1,White
10012,725,61,1,Dutch Defense,1,White
19049,1,50,1,French Defense,1,Black
18999,170,51,1,Sicilian Defense,1,Black
5669,273,23,1,French Defense,1,White
17914,117,59,1,Robatsch (Modern) Defense,2,Draw
18870,310,77,1,Sicilian Defense,3,White
14736,144,8,1,Yusupov-Rubinstein System,1,White
9578,367,29,1,Italian Game,1,White
266,74,177,1,Italian Game,1,White
5164,532,25,1,English Opening,1,White
10441,577,17,1,Van't Kruijs Opening,1,White
18224,75,115,1,French Defense,1,White
310,35,27,0,Petrov's Defense,1,White
6204,339,116,1,Van't Kruijs Opening,1,Black
9091,61,127,1,Gruenfeld Defense,1,White
18306,322,37,0,Petrov's Defense,1,White
1266,1,74,0,Four Knights Game,1,Black
1852,65,45,1,Sicilian Defense,1,White
12574,15,84,1,Blackmar-Diemer Gambit,1,Black
13884,55,31,1,Caro-Kann Defense,1,Black
5562,328,90,0,Sicilian Defense,1,Black
10607,364,34,0,Van't Kruijs Opening,1,Black
10611,804,44,0,Van't Kruijs Opening,2,Black
10617,112,44,1,Van't Kruijs Opening,3,Black
13303,14,120,1,Sicilian Defense,1,Black
2480,4,59,1,King's Knight Opening,1,White
12746,84,37,0,Ruy Lopez,1,White
9078,22,97,1,King's Pawn Game,1,White
11960,117,27,1,Scandinavian Defense,1,Black
99,31,113,1,Queen's Gambit,1,Draw
100,14,62,1,Queen's Gambit,2,White
102,131,75,1,Scotch Game,3,White
104,338,81,1,Philidor Defense,4,White
105,71,46,1,Gruenfeld Defense,5,Black
109,259,137,1,Queen's Gambit,6,White
111,118,18,1,Queen's Gambit,7,Black
112,373,28,1,Queen's Gambit,8,Black
17747,1,30,0,Scotch Game,1,White
11984,217,42,1,Italian Game,1,Black
2150,99,43,1,French Defense,1,Black
2153,48,133,1,Sicilian Defense,2,Draw
2155,120,36,1,Robatsch (Modern) Defense,3,Black
17102,63,31,1,Nimzowitsch Defense,1,White
16232,451,44,0,Sicilian Defense,1,Black
2241,393,38,1,Van't Kruijs Opening,1,Black
18261,121,48,1,Indian Game,1,Black
9199,100,77,1,Bird Opening,1,Black
6082,290,11,1,Nimzo-Larsen Attack,1,Draw
6453,290,11,1,Nimzo-Larsen Attack,2,Draw
9451,44,80,1,Sicilian Defense,1,Black
2165,187,73,1,Indian Game,1,Black
14332,326,44,1,Scandinavian Defense,1,Black
853,69,124,1,Slav Defense,1,Draw
12330,69,124,1,Slav Defense,2,Draw
12857,146,32,1,Semi-Slav Defense,3,Black
1253,302,137,0,Italian Game,1,White
1255,1,83,0,King's Knight Opening,2,White
1257,118,65,0,Ruy Lopez,3,White
1260,89,67,0,King's Knight Opening,4,White
1261,139,26,0,Italian Game,5,Black
1264,1,27,0,Philidor Defense,6,Black
1265,10,50,0,Philidor Defense,7,Black
1267,259,130,0,French Defense,8,Draw
1268,286,14,0,French Defense,9,Black
1270,2,24,0,Pirc Defense,10,Black
1272,105,24,0,Ruy Lopez,11,Black
1276,145,30,0,French Defense,12,Black
1278,1,18,0,Four Knights Game,13,Black
1280,296,7,0,Four Knights Game,14,White
1282,125,50,0,Sicilian Defense,15,Black
1283,258,20,0,French Defense,16,Black
1285,1,87,0,Philidor Defense,17,White
1286,12,45,0,Four Knights Game,18,White
1287,8,63,0,Nimzowitsch Defense,19,White
1290,108,8,0,King's Knight Opening,20,Black
1291,1,90,0,Philidor Defense,21,Black
1292,1,94,0,Petrov's Defense,22,White
10631,98,92,0,French Defense,1,Black
10634,181,57,0,Bishop's Opening,2,White
18849,183,32,1,Benko Gambit,1,Black
18851,131,85,1,Bogo-Indian Defense,2,White
18853,172,55,1,Queen's Indian Defense,3,White
18855,105,56,1,Horwitz Defense,4,Black
18857,27,119,1,Indian Game,5,White
18858,56,54,1,Horwitz Defense,6,Black
18860,63,86,1,Queen's Gambit,7,Black
18861,61,117,1,Queen's Gambit,8,White
18863,62,141,1,Nimzo-Indian Defense,9,White
18865,262,28,1,Queen's Gambit,10,White
2586,152,20,1,Queen's Gambit,1,Black
15366,152,20,1,Queen's Gambit,2,Black
6690,254,98,1,Horwitz Defense,1,Black
6749,209,80,1,French Defense,2,Black
4516,1,60,1,Caro-Kann Defense,1,Black
2332,80,51,1,Van't Kruijs Opening,1,Draw
15384,80,51,1,Van't Kruijs Opening,2,Draw
18589,1,84,1,Italian Game,1,Black
10909,53,75,1,Van't Kruijs Opening,1,White
18019,111,152,1,Sicilian Defense,1,Black
18029,39,78,1,Sicilian Defense,2,Black
8092,98,150,0,French Defense,1,Black
3336,68,99,1,Ruy Lopez,1,White
6977,911,90,0,Van't Kruijs Opening,1,Black
6981,896,58,0,Van't Kruijs Opening,2,Black
2854,82,95,1,Nimzowitsch Defense,1,Black
6706,189,77,0,Horwitz Defense,1,White
5403,31,35,0,French Defense,1,White
15606,25,70,1,Sicilian Defense,1,Black
8268,223,126,1,Indian Game,1,Black
15791,68,27,1,Sicilian Defense,2,Black
15793,155,48,1,Mexican Defense,3,White
15795,26,168,1,Caro-Kann Defense,4,Black
15796,155,46,1,Dutch Defense,5,Black
15799,223,126,1,Indian Game,6,Black
15802,245,149,1,Horwitz Defense,7,White
15803,24,83,1,Sicilian Defense,8,White
15805,287,144,1,Queen's Gambit,9,Black
15807,148,41,1,King's Indian Defense,10,Black
15809,354,24,1,Gruenfeld Defense,11,Black
15810,116,39,1,Benoni Defense,12,White
15812,141,109,1,French Defense,13,White
15816,222,95,1,French Defense,14,White
15818,336,46,1,Dutch Defense,15,Black
17018,45,53,1,Queen's Gambit,1,White
15814,135,49,1,Bishop's Opening,1,White
4506,27,62,1,Nimzowitsch Defense,1,Black
7578,190,87,1,Queen's Pawn Game,1,White
174,5,40,1,Indian Game,1,Black
14684,85,41,1,Sicilian Defense,1,White
9319,337,20,1,Italian Game,1,Black
5081,39,78,0,Blackmar-Diemer Gambit,1,Black
12119,29,36,1,Slav Defense,1,White
5900,192,27,0,Four Knights Game,1,White
1273,1,57,0,Van't Kruijs Opening,1,White
10053,103,34,1,Scandinavian Defense,1,Black
11528,35,67,1,Van't Kruijs Opening,1,Black
14264,31,29,1,Bird Opening,1,White
14265,16,73,1,Bird Opening,2,Draw
14266,37,57,1,Bird Opening,3,White
14269,15,20,1,Bird Opening,4,Black
14270,55,61,1,Bird Opening,5,White
14273,71,27,1,Bird Opening,6,Black
14275,72,42,1,Bird Opening,7,Black
14279,5,37,1,Bird Opening,8,White
14280,148,51,1,Bird Opening,9,White
14281,56,64,1,Bird Opening,10,Black
14283,7,19,1,Bird Opening,11,White
14286,144,48,1,Bird Opening,12,Black
14287,14,40,1,Bird Opening,13,Black
14289,17,15,1,Bird Opening,14,White
14291,112,107,1,Bird Opening,15,White
14293,81,29,1,Bird Opening,16,White
14295,61,33,1,Bird Opening,17,White
14297,66,111,1,Bird Opening,18,White
14299,60,51,1,Bird Opening,19,White
14300,47,42,1,Bird Opening,20,Black
15808,165,104,1,Scotch Game,1,Draw
10069,105,122,0,Sicilian Defense,1,Black
10313,157,11,0,Alekhine Defense,1,White
10346,270,64,1,King's Gambit,2,Black
3135,22,78,1,Blackmar-Diemer Gambit,1,Black
3136,61,87,1,Horwitz Defense,2,White
3137,32,54,1,Blackmar-Diemer Gambit,3,Black
3138,285,17,1,Blackmar-Diemer Gambit,4,White
3140,245,79,1,Blackmar-Diemer Gambit,5,White
3142,40,63,1,Blackmar-Diemer Gambit,6,White
3147,274,52,1,Horwitz Defense,7,White
3574,165,9,1,Caro-Kann Defense,1,White
900,108,61,1,Sicilian Defense,1,Black
2566,26,120,1,Horwitz Defense,1,Black
16995,114,44,1,King's Pawn Game,1,Black
13214,373,115,1,Van't Kruijs Opening,1,White
13216,326,57,1,French Defense,2,White
13218,247,69,1,Van't Kruijs Opening,3,White
13219,502,4,1,Van't Kruijs Opening,4,Black
13221,461,55,1,Van't Kruijs Opening,5,White
13223,391,125,1,Van't Kruijs Opening,6,White
4965,45,96,1,French Defense,1,Black
16478,67,20,1,Zukertort Opening,1,Black
8797,117,68,1,Queen's Pawn,1,Black
7734,60,8,1,Van't Kruijs Opening,1,Black
7735,245,8,1,English Opening,2,Black
7736,75,70,1,Nimzo-Larsen Attack,3,Black
7737,63,72,1,Nimzo-Larsen Attack,4,Black
7739,10,88,1,Nimzo-Larsen Attack,5,Black
7740,6,77,1,Nimzo-Larsen Attack,6,White
7741,68,87,1,Nimzo-Larsen Attack,7,White
7742,89,38,1,Nimzo-Larsen Attack,8,Black
7743,229,50,1,Nimzo-Larsen Attack,9,Black
7745,197,30,1,English Opening,10,Black
7748,63,125,1,English Opening,11,Black
7751,315,39,0,English Opening,12,White
15630,209,77,1,Philidor Defense,1,White
10395,35,37,1,English Opening,1,White
15254,249,64,1,Indian Game,1,Black
17639,120,27,0,Sicilian Defense,1,White
17736,20,64,1,Italian Game,1,Black
17740,9,127,0,Robatsch (Modern) Defense,2,White
17741,129,72,0,Philidor Defense,3,Black
17743,341,44,0,Sicilian Defense,4,Black
17744,45,52,1,Nimzowitsch Defense,5,Black
17746,143,130,1,Italian Game,6,Black
17748,380,76,0,French Defense,7,Black
17751,145,18,0,French Defense,8,Black
17754,19,45,1,King's Knight Opening,9,Black
17755,108,20,1,Philidor Defense,10,Black
17757,329,47,1,Four Knights Game,11,White
17760,367,54,1,Sicilian Defense,12,Black
17763,35,106,1,Italian Game,13,Black
17764,396,33,1,Philidor Defense,14,White
17766,92,23,1,Sicilian Defense,15,White
17767,256,60,1,Petrov's Defense,16,Black
18674,185,49,0,Indian Game,1,White
16308,37,39,1,Sicilian Defense,1,White
6737,162,56,1,Horwitz Defense,1,White
18035,110,111,1,Queen's Gambit,1,White
17106,260,58,0,Scotch Game,1,Black
6845,7,47,1,Robatsch (Modern) Defense,1,White
6847,42,31,1,French Defense,2,White
15830,85,71,1,Sicilian Defense,1,White
13540,618,96,1,Caro-Kann Defense,1,Black
16503,50,44,1,Indian Game,1,Black
13990,86,96,1,Petrov's Defense,1,Black
13992,96,11,1,Bishop's Opening,2,White
18876,127,69,1,Sicilian Defense,1,White
2302,475,63,0,Sicilian Defense,1,White
3738,10,39,0,Scotch Game,2,White
11618,387,119,0,Bishop's Opening,3,Draw
19361,55,43,0,Bishop's Opening,4,Draw
2495,31,74,0,Van't Kruijs Opening,1,Black
10573,78,113,1,Blackmar-Diemer Gambit,1,White
11282,78,113,1,Blackmar-Diemer Gambit,2,White
17132,179,52,1,Nimzo-Larsen Attack,1,Black
3585,280,98,1,Ruy Lopez,1,Black
18722,161,101,1,Dutch Defense,1,White
16574,85,60,1,Blackmar-Diemer Gambit,1,Black
17444,119,48,1,Philidor Defense,1,White
926,388,68,1,Scandinavian Defense,1,White
9296,407,29,1,King's Pawn Game,1,White
9590,560,89,1,Scandinavian Defense,1,White
13839,67,55,0,Four Knights Game,1,White
9298,74,40,1,King's Pawn Game,1,Black
4564,125,88,0,King's Knight Opening,1,Black
4796,5,5,0,Nimzowitsch Defense,1,White
8743,119,79,1,Sicilian Defense,2,White
3800,95,28,1,Sicilian Defense,1,Black
18496,136,80,1,French Defense,2,Black
19413,59,61,1,Ruy Lopez,1,White
19773,141,96,1,Pirc Defense,2,Black
2487,136,16,0,King's Knight Opening,1,White
18401,54,156,1,King's Gambit,1,Black
1252,302,54,0,Queen's Pawn Game,1,Black
1254,302,81,0,Queen's Pawn Game,2,White
5940,111,46,1,King's Pawn Game,1,White
8731,17,65,1,Sicilian Defense,2,Black
9023,78,89,1,Sicilian Defense,1,Black
4115,313,78,1,King's Pawn Game,1,Black
19986,78,102,1,Pirc Defense,1,Black
13596,55,82,1,Caro-Kann Defense,1,White
18262,262,65,1,Queen's Pawn,1,White
9694,124,152,1,Bird Opening,1,Draw
6914,21,17,0,Sicilian Defense,1,White
11525,19,52,1,Nimzo-Indian Defense,1,Black
4283,80,77,1,Robatsch (Modern) Defense,1,White
8520,16,117,1,Queen's Gambit,1,White
8522,10,35,1,Queen's Gambit,2,White
8523,56,82,1,Queen's Gambit,3,Black
8524,44,38,1,Queen's Indian Defense,4,White
8526,12,61,1,Queen's Gambit,5,White
8529,76,94,1,Horwitz Defense,6,Black
8530,76,123,1,Queen's Gambit,7,White
8532,27,65,1,Indian Game,8,White
8534,4,64,1,Indian Game,9,Black
8535,22,115,1,French Defense,10,White
8536,47,109,1,Nimzo-Indian Defense,11,White
8539,23,69,1,Queen's Gambit,12,White
8541,96,77,1,Pirc Defense,13,White
8542,104,49,1,Queen's Gambit,14,White
8544,52,56,1,Benoni Defense,15,Black
8546,59,56,1,Benoni Defense,16,Black
8547,17,80,1,Queen's Gambit,17,Black
8548,40,79,1,Horwitz Defense,18,Black
8552,52,152,1,Queen's Gambit,19,Black
8553,83,71,1,Benoni Defense,20,White
15735,376,45,0,Sicilian Defense,1,White
4648,235,67,0,Ruy Lopez,1,White
4649,235,17,0,Philidor Defense,2,Draw
6662,286,20,1,Sicilian Defense,1,Black
17394,182,44,1,Sicilian Defense,1,Black
2533,251,13,1,Blackmar-Diemer Gambit,1,White
12143,63,70,1,Queen's Pawn Game,1,Black
11416,108,82,1,Blackmar-Diemer Gambit,1,White
13743,108,82,1,Blackmar-Diemer Gambit,2,White
19064,108,82,1,Blackmar-Diemer Gambit,3,White
6526,38,24,1,Italian Game,1,Black
4325,119,68,1,Italian Game,1,Black
5178,212,77,1,Nimzowitsch Defense,1,White
11513,36,102,1,Italian Game,1,Black
15574,139,18,1,Center Game,1,White
1825,277,137,1,Scotch Game,1,White
1826,12,14,1,King's Pawn Game,2,Draw
1828,37,44,1,Caro-Kann Defense,3,Black
1834,49,37,1,King's Pawn Game,4,White
1840,107,31,1,Horwitz Defense,5,White
17417,117,64,1,Ruy Lopez,1,Black
3016,179,68,1,Blackmar-Diemer Gambit,1,Black
16811,111,36,1,Van't Kruijs Opening,1,White
13893,26,151,1,Blackmar-Diemer Gambit,1,White
5313,123,11,1,Nimzowitsch Defense,1,White
7699,38,43,1,Sicilian Defense,1,Draw
7781,187,25,0,Horwitz Defense,1,White
18389,259,33,1,Scandinavian Defense,1,Draw
18393,45,187,1,Scandinavian Defense,2,Draw
18395,97,170,1,Sicilian Defense,3,Black
18397,403,134,1,French Defense,4,Black
18399,83,89,1,Philidor Defense,5,White
18402,10,26,1,Philidor Defense,6,White
18406,320,118,0,Caro-Kann Defense,7,Black
18409,92,120,1,French Defense,8,Draw
18410,155,95,1,King's Knight Opening,9,White
18413,93,63,0,Italian Game,10,White
18417,272,103,1,Zukertort Opening,11,White
18418,20,81,1,Italian Game,12,Draw
18419,347,20,1,Sicilian Defense,13,Black
18420,176,144,1,Sicilian Defense,14,Black
14845,158,58,1,Ruy Lopez,1,Black
15397,43,153,1,Nimzowitsch Defense,1,Draw
16065,0,15,0,Ruy Lopez,1,White
14349,52,56,1,Robatsch (Modern) Defense,1,Black
9499,128,67,0,Sicilian Defense,1,White
5722,77,61,1,French Defense,1,Black
6454,485,26,0,King's Knight Opening,1,Black
17347,339,3,0,Sicilian Defense,1,White
1454,38,115,1,Indian Game,1,White
3840,126,37,1,Sicilian Defense,1,White
4492,156,134,0,Sicilian Defense,1,Draw
14651,60,36,1,Sicilian Defense,1,Black
3879,12,89,1,King's Pawn Game,1,White
11468,21,2,1,Scandinavian Defense,2,White
16462,12,89,1,King's Pawn Game,3,White
3288,445,54,0,French Defense,1,Black
527,9,45,1,King's Pawn Game,1,White
13522,393,93,1,Queen's Pawn Game,1,Black
2434,126,8,1,Van't Kruijs Opening,1,Black
8071,44,71,1,French Defense,1,White
12725,212,51,1,King's Gambit,1,White
14739,142,49,1,King's Gambit,2,White
14345,223,18,1,Scotch Game,1,Black
16962,521,121,0,Indian Game,1,White
12765,47,36,1,King's Indian Attack,1,White
5592,8,23,0,Horwitz Defense,1,White
15741,246,91,0,English Opening,1,White
14481,21,124,1,Caro-Kann Defense,1,Black
14975,13,15,1,Scotch Game,2,White
18226,16,53,1,Scandinavian Defense,1,White
11125,309,116,1,Robatsch (Modern) Defense,1,Black
11127,81,80,1,Robatsch (Modern) Defense,2,Black
11128,220,46,0,King's Pawn Game,3,Black
3949,208,35,1,King's Knight Opening,1,White
11706,112,68,1,Queen's Gambit,1,Draw
19329,112,68,1,Queen's Gambit,2,Draw
2357,80,71,1,King's Indian Defense,1,Draw
15274,446,40,1,Sicilian Defense,1,White
4795,5,61,1,French Defense,1,White
2996,371,29,1,Bishop's Opening,1,White
10138,40,16,1,Scandinavian Defense,1,Black
3677,79,53,1,King's Pawn Game,1,White
16914,153,93,1,Scotch Game,1,White
8640,49,60,1,Scandinavian Defense,1,Black
3436,15,77,1,French Defense,1,White
18277,36,48,1,Van't Kruijs Opening,1,Black
14961,148,47,1,King's Gambit,1,White
10828,294,131,1,King's Gambit,1,White
9080,290,20,1,Amar Opening,1,Black
9081,240,18,1,Pirc Defense,2,Black
9084,197,5,1,Amar Opening,3,White
660,48,72,1,Sicilian Defense,1,Black
18965,307,139,1,Benoni Defense,1,White
18966,145,161,1,Queen's Gambit,2,White
18967,337,44,1,Dutch Defense,3,Black
18969,440,51,1,Horwitz Defense,4,White
18971,45,48,1,Queen's Gambit,5,Draw
18972,240,131,1,Queen's Gambit,6,White
11714,6,98,1,Caro-Kann Defense,1,Black
11716,110,57,1,Semi-Slav Defense,2,Draw
19337,6,98,1,Caro-Kann Defense,3,Black
19339,110,57,1,Semi-Slav Defense,4,Draw
13867,380,50,0,English Opening,1,Black
13871,124,25,1,English Opening,2,White
13872,53,32,1,Scotch Game,3,Black
13873,71,78,1,English Opening,4,Black
13877,277,47,1,English Opening,5,White
13879,16,63,1,English Opening,6,White
13880,21,73,1,Scandinavian Defense,7,Black
13882,81,51,1,English Opening,8,White
13883,30,109,1,Zukertort Opening,9,White
13885,29,39,1,Zukertort Opening,10,White
13888,40,89,1,English Opening,11,White
13890,84,14,1,King's Pawn Game,12,Black
13891,139,77,1,Zukertort Opening,13,Black
13892,84,34,1,King's Pawn Game,14,Black
13894,119,42,1,Queen's Pawn Game,15,White
13897,6,82,1,King's Knight Opening,16,Black
13898,0,71,1,King's Pawn Game,17,White
13901,22,88,1,King's Pawn Game,18,Black
13903,61,45,1,Queen's Pawn Game,19,Black
13904,37,107,1,King's Pawn Game,20,White
13906,30,34,1,Sicilian Defense,21,Black
13909,140,35,1,Nimzowitsch Defense,22,White
13910,9,39,1,Scandinavian Defense,23,Draw
13912,28,63,1,Italian Game,24,White
10832,234,22,0,Van't Kruijs Opening,1,Black
10836,159,16,0,Van't Kruijs Opening,2,Black
10838,159,10,0,Van't Kruijs Opening,3,Black
10841,128,4,1,Nimzo-Larsen Attack,4,Black
17742,93,9,0,Queen's Pawn Game,1,White
16553,13,36,1,Caro-Kann Defense,1,Black
18215,261,67,1,French Defense,1,White
6916,200,142,0,Yusupov-Rubinstein System,1,Draw
7226,92,47,1,Scandinavian Defense,1,White
10737,32,26,1,Scotch Game,1,Black
12566,74,9,1,Van't Kruijs Opening,1,White
531,19,59,1,Italian Game,1,White
11609,376,105,0,Slav Defense,1,White
11948,650,38,0,Sicilian Defense,2,Draw
13278,200,93,0,Scandinavian Defense,3,White
18210,218,61,1,French Defense,1,Draw
8350,192,38,0,Scotch Game,1,Black
10093,39,71,1,Van't Kruijs Opening,1,White
1743,99,81,1,Scotch Game,1,Black
1901,258,76,1,Queen's Gambit,1,Black
1904,342,66,1,Nimzo-Indian Defense,2,Black
1905,16,72,1,Queen's Gambit,3,Black
1907,127,69,1,Nimzo-Indian Defense,4,White
1909,27,56,1,Nimzowitsch Defense,5,Black
1911,77,111,1,King's Indian Defense,6,White
1913,38,108,1,Dutch Defense,7,Black
1916,458,77,1,Horwitz Defense,8,White
1919,18,62,1,King's Pawn Game,9,Black
16000,29,19,1,Gruenfeld Defense,1,White
10990,119,147,0,Scotch Game,1,White
17287,134,36,1,Sicilian Defense,1,Black
15507,448,78,1,Italian Game,1,Black
5706,173,37,1,French Defense,1,White
1142,180,107,1,French Defense,1,White
1143,26,92,1,Italian Game,2,Black
1146,5,55,1,Italian Game,3,White
1150,47,135,0,French Defense,4,Draw
1151,127,78,1,Sicilian Defense,5,Black
1153,25,114,0,French Defense,6,Draw
14596,180,107,1,French Defense,7,White
14597,26,92,1,Italian Game,8,Black
14600,5,55,1,Italian Game,9,White
14604,47,135,0,French Defense,10,Draw
14605,127,78,1,Sicilian Defense,11,Black
14607,25,114,0,French Defense,12,Draw
11652,300,142,1,Bishop's Opening,1,Black
15813,659,70,1,Blackmar-Diemer Gambit,1,Black
20054,471,24,1,Dutch Defense,1,White
17948,28,82,1,Italian Game,1,White
18906,17,91,1,Blackmar-Diemer Gambit,1,White
16520,101,90,1,Philidor Defense,1,Black
3631,11,29,1,French Defense,1,White
15312,44,33,1,Italian Game,1,White
1481,41,23,1,Sicilian Defense,1,White
1483,27,122,1,King's Pawn Game,2,Black
11324,348,98,1,Sicilian Defense,1,Black
14436,185,77,1,Italian Game,1,Black
17217,36,61,1,King's Pawn Game,2,Black
5253,193,72,1,Slav Defense,1,Draw
9863,61,102,0,Queen's Pawn Game,1,Black
19593,205,30,0,Scotch Game,1,Black
19595,205,43,0,Italian Game,2,White
18842,212,59,1,Philidor Defense,1,White
2096,87,41,1,Italian Game,1,White
3606,120,47,1,Ruy Lopez,1,White
7465,191,17,1,Sicilian Defense,1,White
8930,428,49,1,Ruy Lopez,1,White
8652,3,86,1,Scandinavian Defense,1,Black
8808,26,66,1,Four Knights Game,2,Black
11857,162,95,1,Caro-Kann Defense,3,White
17529,49,62,1,French Defense,1,Black
8533,5,85,1,Sicilian Defense,1,White
11107,68,73,1,Philidor Defense,1,White
5367,667,47,0,Alekhine Defense,1,White
9112,7,59,0,Benoni Defense,2,White
17348,215,54,0,Sicilian Defense,3,Black
10474,14,100,1,Queen's Pawn Game,1,Black
1411,86,60,1,French Defense,1,Black
8089,23,55,1,Scotch Game,2,White
11362,8,94,1,Sicilian Defense,3,Black
13453,8,94,1,Sicilian Defense,4,Black
5966,70,34,1,Pirc Defense,1,Black
6239,81,42,0,Caro-Kann Defense,1,Black
6241,150,65,1,French Defense,2,White
6243,185,44,1,Sicilian Defense,3,Black
6244,231,35,1,Sicilian Defense,4,White
68,54,78,1,French Defense,1,Black
14162,3,80,1,Sicilian Defense,1,Black
4454,752,55,1,Queen's Gambit,1,White
925,516,57,1,Nimzowitsch Defense,1,White
12024,182,64,1,King's Pawn Game,1,Black
5274,437,27,1,Sicilian Defense,1,White
11108,129,58,1,Philidor Defense,1,Black
11114,126,67,1,Ruy Lopez,2,White
11116,84,25,1,Sicilian Defense,3,White
1084,190,62,1,Sicilian Defense,1,Black
10305,18,55,1,King's Pawn Game,1,White
4829,495,1,1,Nimzowitsch Defense,1,White
11451,233,12,1,Sicilian Defense,2,Black
4676,80,97,1,Italian Game,1,Draw
11142,202,74,1,French Defense,1,Draw
6074,63,44,1,Italian Game,1,Black
8258,224,73,1,Scotch Game,1,White
9796,337,88,1,Scandinavian Defense,2,Black
11099,18,89,1,Bishop's Opening,1,White
11101,19,116,1,Van't Kruijs Opening,2,Black
13494,328,27,0,Ruy Lopez,1,White
10110,252,82,1,Sicilian Defense,1,Black
15174,83,115,1,Philidor Defense,2,White
3445,342,7,0,Bishop's Opening,1,White
19094,301,52,1,French Defense,1,Black
2598,69,107,1,Bird Opening,1,White
2601,34,44,1,Zukertort Opening,2,White
2602,244,81,1,King's Gambit,3,Black
2603,54,164,1,Reti Opening,4,Black
2604,136,52,1,Scotch Game,5,Black
2605,3,95,1,Zukertort Opening,6,White
2610,114,89,1,Gruenfeld Defense,7,White
12196,280,115,1,Sicilian Defense,1,White
8236,57,83,1,King's Pawn Game,1,White
1377,68,73,1,Queen's Gambit,1,White
10115,143,36,1,Scandinavian Defense,1,Black
4367,223,9,1,Van't Kruijs Opening,1,White
19996,29,58,1,Pirc Defense,1,Black
17618,56,35,0,Slav Defense,1,White
5168,442,47,1,King's Knight Opening,1,White
11778,108,41,1,Sicilian Defense,1,White
10362,203,170,0,Ruy Lopez,1,Black
6854,478,38,1,Horwitz Defense,1,Black
5726,11,17,1,Queen's Gambit,1,Black
5728,432,40,1,King's Pawn Game,2,Black
5731,253,176,1,King's Pawn Game,3,Black
7118,112,44,1,Queen's Pawn Game,1,White
2877,147,90,1,English Opening,1,Black
2879,68,10,1,Benoni Defense,2,Black
14343,89,80,1,King's Knight Opening,1,Black
14344,203,77,1,Philidor Defense,2,White
14347,169,11,1,Philidor Defense,3,White
14348,102,25,1,Petrov's Defense,4,White
14351,98,94,1,Sicilian Defense,5,Black
14353,112,95,1,Alekhine Defense,6,White
14355,102,33,1,Sicilian Defense,7,White
14358,127,40,1,Italian Game,8,Black
14359,148,207,1,Italian Game,9,Draw
14360,145,9,1,Italian Game,10,White
14363,101,64,1,Sicilian Defense,11,White
14366,72,92,1,Italian Game,12,Black
14368,73,72,1,Sicilian Defense,13,Black
14371,66,88,1,Italian Game,14,Black
14374,28,49,1,Sicilian Defense,15,White
14375,57,87,1,King's Knight Opening,16,White
14378,47,36,1,Nimzowitsch Defense,17,Black
14380,165,103,1,Alekhine Defense,18,White
14382,232,39,1,Scandinavian Defense,19,Black
14693,36,65,1,Sicilian Defense,20,White
9547,15,33,0,Van't Kruijs Opening,1,White
10360,458,10,0,Bishop's Opening,1,Black
11899,143,73,1,English Opening,1,Draw
11900,76,40,1,English Opening,2,Black
7958,165,41,1,Van't Kruijs Opening,1,White
12523,132,30,1,Vienna Game,1,Black
12525,281,170,1,Sicilian Defense,2,Black
12526,60,81,1,French Defense,3,White
12528,168,116,1,Italian Game,4,Black
12530,259,130,1,Van't Kruijs Opening,5,Black
12531,101,105,1,French Defense,6,White
12533,184,27,1,Caro-Kann Defense,7,White
12535,392,170,1,Sicilian Defense,8,Draw
15120,447,27,1,King's Knight Opening,1,White
12570,42,47,1,Blackmar-Diemer Gambit,1,Black
19502,40,128,1,Sicilian Defense,1,Draw
12144,449,75,0,Van't Kruijs Opening,1,Draw
372,146,95,1,Nimzowitsch Defense,1,White
3648,74,69,1,Queen's Gambit,1,White
5359,430,85,0,Nimzowitsch Defense,2,White
1621,60,32,1,Four Knights Game,1,Black
1625,68,100,1,Pirc Defense,2,Black
1627,53,53,1,Four Knights Game,3,White
1628,8,71,1,Pirc Defense,4,White
9500,128,59,0,King's Indian Defense,1,White
17285,130,53,1,Russian Game,1,White
10542,3,46,1,Blackmar-Diemer Gambit,1,Black
11251,3,46,1,Blackmar-Diemer Gambit,2,Black
19651,312,189,0,East Indian Defense,1,Draw
9592,202,61,0,Queen's Pawn Game,1,Black
9491,115,75,1,Sicilian Defense,1,White
3575,554,31,1,Van't Kruijs Opening,1,Black
3577,65,54,1,Van't Kruijs Opening,2,Black
16809,33,46,1,Queen's Pawn Game,1,Black
2174,201,21,1,Italian Game,1,White
13341,201,21,1,Italian Game,2,White
13084,592,11,1,Nimzowitsch Defense,1,White
13086,638,42,1,Horwitz Defense,2,Black
13087,275,43,1,Blackmar-Diemer Gambit,3,White
13088,305,73,1,Blackmar-Diemer Gambit,4,Black
13089,227,154,1,Blackmar-Diemer Gambit,5,Black
13093,73,129,1,Robatsch (Modern) Defense,6,White
1512,3,50,1,Nimzo-Indian Defense,1,White
17220,76,18,1,King's Pawn Game,1,Black
8057,98,36,1,French Defense,1,Black
2746,703,86,1,Horwitz Defense,1,Black
2747,458,36,1,Benoni Defense,2,Black
2749,399,38,1,Queen's Pawn Game,3,Black
2750,455,70,1,Horwitz Defense,4,Black
2754,385,19,1,Sicilian Defense,5,Black
2756,460,109,1,Vienna Game,6,White
2758,513,46,1,Italian Game,7,Black
2759,359,40,1,Sicilian Defense,8,Black
2761,447,32,1,Queen's Gambit,9,Black
2764,1003,52,1,Nimzo-Indian Defense,10,Black
2766,438,58,1,Pirc Defense,11,Black
2769,6,104,1,Sicilian Defense,12,Black
2771,665,55,1,Sicilian Defense,13,Black
2772,247,38,1,King's Pawn Game,14,Black
13975,8,43,1,Philidor Defense,1,White
16506,73,80,1,Indian Game,1,Black
5341,193,94,1,French Defense,1,Black
327,72,114,1,Indian Game,1,Draw
5437,107,45,1,Ruy Lopez,1,White
5439,25,71,1,London System,2,White
5441,28,82,1,Sicilian Defense,3,Black
5442,126,39,1,London System,4,White
5444,201,89,1,Blackmar-Diemer Gambit,5,White
5446,72,74,1,Queen's Gambit,6,Black
5448,196,132,1,Horwitz Defense,7,Draw
5449,88,36,1,Queen's Pawn Game,8,Black
5451,27,63,1,Semi-Slav Defense,9,Draw
5452,55,75,1,Scandinavian Defense,10,White
5455,159,82,1,Queen's Gambit,11,Black
5457,65,99,1,Yusupov-Rubinstein System,12,Draw
5459,473,41,1,Yusupov-Rubinstein System,13,White
5902,332,27,1,King's Pawn Game,1,White
31,322,64,1,Sicilian Defense,1,Black
12100,766,24,0,Italian Game,1,Black
17453,304,52,1,King's Gambit,1,Black
4415,219,46,1,Queen's Pawn,1,Black
13972,0,95,1,Blackmar-Diemer Gambit,1,White
7579,438,103,1,Sicilian Defense,1,White
8576,18,54,1,Blackmar-Diemer Gambit,1,Black
5600,53,50,0,Caro-Kann Defense,1,Black
17116,191,92,1,Bishop's Opening,1,Black
14496,155,54,1,Indian Game,1,Black
1047,468,58,0,Sicilian Defense,1,Black
8573,13,101,1,Philidor Defense,1,White
10215,95,47,1,Bird Opening,1,White
3291,272,73,0,Van't Kruijs Opening,1,White
205,142,101,0,Center Game,1,White
208,142,118,0,Horwitz Defense,2,Black
11432,142,101,0,Center Game,3,White
11435,142,118,0,Horwitz Defense,4,Black
13759,142,101,0,Center Game,5,White
13762,142,118,0,Horwitz Defense,6,Black
19080,142,101,0,Center Game,7,White
19083,142,118,0,Horwitz Defense,8,Black
5568,171,53,0,Sicilian Defense,1,Black
12532,257,70,1,Pirc Defense,1,Black
15251,127,79,1,Caro-Kann Defense,2,White
3817,130,85,1,Sicilian Defense,1,White
3819,208,40,1,Italian Game,2,Black
3821,25,36,1,Sicilian Defense,3,Black
3823,15,72,1,Sicilian Defense,4,Black
3825,65,85,1,Caro-Kann Defense,5,White
3827,122,89,1,Sicilian Defense,6,White
3830,147,56,1,Scandinavian Defense,7,Black
3831,154,39,1,Sicilian Defense,8,Black
3833,269,122,1,Alekhine Defense,9,Black
3836,114,41,1,French Defense,10,White
3841,249,101,1,French Defense,11,White
3842,120,81,1,Italian Game,12,White
3844,81,15,1,Italian Game,13,White
3847,171,44,1,Philidor Defense,14,Black
3848,118,39,1,French Defense,15,Black
3851,26,87,1,Nimzowitsch Defense,16,Draw
3854,175,55,1,Sicilian Defense,17,Black
3855,280,26,1,Van't Kruijs Opening,18,Black
3856,8,36,1,Sicilian Defense,19,Black
3862,141,64,1,Zukertort Opening,20,Black
3865,315,24,1,King's Knight Opening,21,Black
715,70,34,1,King's Indian Defense,1,Black
1596,107,43,1,Van't Kruijs Opening,2,Draw
12203,70,34,1,King's Indian Defense,3,Black
13170,107,43,1,Van't Kruijs Opening,4,Draw
14788,107,43,1,Van't Kruijs Opening,5,Draw
15555,21,29,1,Queen's Pawn Game,6,Draw
19724,223,154,1,Ruy Lopez,7,Black
19898,175,64,1,English Opening,8,Black
9072,28,23,1,Pirc Defense,1,White
6198,64,49,1,King's Indian Attack,1,White
18046,204,65,1,Van't Kruijs Opening,1,White
18047,14,196,1,Van't Kruijs Opening,2,Black
18048,66,138,1,Van't Kruijs Opening,3,Black
18049,281,114,1,Van't Kruijs Opening,4,Black
18050,51,111,1,Van't Kruijs Opening,5,White
18051,68,135,1,Van't Kruijs Opening,6,Draw
18052,256,45,1,Van't Kruijs Opening,7,White
18053,51,35,1,Van't Kruijs Opening,8,White
18054,27,54,1,Van't Kruijs Opening,9,Black
18055,75,104,1,Van't Kruijs Opening,10,Black
18056,77,70,1,Van't Kruijs Opening,11,Black
18057,415,84,1,Van't Kruijs Opening,12,Black
18058,412,86,1,Van't Kruijs Opening,13,Black
18059,197,209,1,Van't Kruijs Opening,14,White
18060,236,118,1,Van't Kruijs Opening,15,Black
18061,86,94,1,Van't Kruijs Opening,16,Black
18062,217,89,1,Van't Kruijs Opening,17,White
18063,104,165,1,Van't Kruijs Opening,18,Draw
18064,106,48,1,King's Pawn Game,19,Black
18065,238,102,1,Scandinavian Defense,20,Draw
18066,529,142,1,Van't Kruijs Opening,21,Black
18067,3,80,1,Van't Kruijs Opening,22,Black
18068,162,46,1,Van't Kruijs Opening,23,Black
18069,21,38,1,Van't Kruijs Opening,24,Black
18070,126,58,1,Van't Kruijs Opening,25,Black
18071,10,68,1,Van't Kruijs Opening,26,Black
18072,217,120,1,Van't Kruijs Opening,27,Black
18073,33,94,1,Van't Kruijs Opening,28,White
18074,358,130,1,Van't Kruijs Opening,29,Black
18075,45,167,1,Van't Kruijs Opening,30,Draw
18076,533,76,1,Van't Kruijs Opening,31,Black
18077,177,72,1,Van't Kruijs Opening,32,Black
18078,47,80,1,Van't Kruijs Opening,33,White
18079,167,104,1,Van't Kruijs Opening,34,Black
18080,503,48,1,French Defense,35,Black
18081,82,36,1,King's Pawn Game,36,Black
18082,428,144,1,Van't Kruijs Opening,37,Black
18083,11,110,1,Van't Kruijs Opening,38,Black
18084,55,44,1,Van't Kruijs Opening,39,Black
18085,59,132,1,Van't Kruijs Opening,40,Black
18086,98,53,1,Van't Kruijs Opening,41,White
18087,18,100,1,King's Pawn Game,42,Black
18088,80,85,1,Van't Kruijs Opening,43,White
18089,189,80,1,Van't Kruijs Opening,44,Black
18090,110,36,1,Van't Kruijs Opening,45,Black
18091,43,25,1,Van't Kruijs Opening,46,White
18092,2,156,1,Van't Kruijs Opening,47,Black
18093,288,72,1,Van't Kruijs Opening,48,White
11391,131,68,1,Queen's Pawn Game,1,Black
11392,157,28,1,English Opening,2,Black
11393,20,93,1,English Opening,3,White
11397,144,71,1,Zukertort Opening,4,White
11398,13,64,1,Reti Opening,5,Black
18792,146,70,1,Ruy Lopez,1,Black
10809,65,104,1,Philidor Defense,1,White
526,261,32,1,Italian Game,1,Black
10148,434,149,1,Nimzowitsch Defense,1,White
8126,164,56,1,King's Knight Opening,1,Black
8127,253,102,1,Mexican Defense,2,Black
8133,64,54,1,Italian Game,3,Black
8135,182,25,1,Italian Game,4,White
8137,203,37,1,French Defense,5,White
8138,96,45,1,Sicilian Defense,6,White
4928,56,56,1,Queen's Pawn Game,1,Black
5166,53,38,1,King's Knight Opening,1,Black
5167,623,43,1,Scotch Game,2,White
5170,273,41,0,French Defense,3,White
5173,18,71,1,Caro-Kann Defense,4,White
5174,230,101,1,Philidor Defense,5,White
5181,4,104,1,Scandinavian Defense,6,Draw
5182,206,44,1,Pirc Defense,7,White
5184,299,72,1,Nimzo-Larsen Attack,8,Black
5186,284,70,1,King's Knight Opening,9,Black
5188,283,32,1,Queen's Pawn Game,10,Black
5189,86,58,1,Caro-Kann Defense,11,Black
5191,146,61,1,King's Knight Opening,12,White
5192,191,19,1,Nimzowitsch Defense,13,Black
5194,74,116,1,Nimzowitsch Defense,14,Black
5197,202,104,1,Nimzo-Larsen Attack,15,Black
5199,188,33,1,Sicilian Defense,16,Black
5202,213,56,1,Sicilian Defense,17,Black
5203,234,32,1,Van't Kruijs Opening,18,Black
14694,157,69,1,King's Pawn Game,1,White
703,22,77,0,Sicilian Defense,1,White
705,116,33,0,Pirc Defense,2,White
706,12,83,0,Scotch Game,3,White
708,126,29,0,Scotch Game,4,White
709,116,91,0,Philidor Defense,5,White
710,278,34,0,Sicilian Defense,6,Black
711,25,59,1,Scotch Game,7,Black
7502,3,102,1,Queen's Gambit,1,Black
5526,271,71,1,Sicilian Defense,1,White
7842,325,137,1,Van't Kruijs Opening,1,White
17999,325,137,1,Van't Kruijs Opening,2,White
7672,0,50,0,Sicilian Defense,1,Black
19156,133,10,1,French Defense,1,White
15698,158,71,1,Sicilian Defense,1,White
17586,98,63,1,Robatsch (Modern) Defense,1,White
17588,296,54,1,London System,2,Black
19520,48,118,1,Nimzo-Indian Defense,1,Black
2721,195,49,1,Alekhine Defense,1,White
4957,27,39,1,Queen's Gambit,1,White
4697,225,29,1,Ruy Lopez,1,Draw
9012,412,14,1,French Defense,1,Black
5076,76,39,0,Queen's Pawn Game,1,White
7563,1,90,1,Sicilian Defense,1,Black
3845,85,71,1,Indian Game,1,White
7962,15,35,1,King's Pawn Game,1,White
9085,390,71,0,Zukertort Opening,1,White
9086,390,13,0,Zukertort Opening,2,White
9087,390,97,0,Van't Kruijs Opening,3,White
15962,145,77,1,Scotch Game,1,White
15268,15,34,1,Sicilian Defense,1,White
17200,5,74,1,French Defense,1,Black
18705,83,67,1,Vienna Game,1,Draw
18707,68,36,1,King's Pawn Game,2,Black
18829,20,24,1,King's Pawn Game,1,Black
4725,108,39,1,Four Knights Game,1,White
4727,28,96,1,Italian Game,2,Black
4728,371,112,1,Blackmar-Diemer Gambit,3,Black
4730,133,71,1,Blackmar-Diemer Gambit,4,White
4733,34,61,1,Italian Game,5,White
4735,37,68,1,Petrov's Defense,6,Black
855,0,66,1,Scandinavian Defense,1,Black
12332,0,66,1,Scandinavian Defense,2,Black
1205,92,80,1,King's Indian Attack,1,Black
2256,162,46,1,Zukertort Opening,2,White
2257,215,55,1,Zukertort Opening,3,White
2259,91,99,1,Zukertort Opening,4,White
2261,22,145,1,Zukertort Opening,5,White
2264,91,35,1,King's Indian Attack,6,White
2266,6,113,1,Zukertort Opening,7,White
2268,145,57,1,King's Indian Attack,8,White
2269,120,21,1,Zukertort Opening,9,White
2272,16,73,1,Zukertort Opening,10,White
2275,66,130,1,King's Indian Attack,11,Draw
2277,11,108,1,Zukertort Opening,12,Black
2280,45,158,1,Zukertort Opening,13,Draw
2281,179,70,1,Zukertort Opening,14,Black
2283,135,80,1,Zukertort Opening,15,Draw
2286,30,81,1,King's Indian Attack,16,Draw
2288,38,17,1,Zukertort Opening,17,White
2289,89,39,1,Zukertort Opening,18,White
2292,0,110,1,Zukertort Opening,19,Black
2294,49,29,1,King's Indian Attack,20,White
2296,25,109,1,King's Indian Attack,21,Draw
2299,102,77,1,Zukertort Opening,22,White
2301,40,53,1,Zukertort Opening,23,White
6282,283,112,1,Caro-Kann Defense,1,Black
8874,276,64,1,Sicilian Defense,2,Black
5975,884,51,1,Sicilian Defense,1,White
11885,13,82,1,Nimzowitsch Defense,2,Black
6770,11,53,1,Queen's Pawn Game,1,White
12979,19,60,1,Sicilian Defense,1,Black
4072,28,50,1,Sicilian Defense,1,White
16081,145,111,1,Petrov's Defense,1,White
5684,75,41,1,French Defense,1,White
7693,9,84,1,Queen's Gambit,1,Black
7694,101,96,1,Benoni Defense,2,Draw
7696,113,45,1,Horwitz Defense,3,Black
7698,34,12,1,Queen's Pawn Game,4,Black
7702,17,84,1,Queen's Gambit,5,Draw
7704,36,62,1,Slav Defense,6,Black
7706,39,89,1,Queen's Gambit,7,White
7708,90,49,1,Dutch Defense,8,White
7710,94,19,1,Queen's Gambit,9,White
7714,140,54,1,King's Indian Defense,10,Black
7716,4,71,1,Queen's Gambit,11,White
7717,10,73,1,Queen's Gambit,12,White
7719,17,50,1,Nimzo-Indian Defense,13,White
7721,15,41,1,Queen's Gambit,14,White
7722,39,57,1,Queen's Gambit,15,White
7726,87,50,1,Queen's Gambit,16,Black
7727,180,55,1,Old Indian,17,White
7731,146,65,1,Slav Defense,18,White
7732,67,38,1,King's Indian Defense,19,Black
3058,35,91,1,Sicilian Defense,1,White
19389,244,67,1,Blackmar-Diemer Gambit,1,Black
3156,270,33,1,Nimzo-Larsen Attack,1,White
6404,17,106,1,Van't Kruijs Opening,1,Black
14895,5,44,1,Blackmar-Diemer Gambit,1,Black
12044,55,94,1,Van't Kruijs Opening,1,Black
9748,246,51,1,Blackmar-Diemer Gambit,1,White
2573,47,53,1,Nimzowitsch Defense,1,White
9680,166,63,1,Queen's Gambit,1,White
10047,278,94,1,Queen's Gambit,2,Black
7478,22,121,1,Sicilian Defense,1,White
4518,22,137,1,Scotch Game,1,White
14254,394,23,0,Van't Kruijs Opening,1,White
10759,129,75,0,French Defense,1,Black
10760,88,36,0,Ruy Lopez,2,Black
350,20,120,1,Gruenfeld Defense,1,Black
19545,81,23,1,French Defense,1,White
5389,17,39,0,Horwitz Defense,1,White
16391,41,69,1,Queen's Gambit,1,White
15551,35,109,1,Scandinavian Defense,1,White
11839,114,173,1,Nimzo-Larsen Attack,1,White
11841,109,118,1,Nimzo-Larsen Attack,2,Black
11843,35,20,1,Nimzo-Larsen Attack,3,Black
11845,106,63,1,Nimzo-Larsen Attack,4,White
11847,32,59,1,Nimzo-Larsen Attack,5,Black
11848,50,49,1,Nimzo-Larsen Attack,6,White
11849,24,57,1,Nimzo-Larsen Attack,7,White
11851,21,55,1,Nimzo-Larsen Attack,8,White
11852,89,106,1,Nimzo-Larsen Attack,9,Black
11856,103,10,1,Nimzo-Larsen Attack,10,Black
11859,53,24,1,Nimzo-Larsen Attack,11,Black
11860,27,117,1,Nimzo-Larsen Attack,12,White
11861,12,85,1,Nimzo-Larsen Attack,13,White
11864,22,137,1,Nimzo-Larsen Attack,14,White
11866,48,60,1,Nimzo-Larsen Attack,15,Black
3373,335,19,1,Sicilian Defense,1,White
9846,202,51,1,Nimzowitsch Defense,1,White
12025,152,68,1,Caro-Kann Defense,1,Black
12027,118,74,1,Caro-Kann Defense,2,Black
12302,187,26,0,Scandinavian Defense,1,Black
19749,109,129,1,King's Pawn Game,1,White
3479,115,18,0,Nimzowitsch Defense,1,Black
16346,115,18,0,Nimzowitsch Defense,2,Black
8125,119,46,1,Four Knights Game,1,Black
9993,198,9,1,Petrov's Defense,2,White
9994,159,43,1,Scandinavian Defense,3,White
19260,46,32,1,Scotch Game,1,White
6403,38,38,1,Nimzowitsch Defense,1,Black
10870,33,114,1,King's Knight Opening,1,Draw
12472,33,27,1,Sicilian Defense,1,White
19785,50,48,1,Pirc Defense,1,Black
5506,67,56,1,Sicilian Defense,1,Black
6644,80,30,1,King's Gambit,1,Black
9318,39,93,1,King's Gambit,1,White
4012,144,53,1,Ruy Lopez,1,White
8256,85,22,1,French Defense,1,Black
15857,20,72,1,Caro-Kann Defense,1,Black
10602,238,86,1,Bird Opening,1,Black
10604,1,172,1,English Opening,2,Black
5216,75,84,1,Queen's Pawn Game,1,Black
16855,166,51,1,Dutch Defense,2,Black
17525,29,80,1,Dutch Defense,3,Black
4299,172,114,0,Indian Game,1,Black
4300,82,70,0,Indian Game,2,Black
4302,82,62,0,King's Pawn Game,3,Black
17517,52,57,1,Philidor Defense,1,White
11910,166,74,1,French Defense,1,Black
3052,18,83,1,Nimzo-Larsen Attack,1,White
4358,397,37,1,Nimzo-Larsen Attack,2,White
16395,3,134,1,Nimzo-Larsen Attack,3,Black
17115,53,56,1,Nimzo-Larsen Attack,4,Black
4444,68,44,1,Center Game,1,Black
7304,118,99,1,Pirc Defense,2,White
9654,112,42,1,Nimzowitsch Defense,3,Black
7556,24,61,1,Sicilian Defense,1,White
13113,167,58,1,Philidor Defense,2,Draw
17879,102,133,1,Blackmar-Diemer Gambit,3,Draw
17881,286,67,1,Queen's Pawn Game,4,White
17883,195,68,1,Yusupov-Rubinstein System,5,Black
17884,284,119,1,Queen's Pawn Game,6,White
17887,48,47,1,Horwitz Defense,7,White
17890,6,61,1,Queen's Pawn Game,8,White
17892,55,105,1,Robatsch (Modern) Defense,9,White
17893,331,43,1,Queen's Pawn Game,10,White
17895,242,89,1,Indian Game,11,White
17896,20,55,1,Indian Game,12,White
17898,270,83,1,Queen's Pawn Game,13,White
17899,111,102,1,Yusupov-Rubinstein System,14,Black
17900,33,66,1,Indian Game,15,Black
17902,4,161,0,Nimzo-Larsen Attack,16,White
17903,29,62,1,Robatsch (Modern) Defense,17,Black
17904,23,81,1,Benoni Defense,18,White
17905,51,52,1,Indian Game,19,Black
17908,302,27,1,Horwitz Defense,20,White
17910,422,53,1,Ruy Lopez,21,White
17913,372,71,1,Queen's Gambit,22,White
17915,192,44,1,Blackmar-Diemer Gambit,23,Black
17916,242,89,1,Blackmar-Diemer Gambit,24,White
17918,217,74,1,Blackmar-Diemer Gambit,25,Black
8421,199,61,0,King's Knight Opening,1,White
11579,3,32,0,Sicilian Defense,1,Black
8167,171,37,1,Sicilian Defense,1,White
14021,46,25,1,King's Gambit,1,White
7981,87,27,0,Italian Game,1,White
1,309,13,0,Slav Defense,1,White
7461,22,51,1,Sicilian Defense,1,White
4702,127,53,1,Italian Game,1,Black
19982,283,44,1,Pirc Defense,1,Black
4911,39,106,1,Sicilian Defense,1,White
8008,171,44,0,Amar Opening,1,Black
8009,104,111,0,Robatsch (Modern) Defense,2,Black
8012,72,52,0,King's Gambit,3,Black
8013,273,15,0,Italian Game,4,White
8015,343,64,0,Sicilian Defense,5,Black
8019,43,136,1,Sicilian Defense,6,Black
8020,267,13,1,Sicilian Defense,7,White
8023,211,43,1,Sicilian Defense,8,White
8024,249,46,1,Scandinavian Defense,9,Black
8026,19,37,1,Pirc Defense,10,Black
8027,18,72,1,Italian Game,11,Black
8028,228,55,0,Robatsch (Modern) Defense,12,White
8030,73,87,1,Sicilian Defense,13,White
8032,82,53,1,Italian Game,14,White
8035,70,37,1,Nimzowitsch Defense,15,White
8037,6,41,1,Scandinavian Defense,16,White
8041,6,73,1,Philidor Defense,17,White
12737,27,44,1,Italian Game,1,Black
8956,205,73,1,Gruenfeld Defense,1,White
18563,618,88,1,Italian Game,1,Black
14472,101,32,1,Center Game,1,Black
16749,167,18,1,Van't Kruijs Opening,1,White
16763,35,40,0,French Defense,1,Black
10720,80,49,1,Four Knights Game,1,White
14569,139,50,1,Queen's Gambit,1,Black
14570,1,56,1,Semi-Slav Defense,2,Black
14574,38,37,1,Queen's Gambit,3,White
14576,45,32,1,Semi-Slav Defense,4,Black
14578,16,98,1,Queen's Gambit,5,Black
14580,28,29,1,Slav Defense,6,White
14581,35,81,1,Budapest Defense,7,White
14582,58,55,1,Queen's Gambit,8,White
14584,151,140,1,Semi-Slav Defense,9,Draw
14586,18,28,1,Queen's Gambit,10,White
14588,93,45,1,Nimzo-Indian Defense,11,Black
14589,34,15,1,Queen's Gambit,12,Black
14590,40,61,1,Dutch Defense,13,White
14594,45,49,1,Queen's Pawn,14,Black
9257,0,3,0,Sicilian Defense,1,White
7094,207,30,1,Horwitz Defense,1,Black
17673,208,75,1,Horwitz Defense,1,White
2740,56,95,1,Queen's Pawn Game,1,White
10465,209,36,1,Four Knights Game,1,White
9518,82,38,1,Caro-Kann Defense,1,White
3781,21,46,0,Sicilian Defense,1,White
1793,3,98,1,King's Pawn Game,1,Black
14249,385,33,0,Ruy Lopez,1,White
16171,213,75,1,Petrov's Defense,2,White
9580,142,27,1,Italian Game,1,White
12491,389,62,1,Indian Game,1,Black
3204,16,77,0,French Defense,1,White
3205,170,87,0,Italian Game,2,White
3207,8,44,0,Italian Game,3,Black
3210,130,23,0,Italian Game,4,White
3212,20,49,0,Italian Game,5,White
3215,104,38,0,Scandinavian Defense,6,Black
3216,453,35,0,Italian Game,7,White
3218,19,35,0,Sicilian Defense,8,White
3219,123,77,0,Italian Game,9,White
3220,20,59,0,Pirc Defense,10,White
3222,10,40,0,Italian Game,11,Black
3225,319,55,0,Philidor Defense,12,White
3229,182,108,0,Scotch Game,13,Black
3230,24,25,0,Italian Game,14,Black
3231,15,57,0,Italian Game,15,White
3232,271,51,0,Pirc Defense,16,White
3236,259,141,0,Italian Game,17,White
3237,20,58,0,Scandinavian Defense,18,Black
3238,198,63,0,Sicilian Defense,19,White
3242,179,55,0,Four Knights Game,20,White
3244,247,59,0,King's Knight Opening,21,White
3245,211,6,0,Four Knights Game,22,White
3247,536,49,0,Four Knights Game,23,White
4280,163,33,1,Ruy Lopez,1,White
9717,22,110,1,Robatsch (Modern) Defense,1,Black
9573,42,60,1,Van't Kruijs Opening,1,Black
4962,10,34,1,Italian Game,1,Black
2119,88,55,1,Italian Game,1,White
7320,67,76,1,Indian Game,1,Black
19907,284,55,1,Horwitz Defense,2,White
16789,34,31,1,French Defense,1,White
16791,88,35,1,French Defense,2,Black
17901,289,45,1,Ruy Lopez,1,Black
8227,255,55,1,Italian Game,1,White
10418,21,62,0,Sicilian Defense,1,Black
10928,659,51,1,Alekhine Defense,1,White
15769,64,107,1,Scotch Game,1,White
10978,393,62,0,Zukertort Opening,1,Black
10981,54,32,1,Blackmar-Diemer Gambit,2,Black
1000,158,50,0,Ruy Lopez,1,White
11370,36,75,1,English Opening,1,White
13461,36,75,1,English Opening,2,White
14377,60,30,1,Four Knights Game,1,White
2242,649,64,1,Blackmar-Diemer Gambit,1,Black
10917,120,44,1,Bird Opening,1,Black
15784,30,18,1,King's Knight Opening,1,Black
17911,359,70,1,Ruy Lopez,1,Black
4544,53,17,1,Slav Defense,1,Black
6564,40,43,1,Ruy Lopez,1,White
6566,61,62,1,Four Knights Game,2,White
7060,105,44,1,English Opening,1,White
4778,4,75,1,French Defense,1,White
6839,161,26,1,Sicilian Defense,1,White
7611,183,46,1,French Defense,2,Black
15631,159,78,1,King's Gambit,3,Black
7415,297,29,1,Van't Kruijs Opening,1,Black
16596,642,118,1,Scotch Game,1,Black
570,36,58,1,Robatsch (Modern) Defense,1,Black
12504,68,116,1,French Defense,2,Black
9524,54,36,1,Sicilian Defense,1,Black
14259,236,41,0,Van't Kruijs Opening,1,Black
1923,77,77,1,Robatsch (Modern) Defense,1,White
1924,42,70,1,Sicilian Defense,2,Black
1926,27,63,1,French Defense,3,White
1928,31,29,1,French Defense,4,White
1931,215,38,1,French Defense,5,Black
1932,650,46,1,Italian Game,6,Black
1934,514,48,1,Nimzowitsch Defense,7,Black
1935,170,12,1,Center Game,8,Black
1937,314,30,1,Philidor Defense,9,Black
1938,15,48,1,French Defense,10,Black
1939,26,18,1,Italian Game,11,Black
1942,588,38,1,Italian Game,12,Black
1945,267,36,1,Sicilian Defense,13,Black
1946,468,36,1,Scandinavian Defense,14,Black
1948,83,49,1,Sicilian Defense,15,White
1950,471,95,1,Scotch Game,16,White
1951,149,17,1,King's Knight Opening,17,White
1954,75,12,1,Scandinavian Defense,18,Black
1955,96,41,1,Philidor Defense,19,White
1956,62,16,1,Pirc Defense,20,Black
1957,180,2,1,Scandinavian Defense,21,Black
1960,51,81,1,Bishop's Opening,22,White
14188,136,22,1,Horwitz Defense,1,Black
11477,655,2,0,Scandinavian Defense,1,White
11189,80,99,1,Van't Kruijs Opening,1,White
17807,310,9,0,King's Pawn Game,1,White
17809,310,19,0,King's Pawn Game,2,White
19511,20,82,1,Nimzo-Indian Defense,1,White
19101,319,2,1,Scandinavian Defense,1,White
9336,21,66,1,Sicilian Defense,1,White
3760,307,11,1,Bishop's Opening,1,White
19747,170,5,0,Philidor Defense,1,White
6311,12,78,1,Van't Kruijs Opening,1,Black
14688,156,104,1,Sicilian Defense,1,Black
14696,211,61,1,Van't Kruijs Opening,2,White
1722,101,60,1,Italian Game,1,Black
15303,85,106,1,Sicilian Defense,1,Black
5365,44,77,0,Alekhine Defense,1,White
745,161,70,1,Budapest Defense,1,Black
3852,51,16,1,Budapest Defense,2,Black
11093,50,82,1,King's Knight Opening,1,Black
17364,11,106,1,Sicilian Defense,1,Black
673,168,66,1,Sicilian Defense,1,Black
5198,239,25,1,Robatsch (Modern) Defense,1,White
7654,36,33,1,Queen's Gambit,1,White
3309,103,16,1,Blackmar-Diemer Gambit,1,White
9339,117,40,0,Sicilian Defense,1,White
9340,117,55,0,Sicilian Defense,2,White
9346,129,52,0,Sicilian Defense,3,Black
18033,69,43,1,Bird Opening,1,Black
5621,1,38,1,English Opening,1,White
5622,22,79,1,English Opening,2,White
5623,206,43,0,English Opening,3,White
5625,114,29,1,Italian Game,4,White
5626,9,74,0,Philidor Defense,5,Black
5627,178,21,0,Italian Game,6,White
5628,270,121,0,Caro-Kann Defense,7,White
5629,349,85,1,Petrov's Defense,8,White
13580,30,50,1,French Defense,1,Black
18185,238,111,1,Queen's Gambit,1,White
454,110,38,1,French Defense,1,White
456,75,42,1,Sicilian Defense,2,Black
3448,268,79,0,Queen's Gambit,1,White
5291,64,64,1,Slav Defense,1,Draw
748,189,76,1,Sicilian Defense,1,Black
17129,165,76,1,Scotch Game,1,Black
15676,88,17,1,Amar Opening,1,Black
3935,9,57,1,King's Gambit,1,White
14294,23,42,1,Pirc Defense,2,Black
16768,79,51,1,Van't Kruijs Opening,1,Black
5876,429,1,1,Nimzowitsch Defense,1,White
960,522,41,1,Van't Kruijs Opening,1,Black
12422,522,41,1,Van't Kruijs Opening,2,Black
14413,522,41,1,Van't Kruijs Opening,3,Black
5404,28,53,0,French Defense,1,White
3148,10,74,1,English Opening,1,Black
3149,152,107,1,Zukertort Opening,2,Black
3150,56,62,1,King's Indian Attack,3,Black
3152,87,73,1,Zukertort Opening,4,White
3153,403,45,1,English Opening,5,White
3155,118,75,1,Zukertort Opening,6,White
1589,64,17,1,Italian Game,1,White
13163,64,17,1,Italian Game,2,White
14781,64,17,1,Italian Game,3,White
9474,175,77,0,French Defense,1,White
2397,293,14,1,Scandinavian Defense,1,Black
16964,34,43,1,French Defense,1,White
13546,97,38,1,Benko Gambit,1,Black
908,184,88,1,Sicilian Defense,1,Black
5356,0,54,0,Vienna Game,1,Black
5358,310,80,0,Zukertort Opening,2,Black
5361,341,36,0,Van't Kruijs Opening,3,Black
5364,214,64,0,Zukertort Opening,4,White
5366,592,3,0,Zukertort Opening,5,Black
5368,750,54,0,Queen's Pawn Game,6,Black
5373,103,46,0,Queen's Pawn Game,7,Black
5374,1605,40,0,Van't Kruijs Opening,8,Black
5375,1605,48,0,London System,9,Black
5377,319,2,1,Zukertort Opening,10,Black
12565,135,74,0,Ruy Lopez,1,Black
15731,7,86,0,English Opening,1,Black
3792,74,63,1,Sicilian Defense,1,White
2882,822,22,1,Bishop's Opening,1,Black
2883,50,91,1,Bishop's Opening,2,White
2884,225,78,1,Bishop's Opening,3,Black
2885,39,13,1,Philidor Defense,4,White
2888,169,29,1,King's Pawn Game,5,White
2889,87,97,1,French Defense,6,White
2891,8,40,1,King's Pawn Game,7,Black
2892,364,60,1,Scandinavian Defense,8,Black
2895,151,73,0,Bishop's Opening,9,White
2896,33,62,1,Bishop's Opening,10,Black
2897,48,115,1,Bishop's Opening,11,White
2899,17,62,1,French Defense,12,White
2900,39,60,1,Bishop's Opening,13,Black
2902,114,48,0,Van't Kruijs Opening,14,Black
2903,106,22,0,Alekhine Defense,15,Black
2904,90,42,0,French Defense,16,Black
2905,111,99,1,King's Pawn Game,17,White
2906,119,100,1,King's Pawn Game,18,Draw
2908,129,90,1,Scandinavian Defense,19,Black
2910,159,101,1,Scandinavian Defense,20,White
2911,46,80,1,Alekhine Defense,21,Black
2914,95,38,1,Scandinavian Defense,22,Black
2916,60,7,1,Bishop's Opening,23,White
7387,337,15,1,Philidor Defense,1,White
7388,407,49,1,Philidor Defense,2,White
3430,251,45,0,Van't Kruijs Opening,1,White
3431,251,36,0,Italian Game,2,Black
3432,36,31,1,King's Pawn Game,3,White
3434,125,29,1,Petrov's Defense,4,White
3437,79,42,1,Queen's Gambit,5,Black
3438,433,16,0,Queen's Gambit,6,Black
3439,222,58,0,Scandinavian Defense,7,Black
3441,222,16,0,Scandinavian Defense,8,Black
3443,222,10,0,Bishop's Opening,9,Black
3444,222,6,0,Bishop's Opening,10,Black
3446,222,74,0,Ruy Lopez,11,Black
3449,333,70,0,Sicilian Defense,12,Black
3452,81,21,0,Sicilian Defense,13,White
12843,225,50,1,Sicilian Defense,1,Black
1637,105,60,1,King's Knight Opening,1,Black
1639,84,28,1,Scotch Game,2,Black
1641,29,65,1,King's Knight Opening,3,White
1642,16,33,1,Sicilian Defense,4,Black
1643,93,104,1,Blackmar-Diemer Gambit,5,Black
1645,44,73,1,Horwitz Defense,6,White
1648,26,45,1,Horwitz Defense,7,White
1649,185,117,1,Queen's Pawn Game,8,White
1651,12,45,1,Scotch Game,9,White
316,59,81,1,Sicilian Defense,1,White
318,2,52,1,Ruy Lopez,2,White
11455,803,97,1,Sicilian Defense,1,White
12683,520,44,1,Queen's Pawn Game,1,Black
13821,21,61,0,Petrov's Defense,1,White
632,490,49,0,Philidor Defense,1,White
12002,490,49,0,Philidor Defense,2,White
7037,105,69,1,Sicilian Defense,1,White
1244,94,84,1,Queen's Pawn Game,1,Black
3139,266,136,1,Sicilian Defense,1,Black
15037,253,43,0,Scandinavian Defense,1,White
15038,253,62,0,Scandinavian Defense,2,Black
11748,12,14,1,Scotch Game,1,Black
15719,316,63,0,Sicilian Defense,1,White
8856,201,70,1,Scandinavian Defense,1,Black
1013,10,61,1,Petrov's Defense,1,White
10778,594,16,1,King's Knight Opening,2,White
8527,96,55,1,Tarrasch Defense,1,White
605,737,73,0,Ruy Lopez,1,White
612,767,49,0,Slav Defense,2,White
615,334,41,0,Philidor Defense,3,White
14610,230,125,1,Alekhine Defense,1,Draw
12373,95,48,0,Sicilian Defense,1,Black
407,103,110,1,Italian Game,1,Draw
408,45,67,1,Sicilian Defense,2,White
409,197,17,1,King's Knight Opening,3,White
17870,86,66,1,Zukertort Opening,1,Black
8766,145,61,1,King's Gambit,1,White
3340,43,118,1,Blackmar-Diemer Gambit,1,Draw
18991,107,36,1,French Defense,1,Black
10547,16,46,1,French Defense,1,Black
11256,16,46,1,French Defense,2,Black
7043,129,30,0,Scotch Game,1,Black
4630,252,94,0,Van't Kruijs Opening,1,Black
11396,272,89,1,Scandinavian Defense,1,Draw
18745,122,38,1,Queen's Gambit,1,Black
7409,11,47,1,Queen's Pawn Game,1,White
2966,435,57,1,Queen's Pawn Game,1,White
17260,24,35,1,Blackmar-Diemer Gambit,1,White
6144,61,36,1,Sicilian Defense,1,Black
4738,13,104,1,Sicilian Defense,1,Black
13940,21,61,1,French Defense,1,White
15821,575,58,1,Blackmar-Diemer Gambit,1,Black
16411,74,13,1,Zukertort Opening,1,White
6224,70,104,1,Scandinavian Defense,1,Black
12999,504,33,1,Center Game,1,Black
15489,20,72,1,Sicilian Defense,1,Black
548,172,11,1,King's Pawn Game,1,White
14298,73,67,1,Pirc Defense,2,White
4016,28,33,1,Petrov's Defense,1,White
7542,97,37,1,Horwitz Defense,1,Black
8263,307,57,1,Sicilian Defense,1,White
8265,293,65,1,Sicilian Defense,2,White
5636,532,26,0,Indian Game,1,Draw
5637,6,86,0,Nimzowitsch Defense,2,Black
5639,270,58,1,Italian Game,3,Black
5640,48,14,1,Italian Game,4,Black
5643,38,90,1,Italian Game,5,Black
5645,211,14,1,Ruy Lopez,6,Black
5648,127,73,0,Ruy Lopez,7,Black
5649,214,54,0,Semi-Slav Defense,8,Black
5650,296,44,0,Queen's Gambit,9,Black
5652,108,39,0,Scotch Game,10,Black
5653,116,49,1,English Opening,11,White
5654,44,72,1,Queen's Gambit,12,Black
6814,345,42,1,Four Knights Game,1,Black
7400,324,35,0,Ruy Lopez,1,White
8062,76,28,1,French Defense,1,Black
4871,69,150,1,French Defense,1,Black
14003,183,102,1,Philidor Defense,1,Black
2223,423,52,0,Queen's Pawn Game,1,Black
2225,423,50,1,Van't Kruijs Opening,2,Black
13077,168,49,1,Nimzowitsch Defense,1,Black
17783,175,32,1,Dutch Defense,1,Black
5891,148,40,1,Queen's Pawn Game,1,Black
3006,138,70,1,Philidor Defense,1,Black
17070,235,29,1,Italian Game,1,White
10318,422,6,1,Nimzowitsch Defense,1,Black
11174,194,35,1,French Defense,1,White
10830,449,58,1,Queen's Gambit,1,White
8486,317,22,1,Sicilian Defense,1,Black
2321,5,52,1,Scandinavian Defense,1,Black
1294,194,98,0,Indian Game,1,Black
1295,103,74,0,English Opening,2,Black
1296,239,37,0,English Opening,3,White
1297,396,74,0,English Opening,4,Black
1298,124,6,0,English Opening,5,White
1299,315,94,0,Queen's Pawn,6,Black
1300,35,29,0,English Opening,7,White
1301,196,68,0,Scotch Game,8,Black
1302,396,50,0,English Opening,9,White
1303,144,38,0,English Opening,10,Black
1304,122,28,0,English Opening,11,Black
1305,35,82,0,Horwitz Defense,12,White
1306,233,18,0,English Opening,13,White
1307,87,63,0,Amar Opening,14,White
1308,186,58,0,Blackmar-Diemer Gambit,15,Black
1312,396,64,0,Queen's Pawn Game,16,Black
1318,326,42,0,Indian Game,17,Black
884,122,82,1,Italian Game,1,Black
12828,81,73,0,Ruy Lopez,1,White
12832,27,35,0,King's Knight Opening,2,White
12833,27,57,0,Ruy Lopez,3,White
12834,237,128,0,Philidor Defense,4,Black
11806,669,22,0,Sicilian Defense,1,White
19239,669,22,0,Sicilian Defense,2,White
13250,44,93,1,Sicilian Defense,1,White
19945,45,32,1,Sicilian Defense,1,Black
15977,222,43,1,Sicilian Defense,1,White
1918,554,97,1,Queen's Gambit,1,Black
3558,467,91,1,Italian Game,1,White
16155,113,69,1,Italian Game,2,White
16156,113,49,1,Italian Game,3,White
6900,209,81,1,King's Pawn Game,1,White
15496,116,51,1,Sicilian Defense,1,White
7,97,33,1,Blackmar-Diemer Gambit,1,White
14441,407,53,1,Scotch Game,1,White
18515,213,77,1,Queen's Pawn Game,1,White
8914,160,25,1,Italian Game,1,White
8543,88,51,1,Sicilian Defense,1,White
19532,132,64,1,Sicilian Defense,2,Black
2386,71,58,1,Pirc Defense,1,Black
15069,200,63,1,Sicilian Defense,2,White
17223,114,12,1,Scotch Game,3,Black
17672,469,81,1,Scandinavian Defense,4,White
19811,45,68,1,Nimzo-Indian Defense,1,Black
8723,11,75,1,Ruy Lopez,1,White
8724,146,16,1,Italian Game,2,Black
8741,105,56,1,Sicilian Defense,3,Draw
8744,345,55,1,King's Knight Opening,4,White
8756,60,48,1,Four Knights Game,5,Black
8758,79,100,1,Sicilian Defense,6,Black
18493,23,101,1,French Defense,1,White
3228,255,50,0,Queen's Gambit,1,White
4589,306,23,0,King's Pawn Game,1,White
11979,238,52,1,Italian Game,1,Black
17343,385,55,0,Colle System,1,White
6659,127,83,1,Sicilian Defense,1,White
8781,229,31,1,French Defense,1,White
16039,41,42,0,English Opening,1,Black
18146,426,14,1,Petrov's Defense,1,Black
10082,117,74,1,Queen's Pawn Game,1,Black
3869,0,31,0,Scotch Game,1,White
17057,560,43,0,French Defense,2,White
56,93,3,1,Sicilian Defense,1,White
6793,105,125,1,Queen's Gambit,1,White
636,22,11,1,Petrov's Defense,1,White
12006,22,11,1,Petrov's Defense,2,White
1187,75,128,0,Slav Defense,1,Draw
10919,125,94,1,Scandinavian Defense,1,Black
10920,102,41,1,Alekhine Defense,2,White
4963,25,29,1,King's Pawn Game,1,White
11837,47,39,1,Alekhine Defense,1,White
17862,192,38,1,Nimzo-Indian Defense,1,Black
16143,361,34,1,English Opening,1,Black
17442,91,63,1,Italian Game,1,White
4207,293,10,0,Queen's Pawn Game,1,Black
4209,293,15,0,Benoni Defense,2,Black
4211,8,55,1,Blackmar-Diemer Gambit,3,White
4213,47,50,1,Caro-Kann Defense,4,Black
4214,111,46,1,French Defense,5,Black
4216,7,27,1,King's Pawn Game,6,White
4217,171,2,1,Scandinavian Defense,7,White
4218,43,54,1,King's Pawn Game,8,Black
4222,6,10,1,Alekhine Defense,9,Black
4223,123,12,1,French Defense,10,Draw
4226,68,22,1,Center Game,11,Black
4228,53,50,1,Blackmar-Diemer Gambit,12,Black
11997,204,54,1,King's Gambit,1,Black
2765,715,69,1,Queen's Gambit,1,White
7299,5,45,1,Sicilian Defense,1,White
6065,397,69,1,Petrov's Defense,1,White
6066,391,7,1,Bishop's Opening,2,White
4277,520,31,1,Italian Game,1,White
5764,51,80,1,Scandinavian Defense,1,White
2645,31,62,1,Sicilian Defense,1,Black
12376,138,63,1,Four Knights Game,2,White
19681,34,76,1,Sicilian Defense,3,Black
3259,91,39,0,Nimzowitsch Defense,1,White
5109,230,77,0,Scandinavian Defense,2,White
6410,184,32,1,Bishop's Opening,1,Black
7784,457,53,1,Italian Game,2,White
19634,656,124,0,Van't Kruijs Opening,1,Black
14152,64,100,1,Sicilian Defense,1,Black
5050,6,32,1,Bishop's Opening,1,Draw
1144,31,63,1,Vienna Game,1,White
14598,31,63,1,Vienna Game,2,White
6117,257,62,1,Caro-Kann Defense,1,Black
6119,165,120,1,Caro-Kann Defense,2,Black
6120,190,188,1,Caro-Kann Defense,3,Black
6121,219,117,1,Zukertort Opening,4,Draw
6123,284,26,1,Van't Kruijs Opening,5,Black
6125,340,65,1,Van't Kruijs Opening,6,Black
6127,361,44,1,Yusupov-Rubinstein System,7,Black
6130,274,51,1,Blackmar-Diemer Gambit,8,Black
6132,374,55,0,King's Pawn Game,9,Black
6134,374,37,0,Sicilian Defense,10,Black
6136,374,98,0,Caro-Kann Defense,11,Black
5790,115,61,1,Sicilian Defense,1,White
5791,194,61,1,Sicilian Defense,2,White
2968,777,35,1,Van't Kruijs Opening,1,White
5085,86,26,0,Bishop's Opening,1,Black
4658,157,53,1,King's Gambit,1,White
5768,4,94,1,Philidor Defense,1,Black
9303,109,93,1,Ruy Lopez,1,White
4870,4,29,1,Scotch Game,1,White
17585,322,54,1,Sicilian Defense,1,Black
13895,139,24,1,Caro-Kann Defense,1,Black
6486,69,42,1,Bishop's Opening,1,Black
2221,959,37,1,Italian Game,1,Black
10153,262,53,1,King's Knight Opening,1,White
3956,178,13,1,Scotch Game,1,White
17976,37,104,1,Queen's Gambit,1,Draw
9512,91,53,1,Sicilian Defense,1,Black
10140,70,65,1,Scandinavian Defense,1,White
4263,248,115,1,French Defense,1,White
4265,214,75,1,Ruy Lopez,2,White
4275,181,38,1,Italian Game,3,Draw
15790,37,76,1,Italian Game,1,Black
9691,9,40,1,Van't Kruijs Opening,1,Black
5789,31,49,1,Sicilian Defense,1,White
3256,49,5,1,Pirc Defense,1,White
12126,41,60,1,Four Knights Game,1,Black
10945,55,77,1,Indian Game,1,White
4452,182,46,1,King's Pawn Game,1,White
4456,126,90,0,Scotch Game,2,Black
13114,96,95,1,Pirc Defense,1,White
19731,201,64,1,Sicilian Defense,1,Black
113,35,40,1,Yusupov-Rubinstein System,1,Black
116,102,33,1,Queen's Pawn Game,2,White
117,62,90,1,Queen's Pawn Game,3,Black
120,234,49,1,Benoni Defense,4,White
122,781,59,1,Queen's Pawn Game,5,White
13722,35,40,1,Yusupov-Rubinstein System,6,Black
13725,102,33,1,Queen's Pawn Game,7,White
13726,62,90,1,Queen's Pawn Game,8,Black
13729,234,49,1,Benoni Defense,9,White
13731,781,59,1,Queen's Pawn Game,10,White
7539,10,104,1,Pirc Defense,1,Black
4539,2,63,1,Caro-Kann Defense,1,White
8881,108,115,1,King's Pawn Game,1,White
8042,10,67,0,Philidor Defense,1,White
4458,34,91,1,King's Pawn Game,1,White
19048,72,80,1,French Defense,1,Black
1105,104,50,1,French Defense,1,Black
17615,198,52,0,Four Knights Game,1,Black
19384,72,91,1,Sicilian Defense,1,Draw
17864,301,14,1,Sicilian Defense,1,Black
3683,266,119,1,King's Pawn Game,1,White
17645,0,79,1,Queen's Pawn Game,2,White
14959,17,67,1,Ruy Lopez,1,White
6002,231,77,1,King's Pawn Game,1,White
5407,105,45,1,Caro-Kann Defense,1,Draw
18311,105,45,1,Caro-Kann Defense,2,Draw
16400,3,44,1,Colle System,1,Black
18391,480,62,0,Indian Game,1,Black
5977,379,29,1,Queen's Gambit,1,White
5983,531,35,1,French Defense,2,White
13508,15,119,1,Italian Game,1,White
14091,215,51,1,Caro-Kann Defense,2,White
17275,3,37,1,Queen's Gambit,1,White
4748,204,15,1,Scotch Game,1,White
5336,407,56,1,King's Gambit,1,White
8563,234,96,1,Italian Game,1,Black
8565,116,12,1,Four Knights Game,2,White
8566,246,95,1,Sicilian Defense,3,White
8567,313,41,1,King's Knight Opening,4,White
8569,624,43,1,Petrov's Defense,5,Black
8571,908,37,1,English Opening,6,Black
8572,33,35,1,English Opening,7,White
8575,42,71,1,English Opening,8,White
8578,91,78,1,Sicilian Defense,9,Black
8580,369,64,0,King's Pawn Game,10,Black
8582,369,49,0,King's Pawn Game,11,White
8583,24,39,1,English Opening,12,White
8584,297,114,1,Ruy Lopez,13,Black
8586,242,92,1,English Opening,14,Black
199,9,18,1,Italian Game,1,Black
7375,24,107,1,Scandinavian Defense,2,White
11426,9,18,1,Italian Game,3,Black
13753,9,18,1,Italian Game,4,Black
19074,9,18,1,Italian Game,5,Black
2350,70,21,1,Blackmar-Diemer Gambit,1,White
2490,26,68,0,Van't Kruijs Opening,1,White
1808,482,81,0,Ruy Lopez,1,White
1180,608,49,1,Dutch Defense,1,White
19988,248,48,1,Pirc Defense,1,Black
8065,56,106,1,Zukertort Opening,1,Black
17964,255,60,1,Benoni Defense,1,Black
17965,245,37,1,Caro-Kann Defense,2,White
15285,27,31,1,Sicilian Defense,1,White
9244,282,76,1,Caro-Kann Defense,1,Black
4666,11,20,1,Philidor Defense,1,Black
19412,2,53,1,Italian Game,1,White
12933,215,2,1,Van't Kruijs Opening,1,Black
12935,193,2,1,Van't Kruijs Opening,2,Black
12940,227,2,1,Van't Kruijs Opening,3,Black
12945,170,2,1,Van't Kruijs Opening,4,Black
12947,143,2,1,Horwitz Defense,5,Black
12949,161,2,1,Van't Kruijs Opening,6,White
12953,161,2,1,Van't Kruijs Opening,7,White
5110,269,120,0,Zukertort Opening,1,White
14241,428,16,0,King's Knight Opening,2,White
4417,205,80,1,Queen's Pawn,1,Black
5962,797,76,0,Blackmar-Diemer Gambit,1,Black
9110,17,45,0,Italian Game,1,Black
7152,240,48,1,Italian Game,1,Black
5985,213,34,1,Sicilian Defense,1,White
14680,12,18,1,Sicilian Defense,1,Black
10242,365,102,0,French Defense,1,Black
18781,64,77,1,French Defense,1,White
18783,63,81,1,Petrov's Defense,2,White
18784,21,59,1,French Defense,3,White
18789,66,50,0,Ruy Lopez,4,Black
18790,76,55,1,Caro-Kann Defense,5,White
16948,143,40,1,King's Knight Opening,1,Black
10905,21,75,0,Caro-Kann Defense,1,Black
7116,47,3,1,Blackmar-Diemer Gambit,1,Draw
7135,13,26,1,King's Pawn Game,1,Black
14461,416,49,1,Four Knights Game,1,White
15104,5,40,1,Scotch Game,1,Black
9269,27,60,1,Russian Game,1,Draw
13135,251,54,0,Blackmar-Diemer Gambit,1,Black
12443,683,67,0,Gruenfeld Defense,1,White
12717,31,109,0,Sicilian Defense,1,White
12718,41,53,1,King's Knight Opening,2,White
12720,133,85,0,Queen's Gambit,3,Draw
12723,34,43,1,Queen's Pawn,4,White
12726,71,69,1,Queen's Gambit,5,White
12729,121,39,1,Queen's Gambit,6,White
12730,219,78,1,Queen's Gambit,7,Black
12734,32,36,1,Ruy Lopez,8,Black
9601,83,15,1,Zukertort Opening,1,White
9602,304,20,0,King's Pawn Game,2,Black
9188,535,52,1,Van't Kruijs Opening,1,Black
3694,136,16,1,Blackmar-Diemer Gambit,1,White
13949,8,133,1,Nimzowitsch Defense,1,White
11183,13,91,1,French Defense,1,White
4980,158,137,1,Horwitz Defense,1,White
16008,202,150,1,French Defense,1,Black
694,159,65,1,Queen's Pawn Game,1,Black
6657,77,67,1,Sicilian Defense,2,White
10818,96,91,1,Blumenfeld Countergambit,3,White
6885,529,40,1,Queen's Pawn Game,1,Black
18631,529,40,1,Queen's Pawn Game,2,Black
10769,67,33,1,King's Knight Opening,1,White
8660,57,67,1,Sicilian Defense,1,White
2730,193,37,1,English Opening,1,White
3617,410,101,1,Ruy Lopez,1,White
7411,111,14,1,Sicilian Defense,1,Black
14112,107,106,1,Bird Opening,2,Black
9083,202,40,1,Nimzowitsch Defense,1,White
11457,764,70,0,Slav Defense,1,Black
1440,295,30,0,Sicilian Defense,1,White
19683,620,29,0,Four Knights Game,1,White
4249,26,121,1,Philidor Defense,1,White
4250,219,44,1,Philidor Defense,2,Black
4252,167,35,1,Ruy Lopez,3,White
4254,219,20,1,Philidor Defense,4,Black
4255,209,78,1,Scotch Game,5,Black
4259,148,64,1,Nimzowitsch Defense,6,Black
4261,460,26,1,Ruy Lopez,7,Black
4264,52,100,1,Ruy Lopez,8,Black
4267,269,14,1,French Defense,9,Draw
4268,752,36,0,Ruy Lopez,10,Black
4269,132,85,1,Ruy Lopez,11,Draw
4270,545,64,1,French Defense,12,Black
4273,24,74,1,Ruy Lopez,13,Black
4276,132,40,1,French Defense,14,Black
4278,2,56,1,Sicilian Defense,15,Black
4279,285,47,1,Scandinavian Defense,16,White
4281,42,32,1,Petrov's Defense,17,Black
10070,161,66,1,Scandinavian Defense,1,Black
13402,3,34,1,Italian Game,1,Black
6010,259,72,1,Scandinavian Defense,1,Black
19778,534,44,1,Van't Kruijs Opening,1,Black
7641,103,31,1,Blackmar-Diemer Gambit,1,White
15945,189,56,1,King's Gambit,1,Draw
17942,356,48,0,Scotch Game,1,White
13812,100,54,1,Sicilian Defense,1,Black
12665,66,109,0,Ruy Lopez,1,White
12667,66,47,0,Ruy Lopez,2,White
14542,66,109,0,Ruy Lopez,3,White
14544,66,47,0,Ruy Lopez,4,White
19569,389,136,1,French Defense,1,White
1801,976,33,1,Ruy Lopez,1,White
11046,270,85,1,Queen's Pawn Game,1,White
6353,75,61,0,Sicilian Defense,1,White
5578,301,34,0,Yusupov-Rubinstein System,1,Black
14731,178,73,1,Sicilian Defense,1,White
121,330,50,1,King's Indian Attack,1,Black
943,262,55,0,Amar Opening,2,White
944,724,49,0,Zukertort Opening,3,White
945,65,78,0,King's Indian Attack,4,Black
946,254,29,0,Zukertort Opening,5,Draw
947,450,65,0,Zukertort Opening,6,Draw
948,131,66,0,King's Indian Attack,7,Draw
949,473,112,0,Zukertort Opening,8,Draw
950,450,70,0,King's Indian Attack,9,Draw
951,330,50,1,King's Indian Attack,10,Black
953,352,33,1,Zukertort Opening,11,White
955,312,53,1,Zukertort Opening,12,White
956,525,30,0,King's Indian Attack,13,Draw
957,234,11,0,Zukertort Opening,14,Draw
958,211,3,0,Zukertort Opening,15,Draw
959,543,67,0,Zukertort Opening,16,Draw
961,467,28,1,Zukertort Opening,17,White
962,672,52,0,King's Indian Attack,18,White
12405,262,55,0,Amar Opening,19,White
12406,724,49,0,Zukertort Opening,20,White
12407,65,78,0,King's Indian Attack,21,Black
12408,254,29,0,Zukertort Opening,22,Draw
12409,450,65,0,Zukertort Opening,23,Draw
12410,131,66,0,King's Indian Attack,24,Draw
12411,473,112,0,Zukertort Opening,25,Draw
12412,450,70,0,King's Indian Attack,26,Draw
12413,330,50,1,King's Indian Attack,27,Black
12415,352,33,1,Zukertort Opening,28,White
12417,312,53,1,Zukertort Opening,29,White
12418,525,30,0,King's Indian Attack,30,Draw
12419,234,11,0,Zukertort Opening,31,Draw
12420,211,3,0,Zukertort Opening,32,Draw
12421,543,67,0,Zukertort Opening,33,Draw
12423,467,28,1,Zukertort Opening,34,White
12424,672,52,0,King's Indian Attack,35,White
13730,330,50,1,King's Indian Attack,36,Black
14396,262,55,0,Amar Opening,37,White
14397,724,49,0,Zukertort Opening,38,White
14398,65,78,0,King's Indian Attack,39,Black
14399,254,29,0,Zukertort Opening,40,Draw
14400,450,65,0,Zukertort Opening,41,Draw
14401,131,66,0,King's Indian Attack,42,Draw
14402,473,112,0,Zukertort Opening,43,Draw
14403,450,70,0,King's Indian Attack,44,Draw
14404,330,50,1,King's Indian Attack,45,Black
14406,352,33,1,Zukertort Opening,46,White
14408,312,53,1,Zukertort Opening,47,White
14409,525,30,0,King's Indian Attack,48,Draw
14410,234,11,0,Zukertort Opening,49,Draw
14411,211,3,0,Zukertort Opening,50,Draw
14412,543,67,0,Zukertort Opening,51,Draw
14414,467,28,1,Zukertort Opening,52,White
14415,672,52,0,King's Indian Attack,53,White
10083,293,109,0,Queen's Gambit,1,White
15665,67,24,1,Nimzo-Indian Defense,1,White
15893,6,74,1,Queen's Gambit,2,White
16494,55,104,1,Indian Game,3,Draw
12466,698,95,0,Caro-Kann Defense,1,White
16158,28,95,1,Queen's Gambit,1,White
1375,214,137,1,French Defense,1,White
14446,378,133,1,Ruy Lopez,2,White
16221,53,135,1,Italian Game,1,White
19358,90,38,1,Scotch Game,1,Black
4334,194,28,1,French Defense,1,Black
3871,206,72,0,Queen's Gambit,1,White
1438,727,42,0,Indian Game,1,Black
1439,295,38,0,Indian Game,2,Black
4451,215,21,1,Scandinavian Defense,1,White
2303,149,31,0,Sicilian Defense,1,White
2305,540,46,0,English Opening,2,Black
2309,220,65,0,Ruy Lopez,3,White
2313,536,90,0,Nimzowitsch Defense,4,Draw
2314,150,27,0,Sicilian Defense,5,White
2316,133,145,0,Ruy Lopez,6,White
580,86,37,1,Pirc Defense,1,White
12810,37,82,0,London System,1,Black
846,71,98,1,Slav Defense,1,Black
12323,71,98,1,Slav Defense,2,Black
16693,45,30,1,Sicilian Defense,1,Black
9299,71,63,1,Van't Kruijs Opening,1,White
10180,611,58,1,Blackmar-Diemer Gambit,2,Black
10337,224,8,0,Horwitz Defense,1,Black
6613,191,130,0,Sicilian Defense,1,Black
18104,12,65,1,Caro-Kann Defense,1,White
18106,11,28,1,Sicilian Defense,2,Black
18108,139,73,1,Slav Defense,3,Draw
18109,108,23,1,Slav Defense,4,White
18110,133,45,1,Sicilian Defense,5,White
18111,366,59,1,Sicilian Defense,6,White
18112,322,73,1,Indian Game,7,White
18114,17,57,1,French Defense,8,White
13438,17,45,1,London System,1,White
13439,105,111,1,Queen's Gambit,2,White
13441,99,61,1,English Opening,3,White
13442,7,207,1,Robatsch (Modern) Defense,4,Draw
13444,39,5,1,Horwitz Defense,5,White
13446,21,106,1,Horwitz Defense,6,Black
641,506,39,1,Scotch Game,1,White
642,498,49,1,Ruy Lopez,2,White
643,312,43,1,Benoni Defense,3,White
645,442,41,1,Petrov's Defense,4,White
649,649,41,1,Ruy Lopez,5,White
652,259,29,1,Nimzo-Indian Defense,6,White
653,140,45,1,Petrov's Defense,7,White
654,336,61,1,Queen's Gambit,8,White
655,259,19,1,Caro-Kann Defense,9,White
657,257,41,1,Nimzo-Indian Defense,10,White
659,335,55,1,Sicilian Defense,11,White
664,158,49,1,Dutch Defense,12,White
666,239,70,1,Pirc Defense,13,White
667,177,83,1,Scotch Game,14,White
668,235,57,1,Indian Game,15,White
672,760,31,1,Philidor Defense,16,White
674,582,52,1,Nimzo-Indian Defense,17,White
681,387,27,1,Scandinavian Defense,18,White
16850,305,51,0,Queen's Gambit,1,White
72,27,87,1,Indian Game,1,White
5024,709,62,0,Ruy Lopez,1,Black
10057,403,2,1,Nimzowitsch Defense,1,White
10059,315,2,1,Van't Kruijs Opening,2,White
2431,42,50,1,Zukertort Opening,1,Black
2432,246,52,1,Zukertort Opening,2,Black
2433,94,28,1,Zukertort Opening,3,Black
12112,231,39,1,Ruy Lopez,1,White
16803,133,60,1,Ruy Lopez,1,White
16805,152,41,1,King's Knight Opening,2,White
2159,349,40,0,Sicilian Defense,1,Black
2160,349,87,0,Queen's Pawn Game,2,White
13000,427,31,1,Italian Game,1,White
11313,3,59,1,Italian Game,1,White
11315,32,119,1,Sicilian Defense,2,White
11317,5,81,1,Italian Game,3,Draw
11319,235,99,1,Petrov's Defense,4,Draw
11321,230,81,1,Italian Game,5,White
11326,39,95,1,French Defense,6,White
7560,2,164,1,Sicilian Defense,1,Black
4098,93,34,0,Van't Kruijs Opening,1,Black
4102,242,18,1,Van't Kruijs Opening,2,Black
4206,252,2,1,Blackmar-Diemer Gambit,1,Black
777,55,31,1,Robatsch (Modern) Defense,1,Black
778,39,68,1,Ruy Lopez,2,Black
9447,151,20,0,King's Knight Opening,1,Black
3883,60,35,1,Petrov's Defense,1,White
3884,103,40,1,Caro-Kann Defense,2,Black
3885,222,8,1,Nimzowitsch Defense,3,Black
3886,235,53,1,Nimzowitsch Defense,4,White
3887,235,120,0,Philidor Defense,5,Black
3888,235,73,0,King's Knight Opening,6,Black
3889,4,22,1,King's Knight Opening,7,Draw
3890,2,66,1,Alekhine Defense,8,Black
3893,175,49,1,Ruy Lopez,9,White
3895,91,19,1,Zukertort Opening,10,Draw
3896,213,80,1,Sicilian Defense,11,Black
18643,60,35,1,Petrov's Defense,12,White
18644,103,40,1,Caro-Kann Defense,13,Black
18645,222,8,1,Nimzowitsch Defense,14,Black
18646,235,53,1,Nimzowitsch Defense,15,White
18647,235,120,0,Philidor Defense,16,Black
18648,235,73,0,King's Knight Opening,17,Black
18649,4,22,1,King's Knight Opening,18,Draw
18650,2,66,1,Alekhine Defense,19,Black
18653,175,49,1,Ruy Lopez,20,White
18655,91,19,1,Zukertort Opening,21,Draw
18656,213,80,1,Sicilian Defense,22,Black
5595,105,53,0,Queen's Gambit,1,White
18899,127,5,1,Bird Opening,1,Black
18901,70,93,1,Ruy Lopez,2,White
18903,104,75,1,Sicilian Defense,3,White
16784,31,73,0,French Defense,1,White
4260,596,19,1,Italian Game,1,White
6301,17,19,1,Nimzowitsch Defense,1,White
18127,147,77,1,French Defense,1,White
16080,2,101,1,English Opening,1,White
16083,59,46,1,Caro-Kann Defense,2,White
16084,15,88,1,English Opening,3,Black
16087,20,60,1,English Opening,4,Black
16088,19,45,1,Queen's Gambit,5,White
16090,55,58,1,English Opening,6,Black
16092,12,12,1,English Opening,7,Black
16094,48,52,1,English Opening,8,Black
16095,174,89,1,English Opening,9,White
16096,8,35,1,English Opening,10,White
16100,14,132,1,English Opening,11,Black
16102,48,30,1,English Opening,12,Black
16103,119,104,1,English Opening,13,Black
16105,431,74,1,English Opening,14,Black
16107,161,93,0,English Opening,15,White
16109,28,41,1,English Opening,16,White
16113,5,40,1,English Opening,17,White
16115,49,59,1,English Opening,18,White
16118,38,129,1,English Opening,19,White
16121,54,41,1,English Opening,20,White
16122,42,34,1,English Opening,21,White
16125,19,73,1,English Opening,22,White
15377,6,91,1,Sicilian Defense,1,White
8555,414,64,0,King's Indian Attack,1,Black
8557,7,83,1,King's Indian Attack,2,White
8559,174,82,1,Queen's Pawn Game,3,Black
8560,161,67,1,King's Indian Attack,4,White
16722,273,8,1,English Opening,1,Black
16724,300,49,1,Indian Game,2,Black
16727,276,35,1,English Opening,3,White
16731,428,63,1,Horwitz Defense,4,White
16733,473,22,0,King's Pawn Game,5,Black
16735,445,67,0,King's Pawn Game,6,White
16738,439,115,0,Blackmar-Diemer Gambit,7,White
16740,477,69,0,Blackmar-Diemer Gambit,8,White
16742,477,54,0,King's Pawn Game,9,Black
16745,123,79,1,English Opening,10,White
16747,145,73,1,English Opening,11,White
16752,101,42,1,Benko Gambit,12,Black
10358,3,30,0,Italian Game,1,Draw
2964,417,97,1,Queen's Gambit,1,White
12178,607,41,1,Sicilian Defense,1,Black
12213,717,28,0,Italian Game,1,Black
18993,0,77,1,French Defense,2,White
18996,225,124,1,Sicilian Defense,3,Draw
18997,307,57,1,Italian Game,4,Black
18998,282,67,1,Sicilian Defense,5,White
19001,214,137,1,Sicilian Defense,6,White
19002,193,72,1,French Defense,7,Black
19005,160,71,1,French Defense,8,White
19006,122,158,1,French Defense,9,Black
19010,247,38,1,Scandinavian Defense,10,Black
19011,217,91,1,Caro-Kann Defense,11,White
8549,66,83,1,English Opening,1,White
5553,263,31,0,Sicilian Defense,1,White
3523,197,4,1,Bird Opening,1,Black
8834,164,44,1,Philidor Defense,1,Black
8452,286,165,1,Blackmar-Diemer Gambit,1,White
5996,84,59,0,King's Gambit,1,White
5999,265,90,1,King's Pawn Game,2,Black
6001,191,69,1,King's Pawn Game,3,White
6003,475,35,1,Nimzowitsch Defense,4,White
6004,235,119,1,Pirc Defense,5,White
6007,274,70,1,King's Pawn Game,6,Black
6009,343,63,1,French Defense,7,White
6012,300,71,1,King's Pawn Game,8,White
6014,396,3,1,Horwitz Defense,9,White
6016,386,113,1,Horwitz Defense,10,White
6018,401,71,1,Queen's Gambit,11,White
6019,296,52,1,Indian Game,12,Black
6021,294,43,1,Horwitz Defense,13,White
6023,523,51,1,Slav Defense,14,White
6024,343,39,1,Slav Defense,15,White
8574,380,70,0,Horwitz Defense,1,Black
8581,369,31,0,Indian Game,2,White
8587,314,83,1,Nimzowitsch Defense,3,White
1705,88,41,1,Queen's Gambit,1,White
11949,297,69,0,Blumenfeld Countergambit,1,White
12436,645,79,0,Queen's Gambit,2,White
4691,763,146,0,Pirc Defense,1,Black
4693,763,98,0,Sicilian Defense,2,Draw
9027,288,59,1,Sicilian Defense,1,White
9534,30,90,1,Queen's Gambit,1,Black
19802,54,54,1,Sicilian Defense,1,Draw
8780,319,35,1,Philidor Defense,1,White
16863,170,43,0,French Defense,1,White
12151,97,32,1,Caro-Kann Defense,1,White
17274,26,29,1,Petrov's Defense,1,Black
4424,34,64,1,Ruy Lopez,1,Black
16622,295,107,0,Sicilian Defense,2,White
15427,405,103,1,Italian Game,1,White
4970,3,20,1,Ruy Lopez,1,Black
4973,34,4,1,Sicilian Defense,2,Black
19514,15,25,1,Queen's Gambit,1,White
19516,204,34,1,Sicilian Defense,2,Black
19518,176,26,1,Sicilian Defense,3,Black
19519,241,51,1,English Opening,4,White
19521,41,65,1,Sicilian Defense,5,White
19523,213,45,1,Italian Game,6,White
19524,35,30,1,Italian Game,7,Black
19526,72,31,1,Sicilian Defense,8,White
19527,136,129,1,Italian Game,9,White
19530,201,32,1,French Defense,10,White
19531,475,28,0,Queen's Gambit,11,Black
19534,77,108,1,Sicilian Defense,12,Black
19535,5,34,1,Petrov's Defense,13,Black
19537,116,131,1,Queen's Gambit,14,White
19539,104,24,1,Sicilian Defense,15,Black
19540,29,63,1,Slav Defense,16,White
11594,270,85,0,Sicilian Defense,1,White
965,147,35,0,Four Knights Game,1,White
8436,65,47,1,King's Knight Opening,1,White
12774,9,51,1,Queen's Pawn Game,1,White
19402,9,51,1,Queen's Pawn Game,2,White
8081,6,116,1,Indian Game,1,Black
13913,95,40,0,Sicilian Defense,1,White
13924,95,40,0,Sicilian Defense,2,White
11193,17,61,1,French Defense,1,Black
15567,60,104,1,Sicilian Defense,1,Black
2066,231,54,1,Queen's Pawn Game,1,Black
3739,139,157,0,Ruy Lopez,1,White
1200,48,75,1,Sicilian Defense,1,White
14675,48,75,1,Sicilian Defense,2,White
14147,101,93,1,Sicilian Defense,1,White
8189,421,56,1,English Opening,1,Black
1887,391,91,0,King's Gambit,1,White
13631,436,82,1,Queen's Gambit,1,Black
13632,342,54,1,Sicilian Defense,2,Black
13634,314,66,1,French Defense,3,Black
13636,55,66,1,Petrov's Defense,4,Black
13638,108,57,0,Petrov's Defense,5,White
13639,257,41,1,Zukertort Opening,6,White
13640,127,61,0,Ruy Lopez,7,White
13641,130,70,1,Scandinavian Defense,8,Black
13645,32,53,1,Mexican Defense,9,White
13646,338,52,1,Philidor Defense,10,Black
13647,58,55,1,Queen's Gambit,11,Black
13649,97,80,1,Queen's Gambit,12,Black
13650,95,50,1,Queen's Gambit,13,Black
13653,864,60,0,Slav Defense,14,Black
13656,256,18,0,Scotch Game,15,Black
13429,35,122,1,Nimzo-Indian Defense,1,Black
5344,977,35,0,Bishop's Opening,1,White
5346,977,41,0,Ruy Lopez,2,White
5347,552,57,1,Sicilian Defense,3,White
5349,975,39,0,Ruy Lopez,4,White
5351,975,19,0,Scotch Game,5,White
5352,975,35,0,King's Knight Opening,6,White
5354,975,9,0,Petrov's Defense,7,White
18355,977,35,0,Bishop's Opening,8,White
18357,977,41,0,Ruy Lopez,9,White
18358,552,57,1,Sicilian Defense,10,White
18360,975,39,0,Ruy Lopez,11,White
18362,975,19,0,Scotch Game,12,White
18363,975,35,0,King's Knight Opening,13,White
18365,975,9,0,Petrov's Defense,14,White
17882,278,80,1,Dutch Defense,1,Black
13962,22,90,1,Queen's Pawn Game,1,Black
17211,321,47,1,Semi-Slav Defense,1,White
1582,180,62,1,Blackmar-Diemer Gambit,1,Black
13156,180,62,1,Blackmar-Diemer Gambit,2,Black
14774,180,62,1,Blackmar-Diemer Gambit,3,Black
10384,380,29,1,King's Pawn Game,1,White
16447,277,39,1,Queen's Gambit,1,White
3687,95,35,1,Van't Kruijs Opening,1,White
16055,422,32,0,Indian Game,1,Black
16057,422,55,0,Indian Game,2,Black
7216,5,66,1,Blackmar-Diemer Gambit,1,Black
7218,31,99,1,Bishop's Opening,2,White
7220,35,32,1,Sicilian Defense,3,Black
7222,66,28,1,King's Pawn Game,4,Black
7223,10,18,1,Scandinavian Defense,5,Black
7224,170,112,1,Bishop's Opening,6,White
7229,135,67,1,Vienna Game,7,White
7231,12,48,1,King's Pawn Game,8,White
7232,70,96,1,Bishop's Opening,9,Black
7235,200,28,1,Bishop's Opening,10,Black
7236,52,107,1,Blackmar-Diemer Gambit,11,White
7237,152,40,1,Sicilian Defense,12,Black
7238,114,58,1,Caro-Kann Defense,13,Black
15024,436,76,1,Vienna Game,1,Black
20008,436,76,1,Vienna Game,2,Black
10137,71,39,1,Horwitz Defense,1,Black
2018,86,31,1,King's Knight Opening,1,Black
2020,352,60,1,King's Knight Opening,2,White
2021,377,52,1,Sicilian Defense,3,Black
2025,52,34,1,Scandinavian Defense,4,Black
2027,343,30,1,Scandinavian Defense,5,Black
2028,935,94,1,Sicilian Defense,6,Black
2030,39,64,1,Sicilian Defense,7,Black
2033,611,58,1,Italian Game,8,Black
2034,267,66,1,Philidor Defense,9,Black
2037,424,37,1,Italian Game,10,Black
2040,513,50,1,Italian Game,11,Black
2041,31,56,1,Sicilian Defense,12,Black
2043,352,34,1,Caro-Kann Defense,13,Black
2044,42,58,1,Italian Game,14,Black
2045,543,76,1,Sicilian Defense,15,Black
2047,185,36,1,Italian Game,16,Black
2049,99,44,1,Italian Game,17,Black
2050,85,50,1,Sicilian Defense,18,Black
2051,472,14,1,Sicilian Defense,19,Black
2054,4,35,1,Philidor Defense,20,White
2057,61,61,1,Bishop's Opening,21,Draw
2058,52,45,1,Nimzowitsch Defense,22,Black
13199,114,101,1,Ruy Lopez,1,White
19029,74,142,1,Philidor Defense,1,Black
19032,142,100,1,Italian Game,2,Black
19034,615,29,0,Nimzowitsch Defense,3,White
3665,352,25,1,King's Pawn Game,1,White
3982,163,13,1,Nimzowitsch Defense,1,White
9968,561,3,1,King's Pawn Game,1,White
9969,556,2,1,Van't Kruijs Opening,2,White
9972,536,3,1,Van't Kruijs Opening,3,White
9973,529,2,1,Van't Kruijs Opening,4,White
9975,514,3,1,Van't Kruijs Opening,5,White
9976,505,3,1,Van't Kruijs Opening,6,White
9977,497,3,1,Van't Kruijs Opening,7,White
9978,488,3,1,Van't Kruijs Opening,8,White
9980,467,3,1,Van't Kruijs Opening,9,White
9982,443,2,1,Van't Kruijs Opening,10,White
9983,429,2,1,Van't Kruijs Opening,11,White
9985,396,3,1,Pirc Defense,12,White
9987,353,2,1,Pirc Defense,13,White
9988,326,2,1,Scandinavian Defense,14,White
9989,292,2,1,Scandinavian Defense,15,White
9991,229,18,0,Queen's Gambit,16,Black
18271,267,71,1,French Defense,1,White
637,99,86,1,Four Knights Game,1,Black
14687,26,142,1,Sicilian Defense,1,Black
6217,89,113,1,King's Knight Opening,1,Draw
6219,401,26,1,Sicilian Defense,2,Black
3468,231,95,0,Nimzowitsch Defense,1,White
16335,231,95,0,Nimzowitsch Defense,2,White
13899,9,51,1,Slav Defense,1,White
4123,621,2,1,Horwitz Defense,1,Black
5378,178,48,0,Scandinavian Defense,1,Black
5380,461,26,1,French Defense,2,Black
5381,57,71,1,French Defense,3,Black
19275,86,50,1,Blackmar-Diemer Gambit,1,Black
5976,403,30,1,King's Knight Opening,1,Black
5978,584,44,1,French Defense,2,Black
5979,686,60,1,Sicilian Defense,3,Black
5980,664,99,1,Van't Kruijs Opening,4,White
5982,401,45,1,King's Knight Opening,5,Black
5984,291,52,1,Petrov's Defense,6,Black
5987,531,16,1,Italian Game,7,Black
5988,167,63,1,Petrov's Defense,8,White
2608,102,35,1,French Defense,1,White
8299,255,97,1,Nimzowitsch Defense,1,White
18529,54,39,1,Italian Game,1,White
8313,39,20,1,King's Knight Opening,1,Black
8315,47,93,1,Philidor Defense,2,White
8316,73,22,1,Four Knights Game,3,Black
8317,8,64,1,Scandinavian Defense,4,Black
8318,52,130,1,Scandinavian Defense,5,Black
8319,51,121,1,King's Gambit,6,White
8322,91,77,1,Italian Game,7,White
8324,4,51,1,Scandinavian Defense,8,White
8325,29,130,1,Sicilian Defense,9,Black
8328,30,25,1,Caro-Kann Defense,10,White
8329,128,18,1,Italian Game,11,Black
8331,53,107,1,Nimzowitsch Defense,12,White
8332,110,43,1,Italian Game,13,White
8334,169,91,1,Italian Game,14,White
8335,64,23,1,Scandinavian Defense,15,White
8336,296,60,1,Philidor Defense,16,Black
8337,297,50,1,Nimzowitsch Defense,17,Black
8341,664,132,1,French Defense,18,Black
8342,536,46,1,Queen's Pawn Game,19,Black
8344,189,33,1,Queen's Pawn Game,20,White
8345,67,117,1,Queen's Pawn Game,21,White
8346,71,52,1,Queen's Pawn Game,22,Black
8428,222,61,1,King's Knight Opening,1,White
3914,96,61,1,Queen's Pawn Game,1,White
9185,599,12,1,Bird Opening,1,Black
17063,56,72,1,Petrov's Defense,1,Black
11130,173,15,1,Pirc Defense,1,White
14991,44,18,1,Italian Game,1,White
12644,175,53,1,Indian Game,1,White
935,248,15,1,Sicilian Defense,1,White
6699,6,50,1,Indian Game,1,Black
4774,29,96,1,French Defense,1,Black
10540,201,70,1,French Defense,1,Black
11249,201,70,1,French Defense,2,Black
8739,58,86,1,Indian Game,1,Draw
15043,53,63,1,Ruy Lopez,1,White
8951,339,50,1,King's Indian Defense,1,White
2594,323,31,1,Queen's Gambit,1,White
2595,20,101,1,Queen's Gambit,2,White
15494,300,50,1,Dutch Defense,3,Black
15497,96,118,1,Queen's Gambit,4,Black
15500,323,31,1,Queen's Gambit,5,White
15501,20,101,1,Queen's Gambit,6,White
2202,143,54,0,Van't Kruijs Opening,1,Black
16294,11,36,1,Scotch Game,1,Black
11158,258,110,1,French Defense,1,Black
871,254,113,1,Ruy Lopez,1,White
872,24,125,1,Slav Defense,2,White
873,68,51,1,Sicilian Defense,3,White
875,405,29,1,Philidor Defense,4,White
877,390,43,1,Ruy Lopez,5,White
881,3,61,1,Petrov's Defense,6,White
883,158,47,1,Sicilian Defense,7,White
885,23,47,1,French Defense,8,White
887,360,27,1,Philidor Defense,9,White
889,24,90,1,Zukertort Opening,10,Black
890,91,38,1,Van't Kruijs Opening,11,White
891,310,51,1,Zukertort Opening,12,White
892,56,41,1,Zukertort Opening,13,White
893,444,5,1,Zukertort Opening,14,White
895,69,33,1,Scotch Game,15,White
16190,36,104,1,Alekhine Defense,1,Black
16191,362,28,1,Caro-Kann Defense,2,Black
16195,419,96,1,Van't Kruijs Opening,3,Black
5458,158,70,1,Nimzowitsch Defense,1,Black
7272,35,40,1,Nimzowitsch Defense,1,Black
6678,327,184,1,Sicilian Defense,1,Black
11095,104,46,1,Horwitz Defense,1,Black
12490,57,52,1,Sicilian Defense,1,Black
7752,7,88,1,Indian Game,1,Black
5655,119,72,1,Zukertort Opening,1,Black
5656,311,17,1,Zukertort Opening,2,White
5658,134,19,1,Zukertort Opening,3,White
5659,96,124,1,Zukertort Opening,4,Black
14559,62,76,1,Nimzowitsch Defense,1,Draw
8384,208,66,1,Scandinavian Defense,1,Black
18881,338,38,1,Caro-Kann Defense,1,Black
10566,14,33,1,French Defense,1,White
11275,14,33,1,French Defense,2,White
18791,62,154,1,Sicilian Defense,3,Draw
17988,316,64,1,Blackmar-Diemer Gambit,1,Black
17992,203,142,0,Ruy Lopez,2,Black
17032,113,53,1,Petrov's Defense,1,White
8426,10,48,1,King's Pawn Game,1,White
10118,75,86,1,Scandinavian Defense,2,Black
10135,169,45,1,Scandinavian Defense,3,White
16646,90,226,1,French Defense,1,Draw
3385,128,139,1,Sicilian Defense,1,Draw
4650,61,127,0,Italian Game,2,Draw
3627,29,43,1,Scandinavian Defense,1,White
12771,690,50,1,English Opening,1,Black
1892,568,23,1,Scotch Game,1,White
8594,26,119,1,Sicilian Defense,1,White
1159,241,59,1,Italian Game,1,White
19580,30,23,1,Queen's Gambit,1,White
12041,62,57,1,Scotch Game,1,Black
1850,33,48,1,Sicilian Defense,1,Black
3757,498,27,0,Italian Game,1,White
5066,249,19,0,Italian Game,2,White
17219,30,61,1,Van't Kruijs Opening,1,White
12921,164,49,1,Queen's Indian Defense,1,White
13887,15,10,1,Caro-Kann Defense,1,Black
5154,924,39,1,French Defense,1,White
7142,72,86,1,King's Pawn Game,1,Black
2320,18,93,1,Scandinavian Defense,1,White
6396,0,27,1,Queen's Pawn,1,White
8550,18,45,1,English Opening,1,White
7470,20,44,1,Slav Defense,1,Black
1996,37,138,0,Sicilian Defense,1,Black
5124,196,112,1,Scandinavian Defense,1,Black
7452,357,9,1,King's Pawn Game,2,White
15736,472,46,0,Sicilian Defense,1,White
15738,472,45,0,King's Indian Defense,2,Draw
18668,25,28,1,King's Indian Defense,1,Black
16052,534,65,0,Italian Game,1,White
383,3,71,1,Blackmar-Diemer Gambit,1,Draw
3873,166,30,1,Sicilian Defense,1,Black
14672,166,30,1,Sicilian Defense,2,Black
19371,166,30,1,Sicilian Defense,3,Black
1978,809,1,0,Nimzowitsch Defense,1,White
2699,256,85,0,Sicilian Defense,2,White
12007,7,7,0,Van't Kruijs Opening,1,Draw
12011,247,25,1,Italian Game,2,White
12013,225,79,1,Horwitz Defense,3,White
12014,213,105,1,King's Knight Opening,4,White
12018,705,15,1,King's Pawn Game,5,White
12019,477,23,1,King's Knight Opening,6,White
12021,346,81,1,King's Knight Opening,7,White
12023,449,71,1,Scandinavian Defense,8,White
15976,52,185,1,Sicilian Defense,1,Draw
11072,53,75,1,King's Knight Opening,1,White
7013,28,60,1,Queen's Pawn Game,1,Black
12732,48,49,1,Queen's Gambit,1,White
17045,492,62,0,French Defense,1,Black
8239,97,57,0,Sicilian Defense,1,White
15626,87,89,1,Philidor Defense,1,White
9668,68,105,1,Italian Game,1,White
5410,146,154,1,King's Indian Attack,1,Black
18314,146,154,1,King's Indian Attack,2,Black
19477,90,62,1,French Defense,1,Black
158,30,73,1,Benoni Defense,1,White
11607,18,28,1,Slav Defense,2,Black
19397,445,69,1,Horwitz Defense,1,White
16108,52,111,1,Petrov's Defense,1,White
4355,47,62,1,Italian Game,1,Black
4356,176,54,1,Nimzo-Larsen Attack,2,Black
4359,118,29,0,French Defense,3,Black
4362,286,73,1,Slav Defense,4,White
4365,688,48,1,Slav Defense,5,Black
4369,33,33,1,Horwitz Defense,6,White
4370,155,94,1,King's Pawn Game,7,Black
4373,16,11,1,King's Pawn Game,8,Black
4374,380,70,0,King's Pawn Game,9,Black
4375,357,60,1,French Defense,10,Black
8958,57,112,1,French Defense,1,Black
13850,36,148,0,Queen's Pawn Game,1,Black
13083,53,98,1,Caro-Kann Defense,1,Black
5554,153,83,1,Queen's Pawn Game,1,Black
5555,582,49,1,Queen's Gambit,2,White
5556,479,103,1,Ruy Lopez,3,White
5557,42,105,1,Queen's Gambit,4,White
192,26,136,1,Sicilian Defense,1,Black
2046,22,28,1,Ruy Lopez,1,Draw
16760,6,84,1,French Defense,1,Black
5964,110,76,1,French Defense,1,Black
5967,44,39,1,Nimzowitsch Defense,2,Black
3610,46,53,1,Ruy Lopez,1,White
5725,87,76,1,French Defense,1,White
15197,152,62,0,Indian Game,1,Draw
13106,120,49,1,Four Knights Game,1,White
4558,165,29,1,King's Pawn Game,1,White
4560,333,107,1,Alekhine Defense,2,White
4561,162,59,1,French Defense,3,White
4562,234,89,1,Scandinavian Defense,4,White
4565,125,43,0,King's Pawn Game,5,White
4566,482,23,1,Sicilian Defense,6,White
4567,118,63,0,King's Pawn Game,7,White
4568,203,96,1,Center Game,8,Black
4570,436,85,1,Alekhine Defense,9,White
4572,91,65,1,King's Pawn Game,10,White
4573,53,58,1,King's Pawn Game,11,Black
4574,146,83,1,King's Pawn Game,12,White
4575,129,45,1,King's Pawn Game,13,White
9419,261,15,1,King's Pawn Game,1,White
8812,181,4,0,Nimzowitsch Defense,1,Draw
9937,520,80,1,Van't Kruijs Opening,1,Black
17563,72,53,1,Sicilian Defense,1,Black
15640,58,45,1,Queen's Pawn Game,1,White
1698,65,79,1,Queen's Gambit,1,White
474,537,64,1,Blackmar-Diemer Gambit,1,Black
476,522,40,1,Van't Kruijs Opening,2,Black
478,583,48,1,Van't Kruijs Opening,3,Black
6291,107,42,1,Philidor Defense,1,Black
10449,298,3,1,Van't Kruijs Opening,1,White
13582,384,19,0,Nimzowitsch Defense,1,White
13584,233,64,0,King's Pawn Game,2,Black
13585,215,65,0,Pirc Defense,3,White
13586,74,28,0,King's Pawn Game,4,White
10933,29,108,1,Philidor Defense,1,Black
10934,35,144,1,Sicilian Defense,2,Black
10935,37,53,1,King's Knight Opening,3,White
10936,28,52,1,Ruy Lopez,4,Black
10940,2,104,1,Scotch Game,5,Black
10943,15,61,1,Ruy Lopez,6,White
10944,9,73,1,Ruy Lopez,7,White
10949,102,23,1,Ruy Lopez,8,White
10950,13,50,1,Van't Kruijs Opening,9,Black
10952,56,33,1,Scotch Game,10,White
10955,13,110,1,Nimzo-Larsen Attack,11,Black
10956,31,46,1,Ruy Lopez,12,Black
10960,52,55,1,Sicilian Defense,13,White
10961,123,72,1,Ruy Lopez,14,Black
10962,30,58,1,Ruy Lopez,15,Black
10963,108,75,1,Sicilian Defense,16,White
10967,5,110,1,Sicilian Defense,17,Black
10968,60,54,1,Sicilian Defense,18,Black
10970,55,37,1,Sicilian Defense,19,White
10972,9,71,1,Philidor Defense,20,White
10974,61,60,1,Ruy Lopez,21,Black
10976,38,77,1,Philidor Defense,22,White
17044,122,84,1,Philidor Defense,1,White
3143,70,133,1,Sicilian Defense,1,White
19548,87,21,1,French Defense,1,White
17849,300,74,1,Sicilian Defense,1,Black
8327,4,48,1,Scotch Game,1,Black
8751,76,84,1,Sicilian Defense,1,Black
13196,67,33,1,Queen's Pawn Game,1,White
4455,66,63,1,Scandinavian Defense,1,White
3774,383,8,1,Horwitz Defense,1,Draw
17137,64,17,1,Queen's Gambit,2,White
5495,345,72,1,Center Game,1,Black
5496,345,18,1,King's Pawn Game,2,Black
18018,119,58,1,English Opening,1,Black
671,104,46,1,English Opening,1,Black
1120,135,78,1,Queen's Pawn Game,1,Black
8055,146,145,1,French Defense,1,Draw
14491,255,115,0,Sicilian Defense,2,White
6103,24,17,1,Van't Kruijs Opening,1,White
16793,57,28,1,French Defense,1,Black
16104,13,75,1,Blackmar-Diemer Gambit,1,White
6352,768,68,0,Sicilian Defense,1,Black
1425,98,108,0,Ruy Lopez,1,White
1427,98,79,0,Petrov's Defense,2,White
10719,16,116,1,King's Pawn Game,1,Black
5837,269,52,1,Sicilian Defense,1,Black
8556,202,94,1,Sicilian Defense,1,Black
6796,65,55,1,Scandinavian Defense,1,White
1406,60,74,1,Horwitz Defense,1,Black
18951,197,59,1,English Opening,1,White
12537,49,57,1,Dutch Defense,1,White
16663,167,114,1,Sicilian Defense,2,Black
9528,387,49,1,Horwitz Defense,1,White
896,149,41,1,Philidor Defense,1,White
899,19,28,1,Italian Game,2,Black
901,67,123,1,Scandinavian Defense,3,White
902,25,89,1,Queen's Gambit,4,White
904,9,44,1,Caro-Kann Defense,5,Black
906,21,55,1,Benoni Defense,6,Black
911,48,111,1,Sicilian Defense,7,White
913,14,93,1,English Opening,8,White
915,29,54,1,English Opening,9,Black
2344,468,34,1,King's Pawn Game,1,Black
2345,104,38,1,Philidor Defense,2,White
2346,135,23,1,Scotch Game,3,White
2347,112,6,1,Sicilian Defense,4,Black
2351,57,65,1,Scandinavian Defense,5,Draw
9186,513,9,1,Nimzowitsch Defense,1,White
7124,122,75,1,Ruy Lopez,1,White
3637,303,76,1,Van't Kruijs Opening,1,Black
10399,112,55,1,Philidor Defense,1,White
10606,182,84,1,Ruy Lopez,1,Black
8039,7,73,1,Sicilian Defense,1,White
16316,194,85,1,Sicilian Defense,1,White
7627,3,51,1,French Defense,1,White
10813,52,41,1,Indian Game,1,White
3603,28,46,1,Philidor Defense,1,Black
16858,574,68,1,Indian Game,1,Black
13330,166,8,1,Sicilian Defense,1,White
13107,26,20,0,Philidor Defense,1,Black
14503,61,20,0,Alekhine Defense,2,Draw
5596,115,33,0,Scotch Game,1,White
5598,111,110,1,Scotch Game,2,Black
5599,68,57,1,Philidor Defense,3,White
10447,90,23,1,Pirc Defense,1,White
1331,201,66,1,Scandinavian Defense,1,Black
16262,84,33,1,Italian Game,1,White
14969,6,19,1,Bishop's Opening,1,White
16672,32,156,1,Sicilian Defense,2,Black
297,32,59,1,French Defense,1,White
6015,391,116,1,Van't Kruijs Opening,1,Black
5145,41,32,1,French Defense,1,Black
5147,125,42,1,French Defense,2,Black
9929,452,44,1,French Defense,1,Black
2951,318,38,1,Blackmar-Diemer Gambit,1,Black
12137,255,59,1,Slav Defense,1,White
12580,50,43,1,Scotch Game,1,White
8746,107,42,1,Van't Kruijs Opening,1,Black
6053,61,22,1,Sicilian Defense,1,Draw
5510,54,57,1,Sicilian Defense,1,White
15934,24,116,1,Italian Game,2,Black
8537,52,20,1,Sicilian Defense,1,Black
2212,234,19,0,Scandinavian Defense,1,Black
13310,189,76,0,Sicilian Defense,2,Black
13311,805,26,0,Nimzowitsch Defense,3,Black
13313,172,86,0,Scandinavian Defense,4,Black
13314,189,99,0,Philidor Defense,5,White
13315,189,26,0,Scandinavian Defense,6,Black
13316,389,52,0,Ruy Lopez,7,Black
13317,138,59,0,Ruy Lopez,8,Black
13318,539,52,0,Ruy Lopez,9,Black
13319,263,34,0,Caro-Kann Defense,10,Black
3919,38,79,1,Sicilian Defense,1,White
10450,291,31,0,Ruy Lopez,1,White
11106,2,50,1,Caro-Kann Defense,1,Black
17239,33,36,1,Blackmar-Diemer Gambit,1,Black
18296,471,51,1,Queen's Pawn,2,White
13290,139,44,1,Sicilian Defense,1,Black
1248,246,110,0,Nimzo-Larsen Attack,1,Black
19404,149,99,1,Blackmar-Diemer Gambit,1,White
19406,14,40,1,Horwitz Defense,2,Black
19409,100,115,1,Indian Game,3,White
19411,80,20,1,Blackmar-Diemer Gambit,4,Black
19414,3,79,1,Queen's Pawn,5,White
19416,215,83,1,Blackmar-Diemer Gambit,6,White
19417,115,91,1,Blackmar-Diemer Gambit,7,White
19419,49,85,1,Indian Game,8,Draw
3414,1,105,0,Dutch Defense,1,White
3416,1,8,0,Nimzowitsch Defense,2,Black
3418,1,54,0,King's Indian Defense,3,Black
3420,78,55,0,Semi-Slav Defense,4,White
3422,1,146,0,Nimzowitsch Defense,5,Black
3423,1,113,0,Nimzo-Indian Defense,6,Draw
3715,0,32,1,King's Pawn Game,1,Black
5801,33,95,1,Semi-Slav Defense,1,White
1691,39,80,1,Bishop's Opening,1,Black
10105,35,33,1,Horwitz Defense,1,White
1690,23,105,1,Queen's Pawn Game,1,White
1693,13,90,1,Sicilian Defense,2,Black
1694,19,41,1,King's Knight Opening,3,Black
1697,24,103,1,Four Knights Game,4,White
1700,5,25,1,Four Knights Game,5,White
1702,62,140,1,Sicilian Defense,6,Black
1703,0,148,1,Sicilian Defense,7,Black
1708,13,47,1,Four Knights Game,8,Black
1709,21,97,1,French Defense,9,White
1711,154,108,1,King's Knight Opening,10,Black
1712,70,132,1,Petrov's Defense,11,Black
1714,71,43,1,Four Knights Game,12,White
1716,101,41,1,Four Knights Game,13,White
1718,51,61,1,Sicilian Defense,14,White
1720,14,33,1,French Defense,15,White
1721,43,54,1,Sicilian Defense,16,Black
1723,24,141,1,Sicilian Defense,17,White
1725,71,127,1,Four Knights Game,18,White
8948,248,75,1,Ruy Lopez,1,Black
15491,22,68,1,Budapest Defense,1,Black
11454,803,115,0,Sicilian Defense,1,White
11456,764,54,0,Queen's Gambit,2,Black
11458,764,31,1,Scandinavian Defense,3,Black
11461,1290,22,1,Pirc Defense,4,Black
11462,512,69,1,Sicilian Defense,5,White
11463,514,101,1,French Defense,6,White
11464,531,57,1,Nimzowitsch Defense,7,White
11467,222,2,1,King's Pawn Game,8,Black
11471,379,2,1,King's Pawn Game,9,Black
11472,370,2,1,King's Pawn Game,10,Black
11473,656,2,0,King's Pawn Game,11,Black
11475,656,2,0,King's Pawn Game,12,Black
11478,265,2,1,Alekhine Defense,13,Black
11479,39,2,1,King's Pawn Game,14,Black
11482,5,2,1,Sicilian Defense,15,Black
11483,41,2,1,King's Pawn Game,16,Black
11487,47,2,1,King's Pawn Game,17,Black
11490,805,66,0,King's Gambit,18,Draw
10184,805,122,0,Sicilian Defense,1,Black
7406,2,46,1,Queen's Gambit,1,Black
5584,23,73,1,Queen's Gambit,1,White
796,93,56,1,Van't Kruijs Opening,1,Black
798,59,48,1,Van't Kruijs Opening,2,Black
12231,93,56,1,Van't Kruijs Opening,3,Black
12233,59,48,1,Van't Kruijs Opening,4,Black
370,253,11,1,Van't Kruijs Opening,1,White
11480,97,3,1,Horwitz Defense,1,White
16658,223,64,1,Sicilian Defense,1,Black
5912,13,43,1,English Opening,1,White
7214,10,30,1,Petrov's Defense,1,Black
4230,219,41,1,French Defense,1,White
16263,64,24,1,Ruy Lopez,1,Black
5372,484,32,0,Zukertort Opening,1,Black
11964,657,1,0,Nimzowitsch Defense,1,White
12028,389,90,0,French Defense,2,Black
15008,657,1,0,Nimzowitsch Defense,3,White
6715,183,45,1,King's Pawn Game,1,White
6717,78,56,1,Nimzowitsch Defense,2,Black
6720,105,50,1,Van't Kruijs Opening,3,Black
6725,176,130,1,Queen's Pawn Game,4,Black
6727,147,82,1,Van't Kruijs Opening,5,Black
6730,145,62,1,Blackmar-Diemer Gambit,6,Black
6732,162,15,1,Blackmar-Diemer Gambit,7,White
6734,74,42,1,Horwitz Defense,8,Black
6735,37,35,1,Yusupov-Rubinstein System,9,White
6736,175,30,1,Van't Kruijs Opening,10,Black
6740,86,60,1,Blackmar-Diemer Gambit,11,Black
6741,22,96,1,Van't Kruijs Opening,12,Black
6743,61,22,1,Blackmar-Diemer Gambit,13,Black
6747,193,123,1,Blackmar-Diemer Gambit,14,White
6750,114,56,1,Dutch Defense,15,Black
6752,101,69,1,Horwitz Defense,16,White
6754,128,63,1,Van't Kruijs Opening,17,White
6756,173,65,1,Queen's Pawn Game,18,White
6758,65,62,1,Indian Game,19,Black
17932,51,47,1,Blackmar-Diemer Gambit,1,Black
12844,51,57,1,French Defense,1,White
12845,92,52,1,Sicilian Defense,2,Black
12847,33,89,1,Philidor Defense,3,White
12851,160,67,0,Scandinavian Defense,4,White
12853,14,21,0,Scotch Game,5,Black
12856,1,55,0,Sicilian Defense,6,White
12858,10,49,0,Sicilian Defense,7,White
12860,13,56,1,French Defense,8,Black
12862,34,41,1,Sicilian Defense,9,White
12864,35,23,1,Scotch Game,10,White
12865,170,67,1,Scotch Game,11,White
12866,205,76,1,Scotch Game,12,Black
12869,408,57,1,Robatsch (Modern) Defense,13,White
12870,109,39,1,Scotch Game,14,White
14960,42,80,1,Van't Kruijs Opening,1,Black
10426,34,36,0,Blackmar-Diemer Gambit,1,Black
6722,155,82,1,French Defense,1,Black
6723,155,69,0,Nimzowitsch Defense,2,White
6724,155,60,0,French Defense,3,Black
5099,203,74,1,Petrov's Defense,1,White
19115,82,43,0,Sicilian Defense,1,White
19120,82,48,0,Sicilian Defense,2,White
19122,17,55,1,Caro-Kann Defense,3,Draw
19123,81,71,1,Sicilian Defense,4,White
19125,92,18,0,Scandinavian Defense,5,White
19127,92,32,0,Caro-Kann Defense,6,White
19130,92,57,0,Sicilian Defense,7,White
19132,92,15,0,Sicilian Defense,8,White
19133,150,73,1,Sicilian Defense,9,White
19134,74,53,1,Caro-Kann Defense,10,White
19135,61,55,1,Ruy Lopez,11,White
19137,163,14,0,Sicilian Defense,12,Black
19139,163,38,0,Sicilian Defense,13,White
19142,163,28,0,Sicilian Defense,14,Black
19146,163,27,0,Nimzo-Indian Defense,15,White
19153,207,24,1,Ruy Lopez,16,Black
19155,86,24,1,Ruy Lopez,17,Black
8132,72,15,1,Sicilian Defense,1,White
4542,4,137,1,Slav Defense,1,Draw
9033,64,58,0,Sicilian Defense,1,Black
9034,259,69,0,Sicilian Defense,2,White
9035,2,87,0,Sicilian Defense,3,Draw
9039,121,62,0,Caro-Kann Defense,4,Black
1340,0,68,1,Van't Kruijs Opening,1,Black
6592,177,24,1,King's Pawn Game,1,Black
19721,48,47,1,Sicilian Defense,1,White
19722,48,9,0,Sicilian Defense,2,Draw
19725,79,53,1,Sicilian Defense,3,White
19726,170,19,1,King's Knight Opening,4,White
15305,49,14,1,Van't Kruijs Opening,1,Black
8716,59,36,1,Blackmar-Diemer Gambit,1,Black
2171,82,50,1,Sicilian Defense,1,Black
13338,82,50,1,Sicilian Defense,2,Black
3105,42,140,1,Caro-Kann Defense,1,Black
4503,25,73,1,Sicilian Defense,1,White
4505,21,156,1,French Defense,2,Draw
4508,72,64,1,Nimzowitsch Defense,3,Black
4510,127,75,1,Sicilian Defense,4,White
1944,419,49,1,Italian Game,1,White
4180,390,103,1,Amar Opening,1,White
7646,130,114,1,Queen's Gambit,2,White
7758,35,44,1,Queen's Pawn Game,3,Black
2466,33,15,1,Italian Game,1,White
4756,278,9,1,Italian Game,2,White
1460,41,91,1,Sicilian Defense,1,White
4752,110,11,1,Nimzowitsch Defense,1,White
12389,157,73,1,Sicilian Defense,2,White
12390,227,57,1,Italian Game,3,White
12392,173,29,1,Italian Game,4,Black
12393,53,38,1,Scandinavian Defense,5,Black
12396,152,24,1,King's Knight Opening,6,Black
12398,358,53,1,Sicilian Defense,7,White
12399,3,89,1,Scandinavian Defense,8,White
12400,178,22,1,Italian Game,9,White
12402,165,113,1,French Defense,10,White
12404,66,55,1,Scotch Game,11,White
6663,127,67,1,Sicilian Defense,1,White
12879,108,93,1,Ruy Lopez,2,White
3394,108,100,1,Ruy Lopez,1,White
11403,110,45,1,Italian Game,1,Black
12534,359,44,1,Nimzowitsch Defense,1,Black
15643,29,26,1,Philidor Defense,1,Black
17304,66,55,1,Queen's Pawn Game,2,White
17331,19,32,1,Italian Game,3,Black
3294,21,40,0,Van't Kruijs Opening,1,Black
18345,155,74,1,Philidor Defense,1,Black
18346,52,25,1,Philidor Defense,2,White
18347,277,59,1,Philidor Defense,3,Black
18351,77,169,1,Four Knights Game,4,Draw
18353,228,154,1,Philidor Defense,5,Black
5946,29,32,1,King's Pawn Game,1,Black
1067,12,63,1,Sicilian Defense,1,White
12649,12,63,1,Sicilian Defense,2,White
14516,12,63,1,Sicilian Defense,3,White
6836,258,50,0,Blackmar-Diemer Gambit,1,Black
10254,100,85,1,Sicilian Defense,1,White
5834,520,44,0,Indian Game,1,Black
19398,548,33,0,King's Knight Opening,1,White
8734,93,59,1,Sicilian Defense,1,White
19024,21,57,1,Scandinavian Defense,1,White
19025,16,98,1,Philidor Defense,2,Black
19026,51,143,1,Sicilian Defense,3,White
11575,84,106,1,Sicilian Defense,1,Black
6212,219,53,1,Horwitz Defense,1,White
4371,614,47,1,French Defense,1,White
509,82,56,1,Nimzo-Larsen Attack,1,Black
13575,272,142,1,Nimzo-Indian Defense,1,Black
1569,119,39,1,Sicilian Defense,1,White
557,125,53,1,King's Pawn Game,1,White
15328,229,50,1,King's Pawn Game,1,Black
11052,137,48,1,King's Pawn Game,1,Black
15401,90,81,1,Caro-Kann Defense,1,Black
6918,205,95,0,Sicilian Defense,1,White
18195,78,79,1,French Defense,1,White
11924,41,75,1,Blackmar-Diemer Gambit,1,White
12647,112,29,1,Sicilian Defense,1,White
14514,112,29,1,Sicilian Defense,2,White
5315,26,94,1,French Defense,1,Black
5317,52,28,1,King's Pawn Game,2,Black
5319,104,112,1,Philidor Defense,3,Black
5321,197,41,1,Italian Game,4,Black
5323,112,83,1,Sicilian Defense,5,White
5326,14,24,1,Scotch Game,6,Black
5327,31,66,1,Scotch Game,7,Black
5330,298,89,1,King's Knight Opening,8,Black
5332,39,37,1,Four Knights Game,9,White
5333,61,78,1,Italian Game,10,Black
5335,94,115,1,Vienna Game,11,White
5337,143,64,1,Sicilian Defense,12,Black
5339,59,67,1,Nimzowitsch Defense,13,White
19872,515,59,1,Russian Game,1,White
4858,101,48,1,Scotch Game,1,Black
6187,21,80,1,Van't Kruijs Opening,1,Black
17356,147,66,1,Van't Kruijs Opening,2,Black
5027,26,56,1,Nimzo-Indian Defense,1,Black
5028,169,46,1,Italian Game,2,Black
5029,246,20,1,Sicilian Defense,3,Black
5030,94,100,1,King's Knight Opening,4,Black
5033,225,47,1,Philidor Defense,5,White
5034,378,82,1,Queen's Gambit,6,Black
5035,36,109,1,Four Knights Game,7,White
5036,60,67,1,King's Knight Opening,8,White
5037,110,57,1,Scandinavian Defense,9,White
5039,112,41,1,Queen's Gambit,10,White
5040,89,141,1,Amar Opening,11,White
5041,49,41,1,Queen's Gambit,12,White
5042,50,95,1,Slav Defense,13,White
5044,82,77,1,Nimzo-Indian Defense,14,White
5046,140,68,1,Queen's Gambit,15,Black
5047,30,19,1,Queen's Gambit,16,White
5049,5,61,1,Queen's Pawn Game,17,White
5052,35,108,1,Nimzowitsch Defense,18,Black
5054,59,36,1,Nimzo-Indian Defense,19,Black
5055,39,120,1,Sicilian Defense,20,Black
5056,157,85,1,Italian Game,21,White
5057,30,58,1,Petrov's Defense,22,White
5058,27,98,1,Zukertort Opening,23,Black
5059,129,54,1,Slav Defense,24,Black
3071,37,63,1,Sicilian Defense,1,Black
8351,270,52,0,Sicilian Defense,1,Black
8353,270,49,0,Sicilian Defense,2,White
8356,45,48,1,Van't Kruijs Opening,3,Black
8358,291,31,0,Sicilian Defense,4,Black
3961,134,44,1,Sicilian Defense,1,White
15782,61,113,1,King's Knight Opening,1,White
11332,14,42,1,Nimzowitsch Defense,1,White
13603,14,42,1,Nimzowitsch Defense,2,White
3268,30,84,1,Sicilian Defense,1,Black
3272,12,66,1,French Defense,2,Black
3273,2,141,1,Robatsch (Modern) Defense,3,White
3274,78,68,1,Sicilian Defense,4,Black
3276,47,56,1,Sicilian Defense,5,Black
3278,19,68,1,Bishop's Opening,6,Black
3280,26,126,1,Bishop's Opening,7,Black
3281,16,56,1,Ruy Lopez,8,Black
3283,16,114,1,Italian Game,9,Black
3284,167,36,1,French Defense,10,Black
3285,177,3,1,Sicilian Defense,11,Draw
3286,155,112,1,French Defense,12,Black
19752,230,51,1,Caro-Kann Defense,1,White
2974,232,19,1,Zukertort Opening,1,White
10017,54,119,0,Sicilian Defense,1,White
9598,159,86,0,Van't Kruijs Opening,1,Black
9599,159,30,0,Van't Kruijs Opening,2,Black
9992,200,34,0,King's Pawn Game,1,Black
9995,191,43,1,King's Pawn Game,2,Draw
9996,174,63,0,King's Pawn Game,3,White
9997,174,95,0,King's Pawn Game,4,White
9998,52,76,0,Alekhine Defense,5,Black
10000,103,44,1,King's Knight Opening,6,Black
3719,175,27,1,Sicilian Defense,1,White
5064,110,107,0,Ruy Lopez,1,White
11081,24,74,1,Blackmar-Diemer Gambit,1,Black
10379,541,44,0,Ruy Lopez,1,Black
15571,103,62,1,Queen's Gambit,1,Black
7695,131,36,1,Van't Kruijs Opening,1,White
354,17,57,1,Sicilian Defense,1,White
15145,173,17,1,Van't Kruijs Opening,1,White
153,37,35,1,Vienna Game,1,White
5370,686,61,0,Alekhine Defense,1,White
5371,686,13,0,Alekhine Defense,2,White
8999,51,106,0,Caro-Kann Defense,1,Black
4,15,61,1,Queen's Pawn Game,1,White
1585,97,63,1,Four Knights Game,2,White
11311,15,61,1,Queen's Pawn Game,3,White
13159,97,63,1,Four Knights Game,4,White
14777,97,63,1,Four Knights Game,5,White
10122,61,45,1,Scandinavian Defense,1,White
7460,18,152,1,Sicilian Defense,1,Black
16898,50,21,1,Sicilian Defense,1,Black
14082,0,38,0,Scotch Game,1,Black
16970,175,18,1,French Defense,1,Black
8,695,9,0,Nimzowitsch Defense,1,Black
10,172,119,1,Scandinavian Defense,2,White
11,109,39,0,Van't Kruijs Opening,3,White
12,486,38,0,French Defense,4,Black
13,555,60,0,French Defense,5,Black
14,226,31,0,French Defense,6,Black
19525,48,58,1,Queen's Indian Defense,1,Draw
15586,94,57,1,Sicilian Defense,1,White
4035,76,43,1,Van't Kruijs Opening,1,White
4036,80,40,1,Van't Kruijs Opening,2,Black
4040,73,47,1,Van't Kruijs Opening,3,White
4045,147,17,0,Van't Kruijs Opening,4,Draw
4048,147,88,0,Blackmar-Diemer Gambit,5,Draw
4050,289,90,1,French Defense,6,Black
4051,85,57,1,Indian Game,7,White
4052,245,32,0,King's Pawn Game,8,Black
1134,260,53,1,Sicilian Defense,1,White
1313,396,36,0,King's Pawn Game,1,Black
16860,150,104,1,Philidor Defense,1,Black
16862,201,65,1,Scotch Game,2,White
16864,12,50,1,Scandinavian Defense,3,Black
16865,41,63,1,Scandinavian Defense,4,Black
3408,79,27,1,London System,1,White
15337,79,27,1,London System,2,White
3651,182,99,1,Italian Game,1,White
19798,59,76,1,Sicilian Defense,2,Black
17990,668,74,1,Center Game,1,Black
19347,308,34,1,King's Gambit,1,Black
8114,181,27,0,Philidor Defense,1,White
11484,176,2,1,Sicilian Defense,1,White
9655,57,31,1,Ruy Lopez,1,Draw
12059,165,61,1,Slav Defense,1,White
17388,11,80,1,Queen's Pawn Game,2,Black
11056,144,13,1,Vienna Game,1,White
2114,93,19,1,Queen's Gambit,1,White
10209,65,51,1,Horwitz Defense,1,Black
17521,33,61,1,Queen's Gambit,1,White
17341,370,68,0,Horwitz Defense,1,Black
17344,385,96,0,Sicilian Defense,2,Black
17345,240,53,0,Ruy Lopez,3,White
17349,385,64,0,French Defense,4,Black
13498,131,99,1,Caro-Kann Defense,1,White
11945,351,49,0,Nimzo-Indian Defense,1,Draw
11947,256,57,0,King's Indian Defense,2,Draw
11958,755,69,0,Queen's Gambit,3,White
17683,69,54,1,Queen's Pawn Game,1,Black
4711,250,46,0,Italian Game,1,Black
7616,17,112,1,French Defense,1,Black
15646,121,27,1,Vienna Game,1,White
13296,4,119,1,Sicilian Defense,1,White
13370,431,76,1,French Defense,1,Black
18202,158,46,1,French Defense,2,Black
13784,0,67,1,Sicilian Defense,1,White
1184,387,36,0,King's Pawn Game,1,Black
14253,100,75,1,Blackmar-Diemer Gambit,1,White
13331,10,99,1,Petrov's Defense,1,White
15179,87,117,0,King's Indian Defense,1,White
6764,85,33,1,Bishop's Opening,1,White
17198,346,53,1,French Defense,1,White
4984,142,101,1,French Defense,1,White
15016,217,41,1,King's Pawn Game,1,White
9134,129,76,1,Sicilian Defense,1,White
2988,461,39,1,King's Gambit,1,White
17850,336,39,1,Sicilian Defense,2,Black
13210,25,15,1,King's Pawn Game,1,White
10562,27,95,1,French Defense,1,White
11271,27,95,1,French Defense,2,White
3735,178,74,0,Queen's Gambit,1,Black
2961,128,105,1,Nimzo-Larsen Attack,1,White
2963,164,43,1,Queen's Pawn Game,2,White
19351,233,182,1,Queen's Gambit,1,Black
7760,85,24,1,Queen's Gambit,1,Black
12440,302,109,0,Neo-Gruenfeld Defense,1,White
12441,302,101,0,Caro-Kann Defense,2,White
14632,508,98,0,Ruy Lopez,3,White
5551,239,52,0,Van't Kruijs Opening,1,Black
2561,359,70,1,Dutch Defense,1,Black
2562,270,16,1,Horwitz Defense,2,Black
2565,38,72,1,Indian Game,3,Black
2567,182,24,1,Van't Kruijs Opening,4,Black
2568,198,54,1,King's Gambit,5,Black
2570,85,80,1,Bird Opening,6,Black
2574,48,27,1,Ruy Lopez,7,White
2576,70,52,1,Queen's Gambit,8,Black
2577,6,82,1,Italian Game,9,Black
9077,38,52,1,King's Indian Defense,1,Black
14317,151,54,1,Nimzowitsch Defense,1,Black
10018,176,31,1,Queen's Gambit,1,White
8418,789,3,0,French Defense,1,White
16464,17,95,1,Zukertort Opening,1,White
5777,0,73,1,Scandinavian Defense,1,Draw
5779,4,62,1,Caro-Kann Defense,2,Black
5782,1,70,1,Philidor Defense,3,Black
5785,70,82,1,Alekhine Defense,4,Black
5787,56,90,1,English Opening,5,Black
5788,113,51,1,English Opening,6,White
5792,32,54,1,English Opening,7,Black
5795,13,56,1,English Opening,8,Black
5796,51,41,1,English Opening,9,White
5798,63,56,1,English Opening,10,Black
5802,18,76,1,English Opening,11,Black
5804,20,61,1,English Opening,12,White
5805,4,60,1,English Opening,13,Black
5806,19,42,1,English Opening,14,Black
5812,69,86,1,English Opening,15,Black
5814,1,47,1,English Opening,16,White
5815,291,32,1,English Opening,17,Black
5817,46,21,1,English Opening,18,White
4810,230,21,1,Petrov's Defense,1,White
5899,273,41,1,Scandinavian Defense,1,White
5901,241,16,1,Nimzowitsch Defense,2,Black
5903,206,36,1,King's Knight Opening,3,Black
5906,457,22,1,Philidor Defense,4,Black
10727,34,95,1,King's Gambit,1,White
9193,106,23,1,King's Gambit,1,Black
18833,119,79,1,Zukertort Opening,1,White
11813,93,154,1,Sicilian Defense,1,Black
11816,110,24,1,Sicilian Defense,2,Draw
12030,3,65,1,Sicilian Defense,3,Black
12032,177,37,1,Sicilian Defense,4,White
12034,111,73,1,Caro-Kann Defense,5,Black
12036,46,145,1,Italian Game,6,White
12038,78,39,1,Italian Game,7,White
12039,320,146,1,Horwitz Defense,8,Black
12040,87,99,1,Queen's Pawn Game,9,White
12042,112,110,1,French Defense,10,Black
12045,20,45,1,Italian Game,11,White
12048,16,66,1,Italian Game,12,Black
12049,26,93,1,Alekhine Defense,13,White
12050,292,79,1,Sicilian Defense,14,Black
12052,36,44,1,French Defense,15,Black
14123,44,65,1,Italian Game,16,White
7277,112,4,0,Nimzowitsch Defense,1,White
4090,57,21,1,Sicilian Defense,1,White
4092,65,26,1,Sicilian Defense,2,White
18188,229,70,1,Sicilian Defense,1,Black
16414,62,48,1,Caro-Kann Defense,1,White
9011,211,11,1,French Defense,1,White
19976,29,112,1,Sicilian Defense,1,Black
1057,14,53,1,French Defense,1,White
13198,76,100,1,Van't Kruijs Opening,1,Black
7880,0,78,1,Van't Kruijs Opening,1,Black
19733,456,64,1,Scandinavian Defense,1,Black
19734,89,48,1,Four Knights Game,2,Black
19737,193,63,1,Sicilian Defense,3,White
19739,59,95,1,Caro-Kann Defense,4,White
19741,169,68,1,French Defense,5,Black
19743,35,56,1,Italian Game,6,Black
19745,36,19,1,Philidor Defense,7,Black
10984,223,67,1,King's Pawn Game,1,White
16701,4,40,1,Sicilian Defense,1,Black
5663,69,25,1,Ruy Lopez,1,White
4082,138,63,1,Sicilian Defense,1,White
9529,204,16,1,Van't Kruijs Opening,1,Black
9533,59,18,1,Italian Game,2,Black
9536,28,61,1,King's Knight Opening,3,White
9537,303,66,1,French Defense,4,Black
9538,93,41,1,French Defense,5,White
9540,38,21,1,King's Pawn Game,6,Black
9544,136,37,1,Petrov's Defense,7,White
9545,9,35,1,Horwitz Defense,8,White
9548,15,41,0,King's Knight Opening,9,White
9549,305,30,0,French Defense,10,Black
9552,38,36,0,Philidor Defense,11,Black
9553,38,20,0,King's Pawn Game,12,Black
9554,132,47,0,Nimzowitsch Defense,13,White
9557,437,34,1,Queen's Pawn Game,14,Black
9558,209,63,0,King's Pawn Game,15,White
9560,227,40,1,King's Pawn Game,16,Black
9561,591,54,1,King's Pawn Game,17,Black
9562,49,32,1,French Defense,18,Black
9563,91,54,0,Philidor Defense,19,Black
12046,82,33,1,Queen's Pawn Game,1,Black
3872,153,70,0,English Opening,1,Black
16413,181,69,1,Nimzowitsch Defense,1,White
4193,259,9,1,French Defense,1,White
2616,2,21,1,Sicilian Defense,1,White
2618,42,42,1,Sicilian Defense,2,Black
1748,152,87,1,Old Indian,1,White
12395,205,33,1,Queen's Gambit,2,White
12501,236,62,1,French Defense,1,Black
11616,141,17,0,Italian Game,1,White
8025,127,40,1,Caro-Kann Defense,1,Black
15424,254,114,1,Scandinavian Defense,1,Black
15425,239,66,1,Four Knights Game,2,Black
15428,168,54,1,Ruy Lopez,3,Black
15430,20,73,1,French Defense,4,Draw
15431,262,49,1,King's Knight Opening,5,White
15433,272,34,1,French Defense,6,Black
15435,537,44,1,Scotch Game,7,Black
15438,0,39,1,Sicilian Defense,8,White
15440,140,58,1,Ruy Lopez,9,Black
15442,148,22,1,Philidor Defense,10,Black
15443,249,54,1,Pirc Defense,11,Black
8031,5,32,1,Sicilian Defense,1,Black
6714,195,94,1,French Defense,1,Black
6716,170,70,1,French Defense,2,Black
17369,254,20,1,Queen's Pawn Game,1,Black
695,314,37,1,Ruy Lopez,1,White
696,4,48,1,Petrov's Defense,2,White
697,1,54,1,Philidor Defense,3,Black
11921,32,65,1,Robatsch (Modern) Defense,1,White
11922,106,69,1,Queen's Pawn Game,2,White
11925,37,57,1,Horwitz Defense,3,Black
11927,5,78,1,King's Indian Defense,4,Black
229,142,97,1,Four Knights Game,1,White
11667,2,128,1,Queen's Gambit,1,Black
13025,147,55,1,Philidor Defense,1,White
12735,158,3,0,King's Pawn Game,1,White
1927,5,47,1,King's Pawn Game,1,White
2191,340,14,1,Reti Opening,1,White
13358,340,14,1,Reti Opening,2,White
17067,77,47,1,King's Indian Attack,3,White
2203,830,89,1,Italian Game,1,White
2205,817,28,1,Philidor Defense,2,Black
994,154,21,0,Petrov's Defense,1,White
11634,146,15,0,Italian Game,2,White
16044,110,45,1,Blackmar-Diemer Gambit,1,White
7601,49,51,1,Sicilian Defense,1,Black
6571,175,46,1,King's Pawn Game,1,Black
6573,69,62,1,Four Knights Game,2,Black
18890,27,40,1,Sicilian Defense,1,Black
4096,15,59,1,Benoni Defense,1,White
12640,31,69,1,Ruy Lopez,1,White
115,11,54,1,Ruy Lopez,1,Black
13724,11,54,1,Ruy Lopez,2,Black
1616,25,101,1,Sicilian Defense,1,White
5094,86,28,0,King's Gambit,1,Draw
593,171,116,1,Scandinavian Defense,1,Black
16523,33,47,1,Four Knights Game,1,White
13655,256,69,0,Nimzowitsch Defense,1,White
9325,40,35,1,Scotch Game,1,White
19792,21,88,1,Dutch Defense,1,Black
11166,504,55,1,Nimzowitsch Defense,1,White
7845,17,115,1,Blackmar-Diemer Gambit,1,Draw
7846,71,96,1,King's Pawn Game,2,Black
7848,19,123,1,King's Pawn Game,3,White
7851,89,60,1,Van't Kruijs Opening,4,Black
7852,9,57,1,Van't Kruijs Opening,5,White
18193,21,39,1,Horwitz Defense,1,White
9858,117,31,1,Scandinavian Defense,1,White
404,398,47,0,Van't Kruijs Opening,1,White
406,398,76,0,Van't Kruijs Opening,2,Black
11929,74,38,0,Zukertort Opening,1,Black
13437,74,38,0,Zukertort Opening,2,Black
11109,104,54,1,Amar Opening,1,Black
3053,50,69,1,Sicilian Defense,1,White
5151,110,38,1,Sicilian Defense,1,Black
1953,21,118,1,King's Gambit,1,Black
19583,183,50,1,Queen's Gambit,1,Black
19312,33,21,1,Blackmar-Diemer Gambit,1,Black
11065,46,134,1,King's Knight Opening,1,Black
5420,320,10,1,Queen's Pawn Game,1,Black
7340,841,56,1,Sicilian Defense,2,Black
18324,320,10,1,Queen's Pawn Game,3,Black
12121,17,128,1,Ruy Lopez,1,Black
15505,96,30,1,Ruy Lopez,2,White
17692,18,79,1,Scandinavian Defense,1,White
9824,279,89,1,Sicilian Defense,1,White
7114,380,99,0,Scotch Game,1,White
2137,207,41,1,Center Game,1,White
3604,118,64,1,Italian Game,1,Black
3605,84,74,1,Sicilian Defense,2,Black
3607,100,123,1,Petrov's Defense,3,White
3611,24,27,1,Sicilian Defense,4,White
3612,307,27,1,Pirc Defense,5,White
3613,54,61,1,Sicilian Defense,6,White
3616,180,17,1,Italian Game,7,White
3618,489,54,1,Italian Game,8,Black
3619,166,45,1,Italian Game,9,White
3622,323,44,1,English Opening,10,Black
3623,157,23,1,Italian Game,11,White
3625,14,54,1,Van't Kruijs Opening,12,White
5139,308,59,0,French Defense,1,White
10986,269,55,0,Sicilian Defense,1,White
10989,134,137,0,Italian Game,2,Draw
10991,127,48,0,Four Knights Game,3,Draw
10992,241,60,0,Italian Game,4,Black
10994,221,42,0,Italian Game,5,Black
1201,221,104,1,Blackmar-Diemer Gambit,1,Draw
14676,221,104,1,Blackmar-Diemer Gambit,2,Draw
4493,57,64,0,Sicilian Defense,1,Black
171,3,100,1,Sicilian Defense,1,Black
13334,16,15,1,Ruy Lopez,1,White
19408,174,45,1,Blackmar-Diemer Gambit,1,White
8768,52,159,1,Philidor Defense,1,White
18942,107,40,1,Benoni Defense,2,Black
1867,118,63,1,Sicilian Defense,1,White
4111,329,57,1,Italian Game,1,White
17249,155,75,1,Scandinavian Defense,1,White
17250,52,65,1,King's Pawn Game,2,White
17251,34,135,1,Bishop's Opening,3,White
17252,34,57,0,French Defense,4,White
17253,14,61,1,King's Pawn Game,5,White
17255,178,88,1,King's Pawn Game,6,Black
17256,118,66,1,French Defense,7,Black
17261,2,97,1,French Defense,8,White
17262,153,96,1,Scotch Game,9,Black
17264,67,45,1,King's Pawn Game,10,White
17265,11,49,1,Scotch Game,11,White
17267,192,72,1,King's Pawn Game,12,Black
17268,203,125,0,King's Pawn Game,13,White
17270,93,25,0,King's Pawn Game,14,White
17272,24,104,0,Sicilian Defense,15,Black
17273,46,47,1,King's Pawn Game,16,White
17276,44,30,1,Nimzowitsch Defense,17,Black
17278,532,79,1,Sicilian Defense,18,Black
17280,273,71,1,Sicilian Defense,19,White
17283,29,70,1,King's Pawn Game,20,Black
17284,65,48,1,French Defense,21,Black
17286,148,75,1,French Defense,22,White
17288,35,61,1,King's Pawn Game,23,White
18301,94,123,1,Nimzo-Larsen Attack,1,White
12359,28,109,1,Caro-Kann Defense,1,White
17750,100,99,0,Petrov's Defense,1,White
5316,28,41,1,Petrov's Defense,1,White
9723,315,26,1,King's Pawn Game,1,Black
19682,368,61,0,Slav Defense,1,White
6494,100,41,0,Bird Opening,1,White
15768,100,118,1,King's Knight Opening,1,Black
8364,420,94,1,French Defense,1,Black
11405,82,104,1,King's Pawn Game,1,Black
13732,82,104,1,King's Pawn Game,2,Black
19053,82,104,1,King's Pawn Game,3,Black
10616,175,7,1,Nimzowitsch Defense,1,White
9958,5,56,1,Ruy Lopez,1,White
16872,349,34,0,Yusupov-Rubinstein System,1,Black
18757,108,58,1,Queen's Pawn Game,2,White
7260,200,93,1,Van't Kruijs Opening,1,White
236,110,48,1,Pirc Defense,1,Black
19212,110,48,1,Pirc Defense,2,Black
9283,292,49,0,Vienna Game,1,Black
16472,60,27,1,French Defense,1,White
17579,36,59,1,Sicilian Defense,1,White
5548,150,4,0,Sicilian Defense,1,White
15664,123,102,1,French Defense,1,Black
15666,139,80,1,Sicilian Defense,2,Black
15668,57,12,1,Italian Game,3,Black
15670,63,53,1,Sicilian Defense,4,Draw
15671,73,63,1,Sicilian Defense,5,White
15674,58,42,1,Petrov's Defense,6,Black
15677,69,34,1,Philidor Defense,7,Black
15679,130,37,1,King's Knight Opening,8,White
15680,105,73,1,Scandinavian Defense,9,White
15681,98,110,1,Italian Game,10,Black
15685,112,57,1,Sicilian Defense,11,Draw
15686,223,49,1,Robatsch (Modern) Defense,12,White
15689,116,52,1,Sicilian Defense,13,Black
15690,177,26,1,Petrov's Defense,14,Black
15692,140,80,1,Nimzowitsch Defense,15,Black
15694,159,18,1,Nimzowitsch Defense,16,White
15696,199,42,1,Philidor Defense,17,Black
15702,41,41,1,Philidor Defense,18,Black
15704,45,24,1,Italian Game,19,White
15705,147,41,0,Philidor Defense,20,Black
15709,20,84,1,Robatsch (Modern) Defense,21,Black
15711,22,29,1,Italian Game,22,White
15712,51,56,1,Italian Game,23,Black
13685,75,96,1,Italian Game,1,Black
6280,300,39,1,Sicilian Defense,1,White
3977,262,102,1,Alekhine Defense,1,Black
6026,257,54,0,Horwitz Defense,1,Black
6029,526,38,1,Horwitz Defense,2,Black
6031,511,36,1,Center Game,3,Black
5298,24,45,1,Horwitz Defense,1,White
15084,275,106,1,French Defense,1,Black
15086,195,25,1,Ruy Lopez,2,White
15089,18,53,1,Philidor Defense,3,White
15092,54,78,1,Alekhine Defense,4,Black
15094,89,108,1,Sicilian Defense,5,White
15096,1,71,1,Nimzowitsch Defense,6,White
15100,9,76,1,French Defense,7,Black
15101,81,127,1,Sicilian Defense,8,White
15102,121,86,1,Sicilian Defense,9,Black
15106,16,88,1,Italian Game,10,Black
15107,80,73,1,Philidor Defense,11,Draw
15108,152,148,1,Sicilian Defense,12,Draw
15110,278,49,1,King's Knight Opening,13,White
15111,115,52,1,Italian Game,14,Black
15112,19,64,1,Philidor Defense,15,Black
7966,106,64,1,Italian Game,1,Black
9074,176,90,1,Indian Game,1,Black
4314,34,39,1,Italian Game,1,White
6094,13,24,1,Italian Game,1,Black
16795,46,51,1,Horwitz Defense,1,White
14943,68,25,1,Italian Game,1,Draw
2416,459,60,1,Scandinavian Defense,1,Black
12342,28,30,0,Blackmar-Diemer Gambit,1,Black
12343,117,12,1,Queen's Pawn,2,Black
12345,84,81,1,Blackmar-Diemer Gambit,3,White
12346,393,107,1,Blackmar-Diemer Gambit,4,White
12355,294,26,1,Horwitz Defense,5,Black
12356,258,47,1,Horwitz Defense,6,Black
12357,79,5,1,Blackmar-Diemer Gambit,7,White
12360,227,59,1,Horwitz Defense,8,Black
12363,301,40,1,Indian Game,9,Black
12365,28,15,0,Blackmar-Diemer Gambit,10,White
12366,29,52,0,Horwitz Defense,11,White
12367,35,32,0,Horwitz Defense,12,Black
12370,77,89,1,Queen's Pawn,13,White
8721,40,27,1,Sicilian Defense,1,White
5019,610,27,1,Horwitz Defense,1,White
10902,219,54,0,Robatsch (Modern) Defense,1,Black
13063,176,25,0,Zukertort Opening,1,White
12252,91,53,1,French Defense,1,White
17711,34,75,1,Sicilian Defense,2,Draw
14417,170,31,0,King's Knight Opening,1,White
14420,857,72,1,Italian Game,2,Black
14421,172,23,1,Four Knights Game,3,White
14422,464,90,1,King's Knight Opening,4,Black
14426,727,44,1,French Defense,5,Black
14427,63,17,1,Petrov's Defense,6,White
14428,366,70,1,Pirc Defense,7,Black
14430,450,32,1,Italian Game,8,Black
8411,134,35,1,King's Gambit,1,White
6800,1,117,1,Italian Game,1,White
6803,47,38,0,Italian Game,2,Black
6805,79,103,1,Italian Game,3,White
6807,88,38,0,Sicilian Defense,4,Black
6808,180,52,1,Nimzowitsch Defense,5,Black
6810,528,57,0,Sicilian Defense,6,White
6811,219,27,1,Alekhine Defense,7,White
6812,243,9,1,Italian Game,8,White
6815,125,61,1,French Defense,9,White
6816,51,45,1,Philidor Defense,10,White
6817,686,102,0,Italian Game,11,Black
6818,84,47,0,French Defense,12,White
6819,96,49,1,Alekhine Defense,13,White
6820,153,28,1,French Defense,14,White
6822,578,20,0,Sicilian Defense,15,White
6823,108,23,1,Italian Game,16,White
6824,108,47,0,Scandinavian Defense,17,White
6827,23,35,1,Philidor Defense,18,White
6831,122,61,1,Petrov's Defense,19,White
6832,427,23,0,Italian Game,20,White
6833,304,49,0,Scandinavian Defense,21,White
6834,34,68,0,Sicilian Defense,22,Black
1562,26,33,1,Nimzowitsch Defense,1,White
14583,67,67,1,Sicilian Defense,1,White
471,122,41,1,French Defense,1,White
18518,109,42,1,Scotch Game,2,Black
9622,660,2,1,Scandinavian Defense,1,Black
14447,331,35,1,Italian Game,1,White
12336,17,47,1,Ruy Lopez,1,White
12339,39,49,1,King's Knight Opening,2,White
10672,32,75,1,Queen's Gambit,1,White
4323,193,59,1,Horwitz Defense,1,White
12887,5,48,1,King's Indian Defense,1,Black
6589,29,61,1,Four Knights Game,1,White
12846,82,76,1,Sicilian Defense,1,Black
5460,554,7,1,Nimzowitsch Defense,1,White
5461,547,7,1,Nimzowitsch Defense,2,White
5464,583,7,1,Nimzowitsch Defense,3,White
15448,49,159,1,Queen's Gambit,1,White
15449,190,116,1,French Defense,2,Black
15450,32,53,1,Italian Game,3,White
15453,33,141,1,French Defense,4,Black
15454,299,151,0,Queen's Gambit,5,White
15456,299,105,0,Semi-Slav Defense,6,White
15459,56,105,1,Queen's Gambit,7,White
15461,7,72,1,Queen's Gambit,8,Black
15462,424,87,0,Horwitz Defense,9,White
15464,72,53,0,Queen's Gambit,10,White
15466,301,26,0,Van't Kruijs Opening,11,Black
15467,106,142,1,Queen's Gambit,12,Black
15470,203,88,0,Queen's Indian Defense,13,Draw
15471,203,107,0,Queen's Indian Defense,14,White
15472,38,132,1,Slav Defense,15,Black
15473,90,38,1,Queen's Gambit,16,Black
15475,9,81,1,Queen's Gambit,17,White
15477,148,126,0,Queen's Indian Defense,18,Black
15478,148,123,0,Queen's Indian Defense,19,White
15479,2,222,1,Pirc Defense,20,Draw
15480,25,31,1,Queen's Gambit,21,White
18543,217,33,0,Italian Game,22,White
18545,217,62,0,Dutch Defense,23,Black
18547,217,64,0,Queen's Gambit,24,Black
1323,308,81,0,Italian Game,1,White
17698,0,140,1,Sicilian Defense,1,Black
11786,121,51,1,Robatsch (Modern) Defense,1,White
7688,445,74,1,Sicilian Defense,1,Black
16396,120,20,0,Scotch Game,1,Black
11102,16,53,1,Caro-Kann Defense,1,White
4094,47,61,1,Sicilian Defense,1,White
4514,17,38,1,Caro-Kann Defense,1,White
11343,33,52,1,Nimzo-Indian Defense,1,Black
17068,63,13,1,Gruenfeld Defense,1,Black
12020,353,50,1,Robatsch (Modern) Defense,1,Black
12022,340,46,1,King's Pawn Game,2,Black
13779,49,175,1,Sicilian Defense,1,White
2767,126,48,1,Alekhine Defense,1,Black
4915,13,74,1,Sicilian Defense,2,Black
14057,61,50,1,King's Pawn Game,3,Black
10419,34,150,0,King's Pawn Game,1,Black
9429,602,19,0,Queen's Gambit,1,White
12267,58,65,1,Horwitz Defense,1,White
16227,344,40,1,French Defense,1,Black
16476,148,28,1,French Defense,1,Black
16477,238,49,1,Bishop's Opening,2,White
16480,268,107,1,Pirc Defense,3,Draw
16481,205,140,1,Nimzowitsch Defense,4,Black
4457,150,24,1,King's Pawn Game,1,Black
1592,76,47,1,King's Knight Opening,1,White
13166,76,47,1,King's Knight Opening,2,White
14784,76,47,1,King's Knight Opening,3,White
10084,43,53,0,Queen's Gambit,1,White
10086,943,31,0,Mexican Defense,2,White
10087,539,45,0,Queen's Gambit,3,White
10802,59,93,1,Vienna Game,1,White
4551,338,14,0,French Defense,1,Black
10368,99,78,0,Horwitz Defense,1,Black
7469,10,45,1,Queen's Gambit,1,White
19750,564,30,1,Blackmar-Diemer Gambit,1,Black
307,130,78,0,Van't Kruijs Opening,1,Black
309,130,70,0,King's Pawn Game,2,Black
14702,1,135,1,Sicilian Defense,1,Draw
9130,1027,54,0,Sicilian Defense,1,Black
9131,522,108,0,Sicilian Defense,2,Draw
10596,470,80,1,Blackmar-Diemer Gambit,1,Black
11305,470,80,1,Blackmar-Diemer Gambit,2,Black
7421,50,62,1,Scotch Game,1,Black
13023,112,36,1,Philidor Defense,1,Black
19626,200,62,0,Benoni Defense,1,Black
19628,85,85,0,Yusupov-Rubinstein System,2,Draw
19630,108,71,0,Queen's Pawn Game,3,White
19631,0,63,0,Queen's Pawn Game,4,White
19633,41,76,0,Queen's Pawn Game,5,Black
19636,40,70,0,Queen's Pawn Game,6,Black
19638,8,39,0,Queen's Pawn Game,7,White
19639,312,61,0,Queen's Pawn Game,8,White
19643,20,69,0,Queen's Pawn Game,9,White
19644,188,35,0,Queen's Pawn,10,White
19647,86,79,0,Queen's Pawn Game,11,White
19649,22,120,0,Dutch Defense,12,Black
19650,391,62,0,Queen's Pawn Game,13,Black
19653,109,88,0,Queen's Pawn Game,14,Black
19654,148,35,0,Horwitz Defense,15,White
19657,103,31,0,Horwitz Defense,16,White
19658,25,72,0,Yusupov-Rubinstein System,17,Black
19660,163,94,0,Queen's Pawn Game,18,Black
19663,77,51,0,Horwitz Defense,19,White
19759,22,120,0,Dutch Defense,20,Black
8880,196,60,1,Center Game,1,Black
11170,192,19,1,Horwitz Defense,1,White
18487,229,102,1,French Defense,1,Black
492,36,23,1,Queen's Gambit,1,White
8475,136,46,1,Blackmar-Diemer Gambit,1,Black
19113,125,2,1,French Defense,1,White
12053,6,77,0,French Defense,1,White
12055,68,44,1,Blackmar-Diemer Gambit,2,Black
12056,88,39,1,Blackmar-Diemer Gambit,3,White
12060,214,49,1,Blackmar-Diemer Gambit,4,White
12062,57,38,0,Queen's Gambit,5,Black
12063,256,24,1,Queen's Gambit,6,Black
12066,162,47,0,Zukertort Opening,7,Black
12068,33,46,1,King's Knight Opening,8,Black
12069,28,71,1,Philidor Defense,9,White
12074,34,134,1,Scandinavian Defense,10,Black
12075,19,18,1,Petrov's Defense,11,Black
12076,96,99,1,Italian Game,12,White
12078,0,60,1,Scandinavian Defense,13,Black
12080,380,44,1,Philidor Defense,14,Black
12081,1407,58,0,Sicilian Defense,15,Black
12083,306,154,1,Sicilian Defense,16,Black
12084,622,56,1,Four Knights Game,17,Black
12086,82,57,1,Queen's Gambit,18,White
12089,91,70,1,Scandinavian Defense,19,Black
12092,0,32,1,Italian Game,20,Black
12093,24,86,1,King's Knight Opening,21,Black
12094,32,27,1,Queen's Pawn Game,22,White
12098,29,33,1,Ruy Lopez,23,Black
9575,409,15,1,Scotch Game,1,White
10526,101,85,1,Italian Game,1,Black
11235,101,85,1,Italian Game,2,Black
8726,61,63,1,Sicilian Defense,1,White
10613,650,53,1,Zukertort Opening,1,White
10615,652,9,1,Nimzowitsch Defense,2,White
10567,23,56,1,French Defense,1,Black
11276,23,56,1,French Defense,2,Black
973,203,42,0,Van't Kruijs Opening,1,Black
974,67,58,0,King's Pawn Game,2,Black
7257,10,58,1,Bird Opening,1,Black
7258,24,57,1,Van't Kruijs Opening,2,White
7261,47,77,1,Van't Kruijs Opening,3,Black
7264,30,77,1,English Opening,4,White
7266,34,99,1,King's Pawn Game,5,White
7268,51,68,1,Van't Kruijs Opening,6,White
7270,92,54,1,Sicilian Defense,7,Black
7273,9,68,1,Queen's Pawn Game,8,Black
7275,101,105,1,Horwitz Defense,9,White
7276,343,58,1,Zukertort Opening,10,Black
7278,208,129,1,Van't Kruijs Opening,11,White
7281,37,74,1,Pirc Defense,12,Black
7282,56,57,1,Bird Opening,13,White
7286,127,116,1,Bird Opening,14,Black
7288,125,86,1,Scotch Game,15,Black
7290,7,94,1,Van't Kruijs Opening,16,Black
7294,68,93,1,Queen's Pawn Game,17,White
7295,17,70,1,Robatsch (Modern) Defense,18,Black
7298,60,89,1,Blackmar-Diemer Gambit,19,White
7301,113,62,1,Van't Kruijs Opening,20,Black
7302,88,70,1,King's Pawn Game,21,Black
7303,41,143,1,Queen's Gambit,22,White
4253,132,45,1,Ruy Lopez,1,White
4789,10,11,1,French Defense,1,White
1517,14,30,1,Scotch Game,1,Black
10232,77,126,0,Italian Game,1,Black
11210,239,71,1,Scandinavian Defense,2,White
4632,366,30,0,Sicilian Defense,1,Black
5716,217,103,0,Queen's Gambit,1,White
5718,217,26,0,Slav Defense,2,White
11825,50,48,1,Sicilian Defense,1,Black
4075,58,70,1,Van't Kruijs Opening,1,Black
7607,11,151,1,Old Indian,1,Draw
7610,116,67,1,Queen's Gambit,2,White
7612,43,30,1,Slav Defense,3,Black
7615,296,44,1,Benoni Defense,4,White
7617,267,60,1,Horwitz Defense,5,Black
7620,7,69,1,Queen's Pawn Game,6,White
7622,186,50,1,Queen's Gambit,7,Black
7624,55,60,1,Slav Defense,8,Black
7625,34,52,1,Queen's Gambit,9,Black
7628,347,27,1,Queen's Gambit,10,White
7630,161,39,1,Queen's Gambit,11,White
7633,129,51,1,Queen's Pawn,12,White
7636,101,135,1,Queen's Gambit,13,White
7638,21,55,1,Queen's Gambit,14,White
7639,153,95,1,Old Indian Defense,15,Black
614,156,61,1,Sicilian Defense,1,White
1369,585,56,0,Scandinavian Defense,1,Black
1371,585,31,0,Caro-Kann Defense,2,White
6976,11,140,1,Four Knights Game,1,Black
4227,72,86,1,King's Knight Opening,1,Black
9115,331,126,1,Alekhine Defense,1,Black
9814,66,67,1,Sicilian Defense,1,White
8738,10,16,1,Sicilian Defense,1,Black
2267,223,50,1,Sicilian Defense,1,Black
5383,26,25,0,Italian Game,1,Black
19622,41,86,1,Caro-Kann Defense,1,Black
19624,63,47,1,Caro-Kann Defense,2,White
7198,53,37,1,Sicilian Defense,1,White
10284,721,40,1,Slav Defense,1,Black
3214,36,100,0,Queen's Gambit,1,Black
7462,17,93,1,Slav Defense,1,White
7464,66,49,1,Queen's Gambit,2,Black
7466,183,89,1,Queen's Gambit,3,Black
7467,307,75,1,Slav Defense,4,Black
7468,25,121,1,Queen's Gambit,5,Black
7471,14,64,1,Nimzo-Indian Defense,6,Black
7472,80,116,1,Robatsch (Modern) Defense,7,Draw
7474,199,61,1,Slav Defense,8,White
7476,224,41,1,Ruy Lopez,9,Black
7479,39,45,1,Nimzo-Indian Defense,10,Draw
7480,364,88,1,Ruy Lopez,11,Black
7482,352,93,1,Slav Defense,12,White
7486,338,34,1,Slav Defense,13,White
7487,331,101,1,Ruy Lopez,14,White
7489,19,54,1,King's Indian Defense,15,Black
7492,4,178,1,Semi-Slav Defense,16,Draw
7495,339,71,1,Ruy Lopez,17,White
7496,328,71,1,Zukertort Opening,18,White
7497,322,49,1,Slav Defense,19,White
7498,26,50,1,Budapest Defense,20,Black
7499,6,30,1,Gruenfeld Defense,21,Black
7500,349,69,1,Semi-Slav Defense,22,White
7873,129,115,1,Petrov's Defense,1,Draw
14593,20,66,1,English Opening,1,Black
6794,248,79,0,Scandinavian Defense,1,White
13059,312,106,0,Italian Game,1,Black
13060,479,24,1,Italian Game,2,Black
13061,138,29,0,Italian Game,3,Black
13065,61,44,1,Italian Game,4,Black
13067,244,28,0,Philidor Defense,5,Black
14121,43,118,1,Sicilian Defense,1,Black
940,188,41,0,Horwitz Defense,1,White
1148,76,118,1,Blackmar-Diemer Gambit,1,Black
14602,76,118,1,Blackmar-Diemer Gambit,2,Black
16238,272,86,0,Sicilian Defense,1,Black
16240,272,78,0,Sicilian Defense,2,Black
3534,238,47,1,English Opening,1,White
3536,20,38,1,English Opening,2,Black
7982,17,28,1,French Defense,1,White
17121,87,123,1,Ruy Lopez,1,White
5500,144,21,1,Italian Game,1,White
1414,192,40,1,French Defense,1,White
19114,1,54,1,English Opening,1,Black
18816,62,89,1,King's Pawn Game,1,White
12139,126,26,1,Slav Defense,1,Black
775,119,21,1,Blackmar-Diemer Gambit,1,Black
10954,51,37,1,Sicilian Defense,1,White
635,101,11,1,Queen's Pawn Game,1,Draw
12005,101,11,1,Queen's Pawn Game,2,Draw
7964,3,41,1,King's Gambit,1,White
16682,32,57,1,Yusupov-Rubinstein System,1,White
9287,97,3,1,Scandinavian Defense,1,White
9288,97,3,1,Scandinavian Defense,2,White
10205,32,61,1,English Opening,3,White
7974,116,30,1,Scotch Game,1,Black
7975,14,44,1,Ruy Lopez,2,Black
5032,118,81,1,Center Game,1,White
11685,20,51,1,Philidor Defense,1,White
14984,239,44,1,Nimzo-Larsen Attack,1,Black
8084,58,16,1,Budapest Defense,1,Black
8085,26,44,1,Queen's Gambit,2,Black
8086,62,32,1,Zukertort Opening,3,Black
8088,74,30,1,Semi-Slav Defense,4,Black
8752,51,56,1,Indian Game,1,Black
1893,23,17,1,Ruy Lopez,1,White
19438,299,68,1,Sicilian Defense,1,Black
11055,158,68,1,Indian Game,1,Black
11066,81,96,1,Indian Game,2,White
11090,116,56,1,Queen's Pawn Game,3,Black
11100,4,112,1,Horwitz Defense,4,Black
13302,21,122,1,Sicilian Defense,1,Draw
19697,231,42,1,Benko Gambit,1,Black
17496,13,113,1,Pirc Defense,1,White
17295,119,38,0,Center Game,1,Black
19369,46,62,1,Nimzowitsch Defense,1,Black
8506,110,119,1,Vienna Game,1,Draw
14737,143,40,1,Petrov's Defense,1,Black
9721,157,64,1,Horwitz Defense,1,Black
10879,182,84,1,Queen's Gambit,2,Black
9480,64,85,1,Van't Kruijs Opening,1,White
9481,19,31,1,French Defense,2,White
9482,38,55,1,French Defense,3,White
9483,262,81,1,Van't Kruijs Opening,4,White
9484,45,67,1,Vienna Game,5,White
9485,144,37,1,Vienna Game,6,White
9488,154,68,1,Amar Opening,7,Black
9490,377,16,1,English Opening,8,Black
1218,51,19,1,English Opening,1,White
1638,30,54,1,English Opening,2,Black
17458,509,24,1,French Defense,1,Black
15154,145,76,1,Horwitz Defense,1,Black
11614,75,54,0,Sicilian Defense,1,Black
8164,78,31,1,Sicilian Defense,1,White
1160,421,9,0,Philidor Defense,1,White
5708,42,58,1,French Defense,1,Black
13359,59,5,1,King's Pawn Game,1,White
13364,18,33,1,Horwitz Defense,2,White
6560,52,131,1,Horwitz Defense,1,White
15124,412,71,1,Philidor Defense,1,White
1112,332,52,1,Sicilian Defense,1,Black
5243,405,38,1,Caro-Kann Defense,1,Black
18530,151,73,0,Ruy Lopez,1,White
10195,164,15,0,Bishop's Opening,1,Black
19949,103,18,1,Sicilian Defense,1,Black
760,244,42,1,Four Knights Game,1,Black
10601,208,94,1,Van't Kruijs Opening,1,Black
11310,208,94,1,Van't Kruijs Opening,2,Black
16466,94,108,1,Benoni Defense,1,Draw
14458,49,94,1,Four Knights Game,1,Black
17805,475,58,1,Indian Game,1,Black
4018,101,46,1,Ruy Lopez,1,Black
6188,225,49,1,King's Gambit,1,White
6190,54,41,1,Ruy Lopez,2,White
6193,139,7,1,Scandinavian Defense,3,White
6194,54,119,1,Ruy Lopez,4,White
6195,121,95,1,Philidor Defense,5,White
6196,229,77,1,Ruy Lopez,6,White
8966,531,79,1,King's Gambit,1,White
6745,129,18,1,French Defense,1,Black
298,3,115,1,King's Gambit,1,White
299,6,70,1,Bird Opening,2,Black
300,37,36,1,Bird Opening,3,Black
308,130,77,0,Bird Opening,4,White
311,105,102,0,Bird Opening,5,Black
313,105,33,0,Bird Opening,6,White
6485,54,3,0,King's Knight Opening,1,White
14058,81,40,1,Petrov's Defense,1,Black
2210,625,140,1,Sicilian Defense,1,Draw
2215,486,35,0,Sicilian Defense,2,White
2217,486,41,1,Sicilian Defense,3,White
2219,248,63,1,French Defense,4,White
2222,423,57,0,Queen's Pawn Game,5,White
2224,423,51,0,Scandinavian Defense,6,White
2227,735,45,1,French Defense,7,White
2228,511,17,0,Vienna Game,8,White
2229,511,29,0,King's Knight Opening,9,White
2231,511,13,0,Vienna Game,10,White
2233,511,33,0,King's Knight Opening,11,White
2234,551,25,0,Benoni Defense,12,White
2236,809,97,0,Nimzo-Indian Defense,13,White
2238,809,59,0,Ruy Lopez,14,White
2240,393,67,0,Sicilian Defense,15,White
2243,393,57,0,Philidor Defense,16,White
2245,393,55,1,Philidor Defense,17,White
2247,96,75,1,Van't Kruijs Opening,18,White
2249,20,55,1,King's Indian Attack,19,White
18459,404,36,1,Dutch Defense,1,Black
9434,5,41,1,Queen's Gambit,1,White
11394,110,56,1,English Opening,1,Black
1311,377,87,0,Philidor Defense,1,White
7631,18,49,1,French Defense,1,White
6398,97,100,1,Van't Kruijs Opening,1,Black
6400,60,53,1,Nimzo-Larsen Attack,2,White
6405,117,31,1,Blackmar-Diemer Gambit,3,White
6422,235,76,1,Bird Opening,4,Black
6423,61,60,1,Bird Opening,5,Black
6424,154,78,1,English Opening,6,Black
6425,521,98,1,Bird Opening,7,Black
6426,66,62,1,Pirc Defense,8,Black
6427,148,96,1,Bird Opening,9,Draw
6428,184,39,1,Bird Opening,10,White
6429,91,73,1,Scotch Game,11,White
6431,108,152,1,Four Knights Game,12,Black
6432,162,43,1,French Defense,13,White
6433,570,52,1,Blackmar-Diemer Gambit,14,Black
6434,219,40,1,French Defense,15,Black
6435,49,63,1,Bird Opening,16,White
6436,65,21,1,Nimzowitsch Defense,17,White
6437,47,59,1,Bird Opening,18,White
6439,47,40,1,Bird Opening,19,Black
6441,366,108,1,Bird Opening,20,Black
17042,126,80,1,Blackmar-Diemer Gambit,1,White
9107,261,4,0,Van't Kruijs Opening,1,White
6719,120,60,1,French Defense,1,Black
19849,9,53,0,Italian Game,1,White
2031,46,15,1,Italian Game,1,White
19732,314,31,0,Horwitz Defense,1,White
19392,24,132,1,Sicilian Defense,1,Black
11833,97,43,1,Queen's Pawn Game,1,White
11834,697,37,1,French Defense,2,White
11835,249,49,1,Ruy Lopez,3,White
11838,66,114,1,Ruy Lopez,4,Black
2581,247,37,0,Italian Game,1,White
2583,1,46,0,King's Knight Opening,2,Black
2584,369,11,1,Sicilian Defense,3,White
2585,299,77,1,French Defense,4,White
2587,248,37,1,French Defense,5,White
2588,37,89,1,Petrov's Defense,6,White
2590,169,30,1,Sicilian Defense,7,White
15361,247,37,0,Italian Game,8,White
15363,1,46,0,King's Knight Opening,9,Black
15364,369,11,1,Sicilian Defense,10,White
15365,299,77,1,French Defense,11,White
15367,248,37,1,French Defense,12,White
15368,37,89,1,Petrov's Defense,13,White
15370,169,30,1,Sicilian Defense,14,White
16298,443,53,1,Scandinavian Defense,1,White
9967,567,2,1,Blackmar-Diemer Gambit,1,Black
9970,550,2,1,Van't Kruijs Opening,2,Black
9971,543,2,1,Van't Kruijs Opening,3,Black
9974,522,2,1,Van't Kruijs Opening,4,Black
9979,478,2,1,Pirc Defense,5,Black
9981,455,2,1,Van't Kruijs Opening,6,Black
9984,414,2,1,Van't Kruijs Opening,7,Black
9986,376,2,1,Van't Kruijs Opening,8,Black
9990,229,27,0,Italian Game,9,White
18473,10,32,1,English Opening,1,Black
4547,240,37,1,Sicilian Defense,1,White
12087,357,111,1,Indian Game,1,White
8255,144,31,1,Van't Kruijs Opening,1,White
4684,0,67,0,Nimzo-Larsen Attack,1,White
4686,0,94,0,Benko Gambit,2,Black
4688,0,62,0,French Defense,3,Black
17937,36,79,0,Pirc Defense,1,White
7832,575,64,1,Van't Kruijs Opening,1,Black
7836,250,76,1,Van't Kruijs Opening,2,Black
1958,29,35,1,King's Knight Opening,1,White
9148,146,68,1,Zukertort Opening,1,Black
13914,162,129,1,Zukertort Opening,2,White
14726,371,82,1,Sicilian Defense,3,Black
2751,514,39,1,Nimzowitsch Defense,1,White
8159,7,75,1,Van't Kruijs Opening,1,White
13403,115,20,1,Ruy Lopez,1,Draw
7711,105,33,1,Sicilian Defense,1,White
2939,60,80,0,Sicilian Defense,1,Black
5206,43,75,0,Indian Game,1,Black
5208,43,70,0,Sicilian Defense,2,Black
5210,43,93,0,Sicilian Defense,3,White
15861,11,74,0,Nimzowitsch Defense,1,Black
18902,120,66,1,Pirc Defense,1,Black
19300,338,45,1,Van't Kruijs Opening,1,White
3022,41,46,1,Queen's Gambit,1,Black
16981,67,158,1,English Opening,2,Black
8424,228,40,1,King's Knight Opening,1,Black
18403,137,141,1,Ruy Lopez,1,Draw
10497,276,11,1,Blackmar-Diemer Gambit,1,White
4734,5,35,1,Sicilian Defense,1,White
7543,98,47,0,Petrov's Defense,1,White
5469,487,46,0,Italian Game,1,Black
10162,267,50,0,Sicilian Defense,1,Black
8285,94,47,1,Amar Opening,1,White
8292,304,98,1,French Defense,2,Black
8295,292,104,1,Queen's Gambit,3,Black
8297,238,60,1,Queen's Gambit,4,Black
8298,450,56,1,Queen's Gambit,5,Black
8300,126,63,1,Queen's Gambit,6,White
8306,396,99,1,Queen's Gambit,7,White
8307,306,57,1,Gruenfeld Defense,8,Black
6738,76,49,1,French Defense,1,White
6225,84,56,1,French Defense,1,Black
6226,14,39,1,Sicilian Defense,2,White
6228,51,136,1,Italian Game,3,Black
6229,115,65,1,French Defense,4,White
6230,12,150,1,Italian Game,5,Black
2666,773,48,1,King's Pawn Game,1,Black
2674,185,56,1,French Defense,2,Black
2677,95,20,0,Scandinavian Defense,3,Black
2679,95,12,0,Scandinavian Defense,4,Black
2680,0,22,0,Nimzowitsch Defense,5,Black
2682,0,7,0,Bishop's Opening,6,White
2683,183,18,0,King's Pawn Game,7,Black
2193,9,45,1,English Opening,1,White
2195,120,18,1,Colle System,2,Black
2198,20,61,1,Queen's Pawn Game,3,White
2199,200,35,0,Queen's Pawn Game,4,White
2201,143,79,0,Robatsch (Modern) Defense,5,White
2204,824,25,1,Queen's Pawn Game,6,White
2206,654,35,1,Yusupov-Rubinstein System,7,White
6666,15,114,1,Ruy Lopez,1,Black
12839,144,74,1,Sicilian Defense,1,Black
1437,991,39,0,Philidor Defense,1,White
7130,182,91,1,King's Knight Opening,1,White
11204,78,78,1,Van't Kruijs Opening,1,Black
17031,281,50,1,Van't Kruijs Opening,2,White
4667,9,26,1,Philidor Defense,1,Black
3421,78,64,0,Queen's Gambit,1,Black
2640,89,20,1,Zukertort Opening,1,Black
17244,263,70,1,Ruy Lopez,1,Black
830,11,48,0,Caro-Kann Defense,1,Black
832,11,31,0,Caro-Kann Defense,2,White
12307,11,48,0,Caro-Kann Defense,3,Black
12309,11,31,0,Caro-Kann Defense,4,White
848,334,4,1,Bird Opening,1,Black
862,355,18,1,King's Pawn Game,2,Black
863,355,4,1,Bird Opening,3,Black
865,364,4,1,Bird Opening,4,Black
867,345,26,1,King's Pawn Game,5,Black
868,335,4,1,Bird Opening,6,Black
12294,355,18,1,King's Pawn Game,7,Black
12295,355,4,1,Bird Opening,8,Black
12297,364,4,1,Bird Opening,9,Black
12299,345,26,1,King's Pawn Game,10,Black
12300,335,4,1,Bird Opening,11,Black
12325,334,4,1,Bird Opening,12,Black
14303,355,18,1,King's Pawn Game,13,Black
14304,355,4,1,Bird Opening,14,Black
14306,364,4,1,Bird Opening,15,Black
14308,345,26,1,King's Pawn Game,16,Black
14309,335,4,1,Bird Opening,17,Black
827,21,108,0,Sicilian Defense,1,Black
829,11,21,0,Caro-Kann Defense,2,White
831,11,89,0,Caro-Kann Defense,3,Draw
834,1,80,0,Scandinavian Defense,4,White
838,519,61,0,Scotch Game,5,White
841,128,49,1,French Defense,6,Black
844,16,92,1,Scotch Game,7,Black
845,415,27,1,Scandinavian Defense,8,White
847,38,24,1,Caro-Kann Defense,9,Black
849,180,16,1,Scandinavian Defense,10,Black
850,28,85,0,Sicilian Defense,11,White
854,22,61,1,Sicilian Defense,12,White
857,136,49,1,Pirc Defense,13,White
859,153,32,1,Pirc Defense,14,Black
861,172,52,1,Pirc Defense,15,Black
12304,21,108,0,Sicilian Defense,16,Black
12306,11,21,0,Caro-Kann Defense,17,White
12308,11,89,0,Caro-Kann Defense,18,Draw
12311,1,80,0,Scandinavian Defense,19,White
12315,519,61,0,Scotch Game,20,White
12318,128,49,1,French Defense,21,Black
12321,16,92,1,Scotch Game,22,Black
12322,415,27,1,Scandinavian Defense,23,White
12324,38,24,1,Caro-Kann Defense,24,Black
12326,180,16,1,Scandinavian Defense,25,Black
12327,28,85,0,Sicilian Defense,26,White
12331,22,61,1,Sicilian Defense,27,White
12334,136,49,1,Pirc Defense,28,White
2938,351,95,1,French Defense,1,White
2940,332,47,1,English Opening,2,White
2942,317,31,1,Scotch Game,3,White
2943,32,61,1,Queen's Pawn Game,4,White
2944,228,93,1,English Opening,5,White
2945,98,114,1,Philidor Defense,6,Black
2948,289,33,1,Ruy Lopez,7,White
2949,147,107,1,Nimzowitsch Defense,8,White
2950,326,9,1,Queen's Pawn Game,9,White
2952,107,105,1,Colle System,10,White
2956,8,72,1,Yusupov-Rubinstein System,11,Black
2958,16,105,1,Horwitz Defense,12,White
2959,251,41,0,Queen's Pawn Game,13,White
2960,282,49,0,Horwitz Defense,14,Black
2962,93,35,1,English Opening,15,White
7087,539,32,1,Bishop's Opening,1,Black
14125,56,50,1,Horwitz Defense,1,Black
12687,36,31,1,French Defense,1,White
11501,63,78,1,Petrov's Defense,1,Draw
19249,63,78,1,Petrov's Defense,2,Draw
17485,331,56,1,Nimzowitsch Defense,1,Black
18307,180,55,1,Petrov's Defense,2,White
18947,227,64,1,Sicilian Defense,1,Black
13797,541,81,0,Sicilian Defense,1,White
13798,538,59,1,Sicilian Defense,2,Black
13800,546,34,1,Sicilian Defense,3,Black
19346,157,46,1,French Defense,1,Black
8892,319,37,1,Robatsch (Modern) Defense,1,White
12175,328,86,1,English Opening,1,Black
17838,86,25,1,King's Pawn Game,1,White
10609,253,5,0,Nimzowitsch Defense,1,White
4896,168,139,0,Caro-Kann Defense,1,Black
4898,498,19,1,Ruy Lopez,2,White
4900,715,35,1,Ruy Lopez,3,White
10090,165,20,1,Scandinavian Defense,1,White
7204,109,26,1,Queen's Pawn Game,1,Black
9859,65,52,1,Bird Opening,1,Black
14083,254,35,0,Italian Game,1,White
7886,17,53,1,Italian Game,1,White
11035,102,59,0,King's Pawn Game,1,White
19839,184,57,0,Vienna Game,1,White
11543,0,111,1,King's Pawn Game,1,White
9920,45,44,1,Van't Kruijs Opening,1,Black
6886,8,90,1,Ruy Lopez,1,Black
18632,8,90,1,Ruy Lopez,2,Black
3202,381,38,0,Caro-Kann Defense,1,Black
3203,270,43,1,Philidor Defense,2,Draw
1324,159,94,0,Scandinavian Defense,1,Black
11074,10,50,1,Horwitz Defense,1,Black
15078,162,61,1,Van't Kruijs Opening,1,White
10915,687,75,1,Horwitz Defense,1,White
3011,662,25,1,Bird Opening,1,White
6104,25,137,1,King's Pawn Game,1,White
12898,11,85,1,Queen's Indian Defense,1,Black
12900,14,63,1,Queen's Indian Defense,2,White
12902,79,65,1,Slav Defense,3,White
12904,158,67,1,Horwitz Defense,4,White
12905,15,68,1,Slav Defense,5,Black
12906,165,85,1,Queen's Gambit,6,White
12907,4,120,1,Queen's Gambit,7,Black
12910,0,51,1,Queen's Gambit,8,Black
12914,88,86,1,Nimzo-Indian Defense,9,Black
12916,222,56,1,Queen's Pawn Game,10,Black
12919,28,95,1,Nimzo-Indian Defense,11,White
12920,42,82,1,Queen's Pawn Game,12,Black
12922,10,102,0,Blackmar-Diemer Gambit,13,Draw
12924,150,101,1,Horwitz Defense,14,White
12926,52,107,1,French Defense,15,White
1729,428,60,0,Four Knights Game,1,Black
10788,145,19,1,Scotch Game,1,White
10791,18,23,1,French Defense,2,White
10792,381,100,1,Sicilian Defense,3,Black
10793,314,2,1,King's Pawn Game,4,White
10794,129,64,1,French Defense,5,Black
10798,321,17,1,Sicilian Defense,6,Draw
10800,227,46,1,Scotch Game,7,Black
10803,106,29,1,Sicilian Defense,8,Black
10805,167,62,1,Scotch Game,9,Black
10806,282,59,1,Scotch Game,10,White
10807,42,39,1,Alekhine Defense,11,White
10810,382,24,1,Sicilian Defense,12,Black
10812,163,73,1,Scandinavian Defense,13,Black
10815,106,35,1,French Defense,14,White
10819,235,41,1,Scandinavian Defense,15,Black
10821,108,53,1,Italian Game,16,White
10822,290,96,1,King's Knight Opening,17,Black
10825,466,67,1,Caro-Kann Defense,18,Draw
10827,103,141,1,French Defense,19,Draw
10831,20,63,1,Scandinavian Defense,20,White
894,153,44,1,English Opening,1,Black
7202,226,69,1,Horwitz Defense,1,White
18348,122,45,1,Ruy Lopez,1,White
9438,285,52,1,English Opening,1,Black
1556,330,82,0,King's Pawn Game,1,Black
1557,69,22,1,Bishop's Opening,2,Black
14829,330,82,0,King's Pawn Game,3,Black
14830,69,22,1,Bishop's Opening,4,Black
16474,398,58,1,Sicilian Defense,1,Black
17000,148,11,1,Philidor Defense,2,Black
14914,260,77,0,Scandinavian Defense,1,White
6346,100,62,1,French Defense,1,Black
6348,130,37,1,Queen's Gambit,2,Black
14833,7,22,1,Sicilian Defense,1,Black
16958,83,24,1,Queen's Gambit,1,Black
6401,38,64,1,Nimzowitsch Defense,1,Black
2348,138,37,1,Scotch Game,1,White
12850,160,30,0,Queen's Pawn Game,1,Black
12852,160,37,0,Queen's Pawn Game,2,White
8733,152,79,1,Sicilian Defense,1,Black
5735,66,46,1,Queen's Pawn Game,1,Black
5736,4,56,1,Horwitz Defense,2,Black
5738,61,144,1,Blackmar-Diemer Gambit,3,Black
5742,16,69,1,Blackmar-Diemer Gambit,4,White
5743,121,45,1,Dutch Defense,5,White
5745,1,47,1,Blackmar-Diemer Gambit,6,White
5748,28,21,1,Queen's Pawn Game,7,White
5749,50,64,1,Queen's Pawn Game,8,Black
5752,123,6,1,Queen's Pawn Game,9,Black
5753,108,90,1,Blackmar-Diemer Gambit,10,Black
5758,63,50,1,Colle System,11,Black
5759,44,108,1,Horwitz Defense,12,Black
5763,11,21,1,Colle System,13,Black
5765,34,104,1,Horwitz Defense,14,Black
5769,265,43,1,Colle System,15,Black
5770,274,82,1,Blackmar-Diemer Gambit,16,Black
2109,176,36,0,Queen's Pawn Game,1,Black
2111,327,56,1,Colle System,2,Black
2117,193,118,1,Philidor Defense,3,White
2118,250,34,1,Queen's Pawn Game,4,Black
2121,79,54,1,English Opening,5,Black
2123,203,18,1,Queen's Pawn Game,6,Black
2126,4,40,1,Zukertort Opening,7,Black
2128,144,88,1,Queen's Pawn Game,8,Black
2129,43,62,1,Zukertort Opening,9,Black
2133,419,59,0,Queen's Pawn Game,10,White
2136,189,45,1,Queen's Pawn Game,11,Black
9743,454,57,1,King's Pawn Game,1,White
9569,12,40,0,Sicilian Defense,1,Black
19037,10,60,1,Gruenfeld Defense,1,Black
19038,434,34,0,Indian Game,2,Black
19039,2,56,1,Indian Game,3,White
19040,85,39,1,Tarrasch Defense,4,Black
19043,3,23,1,Horwitz Defense,5,Black
19045,97,62,1,Old Indian,6,Draw
19046,56,44,1,Queen's Indian Defense,7,Draw
19047,21,111,1,Horwitz Defense,8,Draw
19050,42,12,1,Slav Defense,9,Black
11561,117,102,0,Sicilian Defense,1,Black
5287,727,21,1,Sicilian Defense,1,White
17997,35,100,0,Italian Game,1,Black
11051,265,14,1,Mexican Defense,1,White
4797,113,7,0,French Defense,1,White
2928,383,26,1,Ruy Lopez,1,Black
2931,169,48,1,Italian Game,2,Black
2932,323,32,1,Scandinavian Defense,3,Black
2935,604,40,1,Four Knights Game,4,Black
2937,617,93,0,Scandinavian Defense,5,Black
16807,365,93,1,Slav Defense,1,White
16810,59,37,1,Scotch Game,2,White
16813,90,30,1,Nimzowitsch Defense,3,Black
16814,162,50,1,King's Pawn Game,4,Black
16816,52,67,1,Scandinavian Defense,5,White
16818,152,65,1,King's Indian Defense,6,White
16821,67,123,1,Vienna Game,7,Black
16822,114,50,1,Pirc Defense,8,Black
16823,233,80,1,Philidor Defense,9,Black
16825,227,34,1,Sicilian Defense,10,Black
16826,27,106,1,Horwitz Defense,11,Black
16828,213,43,1,Scandinavian Defense,12,White
16831,86,11,1,King's Knight Opening,13,Black
16832,22,61,1,Italian Game,14,Black
16836,106,22,1,Italian Game,15,White
16837,191,57,1,Ruy Lopez,16,Black
16841,42,55,1,Sicilian Defense,17,White
16843,71,65,1,Scotch Game,18,White
16845,145,61,1,Scandinavian Defense,19,White
16846,117,100,1,Nimzowitsch Defense,20,Draw
16848,102,71,1,Sicilian Defense,21,White
16849,48,39,1,Nimzowitsch Defense,22,White
13567,139,65,1,Nimzo-Indian Defense,1,White
13570,106,117,1,Nimzo-Indian Defense,2,White
13571,45,56,1,Queen's Gambit,3,Black
13574,27,128,1,Benoni Defense,4,Black
13576,199,133,1,Slav Defense,5,White
13577,6,43,1,Queen's Gambit,6,White
13578,124,147,1,Queen's Gambit,7,White
13581,211,67,1,Semi-Slav Defense,8,White
10826,4,26,1,Vienna Game,1,White
8340,464,75,1,English Opening,1,White
18809,8,80,1,Scotch Game,1,Black
180,25,77,1,Sicilian Defense,1,White
7592,9,53,1,Sicilian Defense,1,White
3226,20,16,0,Italian Game,1,Black
12071,19,49,1,Sicilian Defense,1,White
4426,16,50,1,Benko Gambit,1,Black
9043,42,43,1,Indian Game,1,White
7847,30,66,1,Philidor Defense,1,Black
7849,40,89,1,Philidor Defense,2,White
12829,61,34,0,Scotch Game,1,Black
16884,361,45,1,Horwitz Defense,1,White
5813,31,42,1,Slav Defense,1,Black
8704,14,74,1,King's Pawn Game,1,Black
3624,189,47,1,Scotch Game,1,White
7092,145,145,1,King's Pawn Game,1,White
10789,25,63,1,King's Pawn Game,2,White
10773,302,11,1,Van't Kruijs Opening,1,White
2954,206,115,1,Queen's Pawn Game,1,White
11502,332,4,1,Vienna Game,1,White
19250,332,4,1,Vienna Game,2,White
3478,275,38,0,Nimzowitsch Defense,1,Black
16345,275,38,0,Nimzowitsch Defense,2,Black
17248,64,65,1,King's Gambit,1,White
17471,90,83,1,Amar Opening,1,White
17473,50,72,1,Slav Defense,2,Black
17575,54,8,1,Indian Game,1,White
12972,108,47,1,French Defense,1,White
3940,378,33,1,Blackmar-Diemer Gambit,1,White
3941,816,38,1,Blackmar-Diemer Gambit,2,Black
3942,814,96,1,Queen's Pawn Game,3,Black
3944,560,44,1,Horwitz Defense,4,Black
3945,431,81,1,Queen's Pawn Game,5,White
3946,528,22,1,Four Knights Game,6,Black
19035,174,67,1,Queen's Gambit,1,White
10280,495,41,0,Nimzowitsch Defense,1,White
3174,95,41,1,Horwitz Defense,1,White
14386,12,81,1,Horwitz Defense,1,Black
10004,178,56,1,King's Pawn Game,1,Black
4775,2,30,1,Horwitz Defense,1,Black
18685,135,40,0,Zukertort Opening,1,Black
4125,547,3,1,King's Knight Opening,1,White
16844,35,25,1,Italian Game,2,White
3939,408,20,1,Pirc Defense,1,Black
7779,436,37,1,Sicilian Defense,1,White
13964,170,14,1,Italian Game,1,Black
12047,204,54,1,Four Knights Game,1,Black
5126,228,76,1,Queen's Pawn Game,1,Black
1190,17,57,1,Italian Game,1,White
1192,207,99,1,Italian Game,2,White
19270,230,57,1,Ruy Lopez,1,White
20038,82,32,1,Pirc Defense,1,Black
6084,4,143,1,Robatsch (Modern) Defense,1,White
6085,130,120,1,French Defense,2,Black
6089,56,71,1,French Defense,3,White
6091,22,98,1,French Defense,4,Draw
6093,281,127,1,Scandinavian Defense,5,White
6097,96,101,1,Nimzowitsch Defense,6,White
6098,15,55,1,Italian Game,7,White
6100,15,123,1,Italian Game,8,White
6101,33,47,1,Sicilian Defense,9,White
6105,1,42,1,French Defense,10,Black
6106,157,77,1,Sicilian Defense,11,White
6109,57,66,1,Nimzo-Indian Defense,12,Black
6113,318,65,1,Italian Game,13,White
1882,49,97,1,Sicilian Defense,1,Draw
12682,339,90,1,Sicilian Defense,1,Black
14524,339,90,1,Sicilian Defense,2,Black
15050,175,54,1,Indian Game,1,Black
9,47,66,1,Italian Game,1,Black
92,53,69,1,French Defense,1,White
11989,162,32,1,Blackmar-Diemer Gambit,1,White
5128,60,77,1,Zukertort Opening,1,White
19401,178,44,1,Zukertort Opening,2,White
7386,422,87,1,Van't Kruijs Opening,1,White
19712,188,25,1,Italian Game,1,White
4331,4,40,1,Blackmar-Diemer Gambit,1,Black
17167,61,118,1,Scotch Game,1,Black
258,25,87,0,English Opening,1,White
262,10,48,1,Ruy Lopez,2,Black
263,50,95,0,Nimzo-Indian Defense,3,White
265,75,42,0,Sicilian Defense,4,White
268,233,57,1,Nimzowitsch Defense,5,White
271,57,29,1,Sicilian Defense,6,White
18941,390,76,1,Italian Game,1,White
18944,108,35,1,Italian Game,2,White
18945,572,78,0,Sicilian Defense,3,Black
18950,167,59,1,Italian Game,4,White
18952,66,104,1,Petrov's Defense,5,Black
18954,236,133,1,Robatsch (Modern) Defense,6,White
18956,95,137,1,Sicilian Defense,7,Draw
18958,3,49,1,Sicilian Defense,8,White
18960,241,61,1,Italian Game,9,White
10740,120,18,1,Scotch Game,1,Black
19604,107,79,0,Zukertort Opening,1,White
5369,484,35,0,Nimzowitsch Defense,1,White
20023,167,37,1,Sicilian Defense,1,White
17296,384,59,1,Nimzo-Larsen Attack,1,White
2092,209,40,1,Van't Kruijs Opening,1,White
3987,17,98,1,Sicilian Defense,1,Black
2564,29,61,1,Nimzowitsch Defense,1,White
5922,218,3,1,Horwitz Defense,1,White
12581,2,57,1,Bishop's Opening,1,White
15906,299,23,1,Italian Game,1,White
13594,33,31,1,Caro-Kann Defense,1,Black
14261,2,83,1,Zukertort Opening,1,White
12091,161,41,1,French Defense,1,White
17180,23,129,1,Scotch Game,1,White
2591,57,77,1,Italian Game,1,White
15371,57,77,1,Italian Game,2,White
7778,258,9,1,Sicilian Defense,1,White
3460,98,72,0,Horwitz Defense,1,Black
16327,98,72,0,Horwitz Defense,2,Black
19348,404,60,1,Ruy Lopez,1,Black
7105,184,81,1,Scotch Game,1,White
1293,97,29,0,Bishop's Opening,1,White
8049,122,72,1,Horwitz Defense,1,Black
8051,135,62,1,Indian Game,2,Black
8053,56,129,1,Queen's Pawn,3,White
8056,111,78,1,Horwitz Defense,4,Black
8059,117,35,1,Horwitz Defense,5,White
8061,108,29,1,Benoni Defense,6,White
8064,4,73,1,Gruenfeld Defense,7,Draw
8066,14,30,1,Ruy Lopez,8,Black
8068,34,32,1,Scotch Game,9,Black
8070,2,52,1,Queen's Gambit,10,Black
8072,274,52,1,Sicilian Defense,11,Black
8073,23,13,1,Alekhine Defense,12,Draw
594,692,31,1,Nimzowitsch Defense,1,White
12394,169,44,1,Sicilian Defense,2,White
18977,781,58,1,French Defense,3,Black
6994,291,56,0,Petrov's Defense,1,Black
10551,111,78,1,French Defense,1,Black
11260,111,78,1,French Defense,2,Black
14573,15,95,1,Sicilian Defense,1,Black
11605,407,82,0,Queen's Gambit,1,Black
11608,228,135,1,Slav Defense,2,White
8891,279,43,1,Van't Kruijs Opening,1,White
11969,463,39,0,Queen's Gambit,1,White
15562,57,19,1,Dutch Defense,1,White
15563,190,26,1,Horwitz Defense,2,Black
15565,42,55,1,King's Indian Defense,3,White
15566,135,78,1,Caro-Kann Defense,4,Black
17806,310,32,0,King's Knight Opening,1,Black
17808,310,52,0,King's Knight Opening,2,Black
17810,67,20,0,Scotch Game,3,Black
17812,310,21,0,Four Knights Game,4,White
17815,943,40,1,Four Knights Game,5,Black
17816,144,14,1,Pirc Defense,6,Black
17818,750,12,1,Philidor Defense,7,Black
17820,194,54,1,Four Knights Game,8,Black
17822,67,72,0,King's Knight Opening,9,Black
17823,248,24,0,Sicilian Defense,10,Black
17824,248,55,0,Philidor Defense,11,Black
17826,109,27,1,Four Knights Game,12,Black
17828,28,28,1,French Defense,13,Black
17831,255,27,1,King's Knight Opening,14,White
17833,282,60,1,Philidor Defense,15,Black
17834,295,82,1,Four Knights Game,16,Black
17837,124,44,1,Scandinavian Defense,17,Black
17839,47,65,1,Vienna Game,18,White
14370,3,56,1,Scotch Game,1,Black
9492,102,48,0,Horwitz Defense,1,Black
6345,100,71,0,Philidor Defense,1,White
6347,16,53,1,Ruy Lopez,2,White
6350,97,67,1,Four Knights Game,3,White
13999,22,58,1,Philidor Defense,1,Black
7879,462,34,1,Blackmar-Diemer Gambit,1,Black
15817,371,136,1,Van't Kruijs Opening,1,Black
13945,106,107,1,Caro-Kann Defense,1,Draw
16582,40,48,1,King's Knight Opening,1,Black
16583,415,61,1,Sicilian Defense,2,White
16584,773,13,1,Italian Game,3,White
16587,95,68,1,Scotch Game,4,Black
16588,125,87,1,French Defense,5,White
16590,68,81,1,Nimzowitsch Defense,6,White
16591,53,21,1,Scotch Game,7,White
16594,378,80,1,Scotch Game,8,Black
489,116,34,1,French Defense,1,Black
12929,81,55,1,French Defense,1,White
13501,85,96,1,Nimzo-Indian Defense,1,Black
6448,255,59,1,Scandinavian Defense,1,White
9304,127,78,1,Van't Kruijs Opening,1,Black
6438,54,46,1,Ruy Lopez,1,Draw
3433,27,51,1,French Defense,1,White
11641,23,22,0,Ruy Lopez,1,Black
16521,34,47,0,Philidor Defense,2,Black
18519,62,73,0,Ruy Lopez,3,White
18994,150,68,0,Sicilian Defense,1,Black
16170,57,108,1,Petrov's Defense,1,Draw
7128,17,90,1,Horwitz Defense,1,Black
5516,11,107,1,Queen's Pawn Game,1,White
835,321,62,0,Caro-Kann Defense,1,White
12312,321,62,0,Caro-Kann Defense,2,White
1619,134,56,1,Sicilian Defense,1,Black
6588,63,65,1,Scotch Game,1,White
5254,7,59,1,Nimzo-Indian Defense,1,White
15683,174,62,1,Zukertort Opening,1,Black
15533,11,53,1,Scotch Game,1,White
12110,99,70,1,Blackmar-Diemer Gambit,1,Black
16417,232,43,1,French Defense,1,White
17787,78,30,1,French Defense,1,Black
2477,49,17,0,King's Pawn Game,1,White
2478,209,22,0,Horwitz Defense,2,Black
2479,27,46,0,Indian Game,3,Black
14047,236,69,1,Scotch Game,1,White
525,17,15,1,Italian Game,1,White
2172,19,44,1,Sicilian Defense,1,Black
13339,19,44,1,Sicilian Defense,2,Black
11565,158,130,0,Sicilian Defense,1,Draw
1394,1,90,1,English Opening,1,Draw
7819,104,49,1,French Defense,1,White
8800,239,41,1,Queen's Gambit,1,White
17450,323,49,1,Ruy Lopez,1,White
17452,213,47,1,Sicilian Defense,2,White
17454,21,47,1,Caro-Kann Defense,3,White
17455,425,29,1,French Defense,4,White
17457,686,35,1,Scandinavian Defense,5,White
17459,764,61,1,Horwitz Defense,6,White
17460,198,71,1,Sicilian Defense,7,White
17463,433,31,1,Nimzowitsch Defense,8,White
17464,518,25,1,Nimzowitsch Defense,9,White
17466,514,15,1,Nimzowitsch Defense,10,White
17468,348,69,1,Sicilian Defense,11,White
17472,70,57,1,Zukertort Opening,12,White
17475,119,55,1,Italian Game,13,White
17477,81,51,1,Scotch Game,14,White
17478,263,67,1,Bird Opening,15,White
17483,324,100,1,English Opening,16,Black
17484,159,41,1,English Opening,17,White
17486,125,59,1,English Opening,18,White
16484,47,47,1,Scandinavian Defense,1,White
16485,145,51,1,Philidor Defense,2,White
16488,47,158,1,Italian Game,3,Draw
16489,96,85,1,Caro-Kann Defense,4,White
16490,21,162,1,Sicilian Defense,5,Black
16492,272,141,1,Italian Game,6,White
16493,277,43,1,French Defense,7,White
16495,9,55,1,Italian Game,8,Black
16496,16,79,1,Sicilian Defense,9,White
16498,14,109,1,Sicilian Defense,10,White
16502,94,60,1,Caro-Kann Defense,11,Black
16504,80,83,1,Sicilian Defense,12,White
16505,91,52,1,Sicilian Defense,13,Black
16508,31,190,1,Nimzowitsch Defense,14,Draw
17203,121,135,1,Robatsch (Modern) Defense,1,White
7527,87,47,1,Ruy Lopez,1,Black
7529,97,23,1,Ruy Lopez,2,Black
879,22,54,1,Nimzo-Indian Defense,1,Black
7259,56,99,1,Pirc Defense,1,White
11988,447,62,1,Italian Game,1,Black
18143,77,13,1,King's Pawn Game,1,White
8826,8,119,1,Pirc Defense,1,Draw
6170,180,74,1,Nimzo-Larsen Attack,1,Black
15585,83,41,1,Blackmar-Diemer Gambit,1,White
7368,0,67,0,Scandinavian Defense,1,White
7370,0,59,0,French Defense,2,White
7373,0,59,0,King's Gambit,3,White
2064,210,57,1,Scandinavian Defense,1,White
1880,6,84,1,Sicilian Defense,1,Black
7069,21,56,1,Sicilian Defense,1,Black
1074,227,63,1,French Defense,1,White
12656,227,63,1,French Defense,2,White
14523,227,63,1,French Defense,3,White
5952,78,35,1,Sicilian Defense,1,Black
3048,37,127,1,Sicilian Defense,1,Black
12703,493,96,0,Italian Game,1,Black
4699,196,58,1,King's Gambit,1,Black
17406,2,73,1,English Opening,1,Black
17408,45,70,1,Blackmar-Diemer Gambit,2,Black
11654,0,128,1,Zukertort Opening,1,Black
8811,329,164,1,Blackmar-Diemer Gambit,1,Black
5398,2,99,0,Sicilian Defense,1,White
14137,26,82,1,Sicilian Defense,1,Black
5031,33,71,1,Bishop's Opening,1,White
2806,4,56,0,King's Pawn Game,1,Black
2808,4,54,0,Blackmar-Diemer Gambit,2,Black
2810,4,62,0,Van't Kruijs Opening,3,Black
12993,450,11,1,Horwitz Defense,1,White
1320,304,77,0,Philidor Defense,1,White
1321,304,21,0,Italian Game,2,White
9458,230,63,1,Pirc Defense,1,White
1469,275,45,0,English Opening,1,White
16027,167,62,0,French Defense,2,Black
18157,106,84,1,Sicilian Defense,1,Black
14451,227,41,1,Italian Game,1,White
9218,47,33,1,Sicilian Defense,1,White
969,28,65,0,Sicilian Defense,1,White
418,36,79,1,King's Gambit,1,White
419,21,83,1,King's Gambit,2,White
12618,33,116,1,Italian Game,1,Black
12619,51,41,1,Philidor Defense,2,White
12621,52,52,1,Italian Game,3,Black
12624,12,59,1,Scotch Game,4,White
12626,10,81,1,Caro-Kann Defense,5,White
12627,36,168,1,Sicilian Defense,6,Black
12775,0,24,0,Sicilian Defense,1,Black
9574,386,12,1,Center Game,1,Black
9582,403,33,1,King's Pawn Game,2,Black
9586,10,46,1,French Defense,3,Black
9587,415,26,1,Pirc Defense,4,Black
9596,221,39,1,Caro-Kann Defense,5,White
9597,177,96,0,Bishop's Opening,6,Black
4865,195,46,1,Italian Game,1,Black
18442,192,91,1,English Opening,1,Draw
11096,148,55,1,Van't Kruijs Opening,1,White
18534,21,49,1,Blackmar-Diemer Gambit,1,White
997,362,32,0,Colle System,1,Black
7545,581,26,1,Ruy Lopez,1,White
17023,270,44,1,Philidor Defense,1,White
16721,230,126,1,English Opening,1,Black
16723,319,67,1,English Opening,2,White
16725,319,88,1,English Opening,3,Draw
16726,38,28,1,English Opening,4,Black
16728,321,86,1,English Opening,5,White
16729,415,65,1,English Opening,6,White
16730,432,66,1,English Opening,7,Black
16732,25,35,1,English Opening,8,White
16734,473,14,0,English Opening,9,White
16736,445,106,0,English Opening,10,Black
16737,439,96,0,Queen's Gambit,11,Black
16739,439,113,0,Queen's Gambit,12,White
16741,477,58,0,Queen's Pawn,13,Black
16743,477,21,0,Queen's Gambit,14,Draw
16746,162,45,1,Slav Defense,15,White
16748,181,114,1,Horwitz Defense,16,Black
16750,432,48,1,Queen's Gambit,17,Black
16751,64,116,1,Queen's Gambit,18,Black
16753,293,71,1,Budapest Defense,19,White
10239,448,24,0,Petrov's Defense,1,Black
16597,127,74,1,Ruy Lopez,1,White
1890,468,13,1,Italian Game,1,White
9163,132,31,1,Sicilian Defense,1,White
9137,263,115,1,Horwitz Defense,1,White
9847,33,144,1,Italian Game,1,Black
733,177,56,0,Blackmar-Diemer Gambit,1,Black
19970,280,36,1,Yusupov-Rubinstein System,1,Black
3302,44,71,1,Van't Kruijs Opening,1,White
17088,42,35,1,Blackmar-Diemer Gambit,1,White
2893,362,144,1,French Defense,1,Black
18201,43,34,1,French Defense,1,Black
18669,10,59,0,King's Indian Defense,1,White
10553,93,39,1,French Defense,1,Black
11262,93,39,1,French Defense,2,Black
3853,1,52,1,Indian Game,1,Black
6199,49,45,1,Caro-Kann Defense,1,Black
19841,461,95,0,Nimzo-Larsen Attack,1,White
1401,93,77,1,French Defense,1,Draw
11376,93,50,1,Sicilian Defense,2,Black
11756,6,108,1,Indian Game,3,Black
13467,93,50,1,Sicilian Defense,4,Black
14956,113,39,1,Ruy Lopez,5,Draw
14957,422,43,1,Ruy Lopez,6,White
14958,180,55,1,Ruy Lopez,7,White
19780,28,85,1,Dutch Defense,8,White
2650,213,38,0,Ruy Lopez,1,Black
7390,6,62,1,King's Pawn Game,1,Black
12008,202,122,0,Italian Game,1,Black
12009,216,19,1,Italian Game,2,Draw
12010,257,123,1,Italian Game,3,White
12012,236,22,1,Italian Game,4,Black
12015,201,22,1,Italian Game,5,Black
11712,193,80,1,Semi-Slav Defense,1,Black
19335,193,80,1,Semi-Slav Defense,2,Black
8943,203,52,1,Queen's Gambit,1,White
19374,702,49,1,Blackmar-Diemer Gambit,1,White
19379,118,64,1,Indian Game,2,Black
19380,503,70,1,Slav Defense,3,White
19381,42,51,1,Blackmar-Diemer Gambit,4,White
19386,224,39,1,Blackmar-Diemer Gambit,5,White
19387,403,57,1,Blackmar-Diemer Gambit,6,White
19391,121,61,1,Dutch Defense,7,White
15408,14,58,1,Caro-Kann Defense,1,Black
4065,5,31,1,Sicilian Defense,1,White
18662,71,83,1,Sicilian Defense,1,White
3028,43,32,1,Russian Game,1,Black
1382,239,48,1,French Defense,1,Black
425,20,39,1,Alekhine Defense,1,White
10339,14,83,1,Horwitz Defense,1,White
10371,263,56,0,Scotch Game,2,Draw
9444,79,3,0,King's Knight Opening,1,White
9445,118,25,1,Horwitz Defense,2,Black
9446,4,78,1,King's Knight Opening,3,Black
8703,18,21,1,Sicilian Defense,1,White
9722,161,57,1,King's Pawn Game,1,White
9681,11,86,1,King's Pawn Game,1,Black
15061,125,63,1,Sicilian Defense,1,White
2213,486,92,1,Ruy Lopez,1,Black
2214,486,36,0,Ruy Lopez,2,Black
2216,486,14,0,Scandinavian Defense,3,Black
10673,63,94,1,Queen's Gambit,1,Black
1141,205,114,1,Italian Game,1,Black
14595,205,114,1,Italian Game,2,Black
16999,141,36,1,Queen's Gambit,1,Black
17002,49,16,1,Queen's Gambit,2,Black
17004,214,44,1,Queen's Gambit,3,Black
17007,268,66,1,Queen's Gambit,4,Black
17011,220,82,1,Indian Game,5,Black
17013,286,51,1,Queen's Gambit,6,Black
17016,91,44,1,Horwitz Defense,7,Black
17017,205,54,1,Amar Opening,8,Black
17020,151,14,1,Horwitz Defense,9,Black
17021,196,11,1,Nimzo-Indian Defense,10,White
17024,18,73,1,Queen's Gambit,11,White
17025,386,55,1,Slav Defense,12,Black
17027,164,122,1,Amar Opening,13,Black
17030,134,61,1,Queen's Gambit,14,Black
17033,20,55,1,Queen's Gambit,15,White
17041,33,21,1,Slav Defense,16,White
19753,457,44,1,Pirc Defense,1,White
16279,22,33,1,Italian Game,1,White
16555,12,53,1,Sicilian Defense,1,White
315,84,65,1,Van't Kruijs Opening,1,White
5660,139,122,1,Alekhine Defense,1,Black
17855,194,40,1,Sicilian Defense,1,Black
17607,234,89,0,Nimzowitsch Defense,1,Draw
12633,201,47,1,French Defense,1,White
12634,29,71,1,Sicilian Defense,2,White
12637,235,47,1,Ruy Lopez,3,White
12638,74,39,1,Scandinavian Defense,4,White
12641,95,20,1,Queen's Pawn Game,5,Black
12645,9,56,1,Ruy Lopez,6,Black
12673,32,77,1,Italian Game,1,White
14550,32,77,1,Italian Game,2,White
4827,339,23,1,Queen's Gambit,1,White
19345,235,53,1,English Opening,1,White
10823,157,19,1,Bishop's Opening,1,White
17144,112,63,1,Italian Game,2,White
9699,314,58,1,Robatsch (Modern) Defense,1,Black
1635,57,23,0,Scotch Game,1,White
14911,57,23,0,Scotch Game,2,White
2831,0,59,0,Blackmar-Diemer Gambit,1,White
18437,138,70,1,Bishop's Opening,1,Black
19506,71,81,1,French Defense,1,White
10171,99,5,0,Vienna Game,1,White
7538,607,44,0,Indian Game,1,White
11401,236,63,1,Nimzo-Larsen Attack,1,Black
16130,181,61,1,Nimzo-Larsen Attack,2,Black
7671,24,76,1,Blackmar-Diemer Gambit,1,Black
13389,300,21,1,Italian Game,2,White
6703,58,53,0,King's Knight Opening,1,White
6704,376,71,1,Ruy Lopez,2,White
7943,299,29,0,Italian Game,1,White
3794,153,54,0,Sicilian Defense,1,White
5771,300,58,1,Philidor Defense,1,White
16867,20,127,0,Sicilian Defense,1,White
2498,82,52,1,Vienna Game,1,Black
2500,142,66,1,Blackmar-Diemer Gambit,2,Black
2502,112,135,1,Blackmar-Diemer Gambit,3,White
2503,54,27,1,Sicilian Defense,4,Black
2507,20,69,1,Bishop's Opening,5,White
2511,165,43,1,Bishop's Opening,6,White
2512,10,50,1,Bishop's Opening,7,Black
2514,55,128,1,Four Knights Game,8,Black
2516,174,49,1,Horwitz Defense,9,White
2518,91,59,1,Horwitz Defense,10,White
2520,103,41,1,Bishop's Opening,11,Black
2521,29,56,1,Blackmar-Diemer Gambit,12,Black
2523,82,75,1,Bishop's Opening,13,White
2524,75,131,1,Blackmar-Diemer Gambit,14,White
2527,17,48,1,Scandinavian Defense,15,Black
2530,207,81,1,Bishop's Opening,16,White
2532,3,79,1,Blackmar-Diemer Gambit,17,White
2534,11,105,1,French Defense,18,White
18102,112,113,1,Sicilian Defense,1,White
18107,129,30,1,Sicilian Defense,2,Draw
16089,15,49,1,Horwitz Defense,1,White
2783,323,39,1,Scandinavian Defense,1,White
2780,78,72,0,Bird Opening,1,Black
16932,431,60,1,King's Pawn Game,1,Black
11992,396,58,1,Italian Game,1,Black
7609,125,51,1,French Defense,1,White
8257,52,37,1,Vienna Game,1,White
19418,20,134,1,King's Gambit,1,Black
87,70,39,1,French Defense,1,White
14757,5,61,1,Four Knights Game,1,White
5272,172,69,0,Alekhine Defense,1,Draw
5273,172,27,0,Four Knights Game,2,White
5276,712,46,1,French Defense,3,Black
5277,878,60,1,Horwitz Defense,4,Black
5278,711,24,1,Sicilian Defense,5,Black
5283,386,24,1,Ruy Lopez,6,Black
5285,408,8,1,Italian Game,7,Black
5286,375,26,1,Sicilian Defense,8,Black
5288,689,48,1,Sicilian Defense,9,Black
5289,69,38,1,Italian Game,10,Black
5290,3,45,1,Caro-Kann Defense,11,White
5292,40,19,1,Petrov's Defense,12,White
5293,17,27,1,Alekhine Defense,13,White
5294,282,29,1,Alekhine Defense,14,White
5299,79,50,1,French Defense,15,White
3566,453,32,1,Scotch Game,1,Black
10144,232,50,1,Van't Kruijs Opening,1,Black
809,33,62,1,King's Pawn Game,1,Black
12244,33,62,1,King's Pawn Game,2,Black
1087,113,55,1,Sicilian Defense,1,White
1088,136,95,1,Nimzo-Indian Defense,2,White
12630,113,55,1,Sicilian Defense,3,White
12631,136,95,1,Nimzo-Indian Defense,4,White
17162,46,15,0,Italian Game,1,White
16257,30,125,1,Queen's Pawn Game,1,White
4037,17,78,1,Robatsch (Modern) Defense,1,White
13569,190,39,1,French Defense,1,White
19319,4,75,1,French Defense,2,White
800,128,33,1,Sicilian Defense,1,White
12235,128,33,1,Sicilian Defense,2,White
17983,381,165,1,Sicilian Defense,3,Draw
17006,193,33,1,Blackmar-Diemer Gambit,1,White
12016,303,84,1,Bishop's Opening,1,White
3380,57,53,1,Sicilian Defense,1,White
9705,80,104,1,Pirc Defense,1,Black
14133,28,87,1,Blackmar-Diemer Gambit,1,White
339,10,48,1,Bishop's Opening,1,White
4987,359,42,1,Dutch Defense,1,White
4989,342,37,1,English Opening,2,White
4955,151,35,0,Queen's Gambit,1,White
12552,239,102,1,Sicilian Defense,1,Black
3976,81,104,0,Blackmar-Diemer Gambit,1,Black
13622,124,143,1,Scotch Game,1,White
13623,166,139,1,Caro-Kann Defense,2,Draw
13624,77,49,1,Sicilian Defense,3,Black
13625,189,62,1,Caro-Kann Defense,4,Black
13628,136,105,1,French Defense,5,White
13629,121,24,1,French Defense,6,Black
10244,159,102,0,Van't Kruijs Opening,1,White
8208,369,30,1,Van't Kruijs Opening,1,Black
11187,25,60,1,French Defense,1,Black
10858,145,89,1,Petrov's Defense,1,White
353,25,60,1,Indian Game,1,White
6245,2,92,1,Queen's Gambit,1,Black
17912,89,32,1,Queen's Gambit,2,Black
19015,91,38,1,Yusupov-Rubinstein System,3,Black
14250,487,73,0,Van't Kruijs Opening,1,White
2684,219,99,1,Alekhine Defense,1,White
2685,234,60,1,King's Knight Opening,2,Black
2687,269,47,1,Scotch Game,3,White
2689,197,51,1,King's Knight Opening,4,White
2691,94,47,1,Sicilian Defense,5,White
2692,120,63,1,Italian Game,6,White
2695,175,54,1,Zukertort Opening,7,Black
2696,114,41,1,Caro-Kann Defense,8,White
1118,113,72,1,Sicilian Defense,1,Black
3317,52,23,1,Ruy Lopez,2,White
4724,5,142,1,Sicilian Defense,3,Black
8011,61,39,0,Caro-Kann Defense,1,Black
10125,88,29,1,Scandinavian Defense,1,White
13192,124,73,0,Scandinavian Defense,1,White
13193,222,170,1,Petrov's Defense,2,Draw
13195,118,124,1,King's Knight Opening,3,Draw
13197,59,40,1,Sicilian Defense,4,Black
13200,70,85,1,Sicilian Defense,5,White
13201,44,81,1,French Defense,6,White
13202,71,57,1,Philidor Defense,7,White
13204,79,66,1,Sicilian Defense,8,Black
13206,104,80,1,Robatsch (Modern) Defense,9,Black
13209,155,79,1,Scandinavian Defense,10,White
13211,48,68,1,Philidor Defense,11,Black
13212,39,123,1,Four Knights Game,12,White
275,252,74,0,Queen's Pawn Game,1,Black
9448,108,61,1,Ruy Lopez,1,White
3820,96,59,1,Sicilian Defense,1,White
18145,14,16,1,Sicilian Defense,1,Black
18147,47,85,1,Pirc Defense,2,Draw
18150,110,31,1,French Defense,3,White
18151,54,95,1,Ruy Lopez,4,White
18154,139,33,1,English Opening,5,White
18156,227,21,1,English Opening,6,White
18158,147,23,1,Zukertort Opening,7,White
18160,59,59,1,Neo-Gruenfeld Defense,8,White
18163,338,75,1,Caro-Kann Defense,9,White
18164,574,37,1,Scandinavian Defense,10,White
18166,126,49,1,King's Knight Opening,11,White
18168,259,41,1,Queen's Gambit,12,White
18169,40,49,1,Yusupov-Rubinstein System,13,White
18170,52,85,1,Zukertort Opening,14,White
18173,27,91,1,Scotch Game,15,White
18176,144,45,1,Queen's Gambit,16,White
18178,197,57,1,King's Indian Attack,17,White
18180,210,65,1,Scandinavian Defense,18,White
18181,195,49,1,Nimzowitsch Defense,19,White
18182,371,74,1,Zukertort Opening,20,White
18184,266,125,1,Benko Gambit,21,Draw
17762,83,20,1,Italian Game,1,Black
3426,7,33,1,Scandinavian Defense,1,White
6336,19,71,1,Sicilian Defense,1,White
13593,159,46,1,Caro-Kann Defense,1,Black
3644,28,42,1,Scandinavian Defense,1,Black
1123,9,29,1,Blackmar-Diemer Gambit,1,White
499,128,63,1,Queen's Pawn Game,1,White
9632,28,45,1,Italian Game,1,White
11449,24,39,1,Sicilian Defense,1,White
332,163,27,1,Bishop's Opening,1,White
799,21,80,1,Four Knights Game,1,Black
12234,21,80,1,Four Knights Game,2,Black
3180,299,19,1,Semi-Slav Defense,1,White
143,11,97,1,Queen's Gambit,1,White
14272,97,19,1,Pirc Defense,1,White
10849,9,35,1,King's Gambit,1,White
4116,788,1,0,Nimzowitsch Defense,1,White
11606,531,50,0,Slav Defense,2,Black
12160,481,103,0,Queen's Gambit,3,White
12161,481,32,0,Horwitz Defense,4,White
2623,146,37,1,Sicilian Defense,1,White
6108,46,79,1,Yusupov-Rubinstein System,1,Black
7663,76,81,1,Four Knights Game,1,White
7665,0,33,1,Petrov's Defense,2,White
7667,12,59,1,Ruy Lopez,3,Black
7668,101,30,1,King's Knight Opening,4,Black
7670,65,83,1,Caro-Kann Defense,5,White
4428,100,96,1,Robatsch (Modern) Defense,1,Black
3316,202,148,1,Queen's Pawn Game,1,Draw
4538,32,81,1,Ruy Lopez,1,White
326,19,22,1,Italian Game,1,White
2965,518,40,1,King's Pawn Game,1,Black
2967,578,56,1,Vienna Game,2,Black
2970,357,60,1,Robatsch (Modern) Defense,3,Black
2972,319,60,1,King's Pawn Game,4,Black
2973,85,52,1,Scotch Game,5,Black
2976,588,36,1,Yusupov-Rubinstein System,6,Black
2977,51,54,1,Italian Game,7,Black
2978,146,42,1,Van't Kruijs Opening,8,Black
2979,417,30,1,Sicilian Defense,9,Black
2983,406,64,1,Sicilian Defense,10,Black
2985,345,56,1,King's Pawn Game,11,Black
2986,573,42,1,Van't Kruijs Opening,12,Black
2989,66,19,1,King's Pawn Game,13,White
2990,88,34,1,Van't Kruijs Opening,14,Black
2992,128,54,1,King's Pawn Game,15,Black
2994,44,86,1,Van't Kruijs Opening,16,Black
2995,275,30,1,Philidor Defense,17,Black
2999,235,81,1,Scandinavian Defense,18,White
3000,449,84,1,Pirc Defense,19,Black
3001,394,56,1,Ruy Lopez,20,Black
3002,146,35,1,Sicilian Defense,21,White
3007,198,82,1,Van't Kruijs Opening,22,Black
3008,306,74,1,Sicilian Defense,23,Black
3010,405,41,1,King's Indian Attack,24,White
3012,417,88,1,Van't Kruijs Opening,25,Black
3640,371,66,1,Van't Kruijs Opening,26,Black
1731,262,80,1,Queen's Pawn Game,1,Black
4661,545,50,0,Petrov's Defense,1,Black
6777,67,221,1,Italian Game,1,Draw
6779,2,33,1,Scandinavian Defense,2,White
5141,349,34,1,Blackmar-Diemer Gambit,1,Black
11111,30,54,1,Philidor Defense,1,Black
15230,63,109,1,Caro-Kann Defense,1,Draw
10571,46,66,1,French Defense,1,Draw
11280,46,66,1,French Defense,2,Draw
9302,201,65,1,Philidor Defense,1,White
4936,94,40,1,Sicilian Defense,1,White
13372,372,86,1,Sicilian Defense,1,Black
10941,77,82,1,Sicilian Defense,1,Black
18814,206,44,0,Philidor Defense,2,Black
7532,96,26,1,Italian Game,1,Black
5602,39,59,0,Caro-Kann Defense,1,White
6695,273,89,1,Nimzowitsch Defense,1,White
11132,208,59,1,French Defense,1,White
6598,139,82,1,Italian Game,1,Black
15317,152,18,1,Bishop's Opening,1,White
6641,140,47,0,French Defense,1,Draw
6982,726,122,1,Blackmar-Diemer Gambit,1,Black
13829,122,40,0,Petrov's Defense,1,Black
10618,158,2,1,King's Pawn Game,1,Black
10619,49,30,1,French Defense,2,Black
10620,236,2,1,King's Pawn Game,3,Black
10622,216,80,1,King's Gambit,4,Black
10623,166,34,1,King's Gambit,5,Black
10625,157,14,1,King's Gambit,6,Draw
10626,80,17,1,Scandinavian Defense,7,Draw
10628,121,76,1,King's Gambit,8,White
145,0,30,1,Italian Game,1,White
8311,513,49,1,King's Gambit,1,White
4215,28,21,1,Scandinavian Defense,1,White
7018,28,49,1,Italian Game,1,White
14073,71,51,1,Petrov's Defense,1,White
11584,263,62,1,Italian Game,1,Black
8742,95,27,1,King's Pawn Game,1,White
17753,80,50,1,King's Pawn Game,2,White
16759,31,119,1,French Defense,1,White
125,149,118,1,Alekhine Defense,1,Black
12895,1,50,1,Italian Game,1,Black
14835,89,25,1,Pirc Defense,1,White
2023,133,24,1,Ruy Lopez,1,Black
12403,111,76,1,Sicilian Defense,2,White
9714,188,30,1,Alekhine Defense,1,Black
17190,54,109,1,Ruy Lopez,1,Draw
17191,80,71,1,Van't Kruijs Opening,2,White
17193,114,109,1,Van't Kruijs Opening,3,White
17195,370,74,1,Van't Kruijs Opening,4,Black
17196,493,104,1,Van't Kruijs Opening,5,Black
17201,35,83,1,Caro-Kann Defense,6,White
17202,0,125,1,Scandinavian Defense,7,White
17204,77,72,1,Nimzo-Larsen Attack,8,Black
17206,76,16,1,Van't Kruijs Opening,9,Black
17208,3,87,1,Van't Kruijs Opening,10,Draw
17213,18,34,1,King's Pawn Game,11,Black
17214,45,62,1,French Defense,12,Black
17216,78,59,1,King's Knight Opening,13,Black
17218,71,81,1,Pirc Defense,14,White
17221,31,57,1,King's Knight Opening,15,White
17225,46,62,1,Italian Game,16,Black
17228,30,72,1,Philidor Defense,17,Black
17230,514,6,1,Van't Kruijs Opening,18,Black
17231,298,60,1,Sicilian Defense,19,Black
5193,179,23,1,Robatsch (Modern) Defense,1,White
15272,145,91,1,Queen's Pawn Game,1,White
19867,60,39,1,Petrov's Defense,1,White
19869,67,52,1,King's Pawn Game,2,Black
11785,149,104,1,Van't Kruijs Opening,1,Black
16213,44,21,1,King's Pawn Game,1,White
5150,86,2,0,King's Pawn Game,1,Black
18404,692,60,0,Ruy Lopez,1,White
18408,692,106,0,Four Knights Game,2,White
18415,696,40,0,Ruy Lopez,3,Black
6710,32,32,1,Queen's Pawn Game,1,Black
11877,5,8,1,Italian Game,1,Black
3351,224,82,1,Blackmar-Diemer Gambit,1,White
3353,270,71,1,King's Indian Attack,2,White
7553,48,112,1,Sicilian Defense,1,Draw
17813,310,33,0,Petrov's Defense,1,White
10537,65,59,1,English Opening,1,White
11246,65,59,1,English Opening,2,White
11732,312,64,1,Bishop's Opening,1,Black
15989,205,104,1,French Defense,1,Black
10983,401,54,0,King's Pawn Game,1,Black
13669,39,138,0,Yusupov-Rubinstein System,1,Black
13670,11,91,1,Slav Defense,2,White
13671,89,34,1,Benoni Defense,3,Black
13672,190,93,1,Benoni Defense,4,White
13675,96,109,1,Blumenfeld Countergambit,5,White
13678,38,77,1,East Indian Defense,6,White
13680,54,47,1,Queen's Indian Defense,7,White
13681,34,71,1,Queen's Pawn Game,8,Black
7753,46,55,1,Benoni Defense,1,White
8525,0,70,1,Indian Game,1,Black
19493,31,59,1,Bogo-Indian Defense,1,White
1771,53,114,1,Queen's Pawn Game,1,Black
19664,25,83,0,English Opening,1,White
1728,100,61,1,Nimzowitsch Defense,1,White
2300,186,119,1,Sicilian Defense,1,White
2796,112,24,1,Ruy Lopez,1,Black
16998,376,55,1,Philidor Defense,2,White
17245,206,45,1,King's Gambit,1,White
12381,20,131,1,French Defense,1,White
17676,376,85,1,Blackmar-Diemer Gambit,1,White
11117,271,52,0,Van't Kruijs Opening,1,Black
10901,4,68,0,Queen's Gambit,1,Black
17456,164,68,1,Nimzo-Indian Defense,1,Black
4640,49,86,0,Sicilian Defense,1,Black
3412,274,76,1,Pirc Defense,1,Black
15341,274,76,1,Pirc Defense,2,Black
6681,174,113,1,Ruy Lopez,1,Draw
15991,30,19,1,French Defense,1,Black
6415,17,60,1,Caro-Kann Defense,1,Black
5871,198,117,1,Van't Kruijs Opening,1,White
11365,284,76,1,Van't Kruijs Opening,1,Black
13456,284,76,1,Van't Kruijs Opening,2,Black
622,116,71,1,French Defense,1,White
14071,7,41,1,King's Pawn Game,1,White
7434,31,70,1,Sicilian Defense,1,Black
6622,150,68,0,Tarrasch Defense,1,Black
13485,72,76,1,Caro-Kann Defense,2,Black
18934,32,72,1,Queen's Gambit,3,Black
473,4,30,1,French Defense,1,Black
18962,66,53,1,Queen's Pawn Game,1,White
6691,573,43,1,Nimzowitsch Defense,1,White
7133,41,54,1,Italian Game,1,Black
19298,304,66,1,Scotch Game,2,White
7913,12,76,1,Scandinavian Defense,1,Black
12805,67,48,0,Sicilian Defense,1,Draw
12807,67,48,0,Sicilian Defense,2,Draw
12808,468,19,0,Queen's Pawn Game,3,White
12809,208,51,0,Nimzo-Larsen Attack,4,White
12811,451,58,0,Philidor Defense,5,White
12813,0,116,1,Sicilian Defense,6,Black
12814,188,71,1,Italian Game,7,White
12816,442,51,0,Scandinavian Defense,8,White
12817,442,17,0,French Defense,9,White
12818,54,69,1,Scandinavian Defense,10,White
12822,229,53,1,Italian Game,11,White
12823,168,53,1,French Defense,12,Draw
12825,58,24,1,Sicilian Defense,13,Black
14571,45,38,1,Sicilian Defense,1,White
5038,143,26,1,Van't Kruijs Opening,1,Black
10599,57,71,0,Italian Game,1,White
11308,57,71,0,Italian Game,2,White
7891,27,56,1,Horwitz Defense,1,Black
13231,83,218,1,French Defense,1,Black
175,36,105,1,Sicilian Defense,1,White
2273,8,148,1,Sicilian Defense,2,Black
17967,67,23,1,Caro-Kann Defense,3,White
8374,404,36,1,Scandinavian Defense,1,Black
17309,148,140,1,Blackmar-Diemer Gambit,1,Black
19448,737,26,0,Sicilian Defense,1,Black
1653,289,73,1,French Defense,1,White
4221,29,20,1,Scandinavian Defense,1,Black
13780,47,56,1,Dutch Defense,1,Black
17046,277,15,0,French Defense,1,Black
11664,31,14,1,Sicilian Defense,1,Black
7035,7,71,1,Sicilian Defense,1,White
11498,47,26,1,Center Game,1,Black
19246,47,26,1,Center Game,2,Black
8036,133,27,1,Italian Game,1,White
15281,140,65,1,Sicilian Defense,1,White
10630,187,115,1,English Opening,1,White
15143,296,29,1,Philidor Defense,1,White
14669,204,47,1,Scandinavian Defense,1,White
4433,116,28,1,French Defense,1,Black
15981,152,86,1,French Defense,1,Black
2250,420,19,1,Italian Game,1,White
2251,62,33,1,Sicilian Defense,2,White
2255,113,61,1,Sicilian Defense,3,White
13137,157,79,0,French Defense,4,White
18586,9,54,1,Ruy Lopez,5,Black
656,362,48,1,Sicilian Defense,1,Black
4710,273,42,1,Blackmar-Diemer Gambit,1,Black
8034,24,143,1,Indian Game,2,Draw
3217,453,14,0,Four Knights Game,1,Black
4762,292,47,1,French Defense,1,White
5520,75,140,1,Slav Defense,1,Black
7161,767,166,1,French Defense,1,Black
7163,321,67,1,Sicilian Defense,2,White
7166,449,67,1,Queen's Pawn Game,3,White
7169,288,35,1,Scotch Game,4,White
7171,702,27,1,Sicilian Defense,5,White
7172,137,36,1,Horwitz Defense,6,Black
7175,318,89,1,Zukertort Opening,7,White
7177,120,57,1,Neo-Gruenfeld Defense,8,White
7179,313,85,1,Scandinavian Defense,9,White
7180,480,89,1,Sicilian Defense,10,White
7181,460,57,1,Queen's Pawn Game,11,White
7183,485,37,1,English Opening,12,White
17759,382,57,1,Blackmar-Diemer Gambit,1,White
455,94,107,1,Philidor Defense,1,White
459,242,71,1,Sicilian Defense,2,White
460,174,42,1,Robatsch (Modern) Defense,3,Black
461,149,2,1,Blackmar-Diemer Gambit,4,Black
462,707,11,1,Slav Defense,5,White
463,21,54,1,Pirc Defense,6,Black
465,84,42,1,King's Gambit,7,Black
468,93,54,1,Horwitz Defense,8,Black
470,55,38,1,Sicilian Defense,9,Black
472,27,121,1,Sicilian Defense,10,White
475,530,15,1,King's Pawn Game,11,White
477,588,128,1,Nimzowitsch Defense,12,Draw
479,577,51,1,French Defense,13,White
483,7,60,1,Bird Opening,14,Black
485,202,29,1,English Opening,15,White
486,240,98,1,English Opening,16,Black
488,132,135,1,English Opening,17,Draw
491,11,47,1,English Opening,18,Black
493,61,78,1,English Opening,19,Black
494,15,35,1,Indian Game,20,White
496,34,120,1,English Opening,21,Black
497,245,41,1,English Opening,22,White
11033,106,66,1,Italian Game,1,Black
8508,267,84,1,Sicilian Defense,1,Black
10319,403,34,1,Zukertort Opening,1,White
10321,162,44,1,Van't Kruijs Opening,2,Black
18583,46,55,1,King's Pawn Game,1,White
13109,160,108,1,Sicilian Defense,1,Draw
13110,427,30,1,Nimzo-Indian Defense,2,Black
13111,64,81,1,King's Indian Defense,3,Black
13115,76,45,1,King's Indian Defense,4,White
13117,198,71,1,Queen's Pawn,5,White
13118,106,119,1,Horwitz Defense,6,White
13119,105,75,1,Semi-Slav Defense,7,White
13123,113,51,0,Benko Gambit,8,Black
13125,7,87,1,Nimzo-Indian Defense,9,White
13127,75,69,1,Queen's Pawn,10,Black
13131,355,99,1,King's Indian Defense,11,White
2980,331,70,1,Van't Kruijs Opening,1,Black
6122,279,28,1,Van't Kruijs Opening,1,Black
6124,350,40,1,Sicilian Defense,2,Black
6126,370,111,1,Van't Kruijs Opening,3,Draw
6128,351,63,1,Scandinavian Defense,4,White
6129,319,89,1,English Opening,5,White
6131,395,89,1,Queen's Gambit,6,Draw
18343,87,14,1,Nimzo-Larsen Attack,1,White
15801,132,55,1,Ruy Lopez,1,White
3267,169,52,1,French Defense,1,Black
14493,159,85,1,Ruy Lopez,1,White
14498,31,88,1,Semi-Slav Defense,2,Black
14500,80,17,1,Zukertort Opening,3,White
14502,481,57,0,Yusupov-Rubinstein System,4,Draw
6407,2,30,1,Sicilian Defense,1,Black
6430,62,49,1,Ruy Lopez,2,Black
17402,42,56,1,Philidor Defense,1,Black
15175,87,37,0,Petrov's Defense,1,White
15176,87,100,0,Scandinavian Defense,2,Black
15177,87,61,0,Sicilian Defense,3,White
15181,84,71,1,French Defense,4,Draw
15182,84,97,0,Caro-Kann Defense,5,White
15186,89,16,0,Italian Game,6,Black
15187,334,17,0,Philidor Defense,7,White
15188,448,40,0,Scandinavian Defense,8,Black
15189,100,57,0,Italian Game,9,White
15190,252,15,0,Philidor Defense,10,White
15191,89,91,0,Scandinavian Defense,11,White
15192,241,66,0,Queen's Gambit,12,Black
15196,89,61,0,French Defense,13,White
15198,89,161,0,King's Pawn Game,14,White
15199,89,39,0,Queen's Gambit,15,White
15201,61,39,1,Blackmar-Diemer Gambit,16,White
15202,319,43,1,Scandinavian Defense,17,White
15204,211,15,1,Horwitz Defense,18,White
15207,54,19,0,Caro-Kann Defense,19,White
15211,207,15,0,Slav Defense,20,White
15212,318,41,0,Queen's Gambit,21,White
15213,13,61,1,French Defense,22,Black
15215,64,53,0,Caro-Kann Defense,23,White
15217,64,65,0,Sicilian Defense,24,White
7651,5,35,0,Four Knights Game,1,White
5561,106,51,1,Philidor Defense,1,Black
5563,180,78,1,Queen's Pawn,2,Black
5565,154,33,1,Sicilian Defense,3,White
5566,90,27,1,King's Knight Opening,4,White
5570,127,75,1,Caro-Kann Defense,5,White
5572,26,59,0,Nimzowitsch Defense,6,White
5573,108,79,1,Italian Game,7,White
5576,21,68,1,Russian Game,8,Black
5577,142,43,1,Ruy Lopez,9,White
5581,63,49,1,King's Knight Opening,10,White
1424,8,54,0,Petrov's Defense,1,Black
5268,293,92,1,Sicilian Defense,1,Black
6043,772,41,0,Italian Game,1,White
12453,434,29,0,Caro-Kann Defense,2,White
8147,43,86,1,Philidor Defense,1,Black
1199,337,70,1,King's Pawn Game,1,Black
14674,337,70,1,King's Pawn Game,2,Black
18793,194,44,1,Ruy Lopez,1,Black
18794,93,57,1,Nimzowitsch Defense,2,White
18799,264,157,1,Sicilian Defense,3,White
18800,71,93,0,Robatsch (Modern) Defense,4,White
18801,18,99,1,Caro-Kann Defense,5,White
18803,157,73,1,Caro-Kann Defense,6,White
18804,64,45,1,Italian Game,7,White
18805,36,107,1,Scandinavian Defense,8,White
18808,70,29,1,Scandinavian Defense,9,White
18810,195,24,1,Italian Game,10,White
18811,264,70,1,Four Knights Game,11,Black
18812,44,61,1,King's Knight Opening,12,White
13626,177,36,1,Queen's Gambit,1,Black
4429,154,136,1,Sicilian Defense,1,Draw
3075,60,81,1,Sicilian Defense,1,White
13225,57,58,1,Sicilian Defense,1,Black
13227,96,55,1,King's Gambit,2,White
13228,171,71,1,King's Gambit,3,White
6211,226,61,1,Alekhine Defense,1,White
10132,6,31,1,Scandinavian Defense,1,White
13915,49,90,1,King's Pawn Game,1,Black
19278,158,62,1,King's Pawn Game,2,White
4336,74,61,1,French Defense,1,White
2134,40,88,1,Van't Kruijs Opening,1,Black
11570,158,82,0,Sicilian Defense,1,Black
8970,39,82,1,Petrov's Defense,1,Black
17666,103,55,1,Caro-Kann Defense,1,White
8291,173,94,1,Pirc Defense,1,Black
8105,134,57,1,Van't Kruijs Opening,1,White
7347,24,42,0,Scotch Game,1,Black
11057,49,101,1,Van't Kruijs Opening,1,White
12568,98,7,1,King's Pawn Game,1,White
3003,192,30,1,Blackmar-Diemer Gambit,1,Black
12026,135,93,1,Sicilian Defense,1,White
16713,6,32,1,Nimzo-Indian Defense,1,White
16714,274,113,1,Horwitz Defense,2,White
16715,48,39,1,East Indian Defense,3,White
16719,177,93,1,Blackmar-Diemer Gambit,4,Black
16720,165,42,1,Slav Defense,5,Black
4360,592,55,1,French Defense,1,White
18837,233,144,1,Philidor Defense,1,Draw
8478,266,68,0,Blackmar-Diemer Gambit,1,Black
8480,266,115,0,Nimzowitsch Defense,2,Draw
8482,266,78,0,Queen's Pawn Game,3,Black
7416,71,43,1,Sicilian Defense,1,White
8817,393,27,0,Queen's Pawn,1,White
2599,78,64,1,French Defense,1,Black
1362,245,31,1,Sicilian Defense,1,White
18264,325,96,1,French Defense,2,White
3115,419,39,1,Scotch Game,1,Black
12767,0,66,0,Nimzowitsch Defense,1,Black
9943,7,69,1,Van't Kruijs Opening,1,White
670,296,56,1,English Opening,1,Black
17181,112,58,1,Scotch Game,1,White
18434,251,51,1,Sicilian Defense,1,White
18436,149,107,1,King's Knight Opening,2,White
18438,47,137,1,Scotch Game,3,White
18439,375,128,1,Sicilian Defense,4,Black
18443,99,60,1,Scotch Game,5,Draw
18444,81,66,1,Scotch Game,6,Black
18445,34,27,1,Sicilian Defense,7,White
18448,97,129,1,Scandinavian Defense,8,Draw
18449,44,32,0,Scotch Game,9,Black
18451,12,52,1,Scotch Game,10,Black
18453,165,79,1,Philidor Defense,11,White
18457,80,89,1,Scotch Game,12,White
18458,184,43,1,Robatsch (Modern) Defense,13,Black
18460,250,67,1,Philidor Defense,14,White
18462,101,94,1,King's Knight Opening,15,Black
18464,199,78,1,Scandinavian Defense,16,Black
18466,154,11,1,Sicilian Defense,17,White
18468,30,29,1,Sicilian Defense,18,White
18470,341,39,1,Scotch Game,19,White
18472,686,34,1,Sicilian Defense,20,Black
18474,175,98,1,Pirc Defense,21,Black
341,69,49,1,Scotch Game,1,White
4603,273,66,1,Nimzowitsch Defense,1,Black
4605,213,35,1,Four Knights Game,2,White
4609,417,26,1,Sicilian Defense,3,Black
4611,510,50,1,Italian Game,4,Black
4613,502,30,1,Italian Game,5,Black
4618,171,67,1,Scotch Game,6,Black
4619,175,18,1,Van't Kruijs Opening,7,White
14948,227,70,1,Italian Game,1,Black
12037,524,56,1,Blackmar-Diemer Gambit,1,Black
12595,2,15,1,Four Knights Game,1,White
3947,503,11,1,King's Pawn Game,1,White
14504,14,60,0,Gruenfeld Defense,1,Black
14505,16,73,0,Gruenfeld Defense,2,Black
5308,84,19,1,Four Knights Game,1,White
7292,34,66,1,King's Knight Opening,1,Black
12755,79,38,1,Scandinavian Defense,1,Black
13503,220,48,1,Sicilian Defense,2,Black
4489,570,72,0,Sicilian Defense,1,Draw
10260,193,41,0,Horwitz Defense,1,Black
10264,400,9,0,Nimzowitsch Defense,2,White
10266,245,32,1,Blackmar-Diemer Gambit,3,Black
10267,87,8,0,Nimzowitsch Defense,4,White
11827,158,89,1,Vienna Game,1,White
11829,81,76,1,Vienna Game,2,Black
11831,9,60,1,Caro-Kann Defense,3,Black
2536,133,46,1,Scandinavian Defense,1,Black
13028,57,32,0,Philidor Defense,1,Black
5547,420,31,0,Caro-Kann Defense,1,White
5550,239,57,0,Nimzowitsch Defense,2,White
11826,134,23,1,Philidor Defense,1,Black
4055,24,25,1,Sicilian Defense,1,White
14752,453,18,1,Four Knights Game,1,Black
19858,0,56,0,Ruy Lopez,1,Black
9172,58,22,1,Nimzowitsch Defense,1,White
6161,335,60,1,French Defense,1,Black
18488,63,94,1,Queen's Gambit,1,Black
15824,28,76,1,English Opening,1,Black
15411,22,59,1,French Defense,1,White
6047,161,53,1,Horwitz Defense,1,White
16524,15,71,1,Alekhine Defense,1,White
16526,15,47,1,Scotch Game,2,White
8515,186,75,1,Sicilian Defense,1,White
8516,108,103,0,King's Knight Opening,2,White
8518,108,23,0,Nimzowitsch Defense,3,White
10731,215,23,1,Blackmar-Diemer Gambit,1,White
11787,151,37,1,Sicilian Defense,1,Black
14330,16,45,1,Queen's Gambit,1,White
6308,74,66,1,Sicilian Defense,1,Black
15788,51,38,1,Queen's Pawn Game,1,Black
4951,469,33,0,Queen's Pawn,1,White
7707,230,37,1,Sicilian Defense,1,White
1063,110,114,1,French Defense,1,Black
19303,87,68,1,Caro-Kann Defense,1,Black
10042,113,37,1,Scandinavian Defense,1,White
2538,337,51,0,Bird Opening,1,White
2546,302,61,0,French Defense,2,White
2549,302,65,0,Blackmar-Diemer Gambit,3,White
2552,421,137,0,Nimzowitsch Defense,4,Draw
2556,421,169,0,Blackmar-Diemer Gambit,5,Draw
8468,492,68,1,Horwitz Defense,1,Black
11161,128,122,1,Van't Kruijs Opening,1,Black
16304,0,55,0,Blackmar-Diemer Gambit,1,White
15332,47,71,1,Indian Game,1,White
9855,17,20,1,French Defense,1,Black
9856,67,57,1,Sicilian Defense,2,White
6760,710,32,0,Van't Kruijs Opening,1,Black
2042,186,30,1,Van't Kruijs Opening,1,Black
4569,304,58,1,King's Pawn Game,1,Black
8665,375,107,1,Sicilian Defense,1,White
1618,315,106,1,French Defense,1,Black
12620,71,43,1,Queen's Gambit,1,White
19234,444,53,0,Slav Defense,1,Draw
20033,14,53,0,Pirc Defense,1,White
13987,8,61,1,Philidor Defense,1,White
16275,106,48,1,Italian Game,1,Black
16178,165,172,1,Four Knights Game,1,Draw
1652,89,89,1,Sicilian Defense,1,White
12819,43,44,1,Sicilian Defense,1,Black
7664,105,45,1,Four Knights Game,1,White
11344,708,7,0,Italian Game,1,Draw
11345,318,56,0,Ruy Lopez,2,Draw
11347,573,69,1,Philidor Defense,3,White
11348,483,189,1,King's Indian Defense,4,White
11350,352,77,1,Zukertort Opening,5,White
11351,129,29,1,Pirc Defense,6,White
11354,66,22,1,Caro-Kann Defense,7,Draw
11355,183,117,1,Scandinavian Defense,8,White
10310,369,26,0,Slav Defense,1,Black
13194,29,41,1,Italian Game,1,White
3348,191,102,1,Scandinavian Defense,1,Black
1903,50,48,1,Italian Game,1,Black
20,406,25,0,Blackmar-Diemer Gambit,1,White
3019,188,56,1,Horwitz Defense,1,Black
15897,22,40,1,Italian Game,1,Black
3024,140,66,1,Robatsch (Modern) Defense,1,Black
10979,360,37,1,Alekhine Defense,1,White
3837,97,18,1,Zukertort Opening,1,Black
16600,134,82,1,Sicilian Defense,1,Black
1733,238,72,1,Sicilian Defense,1,White
537,75,73,1,Italian Game,1,White
14963,55,108,1,Blackmar-Diemer Gambit,1,Black
12391,249,13,1,Four Knights Game,1,White
4938,311,50,1,Bird Opening,1,White
379,18,8,1,Scotch Game,1,Black
12379,117,76,1,French Defense,1,Black
10931,41,75,1,King's Pawn Game,1,White
5489,96,14,0,Vienna Game,1,Black
5751,22,35,1,Philidor Defense,1,White
17552,140,111,1,Caro-Kann Defense,1,White
18149,73,94,1,Sicilian Defense,1,Black
3570,13,80,1,Italian Game,1,Black
16421,40,41,1,Sicilian Defense,1,White
17507,37,19,1,Four Knights Game,1,White
10624,138,29,1,Four Knights Game,1,White
5895,353,42,1,Alekhine Defense,1,White
16676,24,44,1,Sicilian Defense,1,Black
9583,144,59,1,King's Pawn Game,1,White
13534,601,46,1,Queen's Gambit,1,Black
17518,1,85,1,Ruy Lopez,1,Draw
12632,189,101,1,Sicilian Defense,1,White
16564,45,37,1,Vienna Game,1,White
16565,10,72,1,Nimzowitsch Defense,2,Black
16567,124,87,1,Vienna Game,3,White
16568,11,49,1,Sicilian Defense,4,White
16569,36,11,1,Vienna Game,5,White
16570,48,66,1,French Defense,6,Black
16572,380,25,1,Sicilian Defense,7,White
16575,18,45,1,Sicilian Defense,8,White
16577,32,41,1,French Defense,9,White
16578,339,55,1,Vienna Game,10,White
16580,380,72,1,Sicilian Defense,11,Black
8819,25,85,0,Queen's Pawn,1,White
3389,238,96,1,Queen's Gambit,1,Black
3390,64,62,1,Queen's Gambit,2,White
3392,19,63,1,Old Indian,3,White
3395,150,134,1,Queen's Gambit,4,Black
3396,200,72,1,King's Indian Defense,5,Black
3398,181,87,1,Queen's Gambit,6,White
3400,95,160,1,Queen's Gambit,7,Black
3401,386,60,1,Horwitz Defense,8,White
3402,513,119,1,Queen's Gambit,9,White
1147,108,85,1,King's Pawn Game,1,White
14601,108,85,1,King's Pawn Game,2,White
6580,7,55,1,Horwitz Defense,1,White
6581,6,37,1,French Defense,2,White
6583,7,35,1,King's Gambit,3,White
6585,695,41,1,Slav Defense,4,White
6586,282,51,1,Italian Game,5,White
6590,84,72,1,Sicilian Defense,6,Black
6593,164,113,1,King's Knight Opening,7,White
6594,197,28,1,Four Knights Game,8,Black
6596,15,58,1,King's Knight Opening,9,Black
6602,496,56,1,Sicilian Defense,10,Black
6603,65,144,1,French Defense,11,Black
6605,99,69,1,Philidor Defense,12,White
14568,105,60,1,Sicilian Defense,1,Black
7839,136,76,0,Sicilian Defense,1,White
2860,73,80,1,Queen's Gambit,1,Black
4108,98,4,1,Scotch Game,1,White
9672,389,49,0,Ruy Lopez,1,White
13539,504,54,1,Sicilian Defense,1,Black
421,16,21,1,Alekhine Defense,1,White
18752,50,29,1,Ruy Lopez,1,White
6099,109,97,1,Italian Game,1,White
19916,21,105,1,Sicilian Defense,2,White
729,108,23,1,Sicilian Defense,1,White
8670,24,53,1,Van't Kruijs Opening,1,White
18165,357,48,1,Blackmar-Diemer Gambit,1,Black
18167,348,76,1,Van't Kruijs Opening,2,Black
3675,70,47,1,Petrov's Defense,1,White
16166,13,63,1,Petrov's Defense,1,Black
15246,71,112,1,Caro-Kann Defense,1,Black
20031,3,82,1,Sicilian Defense,1,Black
910,10,120,1,Sicilian Defense,1,White
2244,393,71,0,Italian Game,1,Black
2246,376,74,1,Sicilian Defense,2,Black
1465,51,56,1,Van't Kruijs Opening,1,Black
1961,6,55,1,Philidor Defense,1,White
17061,560,26,0,French Defense,1,Black
18522,90,124,1,Blackmar-Diemer Gambit,1,White
19807,28,47,1,Scotch Game,2,White
19927,45,68,1,English Opening,1,Black
1131,56,33,1,Sicilian Defense,1,White
17124,154,64,1,Scotch Game,1,Black
2460,56,45,1,King's Pawn Game,1,White
8343,156,17,1,Nimzowitsch Defense,1,White
9443,125,18,1,French Defense,1,White
1085,59,63,1,Sicilian Defense,1,White
7389,76,14,1,Scandinavian Defense,1,Draw
7391,102,25,1,King's Pawn Game,2,White
7392,94,34,1,King's Pawn Game,3,Black
7394,49,44,1,Pirc Defense,4,Black
7395,29,28,1,Blackmar-Diemer Gambit,5,Black
7399,209,119,0,Robatsch (Modern) Defense,6,Draw
7401,483,8,1,Blackmar-Diemer Gambit,7,Draw
7403,74,57,0,Sicilian Defense,8,White
15221,326,48,1,Caro-Kann Defense,1,Black
12769,457,75,1,Nimzowitsch Defense,1,White
7284,82,45,1,Petrov's Defense,1,White
781,29,59,1,Sicilian Defense,1,White
12216,29,59,1,Sicilian Defense,2,White
5948,22,146,0,Sicilian Defense,1,Black
18802,84,47,1,Sicilian Defense,1,White
19833,256,24,0,King's Pawn Game,1,Black
15777,36,103,1,Vienna Game,1,White
15329,123,38,1,French Defense,1,Black
11951,650,137,0,Italian Game,1,Draw
4097,93,27,0,Nimzowitsch Defense,1,White
12861,96,38,1,Sicilian Defense,1,Black
11126,239,69,1,English Opening,1,White
10586,573,53,1,Sicilian Defense,1,White
11295,573,53,1,Sicilian Defense,2,White
7669,84,27,1,Nimzowitsch Defense,1,Black
6782,37,168,1,Ruy Lopez,1,Black
2819,0,77,0,Ruy Lopez,1,White
11769,169,92,1,Sicilian Defense,1,Black
14507,297,58,0,Italian Game,1,Black
14508,297,34,0,Italian Game,2,White
14509,297,50,0,Italian Game,3,Black
14510,274,42,0,Sicilian Defense,4,Black
14512,82,59,1,Horwitz Defense,5,White
1155,135,48,1,Four Knights Game,1,Black
1157,8,14,1,Ruy Lopez,2,Black
1161,144,80,1,Van't Kruijs Opening,3,Black
8312,3,23,0,King's Pawn Game,1,Black
3839,8,59,1,Sicilian Defense,1,White
8740,97,44,1,Sicilian Defense,1,Black
10282,604,66,1,Slav Defense,1,Black
16106,144,80,1,Petrov's Defense,1,Black
5010,31,15,1,Four Knights Game,1,White
458,277,122,1,French Defense,1,Black
3069,2,54,1,Sicilian Defense,1,Black
8461,27,84,1,King's Gambit,2,Black
6493,93,9,0,King's Gambit,1,White
2015,718,81,1,Philidor Defense,1,White
18660,138,65,1,Sicilian Defense,1,White
16913,34,102,1,English Opening,1,Black
4845,50,70,1,Yusupov-Rubinstein System,1,Black
14108,58,99,1,King's Indian Defense,1,White
7066,232,81,1,Queen's Gambit,1,White
10369,0,30,0,Horwitz Defense,1,Black
13257,98,15,1,Pirc Defense,1,White
13258,123,33,1,Scandinavian Defense,2,Draw
13259,262,32,1,Sicilian Defense,3,Black
13260,659,28,0,French Defense,4,Black
13262,87,40,1,Italian Game,5,Black
13263,224,95,1,French Defense,6,White
13264,1,28,1,Bishop's Opening,7,Black
13266,7,23,1,Italian Game,8,Black
818,109,52,1,Nimzowitsch Defense,1,Black
2091,136,80,1,Vienna Game,1,Black
13230,190,77,1,Horwitz Defense,1,White
3447,222,53,0,Queen's Gambit,1,White
1603,236,95,1,Van't Kruijs Opening,1,White
6068,451,108,1,King's Pawn Game,2,Black
576,140,115,1,Indian Game,1,White
17853,488,40,1,Caro-Kann Defense,1,Black
16486,5,71,1,Vienna Game,1,White
10761,398,24,1,Vienna Game,1,Black
10764,342,96,1,Scotch Game,2,Black
10765,91,93,1,Philidor Defense,3,White
10776,58,40,1,Scandinavian Defense,4,Black
10777,171,54,1,Scandinavian Defense,5,Black
10780,63,73,1,King's Pawn Game,6,Black
10781,307,8,1,Scandinavian Defense,7,Black
10782,41,24,1,King's Pawn Game,8,Black
10785,600,24,0,Sicilian Defense,9,Black
4777,21,56,1,French Defense,1,Black
16616,131,29,1,French Defense,1,White
6767,26,100,1,Queen's Pawn Game,1,White
11682,115,22,1,Philidor Defense,1,White
14809,135,13,0,French Defense,1,White
13876,42,60,1,Queen's Pawn Game,1,Black
3132,404,83,1,Ruy Lopez,1,Black
11930,466,67,0,Robatsch (Modern) Defense,1,White
4062,25,52,1,Queen's Pawn Game,1,Black
18190,211,120,1,Sicilian Defense,1,Black
6938,15,23,1,Four Knights Game,1,White
17616,59,75,0,Nimzowitsch Defense,1,White
2901,173,57,1,Horwitz Defense,1,White
9519,271,41,1,Sicilian Defense,1,Draw
9243,369,88,1,Blackmar-Diemer Gambit,1,Black
16091,11,58,1,Queen's Pawn Game,2,Black
6510,0,42,0,King's Pawn Game,1,Black
18852,184,56,1,Semi-Slav Defense,1,Black
19781,20,46,1,Pirc Defense,2,Black
11822,23,149,1,Van't Kruijs Opening,1,White
11080,214,35,1,Queen's Gambit,1,White
2991,495,31,1,Italian Game,1,White
17226,80,20,1,Scotch Game,1,Black
6713,118,75,1,Horwitz Defense,1,White
14346,206,28,1,King's Pawn Game,1,Black
4196,353,41,1,French Defense,1,White
8882,1,68,1,Petrov's Defense,1,Black
8883,393,92,1,French Defense,2,Black
8885,548,74,1,Caro-Kann Defense,3,Black
8886,185,51,0,Scotch Game,4,Black
8888,598,90,1,Scotch Game,5,Black
6351,218,76,0,Nimzowitsch Defense,1,Black
6354,703,45,0,Sicilian Defense,2,White
6355,354,37,0,Robatsch (Modern) Defense,3,White
6357,1073,35,0,Pirc Defense,4,White
10728,84,71,1,King's Knight Opening,1,White
7826,159,24,1,Italian Game,1,White
10170,23,19,1,Italian Game,2,White
10750,97,84,1,Italian Game,3,Black
10770,102,4,1,King's Knight Opening,4,White
10771,80,11,1,King's Knight Opening,5,White
17663,380,67,0,Philidor Defense,1,White
17667,14,93,0,King's Knight Opening,2,White
3025,76,26,1,Van't Kruijs Opening,1,Black
6389,20,56,1,Ruy Lopez,1,Black
14797,604,37,0,Sicilian Defense,1,White
8139,230,27,0,King's Pawn Game,1,Black
2138,43,41,1,Scotch Game,1,White
14808,536,68,0,French Defense,1,White
10383,276,53,1,Pirc Defense,1,White
10385,177,55,1,Budapest Defense,2,White
10388,87,57,1,French Defense,3,White
10391,77,63,1,Nimzo-Indian Defense,4,Black
10392,159,47,1,Queen's Gambit,5,White
66,181,39,1,Zukertort Opening,1,White
11165,201,86,1,Horwitz Defense,1,Black
18179,16,66,1,Alekhine Defense,1,Black
3567,358,29,0,Queen's Gambit,1,Black
16026,98,65,0,Gruenfeld Defense,2,Black
10953,19,89,1,Sicilian Defense,1,White
1833,68,90,1,Horwitz Defense,1,Black
14031,310,49,1,Ruy Lopez,1,White
4023,76,41,1,Van't Kruijs Opening,1,White
19272,120,51,1,Four Knights Game,1,White
2112,255,39,1,Queen's Gambit,1,White
9663,418,136,1,Budapest Defense,2,Black
2254,126,48,1,Tarrasch Defense,1,Black
9718,124,86,1,Yusupov-Rubinstein System,1,Black
6168,17,61,1,French Defense,1,White
16777,65,52,0,Horwitz Defense,1,Black
10491,120,82,1,Sicilian Defense,1,Black
11764,713,20,1,London System,1,Black
7011,66,32,1,Sicilian Defense,1,Black
10096,502,55,1,Van't Kruijs Opening,1,White
4168,93,112,1,English Opening,1,Black
17920,15,135,1,Ruy Lopez,1,Black
16101,3,48,1,Petrov's Defense,1,Black
1794,120,89,1,French Defense,1,White
12538,120,89,1,French Defense,2,White
13773,90,56,1,Sicilian Defense,1,Black
13774,38,125,1,Ruy Lopez,2,White
13775,36,55,1,Sicilian Defense,3,White
13776,80,112,1,Nimzowitsch Defense,4,Black
13777,140,64,1,French Defense,5,Black
13778,36,55,1,Alekhine Defense,6,White
13782,252,156,1,Ruy Lopez,7,Draw
13783,10,81,1,Ruy Lopez,8,White
13785,25,86,1,Ruy Lopez,9,Black
13789,625,39,1,Nimzowitsch Defense,10,White
13790,57,100,1,Caro-Kann Defense,11,Black
13791,132,117,1,Ruy Lopez,12,White
13792,227,63,1,Alekhine Defense,13,White
13795,411,69,1,Sicilian Defense,14,White
13796,541,71,0,Van't Kruijs Opening,15,White
13799,548,109,0,Sicilian Defense,16,White
13802,208,134,1,Sicilian Defense,17,Black
13804,33,53,1,Petrov's Defense,18,White
13806,53,54,1,Sicilian Defense,19,Black
13809,108,33,1,Caro-Kann Defense,20,White
13810,23,67,1,Philidor Defense,21,White
13811,173,53,1,French Defense,22,White
13814,171,30,1,Ruy Lopez,23,Black
13818,306,66,1,Philidor Defense,24,Black
13506,439,33,1,Alekhine Defense,1,White
13507,235,59,1,Petrov's Defense,2,White
13509,278,123,1,Scandinavian Defense,3,White
13511,81,45,1,Nimzo-Indian Defense,4,White
13512,81,41,1,Queen's Gambit,5,White
13514,106,63,1,King's Knight Opening,6,White
13515,55,89,1,Queen's Gambit,7,White
14009,278,123,1,Scandinavian Defense,8,White
16249,24,9,1,Nimzowitsch Defense,1,White
19533,185,144,1,Nimzo-Indian Defense,1,Draw
8674,111,65,1,Sicilian Defense,1,White
14456,182,79,1,Scotch Game,1,White
12622,33,56,1,Sicilian Defense,1,Black
6329,56,23,1,Sicilian Defense,1,White
6941,440,23,1,Ruy Lopez,1,White
19756,291,70,1,Van't Kruijs Opening,1,Black
4758,211,65,1,Sicilian Defense,1,White
4760,146,71,1,Pirc Defense,2,White
4763,285,38,1,Sicilian Defense,3,Black
4764,350,60,1,Queen's Gambit,4,Black
4766,338,48,1,Four Knights Game,5,Black
4768,374,94,1,Scotch Game,6,Black
4769,278,136,1,Four Knights Game,7,Black
4772,7,44,1,Italian Game,8,Black
4776,26,34,1,Queen's Gambit,9,Black
4782,78,53,1,French Defense,10,White
4784,110,40,1,Sicilian Defense,11,Black
4786,77,42,1,Van't Kruijs Opening,12,Black
4788,86,11,1,Van't Kruijs Opening,13,White
4790,40,49,1,Van't Kruijs Opening,14,White
4791,51,72,1,King's Pawn Game,15,Black
4793,11,58,1,French Defense,16,Black
4794,27,80,1,Petrov's Defense,17,White
1650,76,123,1,Indian Game,1,White
3519,311,111,1,Nimzo-Indian Defense,1,White
3520,230,19,1,Queen's Gambit,2,White
3522,228,13,1,Queen's Gambit,3,White
3525,394,53,1,Slav Defense,4,White
3529,329,57,0,Ruy Lopez,5,White
3530,191,19,0,Ruy Lopez,6,White
3532,58,51,1,French Defense,7,White
3533,11,33,1,Gruenfeld Defense,8,White
3535,170,31,1,Sicilian Defense,9,White
3537,406,27,1,Ruy Lopez,10,White
3539,619,127,0,Petrov's Defense,11,White
3542,219,43,0,Horwitz Defense,12,White
6911,41,35,0,Nimzo-Indian Defense,1,White
11898,51,136,0,King's Indian Defense,1,Black
12772,507,81,1,Sicilian Defense,1,White
14658,507,81,1,Sicilian Defense,2,White
3269,63,79,1,Queen's Pawn Game,1,White
27,746,43,1,Scotch Game,1,White
5003,110,51,1,French Defense,1,White
17888,76,41,1,French Defense,1,White
6985,35,151,1,Queen's Pawn Game,1,White
5508,24,66,1,Slav Defense,1,Black
16899,387,91,0,Queen's Gambit,1,White
16900,387,84,0,Sicilian Defense,2,Draw
14592,36,67,1,Sicilian Defense,1,White
15910,57,164,1,Scotch Game,1,Draw
8851,92,141,1,Pirc Defense,1,White
11073,6,56,1,King's Pawn Game,1,Black
5894,69,65,1,Nimzowitsch Defense,1,White
15021,72,109,1,Bird Opening,1,Draw
20005,72,109,1,Bird Opening,2,Draw
10100,181,40,1,Horwitz Defense,1,White
12054,32,117,0,Sicilian Defense,1,Draw
11504,1,7,1,King's Pawn Game,1,Draw
19252,1,7,1,King's Pawn Game,2,Draw
7162,595,62,1,Italian Game,1,Black
4034,230,79,1,King's Indian Defense,1,White
10811,9,58,1,Philidor Defense,1,Black
10421,34,28,0,Van't Kruijs Opening,1,Black
9210,248,106,1,Van't Kruijs Opening,1,Black
8241,581,156,1,Sicilian Defense,1,Black
10402,189,57,1,Bishop's Opening,1,White
18159,243,24,1,Sicilian Defense,1,White
19707,167,69,1,Ruy Lopez,1,White
6451,584,14,1,Van't Kruijs Opening,1,Black
6452,272,34,0,Van't Kruijs Opening,2,Black
480,185,71,1,French Defense,1,Black
8401,186,49,1,Sicilian Defense,1,White
10853,194,27,1,Ruy Lopez,1,White
2170,21,54,1,Scotch Game,1,White
2173,216,37,1,English Opening,2,Black
2175,61,149,0,Ruy Lopez,3,White
2180,286,30,0,Queen's Pawn,4,Black
2181,167,55,0,English Opening,5,White
2183,5,48,1,English Opening,6,Black
2184,7,21,1,English Opening,7,Black
2187,8,111,1,English Opening,8,White
2188,125,49,1,English Opening,9,White
2189,446,40,0,English Opening,10,Black
2190,220,57,1,English Opening,11,Black
13337,21,54,1,Scotch Game,12,White
13340,216,37,1,English Opening,13,Black
13342,61,149,0,Ruy Lopez,14,White
13347,286,30,0,Queen's Pawn,15,Black
13348,167,55,0,English Opening,16,White
13350,5,48,1,English Opening,17,Black
13351,7,21,1,English Opening,18,Black
13354,8,111,1,English Opening,19,White
13355,125,49,1,English Opening,20,White
13356,446,40,0,English Opening,21,Black
13357,220,57,1,English Opening,22,Black
1591,103,92,1,Van't Kruijs Opening,1,Black
13165,103,92,1,Van't Kruijs Opening,2,Black
14783,103,92,1,Van't Kruijs Opening,3,Black
10795,284,85,1,Petrov's Defense,1,White
9106,518,57,0,Pirc Defense,1,White
9108,518,50,0,Pirc Defense,2,Black
9109,181,55,0,Slav Defense,3,White
9111,322,27,0,Sicilian Defense,4,White
13386,122,88,1,Gruenfeld Defense,1,Black
14277,49,64,1,Pirc Defense,1,Black
16755,22,114,1,French Defense,1,Black
5484,54,53,1,Indian Game,1,White
4528,10,58,1,Scotch Game,1,White
148,9,72,1,Alekhine Defense,1,Black
2768,105,72,1,Italian Game,1,Black
147,91,11,1,Alekhine Defense,1,White
15748,115,65,1,King's Knight Opening,1,White
294,66,40,1,Scotch Game,1,Black
9464,35,45,1,Pirc Defense,1,White
16771,108,94,1,Bird Opening,1,Draw
4700,7,54,1,Queen's Pawn Game,1,Black
7045,55,29,1,Sicilian Defense,1,Black
7049,140,73,1,Philidor Defense,2,White
6157,20,49,1,French Defense,1,White
7112,301,14,0,Scotch Game,1,White
10344,219,51,1,Van't Kruijs Opening,1,Black
11485,2,3,1,Sicilian Defense,1,White
9209,7,65,1,Sicilian Defense,1,White
6421,36,109,1,King's Pawn Game,1,White
1127,94,140,1,Sicilian Defense,1,Draw
11390,53,71,1,Scandinavian Defense,1,White
7337,168,58,1,Sicilian Defense,1,Black
7408,76,24,1,Horwitz Defense,1,White
8754,23,88,1,Sicilian Defense,1,Black
13205,86,26,1,Petrov's Defense,1,Draw
151,37,77,0,French Defense,1,White
7327,8,110,1,Indian Game,1,Black
2122,215,11,1,King's Pawn Game,1,White
2176,286,94,0,English Opening,1,Black
2177,286,61,0,Bird Opening,2,White
2178,286,21,0,Sicilian Defense,3,White
2179,286,50,0,Sicilian Defense,4,Black
13343,286,94,0,English Opening,5,Black
13344,286,61,0,Bird Opening,6,White
13345,286,21,0,Sicilian Defense,7,White
13346,286,50,0,Sicilian Defense,8,Black
15983,22,16,0,French Defense,1,Black
14724,90,151,1,Queen's Pawn Game,1,White
10186,116,129,1,English Opening,1,White
13900,53,39,1,Sicilian Defense,1,White
13497,301,27,1,Caro-Kann Defense,1,White
18973,568,96,0,Queen's Gambit,2,Black
18975,442,61,1,Queen's Gambit,3,White
18978,103,49,1,Benko Gambit,4,White
18979,287,71,1,Queen's Indian Defense,5,White
18982,9,63,1,Queen's Pawn Game,6,White
18984,593,43,1,King's Indian Defense,7,White
18985,472,73,1,Horwitz Defense,8,White
18987,429,47,1,Queen's Gambit,9,White
18989,273,53,1,King's Indian Defense,10,White
10451,220,15,0,Petrov's Defense,1,Black
10453,409,71,1,French Defense,2,White
10454,326,37,1,Four Knights Game,3,White
10456,326,31,0,Philidor Defense,4,White
10458,326,95,0,Van't Kruijs Opening,5,White
621,5,65,1,Benoni Defense,1,White
623,396,50,1,Robatsch (Modern) Defense,2,Black
624,101,54,1,Benoni Defense,3,Black
627,78,53,1,Queen's Gambit,4,White
18602,64,54,1,Queen's Gambit,1,Black
13695,155,84,1,Queen's Gambit,1,Black
8310,121,52,0,Van't Kruijs Opening,1,Black
15093,19,72,1,King's Pawn Game,1,Black
10262,567,33,1,Queen's Gambit,1,White
16704,25,73,1,Van't Kruijs Opening,1,White
5680,58,38,1,Queen's Gambit,1,Black
502,131,73,0,Queen's Gambit,1,White
19377,83,138,1,Sicilian Defense,1,Black
1083,228,52,1,Sicilian Defense,1,Black
2600,132,63,1,French Defense,1,White
6321,1,73,1,Sicilian Defense,1,White
9819,280,77,1,Queen's Pawn Game,1,White
3725,37,122,1,Ruy Lopez,1,Black
3727,95,123,1,Alekhine Defense,2,White
3728,82,56,1,Alekhine Defense,3,Black
11078,83,37,1,Caro-Kann Defense,1,White
11944,194,51,0,Nimzo-Indian Defense,1,White
6707,65,55,1,King's Gambit,1,White
5301,17,109,1,Sicilian Defense,1,White
18232,17,109,1,Sicilian Defense,2,White
15495,65,40,1,Sicilian Defense,1,Black
3992,104,24,1,Nimzo-Indian Defense,1,White
8211,107,32,1,Ruy Lopez,1,Black
18974,150,134,1,French Defense,1,Black
10886,90,51,0,Scandinavian Defense,1,White
1019,389,62,1,Caro-Kann Defense,1,Black
9200,71,129,1,French Defense,1,White
11681,92,66,1,Queen's Gambit,1,Black
4813,371,39,1,King's Pawn Game,1,White
3365,17,29,1,Sicilian Defense,1,White
8277,120,94,1,Blackmar-Diemer Gambit,1,Black
10579,47,66,1,Italian Game,1,Black
10580,6,99,1,Scandinavian Defense,2,White
10581,141,54,1,French Defense,3,Black
10582,202,46,1,Italian Game,4,White
10583,357,90,1,English Opening,5,Black
10584,356,42,1,Scandinavian Defense,6,White
10587,607,47,1,Philidor Defense,7,White
10590,419,99,0,Italian Game,8,Draw
10591,457,81,1,Four Knights Game,9,White
10592,449,57,1,Scandinavian Defense,10,White
10594,292,33,1,Philidor Defense,11,White
10595,579,65,1,French Defense,12,White
10600,179,65,1,French Defense,13,White
11288,47,66,1,Italian Game,14,Black
11289,6,99,1,Scandinavian Defense,15,White
11290,141,54,1,French Defense,16,Black
11291,202,46,1,Italian Game,17,White
11292,357,90,1,English Opening,18,Black
11293,356,42,1,Scandinavian Defense,19,White
11296,607,47,1,Philidor Defense,20,White
11299,419,99,0,Italian Game,21,Draw
11300,457,81,1,Four Knights Game,22,White
11301,449,57,1,Scandinavian Defense,23,White
11303,292,33,1,Philidor Defense,24,White
11304,579,65,1,French Defense,25,White
11309,179,65,1,French Defense,26,White
11746,202,108,0,Ruy Lopez,1,Draw
1174,86,72,1,Italian Game,1,Black
4804,66,20,1,Four Knights Game,1,White
18536,99,68,1,Blackmar-Diemer Gambit,1,White
1162,84,81,1,Blackmar-Diemer Gambit,1,Black
1163,83,103,1,Queen's Pawn,2,White
4121,669,30,1,Scotch Game,1,Black
4122,669,52,1,King's Pawn Game,2,Black
4124,621,3,1,Scandinavian Defense,3,White
4126,243,20,1,King's Pawn Game,4,Black
4127,316,7,1,King's Pawn Game,5,White
4129,537,36,0,Pirc Defense,6,Black
4130,201,62,1,Pirc Defense,7,Black
4132,21,44,1,Van't Kruijs Opening,8,Black
17050,507,45,0,French Defense,1,White
14361,132,80,1,Nimzowitsch Defense,1,Black
7393,7,40,1,French Defense,1,Black
3996,109,77,1,Sicilian Defense,1,White
2560,338,37,1,Horwitz Defense,1,White
8246,206,40,1,Nimzo-Indian Defense,1,Black
1005,163,70,0,Four Knights Game,1,Black
2816,87,56,0,Queen's Pawn Game,1,Black
2818,87,66,0,Nimzo-Larsen Attack,2,Black
16014,224,113,1,Zukertort Opening,3,Draw
16833,18,39,1,King's Pawn Game,1,White
9104,385,45,1,King's Pawn Game,1,White
4382,51,110,1,Ruy Lopez,1,Black
4384,1,40,1,Tarrasch Defense,2,Black
15085,14,42,1,Center Game,1,Black
5022,498,45,1,Horwitz Defense,1,White
10111,543,36,1,King's Indian Defense,2,Black
4807,163,11,1,King's Pawn Game,1,White
16780,25,85,1,Bird Opening,1,Black
8688,185,89,1,King's Pawn Game,1,White
3891,11,85,1,Caro-Kann Defense,1,White
18651,11,85,1,Caro-Kann Defense,2,White
13665,28,64,1,Benoni Defense,1,Black
8219,447,54,1,Van't Kruijs Opening,1,Black
19529,211,41,1,Nimzo-Indian Defense,1,Black
8197,7,106,1,Sicilian Defense,1,Black
15825,58,62,1,Sicilian Defense,1,Black
11747,472,28,0,Queen's Pawn Game,1,Black
11751,452,161,0,Queen's Pawn Game,2,Draw
19235,1090,13,0,Semi-Slav Defense,3,Black
5849,130,39,0,Philidor Defense,1,White
5852,130,91,0,King's Knight Opening,2,White
5853,130,72,0,King's Knight Opening,3,Draw
5856,130,49,0,Horwitz Defense,4,White
5857,130,5,0,Horwitz Defense,5,White
5859,130,75,0,King's Pawn Game,6,White
5861,130,50,0,King's Pawn Game,7,Draw
1101,104,64,1,Nimzo-Larsen Attack,1,Black
12512,251,24,1,Nimzo-Larsen Attack,2,Black
5225,146,81,1,Queen's Pawn Game,1,White
10762,815,83,1,Zukertort Opening,1,White
5065,76,61,0,King's Gambit,1,White
3469,159,18,0,Horwitz Defense,1,White
16336,159,18,0,Horwitz Defense,2,White
15653,114,45,1,French Defense,1,White
15097,186,94,1,Queen's Gambit,1,Black
7850,50,74,0,Sicilian Defense,1,Black
11061,162,73,1,King's Knight Opening,1,White
357,111,119,1,East Indian Defense,1,Black
448,113,17,1,Queen's Pawn Game,1,White
6650,62,113,1,Sicilian Defense,1,White
5310,116,15,1,Nimzowitsch Defense,1,White
11926,17,49,1,Scandinavian Defense,1,White
12547,88,138,1,Sicilian Defense,1,Black
14738,11,53,1,Van't Kruijs Opening,1,White
2491,196,17,0,Van't Kruijs Opening,1,White
1503,12,88,1,Zukertort Opening,1,Black
1062,77,96,1,French Defense,1,Black
9359,21,63,1,Sicilian Defense,1,White
14081,194,74,0,Four Knights Game,1,Black
13662,134,44,1,Sicilian Defense,1,Black
7020,56,51,1,Nimzowitsch Defense,1,White
17424,134,42,1,Philidor Defense,1,Black
9326,61,41,1,King's Pawn Game,1,White
9594,130,29,1,King's Pawn Game,2,White
19487,124,59,1,French Defense,1,White
8067,107,33,1,French Defense,1,White
17554,595,30,0,French Defense,1,Black
17558,0,37,1,Sicilian Defense,2,Black
17559,324,74,1,Sicilian Defense,3,Black
17562,49,80,1,Scotch Game,4,Black
17565,80,71,1,Sicilian Defense,5,White
17567,153,47,1,Philidor Defense,6,White
17569,191,33,1,Scandinavian Defense,7,White
17571,64,53,1,Scotch Game,8,White
17572,28,13,1,Philidor Defense,9,White
17573,88,61,1,Sicilian Defense,10,Black
17576,201,36,1,Pirc Defense,11,White
17577,147,16,1,Sicilian Defense,12,Black
17580,42,41,1,King's Knight Opening,13,White
17583,274,45,1,Scotch Game,14,White
17584,136,36,1,Nimzowitsch Defense,15,White
14852,413,51,0,Van't Kruijs Opening,1,White
380,83,101,1,King's Pawn Game,1,White
2430,227,50,1,Scandinavian Defense,1,Black
11663,116,107,1,Sicilian Defense,1,Draw
1802,218,63,0,King's Pawn Game,1,White
11797,460,68,1,Sicilian Defense,1,Black
3157,79,42,1,Queen's Gambit,1,White
11447,89,111,1,Sicilian Defense,1,Black
12487,68,30,1,Indian Game,1,Black
6850,44,66,1,Horwitz Defense,1,Black
7239,105,83,1,Alekhine Defense,1,White
16384,57,7,1,Van't Kruijs Opening,1,White
1215,131,29,1,King's Knight Opening,1,White
14172,454,15,0,Slav Defense,2,White
17019,120,80,1,Nimzowitsch Defense,1,Black
2116,57,23,1,Queen's Gambit,1,White
13388,78,62,1,Pirc Defense,1,Draw
8939,238,26,1,Gruenfeld Defense,1,White
15564,1,42,1,Sicilian Defense,1,Black
19561,4,72,1,French Defense,2,Black
8045,70,62,1,Van't Kruijs Opening,1,Black
7453,795,7,1,Scandinavian Defense,1,White
3929,10,76,1,Benoni Defense,1,Black
13188,66,42,1,Nimzo-Indian Defense,2,Black
6876,27,43,1,Ruy Lopez,1,White
18622,27,43,1,Ruy Lopez,2,White
17690,44,116,1,Sicilian Defense,1,Black
2442,102,81,1,Scandinavian Defense,1,White
8974,285,40,0,Sicilian Defense,1,Black
16829,219,57,1,Blackmar-Diemer Gambit,1,White
19019,261,83,1,French Defense,1,White
19021,88,152,1,Sicilian Defense,2,Black
19023,98,60,1,English Opening,3,Black
11076,114,87,1,Horwitz Defense,1,White
17830,166,58,1,Ruy Lopez,1,Black
9700,95,68,1,Petrov's Defense,1,Black
8595,56,71,1,Benoni Defense,1,White
17039,202,9,1,Bishop's Opening,1,White
3246,18,148,0,Four Knights Game,1,Black
18435,352,25,1,Italian Game,1,White
9350,21,4,0,Van't Kruijs Opening,1,White
9674,142,26,0,King's Pawn Game,1,Black
4554,895,77,0,Caro-Kann Defense,1,Black
2307,111,56,0,Sicilian Defense,1,Black
114,66,111,1,Queen's Gambit,1,White
13723,66,111,1,Queen's Gambit,2,White
9942,282,23,1,Queen's Gambit,1,Black
14477,34,85,1,Sicilian Defense,1,White
4192,717,39,1,French Defense,1,White
17340,370,106,0,Alekhine Defense,1,Black
17029,167,7,1,King's Pawn Game,1,White
5431,8,116,1,Philidor Defense,1,Black
18335,8,116,1,Philidor Defense,2,Black
8884,391,91,1,Sicilian Defense,1,White
10496,167,50,1,Blackmar-Diemer Gambit,1,Black
4290,106,12,0,Nimzo-Larsen Attack,1,White
17333,77,78,1,King's Pawn Game,1,Draw
2456,110,37,1,Nimzowitsch Defense,1,White
10906,345,30,0,Queen's Gambit,1,Black
3191,81,101,1,King's Knight Opening,1,Draw
5519,42,78,1,Blackmar-Diemer Gambit,1,Black
5396,82,53,0,Sicilian Defense,1,White
225,2,113,1,Ruy Lopez,1,White
367,67,26,1,Nimzo-Larsen Attack,1,Black
2582,394,76,1,Blackmar-Diemer Gambit,2,Black
15362,394,76,1,Blackmar-Diemer Gambit,3,Black
6344,76,83,1,Blackmar-Diemer Gambit,1,White
12338,6,61,1,Pirc Defense,1,White
10152,74,106,1,Nimzowitsch Defense,1,White
14868,245,47,1,Pirc Defense,1,White
9278,1,72,1,King's Knight Opening,1,Black
7211,582,82,1,Italian Game,1,Black
9881,268,32,1,Sicilian Defense,1,White
5163,121,37,1,Queen's Indian Defense,1,White
9941,199,53,1,Bishop's Opening,1,White
9944,267,53,1,Caro-Kann Defense,2,White
9947,303,49,1,Bishop's Opening,3,White
9948,37,71,1,Italian Game,4,White
9950,24,29,1,Sicilian Defense,5,White
9952,106,53,1,Sicilian Defense,6,White
9953,21,26,1,Bishop's Opening,7,Black
9955,148,101,1,Bishop's Opening,8,White
9956,19,101,1,Sicilian Defense,9,Draw
9957,76,44,1,Bishop's Opening,10,White
9961,204,116,1,Italian Game,11,Black
9963,128,35,1,Bishop's Opening,12,White
9965,224,28,1,Scandinavian Defense,13,Black
16866,138,3,0,King's Knight Opening,1,White
16869,84,138,0,Nimzo-Indian Defense,2,Black
16871,470,29,0,Philidor Defense,3,White
16873,260,17,0,Ruy Lopez,4,White
16875,762,46,0,Nimzowitsch Defense,5,Draw
16877,464,141,0,Sicilian Defense,6,White
16879,470,25,0,King's Knight Opening,7,White
7830,872,21,0,King's Gambit,1,White
10847,197,30,0,Pirc Defense,1,Black
8442,195,33,1,Van't Kruijs Opening,1,Black
12575,259,64,1,Queen's Gambit,1,White
15878,22,47,1,Queen's Indian Defense,2,White
18174,363,40,1,Alekhine Defense,1,Black
10633,116,62,0,Petrov's Defense,1,Black
10635,116,43,0,King's Knight Opening,2,White
9310,107,74,1,King's Pawn Game,1,Black
7508,123,24,1,Italian Game,1,Black
7509,18,14,1,King's Pawn Game,2,Black
7510,95,20,1,French Defense,3,Black
7512,80,12,1,King's Pawn Game,4,White
7514,28,36,1,King's Pawn Game,5,White
7516,189,26,1,Scandinavian Defense,6,Black
7517,253,29,1,French Defense,7,White
7519,383,38,1,King's Pawn Game,8,Black
7521,330,46,1,King's Pawn Game,9,Black
7523,323,100,1,King's Pawn Game,10,Black
7525,288,46,1,King's Pawn Game,11,Black
7528,69,35,1,King's Pawn Game,12,Black
7531,205,7,1,King's Pawn Game,13,White
7533,42,47,1,Sicilian Defense,14,White
7534,11,26,1,Alekhine Defense,15,Black
7536,40,70,1,King's Pawn Game,16,Black
7537,260,52,1,French Defense,17,Black
10797,175,88,1,Philidor Defense,1,Black
1607,183,43,1,Sicilian Defense,1,White
839,6,28,0,Caro-Kann Defense,1,Black
4622,106,47,0,Sicilian Defense,2,White
12316,6,28,0,Caro-Kann Defense,3,Black
10214,151,35,1,English Opening,1,White
10157,341,72,0,Scandinavian Defense,1,Black
14744,551,60,0,Sicilian Defense,1,Black
15163,249,15,0,Philidor Defense,2,White
19451,163,48,0,Sicilian Defense,3,Black
14248,150,55,1,Petrov's Defense,1,White
4388,95,40,1,Four Knights Game,1,Black
14292,107,52,1,Dutch Defense,1,Black
18819,46,37,1,Van't Kruijs Opening,1,Black
9966,411,54,1,Scandinavian Defense,1,Draw
6361,114,39,1,King's Gambit,1,White
6366,102,30,1,King's Gambit,2,Black
2376,188,86,1,Slav Defense,1,Black
4378,345,73,1,French Defense,1,White
4802,68,41,1,King's Knight Opening,2,White
4803,43,48,1,Four Knights Game,3,White
17594,305,54,0,Queen's Gambit,1,Black
17596,305,36,0,Queen's Gambit,2,Black
19449,189,25,0,Horwitz Defense,3,Black
12341,29,58,1,King's Pawn Game,1,Black
7173,449,68,1,Bishop's Opening,1,Black
14841,26,120,1,Queen's Gambit,1,Black
7567,73,69,1,Sicilian Defense,1,White
10403,279,31,1,Queen's Gambit,1,White
17674,204,80,1,Sicilian Defense,2,Black
757,321,178,1,Queen's Pawn Game,1,Draw
12708,20,33,1,King's Pawn Game,1,White
4926,31,41,1,King's Gambit,1,White
14494,152,46,1,Alekhine Defense,1,Black
6550,31,67,1,Italian Game,1,White
17929,46,32,1,Queen's Pawn,1,White
7606,145,42,1,Blackmar-Diemer Gambit,1,Black
19030,17,60,1,Italian Game,1,Black
18511,8,78,1,Petrov's Defense,1,Black
18514,42,92,1,Sicilian Defense,2,Black
18516,203,77,1,Four Knights Game,3,White
15870,31,25,0,Caro-Kann Defense,1,White
921,619,39,1,Scandinavian Defense,1,White
15400,50,24,1,Queen's Pawn Game,1,Black
7228,151,42,1,Scandinavian Defense,1,Black
227,10,135,1,English Opening,1,White
14703,18,96,1,Sicilian Defense,1,Black
8611,25,45,0,Gruenfeld Defense,1,White
19280,179,52,1,Queen's Pawn Game,1,Black
17720,364,44,1,French Defense,1,Black
17721,655,62,1,Ruy Lopez,2,Black
17722,15,84,1,Sicilian Defense,3,Black
17723,312,63,1,Four Knights Game,4,White
17725,210,59,1,Philidor Defense,5,White
17727,69,40,1,King's Knight Opening,6,Black
17731,466,44,0,Nimzowitsch Defense,7,Black
17733,249,55,1,Nimzowitsch Defense,8,Black
8213,53,109,1,King's Gambit,1,White
7048,43,52,1,Van't Kruijs Opening,1,Black
15595,67,53,1,Sicilian Defense,1,White
1490,8,122,1,Pirc Defense,1,Black
1491,11,8,1,King's Knight Opening,2,Black
1493,6,46,1,French Defense,3,Black
1497,150,94,1,Italian Game,4,Black
1499,33,129,1,Philidor Defense,5,White
1500,82,38,1,King's Knight Opening,6,Black
1502,16,56,1,French Defense,7,Black
1504,43,86,1,Scandinavian Defense,8,Black
1506,70,57,1,Philidor Defense,9,White
1508,180,82,1,Alekhine Defense,10,Black
1510,187,40,1,Italian Game,11,Black
1513,24,25,1,Italian Game,12,White
1514,198,88,1,French Defense,13,Black
1519,52,60,1,Sicilian Defense,14,Black
1521,107,63,1,Queen's Gambit,15,White
1522,68,40,1,Queen's Gambit,16,Black
1523,21,15,1,Horwitz Defense,17,White
1524,224,47,1,Pirc Defense,18,White
10350,336,58,1,Petrov's Defense,1,Black
10351,320,50,1,Four Knights Game,2,Black
7691,355,82,1,Sicilian Defense,1,Black
9962,46,47,1,Italian Game,1,Black
2329,333,77,0,Van't Kruijs Opening,1,White
2330,1049,130,0,Van't Kruijs Opening,2,Black
2331,75,85,1,Van't Kruijs Opening,3,White
2333,190,53,0,Van't Kruijs Opening,4,White
2335,214,26,0,Van't Kruijs Opening,5,White
2337,102,139,1,Van't Kruijs Opening,6,White
2340,293,60,1,Van't Kruijs Opening,7,Black
2343,187,43,1,Van't Kruijs Opening,8,White
15381,333,77,0,Van't Kruijs Opening,9,White
15382,1049,130,0,Van't Kruijs Opening,10,Black
15383,75,85,1,Van't Kruijs Opening,11,White
15385,190,53,0,Van't Kruijs Opening,12,White
15387,214,26,0,Van't Kruijs Opening,13,White
15389,102,139,1,Van't Kruijs Opening,14,White
15392,293,60,1,Van't Kruijs Opening,15,Black
15395,187,43,1,Van't Kruijs Opening,16,White
3227,166,66,0,King's Pawn Game,1,Black
11486,3,3,1,French Defense,1,White
9368,7,47,1,King's Knight Opening,1,White
9369,111,40,1,Italian Game,2,Black
9370,191,58,1,Nimzowitsch Defense,3,Black
9371,86,106,1,Italian Game,4,Black
9372,107,74,1,Italian Game,5,Black
9373,9,49,1,Italian Game,6,White
9374,237,40,1,Italian Game,7,Black
9375,178,44,1,Petrov's Defense,8,Black
9376,115,39,1,King's Knight Opening,9,White
9377,463,113,1,Italian Game,10,White
9378,199,67,1,Italian Game,11,White
9379,356,74,1,Italian Game,12,Black
9380,352,62,1,Italian Game,13,Black
9381,192,31,1,Nimzowitsch Defense,14,White
9382,157,87,1,Sicilian Defense,15,White
9383,69,109,1,Indian Game,16,White
9384,150,136,1,Italian Game,17,Black
9385,30,55,1,Caro-Kann Defense,18,White
9386,207,131,1,Italian Game,19,Draw
9387,30,65,1,Philidor Defense,20,White
9388,84,97,1,Scandinavian Defense,21,White
9389,29,10,1,Petrov's Defense,22,White
9390,77,55,1,Italian Game,23,White
9391,6,49,1,Pirc Defense,24,Black
9392,322,65,1,Italian Game,25,White
9393,301,29,1,Nimzowitsch Defense,26,White
9394,422,56,1,Caro-Kann Defense,27,Black
9395,73,65,1,Sicilian Defense,28,White
9396,103,124,1,Italian Game,29,White
9397,57,100,1,Four Knights Game,30,White
9398,77,70,1,Italian Game,31,Black
9399,112,55,1,Alekhine Defense,32,Black
9400,253,33,1,Petrov's Defense,33,White
9401,108,110,1,Pirc Defense,34,Black
9402,259,55,1,Italian Game,35,White
9403,425,44,1,French Defense,36,White
9404,149,72,1,French Defense,37,Black
9405,30,67,1,Italian Game,38,White
9406,147,47,1,Sicilian Defense,39,White
9407,191,21,1,Sicilian Defense,40,White
9408,240,19,1,Philidor Defense,41,White
9409,77,63,1,Sicilian Defense,42,White
9410,17,37,1,Italian Game,43,White
9411,286,30,1,Italian Game,44,White
7644,494,57,1,Blackmar-Diemer Gambit,1,White
4088,103,33,1,Sicilian Defense,1,White
16971,47,149,1,French Defense,2,White
10799,349,41,1,Petrov's Defense,1,White
14131,29,39,1,Queen's Gambit,1,White
8736,0,62,1,Sicilian Defense,1,Black
15308,8,58,1,Queen's Gambit,1,Black
15311,20,57,1,French Defense,2,White
15877,38,39,0,Horwitz Defense,3,White
12192,243,111,1,Zukertort Opening,1,White
16099,32,73,1,Queen's Gambit,1,White
18710,426,37,1,Nimzowitsch Defense,1,White
9727,542,16,1,Blackmar-Diemer Gambit,1,White
10197,362,48,1,London System,1,Black
10199,349,54,1,Sicilian Defense,2,Black
6025,257,24,0,French Defense,1,Draw
6027,257,25,0,Indian Game,2,White
16820,184,72,1,King's Pawn Game,1,Black
661,859,78,1,Queen's Gambit,1,Black
16123,47,29,1,French Defense,1,White
4363,647,39,1,French Defense,1,White
9473,5,57,1,Scandinavian Defense,1,White
7957,135,91,1,French Defense,1,White
7959,5,70,1,Scandinavian Defense,2,Black
7961,27,74,1,Bishop's Opening,3,Black
7963,109,82,1,Sicilian Defense,4,White
7965,24,51,1,French Defense,5,White
7967,5,123,1,Bishop's Opening,6,White
7970,51,79,1,Philidor Defense,7,White
7972,68,59,1,Bishop's Opening,8,White
7973,38,126,1,Bishop's Opening,9,Black
7976,77,31,1,Bishop's Opening,10,White
7977,31,33,1,Pirc Defense,11,Black
7980,8,109,1,Bishop's Opening,12,White
7984,4,52,1,Bishop's Opening,13,Black
7985,3,83,1,Sicilian Defense,14,White
7987,80,67,1,Philidor Defense,15,White
7991,58,46,1,Bishop's Opening,16,White
7992,8,77,1,King's Knight Opening,17,White
7993,15,11,1,Robatsch (Modern) Defense,18,White
7995,80,53,1,Bishop's Opening,19,White
19378,167,111,1,English Opening,1,White
19388,113,68,1,King's Indian Attack,2,Black
17090,24,92,1,Sicilian Defense,1,Black
7888,30,66,1,Four Knights Game,1,Black
7889,23,40,1,King's Knight Opening,2,Black
7890,50,50,1,French Defense,3,White
7893,44,86,0,Four Knights Game,4,Black
7894,102,55,1,Four Knights Game,5,Black
7895,194,31,1,Sicilian Defense,6,Black
7896,114,5,1,Zukertort Opening,7,Draw
7898,17,63,1,Four Knights Game,8,White
7899,52,61,1,Philidor Defense,9,White
7901,172,60,1,King's Pawn Game,10,Black
7903,19,101,1,King's Knight Opening,11,White
7905,19,90,1,Four Knights Game,12,Black
7906,197,49,1,King's Knight Opening,13,White
7907,18,58,1,Four Knights Game,14,White
11067,63,70,1,King's Pawn Game,1,Black
10066,342,3,1,Nimzowitsch Defense,1,White
4671,96,21,1,Philidor Defense,1,White
4007,23,96,1,Italian Game,1,Black
4606,200,71,1,King's Pawn Game,1,White
17446,173,105,1,Blackmar-Diemer Gambit,1,White
648,330,38,1,Horwitz Defense,1,Black
4491,0,34,0,Sicilian Defense,1,Black
2712,68,43,1,French Defense,1,White
11534,45,37,1,Italian Game,1,White
6458,12,11,1,Scandinavian Defense,1,White
14076,283,15,1,King's Gambit,1,White
1952,423,23,1,Philidor Defense,1,White
3882,31,46,1,Caro-Kann Defense,1,White
18642,31,46,1,Caro-Kann Defense,2,White
18923,61,35,1,French Defense,1,Black
5162,108,77,1,Queen's Indian Defense,1,White
19495,128,96,1,Queen's Indian Defense,1,Black
9191,140,109,0,Queen's Pawn Game,1,White
18384,312,52,0,Sicilian Defense,1,Black
16595,145,96,1,Scotch Game,1,Black
13041,137,38,1,King's Pawn Game,1,Black
1696,56,21,1,Zukertort Opening,1,Black
10172,41,14,0,Queen's Gambit,1,White
10572,45,50,1,French Defense,1,Black
11281,45,50,1,French Defense,2,Black
1536,504,130,1,King's Pawn Game,1,Black
17661,348,57,1,Four Knights Game,1,White
10224,561,78,1,Slav Defense,1,White
13527,209,118,1,King's Gambit,1,Black
6184,34,45,1,French Defense,1,White
17664,116,40,0,Caro-Kann Defense,1,Black
2035,92,19,1,French Defense,1,Black
7317,258,36,1,Sicilian Defense,1,White
10068,353,5,1,Nimzowitsch Defense,1,White
17140,67,67,1,Italian Game,1,White
349,414,129,1,King's Indian Attack,1,White
16370,193,41,1,Philidor Defense,1,White
9921,70,102,1,English Opening,1,Black
8805,32,52,1,French Defense,1,Black
8807,57,74,1,Ruy Lopez,2,Black
8809,350,6,1,Ruy Lopez,3,Black
5616,152,9,1,Van't Kruijs Opening,1,White
14322,258,44,1,Scandinavian Defense,1,Black
1763,78,123,1,Four Knights Game,1,White
17073,239,83,1,Ruy Lopez,1,Black
5754,106,44,1,Philidor Defense,1,Black
4974,239,46,1,French Defense,1,Black
5833,308,107,0,Ruy Lopez,1,Draw
6610,205,45,0,Sicilian Defense,2,White
15713,258,36,1,Italian Game,1,Black
9633,156,39,1,Ruy Lopez,1,White
7681,463,62,1,Sicilian Defense,1,Black
15118,391,33,1,Vienna Game,1,White
4966,65,10,1,Bishop's Opening,1,Black
4968,99,74,1,Queen's Gambit,2,Draw
19816,16,93,1,Sicilian Defense,1,White
427,242,41,1,Caro-Kann Defense,1,White
529,2,15,1,Petrov's Defense,1,White
530,168,62,1,Caro-Kann Defense,2,Black
532,154,51,1,Ruy Lopez,3,White
534,180,27,1,Philidor Defense,4,White
535,45,34,1,Ruy Lopez,5,Black
539,99,92,1,Ruy Lopez,6,Black
540,78,26,1,Sicilian Defense,7,Black
543,213,58,1,Ruy Lopez,8,Black
544,129,51,1,Ruy Lopez,9,White
547,58,52,1,Petrov's Defense,10,Black
550,81,19,1,Petrov's Defense,11,White
551,77,51,1,Italian Game,12,White
553,270,86,1,Italian Game,13,Draw
554,84,27,1,French Defense,14,White
556,39,61,1,King's Knight Opening,15,White
559,74,16,1,French Defense,16,White
560,87,110,1,French Defense,17,Black
562,129,93,1,Petrov's Defense,18,White
564,101,60,1,Italian Game,19,Black
566,108,65,1,Four Knights Game,20,White
567,72,56,1,Philidor Defense,21,Black
568,239,64,1,Nimzowitsch Defense,22,Black
12035,25,35,1,King's Gambit,1,White
1050,91,22,1,French Defense,1,Black
10045,97,31,1,Scandinavian Defense,1,Black
10048,12,22,1,Scotch Game,2,Black
10050,210,55,1,Nimzowitsch Defense,3,White
10052,82,9,1,Sicilian Defense,4,White
10055,101,48,1,King's Pawn Game,5,Black
16827,163,65,1,Horwitz Defense,1,White
2230,511,68,0,Bishop's Opening,1,Black
2232,511,48,0,French Defense,2,Black
9671,63,42,0,Bishop's Opening,1,Black
7675,655,23,1,Queen's Gambit,1,Black
45,522,41,0,Sicilian Defense,1,White
3943,350,137,1,King's Gambit,1,White
11631,372,33,0,Sicilian Defense,1,White
14986,140,91,1,Bishop's Opening,1,White
10621,19,75,1,King's Pawn Game,1,White
90,139,34,1,French Defense,1,Black
8890,151,76,0,Sicilian Defense,1,White
8249,123,79,0,King's Knight Opening,1,White
7454,449,32,1,Van't Kruijs Opening,1,Black
7455,221,6,1,Van't Kruijs Opening,2,Black
7457,29,42,1,Van't Kruijs Opening,3,Black
16038,15,16,0,Van't Kruijs Opening,1,Draw
18454,50,101,1,Petrov's Defense,1,White
18709,137,83,0,Italian Game,1,White
8471,248,54,1,Blackmar-Diemer Gambit,1,Black
10130,91,52,1,Scandinavian Defense,2,Black
10914,320,66,1,Queen's Gambit,1,Black
6221,383,35,1,Ruy Lopez,1,White
3859,179,17,1,Scandinavian Defense,1,White
17801,96,112,1,Caro-Kann Defense,1,Black
17803,285,69,1,Ruy Lopez,2,White
7574,83,77,1,Blackmar-Diemer Gambit,1,Black
18552,91,84,1,English Opening,1,White
2009,373,14,1,Van't Kruijs Opening,1,Black
13568,11,127,1,French Defense,1,White
5846,183,21,0,King's Pawn Game,1,White
13116,63,36,1,Philidor Defense,1,White
3741,123,51,1,French Defense,1,White
3742,75,21,1,Italian Game,2,White
3745,278,31,1,Alekhine Defense,3,White
3747,211,35,1,French Defense,4,White
3749,219,59,1,Italian Game,5,White
3750,24,25,1,Scandinavian Defense,6,White
8626,118,30,1,Scandinavian Defense,1,Black
13808,191,24,1,Dutch Defense,1,Black
9095,318,79,1,English Opening,1,White
17152,50,47,1,Scotch Game,1,White
106,131,70,1,French Defense,1,Black
16247,164,68,0,Queen's Pawn Game,1,Black
16248,164,30,0,Queen's Pawn Game,2,Black
16706,17,43,1,Indian Game,1,White
1475,732,23,0,Vienna Game,1,White
19008,79,66,1,Sicilian Defense,2,Black
2081,34,49,1,Van't Kruijs Opening,1,White
14746,10,41,1,Indian Game,1,White
15792,267,55,1,Ruy Lopez,1,White
1116,28,43,1,Sicilian Defense,1,White
6370,35,99,1,Scotch Game,1,Draw
17955,17,29,1,French Defense,1,White
7121,169,53,1,Center Game,1,White
4133,81,33,1,Van't Kruijs Opening,1,White
17040,136,39,1,Robatsch (Modern) Defense,1,White
6841,169,131,1,French Defense,1,White
7838,988,43,0,Nimzowitsch Defense,1,White
18115,988,43,0,Nimzowitsch Defense,2,White
14340,467,18,1,Scandinavian Defense,1,Black
6687,219,9,1,Horwitz Defense,1,White
14170,155,71,0,Sicilian Defense,1,White
14171,454,50,0,Sicilian Defense,2,White
14174,139,58,1,King's Knight Opening,3,Black
14175,338,37,1,Italian Game,4,Black
14177,13,32,0,Pirc Defense,5,Black
14179,13,22,0,French Defense,6,Black
14181,13,55,1,French Defense,7,White
14184,88,14,0,Italian Game,8,Black
14186,302,13,0,Philidor Defense,9,White
14187,105,50,1,Caro-Kann Defense,10,Black
15718,316,62,0,Scotch Game,1,Black
15720,316,54,0,King's Indian Defense,2,Black
15721,316,38,0,Queen's Pawn Game,3,Black
15723,136,68,0,Queen's Pawn Game,4,Black
15724,208,21,0,Scotch Game,5,Black
15728,208,61,0,Queen's Pawn Game,6,White
15730,131,45,0,French Defense,7,White
15733,298,37,0,Queen's Pawn Game,8,White
15734,298,119,0,Sicilian Defense,9,White
15737,472,84,0,Queen's Pawn Game,10,Black
15740,168,25,0,Sicilian Defense,11,Black
15742,493,3,0,Horwitz Defense,12,White
15743,40,45,0,Queen's Pawn Game,13,White
15745,129,54,0,King's Indian Attack,14,Black
15746,70,101,0,Zukertort Opening,15,White
15747,116,147,0,Queen's Pawn Game,16,White
10043,328,29,1,Blackmar-Diemer Gambit,1,White
10062,267,4,1,Horwitz Defense,2,White
10109,305,61,1,Indian Game,3,White
10414,64,83,1,Horwitz Defense,4,White
10415,68,73,1,Blackmar-Diemer Gambit,5,Draw
17111,53,19,1,Van't Kruijs Opening,6,White
1250,161,37,0,Ruy Lopez,1,White
9248,247,103,1,Caro-Kann Defense,1,White
15534,2,93,1,Italian Game,1,White
4731,409,71,1,Sicilian Defense,1,White
17026,594,51,1,King's Gambit,1,White
8783,178,65,1,Philidor Defense,1,White
14311,397,127,1,Scandinavian Defense,2,White
1361,99,77,0,Sicilian Defense,1,White
2871,171,10,1,Italian Game,1,Black
16968,27,63,1,Van't Kruijs Opening,2,White
19424,238,60,0,Sicilian Defense,1,Black
1772,140,67,1,Petrov's Defense,1,White
7947,10,30,0,Italian Game,1,Black
17732,364,54,1,Ruy Lopez,1,White
6802,82,5,0,Van't Kruijs Opening,1,White
10973,6,151,1,Sicilian Defense,1,White
15544,436,58,0,Philidor Defense,1,Draw
17112,74,47,1,Italian Game,2,White
4201,146,12,1,Robatsch (Modern) Defense,1,Black
4202,334,35,1,Horwitz Defense,2,White
4203,151,73,1,Horwitz Defense,3,White
4205,215,11,1,Blackmar-Diemer Gambit,4,White
8348,137,15,1,French Defense,1,White
7170,703,72,1,Ruy Lopez,1,Black
181,30,158,1,Blumenfeld Countergambit,1,Black
15451,34,114,1,Queen's Pawn Game,2,Draw
3325,139,74,1,Nimzo-Larsen Attack,1,Black
7207,62,30,1,Benoni Defense,1,Black
7210,14,85,1,French Defense,2,White
19646,52,109,0,King's Indian Defense,1,White
17880,191,82,1,Robatsch (Modern) Defense,1,Black
10509,279,64,1,Alekhine Defense,1,Black
11218,279,64,1,Alekhine Defense,2,Black
4842,316,70,1,King's Pawn Game,1,Black
9621,1013,90,1,Slav Defense,1,Black
10636,220,2,1,Nimzo-Larsen Attack,1,Black
3014,145,79,1,Ruy Lopez,1,White
3015,373,52,1,French Defense,2,White
3018,316,71,1,French Defense,3,White
3020,13,37,1,Ruy Lopez,4,White
3021,45,28,1,Sicilian Defense,5,White
3023,252,51,1,Ruy Lopez,6,White
3027,240,19,1,Scandinavian Defense,7,White
3029,415,21,1,French Defense,8,White
3032,355,65,1,Ruy Lopez,9,White
3033,95,37,1,King's Knight Opening,10,White
3034,9,27,1,Philidor Defense,11,White
3035,172,9,1,Alekhine Defense,12,White
3036,708,59,0,Van't Kruijs Opening,13,White
3038,151,106,1,Van't Kruijs Opening,14,Black
3040,80,124,1,Van't Kruijs Opening,15,Black
3042,270,88,1,Van't Kruijs Opening,16,Black
3045,1077,28,1,Van't Kruijs Opening,17,Black
7040,82,53,1,Sicilian Defense,1,White
11369,37,121,1,East Indian Defense,1,White
13460,37,121,1,East Indian Defense,2,White
8500,176,29,1,Van't Kruijs Opening,1,White
16140,69,74,1,Van't Kruijs Opening,2,Black
4512,85,55,1,Sicilian Defense,1,White
3806,362,45,0,Sicilian Defense,1,White
14996,24,32,1,Scotch Game,1,White
5889,152,108,1,Blackmar-Diemer Gambit,1,Black
10202,54,30,1,Nimzowitsch Defense,1,Black
12057,268,53,1,Sicilian Defense,1,White
15034,14,97,1,Italian Game,1,White
20018,14,97,1,Italian Game,2,White
10404,343,52,1,Bird Opening,1,Black
10407,57,51,1,King's Knight Opening,2,Black
10409,64,29,1,Scotch Game,3,Black
10410,244,27,1,Scotch Game,4,Black
10411,227,66,1,Caro-Kann Defense,5,Black
12272,16,44,1,Van't Kruijs Opening,1,Black
6908,91,103,0,Zukertort Opening,1,White
7949,204,24,0,Italian Game,1,Black
18786,292,8,0,Sicilian Defense,1,Draw
18787,292,37,0,English Opening,2,White
4719,373,42,0,Center Game,1,Black
6751,76,42,1,French Defense,1,Black
11492,3,57,1,Philidor Defense,1,White
11494,166,23,0,Scotch Game,2,White
11495,166,31,0,Scotch Game,3,Black
11497,166,6,0,Scotch Game,4,Black
11499,6,16,1,Sicilian Defense,5,Black
11500,129,14,1,Philidor Defense,6,Black
11503,1,85,1,Nimzowitsch Defense,7,White
11506,14,61,1,Petrov's Defense,8,White
11507,73,47,1,Philidor Defense,9,Black
11508,39,27,1,King's Knight Opening,10,White
12058,12,73,1,Sicilian Defense,11,Black
19240,3,57,1,Philidor Defense,12,White
19242,166,23,0,Scotch Game,13,White
19243,166,31,0,Scotch Game,14,Black
19245,166,6,0,Scotch Game,15,Black
19247,6,16,1,Sicilian Defense,16,Black
19248,129,14,1,Philidor Defense,17,Black
19251,1,85,1,Nimzowitsch Defense,18,White
19254,14,61,1,Petrov's Defense,19,White
19255,73,47,1,Philidor Defense,20,Black
19256,39,27,1,King's Knight Opening,21,White
5604,108,78,1,Caro-Kann Defense,1,Black
16446,431,88,1,Robatsch (Modern) Defense,1,Black
5447,137,108,1,Van't Kruijs Opening,1,Black
2311,26,6,0,Sicilian Defense,1,Draw
19586,50,40,1,French Defense,1,White
12779,374,101,0,Sicilian Defense,1,White
12781,121,52,0,Ruy Lopez,2,Black
12783,121,11,0,French Defense,3,White
12784,192,59,0,Caro-Kann Defense,4,Black
12787,528,103,0,Horwitz Defense,5,White
12790,273,33,0,French Defense,6,Black
12792,273,17,0,Sicilian Defense,7,Black
12794,273,22,0,Sicilian Defense,8,Black
12795,282,32,0,King's Knight Opening,9,Black
12796,121,52,0,Sicilian Defense,10,Black
12798,282,48,0,Scandinavian Defense,11,Black
12800,282,81,0,Ruy Lopez,12,Black
12801,183,34,0,Pirc Defense,13,Black
18577,330,48,0,Caro-Kann Defense,14,Black
18850,6,33,1,Caro-Kann Defense,1,Black
669,159,39,1,Sicilian Defense,1,Black
12731,19,62,1,King's Gambit,1,Black
11846,90,28,1,Queen's Gambit,1,White
11880,109,13,1,Van't Kruijs Opening,1,White
4364,937,49,0,Queen's Pawn Game,1,White
7724,37,41,1,Queen's Gambit,1,White
6409,267,52,1,Pirc Defense,1,Black
7076,274,60,0,Dutch Defense,2,Black
7079,274,67,0,Sicilian Defense,3,White
7080,11,124,0,Sicilian Defense,4,Black
7082,91,43,0,Four Knights Game,5,Draw
7086,220,73,1,Four Knights Game,6,White
7088,187,21,1,King's Knight Opening,7,White
7089,312,57,1,French Defense,8,White
7090,147,59,1,Four Knights Game,9,White
7091,16,11,1,Nimzowitsch Defense,10,White
7093,421,17,1,Italian Game,11,White
7096,438,59,1,Pirc Defense,12,White
7097,166,54,1,King's Knight Opening,13,Black
7100,245,15,1,Scandinavian Defense,14,White
7102,225,51,1,Scandinavian Defense,15,White
7104,190,80,1,Nimzowitsch Defense,16,Black
7106,360,41,1,Four Knights Game,17,White
7108,283,55,1,Scandinavian Defense,18,Black
7111,301,73,0,Philidor Defense,19,White
7113,301,23,0,King's Knight Opening,20,White
10112,113,39,1,Van't Kruijs Opening,1,White
10113,49,14,1,Bird Opening,2,Black
6222,382,75,1,Sicilian Defense,1,White
6223,416,71,1,Scotch Game,2,White
2156,36,39,1,Queen's Pawn Game,1,White
3785,45,41,0,Sicilian Defense,1,White
15315,40,21,1,Nimzowitsch Defense,1,White
15316,104,55,1,King's Knight Opening,2,White
15318,25,40,1,Ruy Lopez,3,Black
15321,184,30,1,Scotch Game,4,Black
15322,23,54,1,King's Knight Opening,5,Black
15324,13,44,1,Scotch Game,6,Black
15326,214,86,1,French Defense,7,Black
2526,21,69,1,Scandinavian Defense,1,Black
8058,115,36,1,Queen's Gambit,1,Black
10203,14,43,1,Horwitz Defense,2,White
17739,129,139,0,King's Pawn Game,1,White
4379,753,21,0,French Defense,1,White
7659,129,104,1,French Defense,1,Black
7660,14,73,1,Sicilian Defense,2,White
7661,480,85,1,Nimzo-Indian Defense,3,White
8599,312,42,1,Sicilian Defense,1,White
15526,33,76,1,King's Pawn Game,1,Black
18770,80,31,1,King's Pawn Game,2,White
1936,43,10,1,Philidor Defense,1,Black
9280,88,76,0,King's Pawn Game,1,Black
10038,199,83,0,Van't Kruijs Opening,1,White
14466,158,52,1,Queen's Gambit,1,Black
15083,172,51,1,Queen's Gambit,1,White
18873,285,34,1,Slav Defense,2,Black
6574,133,32,1,Horwitz Defense,1,Black
7357,485,55,1,Philidor Defense,1,White
14341,100,29,1,Scandinavian Defense,1,White
18172,192,72,1,Sicilian Defense,1,Black
7634,270,94,1,French Defense,1,Black
9709,178,85,1,Robatsch (Modern) Defense,1,White
15994,76,160,1,Gruenfeld Defense,1,Draw
3377,44,97,1,Sicilian Defense,1,White
17097,60,47,1,Nimzo-Larsen Attack,1,White
13618,131,66,0,King's Indian Defense,1,Black
10216,132,30,1,Four Knights Game,1,White
7932,2,84,1,Slav Defense,1,Black
11646,148,88,0,Sicilian Defense,1,Black
13986,39,27,1,Philidor Defense,1,White
13935,70,50,1,Old Indian,1,Black
1843,104,79,1,Sicilian Defense,1,White
3144,106,49,1,Sicilian Defense,2,White
13307,73,61,1,Sicilian Defense,1,White
7077,274,40,0,Vienna Game,1,Black
7078,274,36,0,Mexican Defense,2,Black
15056,138,134,1,Indian Game,1,Black
4654,613,24,0,Blackmar-Diemer Gambit,1,Black
13186,115,114,1,Nimzowitsch Defense,1,Black
17136,44,51,1,Italian Game,1,White
9931,638,56,1,Four Knights Game,1,Black
17984,303,74,1,Sicilian Defense,1,Black
9945,47,31,1,Scotch Game,1,White
8753,50,32,1,Van't Kruijs Opening,1,Black
7530,217,4,1,Blackmar-Diemer Gambit,1,Black
9930,472,61,1,Nimzowitsch Defense,1,White
16876,136,80,0,English Opening,1,Black
6872,31,47,1,Queen's Gambit,1,White
18618,31,47,1,Queen's Gambit,2,White
15091,1,138,1,Blackmar-Diemer Gambit,1,Black
2709,557,34,1,Queen's Pawn Game,1,White
8247,163,64,1,Ruy Lopez,1,Black
8916,253,59,1,Ruy Lopez,1,White
13614,32,116,0,French Defense,1,Black
13615,162,67,0,King's Knight Opening,2,White
13620,33,109,0,Pirc Defense,3,White
19550,113,79,1,French Defense,1,White
9060,52,45,1,King's Indian Defense,1,White
15682,80,41,1,Sicilian Defense,2,White
12564,49,45,1,Queen's Pawn Game,1,White
12770,484,93,1,Horwitz Defense,1,White
12610,59,55,1,Scandinavian Defense,1,White
784,30,107,1,Queen's Gambit,1,White
12219,30,107,1,Queen's Gambit,2,White
744,91,26,1,Sicilian Defense,1,White
12198,0,31,0,Philidor Defense,1,White
3240,5,109,0,Scotch Game,1,Draw
7729,50,41,1,Sicilian Defense,1,White
18980,70,73,1,Queen's Indian Defense,1,White
15815,165,77,0,Zukertort Opening,1,White
8228,376,81,1,Philidor Defense,1,White
17271,24,56,0,French Defense,1,Black
17281,58,32,0,Ruy Lopez,2,Black
12133,145,32,1,Italian Game,1,Black
15476,1,129,1,Sicilian Defense,1,White
12803,97,88,1,Queen's Gambit,1,Black
6759,332,27,0,Pirc Defense,1,White
2194,82,109,1,Sicilian Defense,1,White
6307,93,38,1,Slav Defense,1,Black
7428,144,59,0,Sicilian Defense,1,White
716,30,122,1,Blackmar-Diemer Gambit,1,Black
12204,30,122,1,Blackmar-Diemer Gambit,2,Black
17012,160,102,1,Horwitz Defense,3,Black
19742,88,14,1,Italian Game,1,Black
6649,60,58,1,Sicilian Defense,1,Black
15889,38,117,1,King's Gambit,1,White
12602,69,37,1,Bishop's Opening,1,White
9120,782,39,0,Scandinavian Defense,1,White
9333,59,50,1,Robatsch (Modern) Defense,1,Black
9334,293,74,1,King's Gambit,2,Black
9335,16,94,1,Italian Game,3,Black
9341,109,23,1,French Defense,4,White
9342,27,88,1,Bird Opening,5,Black
9344,70,29,1,Sicilian Defense,6,Black
9345,238,29,0,King's Gambit,7,White
9347,264,57,1,Sicilian Defense,8,White
9351,331,66,0,Sicilian Defense,9,Black
9352,331,66,0,Sicilian Defense,10,Black
9353,143,99,1,King's Gambit,11,White
9354,18,35,1,French Defense,12,White
9355,195,54,1,King's Gambit,13,Black
9356,198,49,1,Sicilian Defense,14,Black
7344,688,64,1,Semi-Slav Defense,1,Black
8976,196,57,0,Sicilian Defense,1,Black
1315,80,93,0,Bishop's Opening,1,White
8602,350,60,1,Nimzowitsch Defense,1,Black
14609,342,128,1,Van't Kruijs Opening,1,Black
14611,106,110,1,Caro-Kann Defense,2,Black
14613,41,53,1,Van't Kruijs Opening,3,White
14614,19,25,1,Queen's Pawn Game,4,White
14616,36,119,1,Vienna Game,5,White
14618,119,60,1,Queen's Gambit,6,Black
14619,207,36,1,Robatsch (Modern) Defense,7,Black
18925,70,43,1,Sicilian Defense,1,White
9122,276,64,1,Petrov's Defense,1,White
9124,208,13,1,King's Knight Opening,2,White
9126,64,21,1,Blackmar-Diemer Gambit,3,White
5862,9,54,1,King's Knight Opening,1,Black
17977,104,135,1,Queen's Pawn Game,1,White
2287,100,77,1,Sicilian Defense,1,White
12697,232,58,1,French Defense,2,Black
514,5,103,1,Scotch Game,1,White
4033,104,13,0,Van't Kruijs Opening,1,White
4044,147,65,0,Van't Kruijs Opening,2,White
4046,147,73,0,King's Indian Attack,3,Draw
4047,147,91,0,Van't Kruijs Opening,4,White
4049,147,64,0,Queen's Gambit,5,Black
9413,123,26,1,French Defense,1,White
9496,546,46,0,Sicilian Defense,1,Black
13855,720,106,1,Van't Kruijs Opening,1,Black
13857,714,12,1,Sicilian Defense,2,Black
18859,156,35,1,Caro-Kann Defense,1,White
4976,86,36,1,French Defense,1,Black
18765,6,85,1,Blackmar-Diemer Gambit,1,White
15113,156,124,1,Blackmar-Diemer Gambit,1,Black
14325,144,81,1,Queen's Pawn Game,1,White
10763,464,55,1,Scotch Game,1,White
8054,41,96,1,French Defense,1,Draw
8664,389,96,0,Petrov's Defense,1,Black
9954,150,112,1,King's Pawn Game,1,Black
3546,89,60,1,Blackmar-Diemer Gambit,1,Black
3549,2,171,1,Blackmar-Diemer Gambit,2,White
3550,70,65,1,Blackmar-Diemer Gambit,3,White
11908,10,83,1,French Defense,1,White
3579,347,83,1,Robatsch (Modern) Defense,1,White
1029,66,63,1,French Defense,1,White
1031,34,69,1,King's Knight Opening,2,White
1032,79,31,0,King's Knight Opening,3,White
1033,171,15,0,Italian Game,4,White
10179,163,32,1,Bird Opening,1,Black
15352,351,70,1,Italian Game,1,Black
842,46,44,1,Scandinavian Defense,1,Black
12319,46,44,1,Scandinavian Defense,2,Black
7342,86,81,1,Sicilian Defense,1,White
17587,466,30,1,Horwitz Defense,1,Black
15062,80,58,1,Sicilian Defense,1,Black
3867,269,88,0,King's Pawn Game,1,Black
3870,284,2,0,French Defense,2,White
3791,129,44,0,Sicilian Defense,1,White
18370,133,28,1,Scotch Game,1,White
12434,164,29,0,Horwitz Defense,1,Black
7700,61,100,1,Sicilian Defense,1,White
8308,3,52,1,Horwitz Defense,1,Black
10529,18,49,1,French Defense,1,White
11238,18,49,1,French Defense,2,White
6679,75,38,1,Scotch Game,1,Black
6680,66,64,1,Italian Game,2,Black
3573,587,71,1,Pirc Defense,1,White
4395,547,34,1,Alekhine Defense,1,Black
5909,138,37,1,English Opening,1,Black
14533,33,109,1,Van't Kruijs Opening,1,White
13673,54,92,1,Queen's Gambit,1,Black
19004,56,76,1,Blumenfeld Countergambit,2,Black
13694,113,80,1,Blackmar-Diemer Gambit,1,Black
1727,79,71,1,Van't Kruijs Opening,1,White
17814,142,88,0,Scotch Game,1,Black
9314,5,24,1,Van't Kruijs Opening,1,Black
18736,68,65,1,French Defense,1,White
18738,11,123,1,Pirc Defense,2,Draw
18740,43,99,1,Nimzowitsch Defense,3,Black
18741,73,36,1,Italian Game,4,White
18744,52,56,1,Sicilian Defense,5,Black
18746,45,40,1,Italian Game,6,White
18751,66,53,1,Sicilian Defense,7,White
18753,20,57,1,Sicilian Defense,8,Draw
18754,6,50,1,French Defense,9,Black
18756,15,142,1,Nimzowitsch Defense,10,Black
18758,78,97,1,Sicilian Defense,11,White
18759,69,61,1,Scandinavian Defense,12,White
18762,116,32,1,Sicilian Defense,13,White
18764,79,12,1,Italian Game,14,Black
18766,109,53,1,Nimzowitsch Defense,15,White
18767,65,51,1,Philidor Defense,16,White
18768,79,60,1,King's Pawn Game,17,Black
18771,64,15,1,Italian Game,18,White
18772,95,35,1,Sicilian Defense,19,White
18774,35,53,1,Italian Game,20,Black
18776,105,54,1,Italian Game,21,Black
18778,9,92,1,Italian Game,22,Black
18779,27,26,1,Italian Game,23,Black
18780,5,41,1,Italian Game,24,Black
4739,346,2,1,King's Pawn Game,1,Black
4741,89,35,1,French Defense,2,White
4742,10,29,1,Scotch Game,3,White
4743,398,85,1,Four Knights Game,4,White
4744,294,26,1,Scotch Game,5,Black
4745,293,24,1,Sicilian Defense,6,White
4746,272,47,1,Scandinavian Defense,7,White
5471,419,94,0,Benoni Defense,1,White
5472,419,22,0,Queen's Gambit,2,White
5474,419,106,0,Horwitz Defense,3,Black
5476,419,48,0,Blackmar-Diemer Gambit,4,Black
5481,468,56,0,Blackmar-Diemer Gambit,5,White
1775,139,52,1,Van't Kruijs Opening,1,Black
19692,53,92,1,Ruy Lopez,1,Black
13682,178,60,1,Sicilian Defense,1,Black
347,20,40,1,Italian Game,1,Black
8302,207,75,1,Old Indian,1,White
4372,326,27,1,Nimzowitsch Defense,1,White
14110,80,35,1,Sicilian Defense,1,White
4507,90,21,1,Blackmar-Diemer Gambit,1,White
4509,54,35,1,Blackmar-Diemer Gambit,2,White
13616,250,35,0,Sicilian Defense,1,White
15905,20,12,1,Italian Game,2,White
10323,16,60,0,Vienna Game,1,Black
157,0,65,1,Sicilian Defense,1,White
159,67,125,1,Sicilian Defense,2,White
160,17,76,1,Italian Game,3,Black
161,79,65,1,Ruy Lopez,4,White
163,39,59,1,French Defense,5,White
167,48,63,1,Ruy Lopez,6,White
169,45,58,1,Horwitz Defense,7,White
170,9,34,0,Caro-Kann Defense,8,Black
172,42,80,1,Sicilian Defense,9,Black
173,40,44,1,French Defense,10,Black
176,99,50,1,Sicilian Defense,11,Black
177,23,144,0,Sicilian Defense,12,Draw
179,17,69,1,Ruy Lopez,13,Black
182,31,107,1,Italian Game,14,Draw
183,27,117,1,Ruy Lopez,15,White
184,1,44,1,Ruy Lopez,16,White
187,72,110,0,Queen's Gambit,17,Black
188,68,30,1,Scandinavian Defense,18,Black
190,23,69,1,Philidor Defense,19,Black
8206,165,69,1,English Opening,1,White
12147,401,39,1,Queen's Gambit,1,White
3,4,61,1,King's Pawn Game,1,White
5630,269,14,0,Benoni Defense,1,Black
10191,287,53,0,King's Gambit,1,White
17048,533,30,0,French Defense,1,Black
19744,364,30,1,Queen's Gambit,1,White
13298,9,112,1,Indian Game,1,Black
2074,277,47,1,Van't Kruijs Opening,1,White
61,372,37,1,French Defense,1,Black
7136,162,42,1,King's Knight Opening,2,Black
2062,13,68,1,Center Game,1,Black
2063,154,100,1,Caro-Kann Defense,2,Black
2065,80,21,1,Scotch Game,3,White
2068,113,113,1,English Opening,4,White
2069,453,46,1,King's Pawn Game,5,Black
2070,483,66,1,Center Game,6,Black
2071,178,75,1,Nimzowitsch Defense,7,White
2073,69,84,1,King's Pawn Game,8,Black
2076,29,89,1,Nimzowitsch Defense,9,White
2077,415,104,1,Four Knights Game,10,Black
2078,54,51,1,Scandinavian Defense,11,White
2079,57,44,1,Scandinavian Defense,12,Black
2080,44,107,1,Scandinavian Defense,13,White
2082,208,100,1,French Defense,14,Black
2083,112,110,1,French Defense,15,Black
2084,36,151,1,Nimzowitsch Defense,16,White
2085,55,30,1,Center Game,17,Black
2086,285,59,1,Four Knights Game,18,White
2088,186,85,1,Center Game,19,White
2090,32,44,1,Nimzowitsch Defense,20,Black
2094,5,34,1,Van't Kruijs Opening,21,Black
2095,266,72,1,King's Pawn Game,22,Black
2097,285,84,1,Robatsch (Modern) Defense,23,Black
2098,157,36,1,Scandinavian Defense,24,Black
2100,86,27,1,Vienna Game,25,White
2102,129,57,1,Sicilian Defense,26,White
2103,67,127,1,Sicilian Defense,27,Draw
2104,210,68,1,Center Game,28,Black
2105,220,68,1,King's Pawn Game,29,Black
2106,30,56,1,Center Game,30,Black
2107,50,96,1,Zukertort Opening,31,Black
13175,23,54,1,Queen's Gambit,1,Black
1277,206,17,0,Zukertort Opening,1,White
4638,160,56,0,Queen's Pawn Game,2,Black
16180,175,73,1,Vienna Game,1,White
9697,97,84,1,Vienna Game,1,Black
6206,90,27,1,King's Pawn Game,1,White
3981,122,20,0,King's Knight Opening,1,Black
9117,401,49,1,Alekhine Defense,1,White
9119,377,51,1,Scandinavian Defense,2,White
7598,14,60,1,Sicilian Defense,1,Black
14497,149,96,1,Indian Game,1,Black
15126,181,51,1,Blackmar-Diemer Gambit,2,White
8399,22,80,1,English Opening,1,Black
5169,178,27,1,Blackmar-Diemer Gambit,1,White
12263,40,51,1,French Defense,2,White
6256,164,66,1,French Defense,1,Black
3491,42,40,0,Van't Kruijs Opening,1,Black
16358,42,40,0,Van't Kruijs Opening,2,Black
5245,59,99,1,Sicilian Defense,1,Draw
19547,53,84,1,Nimzo-Indian Defense,1,Black
216,69,28,0,Van't Kruijs Opening,1,Black
11443,69,28,0,Van't Kruijs Opening,2,Black
13770,69,28,0,Van't Kruijs Opening,3,Black
19091,69,28,0,Van't Kruijs Opening,4,Black
3041,65,60,1,French Defense,1,Black
5338,95,23,1,English Opening,1,White
6986,65,58,1,Ruy Lopez,1,Black
13190,160,109,1,Sicilian Defense,2,White
17897,42,101,1,French Defense,3,White
18949,33,27,1,Sicilian Defense,1,Black
7618,257,18,1,French Defense,1,Black
1549,262,113,0,King's Pawn Game,1,Draw
9254,369,79,1,Caro-Kann Defense,1,White
10161,290,48,0,Caro-Kann Defense,1,Black
5682,89,87,1,French Defense,1,White
4136,10,89,1,Sicilian Defense,1,White
12663,133,41,1,Italian Game,1,Black
14540,133,41,1,Italian Game,2,Black
1594,300,71,1,Center Game,1,White
13168,300,71,1,Center Game,2,White
14786,300,71,1,Center Game,3,White
19909,19,60,1,Vienna Game,4,White
16618,391,47,1,Sicilian Defense,1,White
6922,101,104,0,Philidor Defense,1,Draw
6923,45,56,1,Sicilian Defense,2,Black
6924,40,31,1,Four Knights Game,3,White
6925,7,66,1,French Defense,4,White
6926,72,15,1,Sicilian Defense,5,White
6927,7,77,1,King's Knight Opening,6,White
6928,38,36,1,Russian Game,7,Black
6929,81,112,1,Scotch Game,8,Black
6931,154,32,1,French Defense,9,White
6932,74,37,1,Scotch Game,10,White
6933,75,46,1,Scotch Game,11,Black
6934,47,76,1,Sicilian Defense,12,White
6935,42,83,1,Nimzowitsch Defense,13,White
6936,83,100,1,Philidor Defense,14,Draw
6937,470,45,1,Sicilian Defense,15,Black
6939,402,24,1,Scotch Game,16,Black
6942,57,46,1,Scandinavian Defense,17,Black
6943,160,48,1,Four Knights Game,18,Black
6944,9,57,1,French Defense,19,White
6945,19,50,1,Scotch Game,20,Black
6946,70,46,1,Scotch Game,21,Black
6947,93,11,1,Four Knights Game,22,White
6948,176,45,1,Sicilian Defense,23,White
6949,144,16,1,French Defense,24,White
6950,22,61,1,King's Knight Opening,25,White
6951,66,38,1,Four Knights Game,26,Black
6952,66,50,1,Sicilian Defense,27,Black
6953,69,56,1,Scotch Game,28,White
6954,38,80,1,French Defense,29,Black
6955,41,54,1,Pirc Defense,30,White
6956,58,54,1,Alekhine Defense,31,Black
6957,143,9,0,Scandinavian Defense,32,Black
6958,29,39,1,Scotch Game,33,White
6959,65,45,1,Four Knights Game,34,White
6960,102,25,1,Four Knights Game,35,White
6961,75,66,1,Four Knights Game,36,Black
13963,30,59,1,Van't Kruijs Opening,1,White
13126,131,62,1,Pirc Defense,1,Black
2529,79,35,1,Zukertort Opening,1,White
15002,86,26,1,Italian Game,1,White
1647,13,40,1,Alekhine Defense,1,Black
5376,881,61,1,Alekhine Defense,1,White
12903,170,113,1,Italian Game,1,White
8596,14,42,1,French Defense,1,White
8275,88,65,1,Indian Game,1,White
13108,252,12,0,Vienna Game,1,Draw
10359,72,15,0,King's Pawn Game,1,Draw
17500,103,22,1,French Defense,1,Black
4208,293,81,0,Caro-Kann Defense,1,White
8184,86,126,1,Sicilian Defense,1,Black
7877,105,88,1,Amar Opening,1,Black
7008,30,90,1,Sicilian Defense,1,Black
4158,250,47,1,Slav Defense,1,White
4160,231,31,1,Queen's Pawn Game,2,White
2814,270,28,1,Italian Game,1,Black
13267,80,45,0,Van't Kruijs Opening,1,Draw
13268,128,6,0,Van't Kruijs Opening,2,Black
13269,198,52,0,Van't Kruijs Opening,3,Black
13270,126,3,0,Bird Opening,4,Draw
9872,146,50,0,English Opening,1,White
2510,318,26,1,Blackmar-Diemer Gambit,1,Black
11036,0,41,0,Bishop's Opening,1,White
1202,139,63,1,King's Knight Opening,1,White
1203,100,67,1,King's Knight Opening,2,White
1206,278,99,1,Nimzowitsch Defense,3,White
1208,95,9,1,Sicilian Defense,4,Draw
1210,103,59,1,Ruy Lopez,5,White
11196,232,85,1,French Defense,1,White
14194,246,33,1,Van't Kruijs Opening,2,White
16556,122,114,0,Queen's Gambit,1,Black
936,136,37,1,Nimzowitsch Defense,1,White
17729,313,84,0,Scotch Game,2,Black
283,5,54,1,Queen's Gambit,1,Black
7674,84,60,1,Caro-Kann Defense,1,White
7676,254,23,1,Alekhine Defense,2,White
7677,438,89,1,Italian Game,3,White
7678,86,59,1,Pirc Defense,4,White
7680,46,37,1,Sicilian Defense,5,White
7683,93,24,1,Sicilian Defense,6,Black
7684,227,17,1,Scandinavian Defense,7,White
7686,844,29,1,French Defense,8,White
7687,450,63,1,Nimzowitsch Defense,9,White
7689,336,54,1,French Defense,10,Black
7692,362,53,1,French Defense,11,White
9114,450,7,1,Philidor Defense,1,White
15710,16,57,1,Sicilian Defense,1,White
1847,9,39,1,Queen's Gambit,1,White
2414,134,73,1,Scandinavian Defense,1,White
16483,66,80,1,Queen's Pawn Game,1,Black
7920,328,26,0,Blackmar-Diemer Gambit,1,Black
5183,307,77,1,Robatsch (Modern) Defense,1,White
5185,291,36,1,Caro-Kann Defense,2,White
4832,81,73,1,Bishop's Opening,1,White
18207,131,87,1,Ruy Lopez,1,White
6825,344,39,1,Italian Game,1,White
2655,17,32,1,Slav Defense,1,White
5908,112,85,1,Philidor Defense,1,White
5910,169,38,1,Budapest Defense,2,Black
5911,6,43,1,Philidor Defense,3,Black
5913,95,45,1,Sicilian Defense,4,White
5915,33,39,1,Robatsch (Modern) Defense,5,White
5916,43,63,1,Petrov's Defense,6,White
5918,104,52,1,Scandinavian Defense,7,Black
5921,148,25,1,Sicilian Defense,8,White
5923,264,9,1,King's Knight Opening,9,White
5926,158,22,1,Petrov's Defense,10,White
5928,55,17,1,Italian Game,11,White
5930,37,114,1,King's Knight Opening,12,Draw
5933,155,106,1,Scandinavian Defense,13,Black
5935,1,51,1,King's Pawn Game,14,Black
14484,5,48,1,Sicilian Defense,1,Draw
19434,212,50,0,Sicilian Defense,1,Black
19459,269,114,1,Yusupov-Rubinstein System,1,Black
1353,187,9,0,Sicilian Defense,1,White
8682,7,52,1,Italian Game,1,Black
7586,85,44,0,Blackmar-Diemer Gambit,1,White
11112,194,60,0,Sicilian Defense,1,Black
168,29,107,1,Sicilian Defense,1,White
7637,19,55,1,French Defense,1,White
10524,209,138,1,Blackmar-Diemer Gambit,1,Draw
11233,209,138,1,Blackmar-Diemer Gambit,2,Draw
1169,129,50,1,Italian Game,1,Black
15561,10,73,1,Four Knights Game,1,White
18866,16,138,1,English Opening,1,White
18869,140,53,1,English Opening,2,White
18871,22,55,1,Scandinavian Defense,3,White
18872,73,107,1,English Opening,4,Draw
18874,264,16,1,English Opening,5,White
18877,383,49,0,Slav Defense,6,White
18878,383,31,0,Semi-Slav Defense,7,White
18879,226,111,1,Queen's Indian Defense,8,White
18882,66,55,1,French Defense,9,White
18883,129,77,1,English Opening,10,Draw
18887,55,77,1,English Opening,11,White
18888,118,49,1,Benoni Defense,12,Black
18891,56,45,1,English Opening,13,White
18893,48,107,1,English Opening,14,Draw
18896,132,42,1,English Opening,15,Black
18897,123,81,1,English Opening,16,White
828,309,154,0,Queen's Pawn Game,1,Black
12305,309,154,0,Queen's Pawn Game,2,Black
12099,766,50,0,Van't Kruijs Opening,1,White
2798,108,58,0,Scandinavian Defense,1,Black
2799,233,68,0,Petrov's Defense,2,Black
2800,4,66,0,English Opening,3,Black
2802,4,51,0,English Opening,4,White
2805,102,74,0,Caro-Kann Defense,5,Black
2807,4,81,0,Scandinavian Defense,6,White
2809,4,41,0,Bishop's Opening,7,White
2812,320,89,0,Robatsch (Modern) Defense,8,White
2815,351,25,1,Bishop's Opening,9,White
2817,87,16,0,Budapest Defense,10,Black
2820,0,73,0,English Opening,11,White
2823,200,34,0,English Opening,12,Black
2824,43,21,0,English Opening,13,Draw
2825,148,95,0,English Opening,14,Draw
2827,212,46,0,English Opening,15,Black
2830,0,39,0,English Opening,16,White
2833,21,45,0,Four Knights Game,17,White
7269,425,35,1,Horwitz Defense,1,White
15432,319,25,1,Blackmar-Diemer Gambit,2,White
16842,261,43,1,Queen's Gambit,1,White
3711,152,138,1,Four Knights Game,1,Black
20032,349,50,1,English Opening,1,Black
20034,14,36,0,Horwitz Defense,2,Black
20035,362,100,1,English Opening,3,Draw
20037,189,43,1,English Opening,4,White
20039,112,36,1,English Opening,5,Black
20041,200,87,1,Nimzo-Indian Defense,6,Black
20042,507,58,1,Blackmar-Diemer Gambit,7,Black
20044,38,11,1,English Opening,8,White
20046,45,70,1,Sicilian Defense,9,White
20048,40,73,1,English Opening,10,White
20051,101,9,1,English Opening,11,White
20053,31,37,1,Horwitz Defense,12,White
20055,37,82,1,Queen's Pawn,13,Black
20056,67,35,1,Blackmar-Diemer Gambit,14,White
20058,104,78,1,Blackmar-Diemer Gambit,15,Black
17469,333,20,1,Scotch Game,1,Black
8134,241,89,1,Queen's Gambit,1,White
6420,42,3,1,King's Gambit,1,White
6114,11,75,1,French Defense,1,White
6906,50,79,0,Philidor Defense,1,Draw
6910,120,86,0,Nimzowitsch Defense,2,Draw
6912,8,85,0,Pirc Defense,3,White
6915,95,27,0,Ruy Lopez,4,White
6917,217,25,0,Sicilian Defense,5,White
6920,241,40,0,Scandinavian Defense,6,Black
13253,351,51,0,English Opening,1,White
3450,128,47,0,Queen's Gambit,1,White
6591,121,61,0,Queen's Gambit,2,White
2252,100,122,1,Blackmar-Diemer Gambit,1,Black
11346,860,62,1,Indian Game,2,Black
10349,52,82,1,Dutch Defense,1,Black
4043,344,46,1,Robatsch (Modern) Defense,1,Black
14734,21,77,0,Scandinavian Defense,1,White
5265,162,46,1,Sicilian Defense,1,Black
3979,193,37,0,Blackmar-Diemer Gambit,1,White
19575,26,71,1,Nimzo-Indian Defense,1,Draw
3061,16,89,1,Sicilian Defense,1,White
3849,98,63,1,Sicilian Defense,1,White
15608,253,57,1,French Defense,2,White
15633,130,34,1,Bishop's Opening,3,Black
156,3,111,1,Yusupov-Rubinstein System,1,White
8352,270,61,0,Nimzowitsch Defense,1,White
8354,270,81,0,Bishop's Opening,2,White
10196,207,88,1,Nimzowitsch Defense,1,White
16776,158,38,1,French Defense,2,Black
14478,24,130,1,Sicilian Defense,1,Black
9520,63,75,1,Philidor Defense,1,White
14563,222,64,1,Caro-Kann Defense,1,Black
8720,175,96,1,Sicilian Defense,1,Draw
4703,136,42,1,Scotch Game,1,Black
4705,278,28,1,Scotch Game,2,Black
14660,542,48,1,Scandinavian Defense,1,Black
14662,487,78,1,Scotch Game,2,Black
14663,327,44,1,Sicilian Defense,3,Black
14665,469,46,1,Sicilian Defense,4,Black
14666,269,108,1,King's Pawn Game,5,Black
14667,255,48,1,Vienna Game,6,Black
14671,222,15,1,King's Pawn Game,7,White
16660,388,90,1,Sicilian Defense,1,Black
18284,426,47,1,Pirc Defense,1,White
16700,8,73,1,Yusupov-Rubinstein System,1,White
19805,53,28,1,Italian Game,1,White
4174,62,36,1,Van't Kruijs Opening,1,Black
8887,602,81,1,Four Knights Game,1,White
8889,595,37,1,Sicilian Defense,2,White
14200,204,92,1,Dutch Defense,3,Black
16528,55,122,0,Robatsch (Modern) Defense,1,Draw
16530,55,91,0,Ruy Lopez,2,White
16532,55,130,0,Alekhine Defense,3,Black
16535,55,110,0,Sicilian Defense,4,Black
16536,55,96,0,Four Knights Game,5,Black
16538,55,81,0,Ruy Lopez,6,Draw
20025,174,118,1,Sicilian Defense,7,Black
18392,668,32,1,Horwitz Defense,1,Black
13788,107,56,1,Sicilian Defense,1,Black
166,3,69,1,Amar Opening,1,White
13954,1,89,1,Caro-Kann Defense,1,White
976,94,28,0,Queen's Gambit,1,Black
6054,150,43,1,Sicilian Defense,1,White
7593,0,38,1,Sicilian Defense,1,Black
4563,209,50,1,Center Game,1,Black
3078,14,35,1,Sicilian Defense,1,White
18813,206,114,0,Philidor Defense,1,Black
18815,65,78,1,King's Knight Opening,2,Black
18817,94,74,1,Sicilian Defense,3,Black
18820,25,19,1,Nimzowitsch Defense,4,White
18821,5,37,1,Philidor Defense,5,White
18822,117,68,1,Philidor Defense,6,Black
18825,46,30,1,Scotch Game,7,Black
18827,25,71,1,Scotch Game,8,Draw
18830,103,69,1,Scandinavian Defense,9,White
18831,23,56,1,Nimzowitsch Defense,10,Black
18836,220,142,1,Scotch Game,11,Black
18838,9,56,1,Scotch Game,12,White
18839,41,30,1,Philidor Defense,13,White
18841,318,70,0,Philidor Defense,14,Black
18844,8,46,1,Petrov's Defense,15,Black
18846,49,100,1,Scandinavian Defense,16,Black
18848,758,52,0,Sicilian Defense,17,Black
2318,207,120,1,Van't Kruijs Opening,1,Black
4750,128,54,1,East Indian Defense,1,Black
4751,162,43,1,Queen's Pawn Game,2,White
4753,295,78,1,Van't Kruijs Opening,3,Black
4755,237,63,1,King's Pawn Game,4,White
14268,37,29,1,Pirc Defense,1,White
11357,223,27,1,Philidor Defense,1,White
13664,223,27,1,Philidor Defense,2,White
15323,16,63,1,Scotch Game,1,White
1251,41,60,0,English Opening,1,Draw
5863,397,44,1,Indian Game,1,Black
5864,225,46,1,Horwitz Defense,2,Black
5866,360,58,1,Horwitz Defense,3,Black
16019,206,116,0,French Defense,1,Black
16021,206,142,0,French Defense,2,Black
6489,272,26,1,Italian Game,1,Black
16824,55,40,1,Scotch Game,1,Black
3967,255,74,1,Sicilian Defense,1,Black
5944,45,71,1,Sicilian Defense,1,White
9328,540,30,1,Vienna Game,1,Black
2633,16,39,1,Sicilian Defense,1,White
10804,60,51,1,Queen's Gambit,1,White
18250,80,89,1,Pirc Defense,1,Draw
110,9,46,1,French Defense,1,Black
5679,20,41,1,Queen's Gambit,1,Black
5681,102,37,1,Horwitz Defense,2,White
5689,41,82,1,Horwitz Defense,3,Black
5690,67,70,1,Horwitz Defense,4,Black
5692,29,39,1,Slav Defense,5,White
5694,75,58,1,Indian Game,6,Black
5695,30,86,1,Semi-Slav Defense,7,Black
5698,39,44,1,Queen's Gambit,8,Black
5701,73,96,1,Horwitz Defense,9,Black
5703,184,55,1,Indian Game,10,White
5705,352,44,1,Queen's Gambit,11,Black
5707,87,87,1,Horwitz Defense,12,White
5709,61,40,1,Slav Defense,13,Black
5711,184,65,1,Nimzo-Indian Defense,14,White
5713,45,50,1,Queen's Indian Defense,15,Black
5715,67,79,0,Old Indian Defense,16,White
5717,217,65,0,Horwitz Defense,17,White
5721,94,153,1,Horwitz Defense,18,White
4407,0,137,1,Nimzowitsch Defense,1,White
4408,19,46,1,Sicilian Defense,2,Black
4411,123,126,1,Robatsch (Modern) Defense,3,Black
4412,38,66,1,Scandinavian Defense,4,Black
4413,304,106,1,Ruy Lopez,5,Draw
4416,254,134,1,Scandinavian Defense,6,Black
4418,9,47,1,Italian Game,7,Draw
4421,139,76,1,Italian Game,8,Black
4422,419,43,1,Petrov's Defense,9,White
19699,242,77,1,Ruy Lopez,1,Black
15327,175,27,1,Queen's Gambit,1,White
7828,190,80,1,Van't Kruijs Opening,1,Black
6636,121,23,0,French Defense,1,White
2710,256,70,1,King's Gambit,1,Black
2713,191,42,1,Scandinavian Defense,2,Black
2714,190,11,1,King's Gambit,3,Black
2715,240,20,1,King's Gambit,4,Black
2718,116,112,1,Horwitz Defense,5,Black
2719,130,61,1,French Defense,6,White
2722,7,92,1,French Defense,7,Black
2723,36,52,1,Scandinavian Defense,8,White
2724,118,16,1,Scandinavian Defense,9,White
2725,33,52,1,Petrov's Defense,10,Black
2728,99,7,1,King's Pawn Game,11,White
2729,210,34,1,Scandinavian Defense,12,Black
2731,50,81,1,Vienna Game,13,White
2733,236,27,1,King's Pawn Game,14,Black
2734,218,42,1,King's Pawn Game,15,Black
2737,230,44,1,Nimzowitsch Defense,16,Black
2738,116,30,1,Robatsch (Modern) Defense,17,White
2741,79,16,1,Scotch Game,18,Black
2742,154,49,1,French Defense,19,White
2743,35,3,1,King's Pawn Game,20,White
2745,21,64,1,Petrov's Defense,21,Black
3233,271,58,0,Van't Kruijs Opening,1,Black
15429,95,140,1,Blackmar-Diemer Gambit,1,Black
7730,80,56,1,Sicilian Defense,1,Black
8090,52,74,1,Sicilian Defense,1,Black
16586,64,101,1,Queen's Pawn Game,2,White
18512,169,47,1,Queen's Gambit,3,White
19041,78,53,1,Queen's Pawn Game,4,White
18433,2,84,1,Italian Game,1,Black
9045,127,24,1,Ruy Lopez,1,Black
16773,62,133,1,French Defense,1,White
14435,80,43,1,King's Pawn Game,1,White
19027,9,139,1,Vienna Game,2,White
3718,188,51,1,French Defense,1,White
1908,291,70,1,Queen's Gambit,1,Black
10187,189,65,1,Sicilian Defense,1,White
5334,235,84,1,Queen's Gambit,1,Black
19052,28,40,1,Van't Kruijs Opening,1,Black
8470,75,60,1,King's Pawn Game,1,White
18242,376,36,1,Sicilian Defense,1,White
18243,179,37,1,King's Knight Opening,2,White
18244,58,31,1,King's Gambit,3,White
18247,786,29,1,Caro-Kann Defense,4,White
18249,361,39,1,Italian Game,5,White
18254,150,15,1,Ruy Lopez,6,White
18257,93,56,1,Sicilian Defense,7,Black
18260,121,125,1,French Defense,8,Black
7189,270,33,1,King's Pawn Game,1,White
6417,14,58,1,Horwitz Defense,1,Black
1152,46,40,0,Ruy Lopez,1,Black
14606,46,40,0,Ruy Lopez,2,Black
2059,38,56,1,King's Pawn Game,1,Black
6995,75,104,1,Nimzowitsch Defense,1,Black
6996,3,55,1,French Defense,2,White
7000,81,68,1,Four Knights Game,3,White
7001,88,161,1,Ruy Lopez,4,White
7002,127,40,1,Scotch Game,5,Black
7004,83,102,1,French Defense,6,Black
7007,45,51,1,King's Knight Opening,7,Black
7009,49,50,1,Scotch Game,8,Black
7010,108,75,1,Scotch Game,9,White
7014,36,50,1,Nimzowitsch Defense,10,Black
7015,4,56,1,Sicilian Defense,11,Black
7016,51,82,1,Scotch Game,12,Black
7019,57,70,1,Slav Defense,13,Black
7021,34,60,1,Scotch Game,14,Black
7023,8,83,1,Scotch Game,15,White
7025,16,26,1,Scotch Game,16,Black
7026,98,83,1,Nimzowitsch Defense,17,Black
7028,15,70,1,Sicilian Defense,18,Black
7029,91,36,1,Scotch Game,19,Black
7030,94,50,1,King's Pawn Game,20,Black
7033,55,35,1,French Defense,21,White
7034,77,65,1,Petrov's Defense,22,White
7036,82,68,1,Scotch Game,23,Black
7039,83,50,1,Scotch Game,24,Black
312,105,21,0,Four Knights Game,1,White
1284,1,85,0,Four Knights Game,2,White
5597,47,33,1,Pirc Defense,1,White
4597,431,6,1,King's Pawn Game,1,Draw
13381,258,57,1,King's Pawn Game,2,White
14683,109,82,1,Sicilian Defense,3,Black
8896,267,92,1,Horwitz Defense,1,Black
8801,181,90,0,Four Knights Game,1,Black
10296,265,93,1,Queen's Gambit,1,White
10894,125,33,1,Alekhine Defense,1,Draw
19265,446,23,1,Bishop's Opening,1,White
14391,150,42,1,Sicilian Defense,1,Black
18796,219,36,1,English Opening,1,Black
2621,47,96,1,Sicilian Defense,1,Black
15103,4,43,1,Scotch Game,1,Black
16114,203,24,1,Petrov's Defense,2,Black
8152,9,53,1,Nimzowitsch Defense,1,White
7756,217,67,1,Queen's Gambit,1,White
7757,118,19,1,Queen's Pawn,2,White
7759,101,53,1,Queen's Gambit,3,White
7761,89,90,1,Queen's Gambit,4,Black
7762,135,14,1,Queen's Gambit,5,Black
11722,780,79,0,Sicilian Defense,1,Draw
13557,292,51,0,Nimzowitsch Defense,2,White
13558,772,1,0,Nimzowitsch Defense,3,White
13559,780,79,0,Sicilian Defense,4,Draw
13560,746,60,0,Caro-Kann Defense,5,Draw
13561,553,1,0,Nimzowitsch Defense,6,White
13562,1492,23,0,Nimzowitsch Defense,7,White
7956,37,47,1,Italian Game,1,Black
11470,196,2,1,Scandinavian Defense,1,White
14022,13,58,1,East Indian Defense,1,Black
1212,104,72,1,Philidor Defense,1,Black
1214,36,70,1,Ruy Lopez,2,Black
1216,116,33,1,Ruy Lopez,3,White
1219,104,100,1,French Defense,4,Black
1221,125,95,1,Nimzowitsch Defense,5,Draw
1224,29,87,1,Philidor Defense,6,White
1225,203,29,1,Petrov's Defense,7,White
1226,105,75,1,French Defense,8,White
1230,3,64,1,French Defense,9,Black
1232,23,26,1,Four Knights Game,10,Black
1233,243,13,1,King's Knight Opening,11,White
1236,155,57,1,King's Gambit,12,White
1237,63,97,1,Ruy Lopez,13,White
1239,27,23,1,Ruy Lopez,14,White
1241,124,72,1,Ruy Lopez,15,Black
1242,158,34,1,Ruy Lopez,16,Black
1243,324,56,1,Sicilian Defense,17,Black
1246,123,19,1,Philidor Defense,18,Black
1247,101,144,1,Sicilian Defense,19,Black
1249,133,47,1,Scotch Game,20,White
5309,380,19,1,Nimzowitsch Defense,1,White
10377,94,32,0,Vienna Game,1,White
10637,633,2,1,King's Pawn Game,2,White
10639,627,2,1,French Defense,3,White
840,294,99,0,Caro-Kann Defense,1,White
12317,294,99,0,Caro-Kann Defense,2,White
14874,282,83,1,Pirc Defense,1,White
14260,236,31,0,Italian Game,1,White
7690,328,22,1,Van't Kruijs Opening,1,Black
2324,232,48,1,Blackmar-Diemer Gambit,1,Black
2326,115,25,1,Blackmar-Diemer Gambit,2,Black
3540,619,138,0,Ruy Lopez,1,Black
1344,173,7,0,Sicilian Defense,1,White
14432,7,97,1,Horwitz Defense,1,White
14434,19,119,1,Horwitz Defense,2,White
14437,361,48,1,Queen's Pawn Game,3,White
14438,402,62,1,Queen's Pawn Game,4,Black
14442,129,88,1,Horwitz Defense,5,Draw
14443,611,100,1,Horwitz Defense,6,Black
14444,468,51,1,Indian Game,7,Black
14448,27,112,1,Indian Game,8,Draw
14449,215,60,1,Horwitz Defense,9,Black
14452,32,42,1,Blackmar-Diemer Gambit,10,Black
14453,360,29,1,Blackmar-Diemer Gambit,11,White
14457,103,148,1,Blackmar-Diemer Gambit,12,Black
14459,12,108,1,Yusupov-Rubinstein System,13,Black
14460,147,146,1,London System,14,Black
14463,72,117,1,Indian Game,15,White
14464,310,52,1,Queen's Pawn Game,16,Black
14467,4,91,1,Benoni Defense,17,White
14468,135,73,1,Queen's Pawn Game,18,White
14470,85,45,1,Queen's Pawn Game,19,White
14471,233,98,1,Horwitz Defense,20,White
14474,60,31,1,Horwitz Defense,21,White
451,22,62,1,Alekhine Defense,1,Black
9453,229,59,1,Pirc Defense,1,White
8333,81,62,1,Scotch Game,1,Black
3609,330,114,1,Vienna Game,1,Black
4620,119,53,1,Van't Kruijs Opening,1,White
6419,135,17,1,Horwitz Defense,1,White
13044,42,41,1,Sicilian Defense,1,White
14881,151,123,1,Van't Kruijs Opening,1,White
9308,193,34,1,Queen's Pawn Game,1,Black
18021,70,74,1,Sicilian Defense,1,Black
14061,21,88,1,Vienna Game,1,Black
16643,4,75,1,Sicilian Defense,1,White
16647,123,105,1,Indian Game,2,White
16649,152,129,1,Indian Game,3,White
11994,362,182,1,Italian Game,1,Black
6218,118,69,1,Scotch Game,1,White
764,352,26,1,Vienna Game,1,Black
14652,131,33,1,Sicilian Defense,1,White
14653,143,68,1,Petrov's Defense,2,Black
14654,5,30,1,Philidor Defense,3,Black
18192,86,33,1,Nimzowitsch Defense,1,White
12859,10,56,1,Sicilian Defense,1,White
1640,73,32,1,Sicilian Defense,1,White
14372,28,62,1,King's Pawn Game,2,Black
1338,51,17,0,Blackmar-Diemer Gambit,1,White
2308,84,24,0,Indian Game,2,White
6828,115,35,0,Blackmar-Diemer Gambit,1,White
5357,310,29,0,Alekhine Defense,1,White
14820,77,42,0,Bird Opening,1,White
5746,104,115,1,Philidor Defense,1,Draw
19941,120,171,1,Sicilian Defense,1,White
8177,261,124,1,Queen's Gambit,1,Black
15557,74,19,1,Van't Kruijs Opening,1,White
15837,364,64,1,Sicilian Defense,1,Black
8732,333,58,1,Alekhine Defense,1,Black
11413,64,66,0,Italian Game,1,Black
13740,64,66,0,Italian Game,2,Black
19061,64,66,0,Italian Game,3,Black
10588,602,54,1,Sicilian Defense,1,Black
11297,602,54,1,Sicilian Defense,2,Black
2739,245,47,1,Queen's Pawn Game,1,Black
3621,72,113,1,Ruy Lopez,1,White
6176,41,60,1,French Defense,1,Black
46,522,49,0,Sicilian Defense,1,White
20050,76,43,1,French Defense,1,White
12997,31,95,1,Indian Game,1,Black
3096,132,78,1,Robatsch (Modern) Defense,1,Black
5567,85,40,1,Sicilian Defense,2,White
7443,75,62,1,Sicilian Defense,3,White
14717,265,96,1,Ruy Lopez,4,Black
8075,7,43,1,Benoni Defense,1,White
8079,49,58,1,French Defense,2,White
8080,229,21,1,Bishop's Opening,3,White
19960,49,128,1,Indian Game,1,Black
15543,90,65,0,Caro-Kann Defense,1,White
6201,193,95,1,Italian Game,1,White
9309,0,101,1,Queen's Gambit,1,White
10742,48,22,1,Queen's Gambit,2,Black
2752,275,25,1,Caro-Kann Defense,1,White
11517,14,63,1,Italian Game,1,White
13121,194,41,1,Pirc Defense,1,White
13815,253,41,1,Sicilian Defense,1,White
7503,260,58,1,Italian Game,1,Black
7505,27,61,1,Italian Game,2,White
7506,96,39,1,Pirc Defense,3,White
7507,365,118,1,Italian Game,4,Black
5714,107,63,1,Slav Defense,1,White
5823,242,69,1,Pirc Defense,1,White
7157,580,35,1,Bishop's Opening,1,White
6356,487,26,0,Sicilian Defense,1,Black
1279,144,24,0,Italian Game,1,White
17789,409,48,0,French Defense,1,Black
549,0,61,1,Scotch Game,1,White
17557,23,95,1,Sicilian Defense,1,White
452,135,46,1,Scandinavian Defense,1,Draw
2072,29,51,1,Alekhine Defense,1,White
17008,147,30,1,Philidor Defense,1,White
18216,67,16,1,French Defense,2,Black
17998,483,61,1,Scotch Game,1,White
1655,4,8,1,French Defense,1,Black
1658,13,96,1,Italian Game,2,Black
1660,329,16,0,King's Pawn Game,3,Black
1662,50,21,1,King's Pawn Game,4,White
1664,18,46,1,King's Pawn Game,5,Black
1665,107,110,1,Horwitz Defense,6,Black
1666,65,105,1,Blackmar-Diemer Gambit,7,White
1670,93,62,1,Van't Kruijs Opening,8,Black
1672,242,132,1,Caro-Kann Defense,9,Black
1674,115,20,1,Van't Kruijs Opening,10,Black
1675,29,128,1,Horwitz Defense,11,Black
1677,36,141,1,Zukertort Opening,12,White
1680,47,48,1,Scandinavian Defense,13,Black
1682,36,19,1,Scandinavian Defense,14,White
1684,227,63,1,Blackmar-Diemer Gambit,15,Black
1685,27,42,1,Nimzowitsch Defense,16,Black
1687,250,21,1,Nimzowitsch Defense,17,Draw
3843,54,70,1,Scotch Game,1,Black
2579,253,60,1,King's Gambit,1,Black
15359,253,60,1,King's Gambit,2,Black
7902,156,54,1,Four Knights Game,1,Black
11724,127,49,1,Queen's Pawn Game,1,White
2886,74,102,1,Van't Kruijs Opening,1,Black
2981,418,35,1,Nimzowitsch Defense,1,White
8115,7,110,0,Sicilian Defense,1,Black
8116,223,116,0,Caro-Kann Defense,2,Black
8118,223,80,0,Bird Opening,3,Black
8119,223,100,0,Sicilian Defense,4,Black
8121,223,98,0,Benoni Defense,5,Black
8122,223,98,0,Sicilian Defense,6,Black
2569,83,155,1,Queen's Gambit,1,White
8730,81,72,1,Sicilian Defense,1,Draw
8644,175,25,1,English Opening,1,White
19000,48,43,1,Blumenfeld Countergambit,2,Black
6461,264,11,1,Nimzowitsch Defense,1,White
11936,94,10,0,Dutch Defense,1,Black
17804,546,83,1,Pirc Defense,1,White
17843,377,40,1,Yusupov-Rubinstein System,1,Black
761,489,48,1,Nimzo-Indian Defense,1,Black
13207,51,92,1,King's Pawn Game,1,Black
2822,0,58,0,King's Pawn Game,1,Black
10219,196,156,1,Robatsch (Modern) Defense,1,Black
10221,319,26,1,Robatsch (Modern) Defense,2,Black
10226,380,36,1,Four Knights Game,3,Black
10228,332,100,1,Sicilian Defense,4,Black
10230,241,37,1,French Defense,5,Black
11123,331,50,1,Queen's Gambit,1,Black
19637,527,70,0,London System,1,Black
12827,28,80,1,King's Indian Defense,1,Black
12108,278,122,1,Queen's Pawn Game,1,Draw
19426,69,62,1,Sicilian Defense,1,Black
19931,30,81,1,Sicilian Defense,2,White
9025,33,31,0,Queen's Gambit,1,White
9032,229,13,1,Horwitz Defense,2,White
6327,9,100,1,Sicilian Defense,1,Black
15248,71,51,1,Caro-Kann Defense,1,White
852,166,36,0,Scandinavian Defense,1,Black
12329,166,36,0,Scandinavian Defense,2,Black
8816,64,42,0,Pirc Defense,1,White
14793,86,11,0,Italian Game,2,White
10787,159,57,1,Philidor Defense,1,White
39,522,37,0,Sicilian Defense,1,White
9503,128,103,0,Sicilian Defense,2,White
18480,49,55,1,Queen's Gambit,1,White
1095,15,161,1,English Opening,1,White
10446,38,20,1,Van't Kruijs Opening,1,White
18720,223,117,1,Center Game,1,White
16203,34,35,1,Bird Opening,1,White
7289,45,32,1,Zukertort Opening,1,Black
12095,28,51,1,French Defense,2,White
11538,51,81,1,Ruy Lopez,1,White
13816,29,62,1,Sicilian Defense,2,Black
17979,112,67,1,Gruenfeld Defense,1,White
17982,61,96,1,Queen's Gambit,2,Black
17985,252,113,1,Dutch Defense,3,White
1846,40,66,1,Sicilian Defense,1,Black
12785,121,84,0,London System,1,Black
5740,49,33,1,Philidor Defense,1,White
18798,182,44,1,Italian Game,1,Black
17635,19,56,0,French Defense,1,White
14094,320,61,1,Caro-Kann Defense,1,White
7251,193,95,1,Blackmar-Diemer Gambit,1,White
18528,12,38,1,Queen's Gambit,1,Black
10101,88,11,1,Philidor Defense,1,White
1021,0,83,0,French Defense,1,White
1023,0,89,0,French Defense,2,White
1025,0,27,0,Nimzowitsch Defense,3,White
1026,0,76,0,Nimzowitsch Defense,4,White
5732,336,27,1,King's Knight Opening,1,White
415,205,41,0,Caro-Kann Defense,1,White
11913,89,32,1,French Defense,1,Black
2929,336,69,1,Queen's Gambit,1,White
9523,118,36,1,French Defense,1,White
9525,44,27,1,French Defense,2,White
3289,397,74,0,French Defense,1,Black
4391,47,62,1,Queen's Indian Defense,1,Black
3065,0,66,1,Sicilian Defense,1,White
16229,34,34,1,French Defense,1,Black
4549,95,46,1,Scotch Game,1,Black
4550,45,128,1,Van't Kruijs Opening,2,Black
1897,161,46,1,Van't Kruijs Opening,1,Black
4614,562,39,1,Queen's Pawn Game,1,White
1156,91,29,1,Blackmar-Diemer Gambit,1,White
64,358,25,1,Blumenfeld Countergambit,1,White
11738,309,59,1,Slav Defense,1,White
13977,147,70,1,King's Indian Attack,1,Black
11725,56,113,1,Sicilian Defense,1,White
4351,24,105,1,Van't Kruijs Opening,1,Black
4580,614,77,1,Nimzowitsch Defense,1,White
9196,41,37,1,King's Knight Opening,1,White
11322,100,96,1,Sicilian Defense,2,Draw
7554,42,63,1,Semi-Slav Defense,1,White
10966,39,48,1,English Opening,1,Black
17951,56,102,1,Italian Game,1,Black
4732,147,94,1,Sicilian Defense,1,Black
14473,201,159,1,King's Pawn Game,2,White
19096,234,106,1,French Defense,3,Black
4523,80,67,1,Caro-Kann Defense,1,White
1518,136,110,1,Blackmar-Diemer Gambit,1,Black
6189,209,36,1,Nimzowitsch Defense,1,Black
6391,343,27,1,English Opening,1,White
19368,192,84,1,Blackmar-Diemer Gambit,1,Black
365,352,40,1,Sicilian Defense,1,Black
5882,12,113,1,King's Pawn Game,1,White
19363,72,110,1,Queen's Pawn Game,1,Black
878,390,33,1,French Defense,1,Black
2917,289,50,0,Italian Game,1,Black
2922,221,18,1,Scandinavian Defense,2,Black
2923,183,46,0,King's Pawn Game,3,Black
15654,289,50,0,Italian Game,4,Black
15659,221,18,1,Scandinavian Defense,5,Black
15660,183,46,0,King's Pawn Game,6,Black
19290,182,72,1,Queen's Pawn Game,1,White
7123,74,106,1,Horwitz Defense,1,Black
19619,260,147,1,Ruy Lopez,1,White
6774,6,72,1,Ruy Lopez,1,Black
15122,446,39,1,Blackmar-Diemer Gambit,1,White
15125,458,71,1,Blackmar-Diemer Gambit,2,White
17172,181,61,1,Blackmar-Diemer Gambit,3,White
17403,16,27,1,Blackmar-Diemer Gambit,4,White
19799,123,21,1,Indian Game,5,White
9728,531,23,1,French Defense,1,White
13907,141,70,1,Caro-Kann Defense,1,Black
18383,500,90,1,French Defense,1,Black
5419,48,36,1,Caro-Kann Defense,1,Black
18323,48,36,1,Caro-Kann Defense,2,Black
16175,9,57,1,Four Knights Game,1,White
6328,75,56,1,Sicilian Defense,1,Black
2501,127,42,1,Scandinavian Defense,1,Black
1052,137,27,1,French Defense,1,White
2563,100,60,1,Scandinavian Defense,1,Black
2032,109,15,1,Scotch Game,1,White
11334,144,124,1,Caro-Kann Defense,1,Black
13605,144,124,1,Caro-Kann Defense,2,Black
14867,191,121,1,Pirc Defense,1,White
4293,430,17,1,Scotch Game,1,White
3999,39,137,1,French Defense,1,Draw
4002,14,35,1,Sicilian Defense,2,White
4004,58,105,1,Queen's Pawn Game,3,White
4008,148,38,1,Queen's Pawn Game,4,Black
4009,131,84,1,Queen's Pawn Game,5,Black
4011,38,62,1,Sicilian Defense,6,Black
4014,2,78,1,Sicilian Defense,7,Black
4020,58,73,1,Queen's Pawn,8,White
4022,180,23,0,Scandinavian Defense,9,White
4024,106,29,1,Zukertort Opening,10,White
4027,269,29,1,French Defense,11,White
6317,28,75,1,Sicilian Defense,1,White
9684,26,59,1,Queen's Pawn Game,1,White
619,60,36,1,French Defense,1,Black
18122,303,75,1,French Defense,1,White
15622,30,85,1,King's Pawn Game,1,White
6545,86,23,1,Nimzowitsch Defense,1,White
3769,529,13,1,King's Knight Opening,1,White
7705,188,111,1,Queen's Pawn Game,1,Draw
6242,136,62,1,Sicilian Defense,1,Black
18424,17,123,1,French Defense,1,White
19306,243,56,1,Blackmar-Diemer Gambit,1,Black
19309,574,65,1,Blackmar-Diemer Gambit,2,White
19310,15,73,1,Horwitz Defense,3,White
19313,80,88,1,Blackmar-Diemer Gambit,4,Draw
19314,22,81,1,Blackmar-Diemer Gambit,5,White
19315,199,62,0,Horwitz Defense,6,Black
19316,209,76,1,Blackmar-Diemer Gambit,7,Black
19317,107,65,1,Blackmar-Diemer Gambit,8,White
19318,67,52,1,Blackmar-Diemer Gambit,9,Black
19320,122,149,1,Blackmar-Diemer Gambit,10,White
19321,63,96,1,Horwitz Defense,11,Black
19323,165,48,1,Horwitz Defense,12,White
17308,702,63,1,Slav Defense,1,White
2982,462,31,1,Queen's Gambit,1,White
3642,239,22,1,Nimzowitsch Defense,1,Black
18797,87,42,1,King's Pawn Game,1,Black
17719,313,73,0,Semi-Slav Defense,1,White
10859,143,22,1,Blackmar-Diemer Gambit,1,Black
18375,712,19,1,French Defense,1,White
10095,79,52,1,Scandinavian Defense,1,Black
10097,246,11,0,Italian Game,2,Black
10098,89,46,1,Scandinavian Defense,3,Black
10099,97,30,1,King's Pawn Game,4,Black
10103,70,28,1,Philidor Defense,5,Black
10106,76,17,1,French Defense,6,White
10107,1,74,1,Scandinavian Defense,7,White
7968,11,66,1,King's Pawn Game,1,Black
2953,64,32,1,Sicilian Defense,1,Black
19566,4,28,1,French Defense,1,Black
7042,102,76,0,Caro-Kann Defense,1,Black
7044,129,35,0,Petrov's Defense,2,White
19362,148,82,1,Nimzowitsch Defense,1,Black
6406,100,54,1,King's Knight Opening,1,Black
5531,74,50,1,Queen's Pawn Game,1,Draw
11185,27,103,1,Horwitz Defense,2,White
6997,51,69,1,Sicilian Defense,1,White
11923,134,116,1,French Defense,1,Black
14271,122,63,1,Pirc Defense,1,White
3564,79,48,0,Italian Game,1,Black
12989,80,81,1,Nimzo-Larsen Attack,1,White
19730,161,108,1,Nimzo-Larsen Attack,2,Black
1678,1,30,1,Scandinavian Defense,1,White
10605,21,47,0,Zukertort Opening,1,White
16410,16,46,1,Caro-Kann Defense,1,Black
16412,150,14,1,Van't Kruijs Opening,2,Black
16415,3,28,1,Van't Kruijs Opening,3,Black
1824,768,29,0,Ruy Lopez,1,White
18103,48,29,0,Sicilian Defense,1,White
11088,35,70,0,King's Knight Opening,1,Black
2004,105,54,1,Scandinavian Defense,1,White
16853,55,54,1,Dutch Defense,1,Black
10268,89,57,1,French Defense,1,White
10390,269,47,1,Sicilian Defense,2,Draw
1766,54,57,1,Nimzo-Indian Defense,1,White
17301,26,18,1,Scandinavian Defense,1,Black
17303,434,9,0,Petrov's Defense,2,White
17305,195,38,1,Sicilian Defense,3,Black
17307,702,38,1,King's Knight Opening,4,Black
17310,93,99,1,French Defense,5,White
17311,206,42,1,Sicilian Defense,6,White
17313,219,33,1,Sicilian Defense,7,White
17314,135,38,1,Sicilian Defense,8,Black
17319,198,109,1,French Defense,9,Draw
17320,292,84,1,French Defense,10,White
17322,168,48,1,Ruy Lopez,11,Black
17325,291,60,1,Ruy Lopez,12,Black
17326,184,48,1,Scandinavian Defense,13,Black
17327,27,49,1,Ruy Lopez,14,White
17328,8,74,1,Scotch Game,15,Black
17330,40,52,1,Ruy Lopez,16,Black
17334,144,38,1,French Defense,17,Black
17335,18,43,1,Philidor Defense,18,White
17337,28,80,1,Sicilian Defense,19,Black
17339,59,51,1,Sicilian Defense,20,White
16491,73,60,1,French Defense,1,Black
9581,251,41,1,Bishop's Opening,1,White
9272,283,16,1,English Opening,1,White
6220,370,89,1,Italian Game,1,White
17532,70,84,1,King's Indian Defense,2,Black
17534,345,25,1,Queen's Gambit,3,White
17536,145,42,1,Gruenfeld Defense,4,Black
17539,210,56,1,Queen's Indian Defense,5,Black
17541,115,23,1,Queen's Gambit,6,White
17542,107,98,1,Slav Defense,7,Black
17544,285,94,1,Old Indian,8,Black
17545,377,49,1,Queen's Gambit,9,Black
17547,184,36,1,Queen's Gambit,10,Black
17548,302,58,1,Semi-Slav Defense,11,Black
17550,338,39,1,Nimzo-Indian Defense,12,Black
17553,62,52,1,Horwitz Defense,13,Black
19925,94,77,1,Amar Opening,14,White
20021,5,45,1,Sicilian Defense,1,White
630,24,51,1,Van't Kruijs Opening,1,White
12000,24,51,1,Van't Kruijs Opening,2,White
16111,5,118,1,Petrov's Defense,1,Black
8853,68,52,1,Pirc Defense,1,Black
5006,84,43,1,Horwitz Defense,1,White
7233,24,96,1,Scandinavian Defense,1,Black
13431,600,97,1,Horwitz Defense,1,White
13432,322,117,1,Queen's Pawn Game,2,White
13433,559,32,1,East Indian Defense,3,Black
13435,130,70,1,Queen's Gambit,4,Black
10783,479,17,1,King's Knight Opening,1,White
10002,35,44,0,King's Pawn Game,1,Black
19109,167,2,1,Nimzowitsch Defense,1,White
11115,84,44,1,Queen's Indian Defense,1,Black
4240,128,104,1,French Defense,1,Black
10061,48,10,0,Nimzo-Larsen Attack,1,White
10067,288,28,1,Van't Kruijs Opening,2,Black
4708,235,35,1,Nimzo-Larsen Attack,1,Black
2924,183,23,0,Nimzowitsch Defense,1,White
3653,110,69,1,Philidor Defense,2,White
15661,183,23,0,Nimzowitsch Defense,3,White
2848,85,66,1,Queen's Gambit,1,Black
14126,128,37,1,Italian Game,1,White
14183,88,2,0,Nimzo-Larsen Attack,1,White
14185,88,13,0,Horwitz Defense,2,White
10855,240,19,0,King's Pawn Game,1,White
19287,472,65,1,Four Knights Game,1,White
162,48,41,1,Sicilian Defense,1,White
1372,38,54,1,Philidor Defense,2,Black
1373,111,40,1,French Defense,3,Black
1374,391,18,1,Caro-Kann Defense,4,White
1376,137,38,1,Italian Game,5,Black
1380,106,76,1,Sicilian Defense,6,Black
1381,160,50,1,Caro-Kann Defense,7,Black
1383,113,76,1,Italian Game,8,Black
1385,178,67,1,Italian Game,9,White
1386,185,110,1,Italian Game,10,Draw
1389,39,86,1,Italian Game,11,Black
1390,22,47,1,French Defense,12,White
1393,131,154,1,Sicilian Defense,13,Black
1396,211,26,1,Sicilian Defense,14,Black
1398,60,71,1,Sicilian Defense,15,White
1400,68,75,1,Sicilian Defense,16,White
1402,542,23,1,Italian Game,17,White
1403,306,34,1,Italian Game,18,Black
1407,51,56,1,Italian Game,19,Black
1408,250,78,1,Sicilian Defense,20,Black
1410,275,27,1,Pirc Defense,21,White
1412,331,79,1,Pirc Defense,22,White
1413,157,49,1,Italian Game,23,White
1416,14,41,1,Sicilian Defense,24,White
1418,21,60,1,French Defense,25,Black
11153,286,37,1,French Defense,1,White
13248,125,89,1,Old Indian,1,White
15042,125,89,1,Old Indian,2,White
8387,431,50,1,Scandinavian Defense,1,Black
8395,405,28,1,French Defense,2,Black
13836,36,15,0,Blackmar-Diemer Gambit,1,White
2735,198,49,1,Bishop's Opening,1,White
18976,362,62,1,Queen's Indian Defense,1,Black
17338,27,94,1,Nimzo-Larsen Attack,1,Draw
12901,96,84,1,Queen's Gambit,1,Black
8554,414,81,0,Gruenfeld Defense,1,White
12159,382,85,1,Horwitz Defense,1,Draw
1584,65,61,1,Queen's Gambit,1,White
13158,65,61,1,Queen's Gambit,2,White
14776,65,61,1,Queen's Gambit,3,White
8857,48,48,0,Vienna Game,1,Black
8858,16,94,1,Yusupov-Rubinstein System,2,Black
8860,126,51,1,Pirc Defense,3,White
8861,61,77,1,Philidor Defense,4,White
8865,2,76,1,Caro-Kann Defense,5,White
8866,55,52,1,Yusupov-Rubinstein System,6,Black
8870,153,33,1,Queen's Pawn Game,7,White
8871,57,94,1,Queen's Gambit,8,Black
8873,320,93,1,Vienna Game,9,White
8875,30,77,1,Alekhine Defense,10,White
2826,212,73,0,King's Pawn Game,1,White
16443,74,39,1,Pirc Defense,1,White
19770,274,52,1,Pirc Defense,1,Black
16563,259,34,1,King's Pawn Game,1,Black
13010,1214,20,0,Caro-Kann Defense,1,White
6036,782,30,0,Benoni Defense,1,Black
6037,0,26,0,Sicilian Defense,2,Black
6038,0,28,0,Sicilian Defense,3,Black
6042,516,42,0,Pirc Defense,4,Black
16881,210,60,1,Queen's Gambit,1,Black
16885,70,71,1,Caro-Kann Defense,2,White
16886,83,110,1,Sicilian Defense,3,Black
16888,45,20,1,Budapest Defense,4,Black
1003,63,75,0,Vienna Game,1,White
10640,608,2,1,French Defense,1,White
5662,151,26,1,Dutch Defense,1,Black
5664,5,85,1,Dutch Defense,2,White
5666,97,81,1,Indian Game,3,White
5667,217,48,1,Tarrasch Defense,4,Black
5671,143,78,1,Queen's Gambit,5,Black
5672,443,122,1,King's Indian Defense,6,Black
17769,112,44,1,Four Knights Game,1,White
401,53,121,1,Yusupov-Rubinstein System,1,White
402,141,53,0,Queen's Pawn Game,2,White
405,398,53,0,Blackmar-Diemer Gambit,3,White
6209,282,83,1,Colle System,1,White
6729,148,69,1,French Defense,1,White
18196,159,51,1,French Defense,1,White
5762,27,61,1,Philidor Defense,1,White
4771,94,44,1,French Defense,1,Black
1661,203,13,1,English Opening,1,White
8238,453,25,0,Ruy Lopez,1,White
8243,18,41,1,King's Indian Defense,2,White
8245,269,35,1,Queen's Gambit,3,White
8248,49,47,1,Scandinavian Defense,4,White
1734,200,100,1,King's Gambit,1,Black
1736,1,98,1,Queen's Pawn Game,2,Black
2008,811,13,1,Bishop's Opening,1,White
9349,15,24,1,Sicilian Defense,1,Black
11082,20,48,1,Bishop's Opening,2,Black
12141,146,60,1,Queen's Pawn Game,1,Black
9322,145,69,1,Italian Game,1,White
17065,73,40,1,Italian Game,2,Black
10270,208,57,1,Alekhine Defense,1,White
6516,45,58,1,King's Pawn Game,1,Black
19111,22,2,1,Nimzowitsch Defense,2,White
2253,16,208,1,Queen's Gambit,1,Draw
20036,162,59,1,Pirc Defense,1,White
5957,165,62,0,Queen's Gambit,1,Black
7844,448,8,0,Queen's Gambit,1,White
5342,181,32,1,French Defense,1,Black
2052,219,59,1,Blackmar-Diemer Gambit,1,White
1443,232,53,1,Ruy Lopez,1,White
1444,261,59,1,English Opening,2,White
1795,261,59,1,English Opening,3,White
15010,261,59,1,English Opening,4,White
12527,212,101,1,French Defense,1,White
2777,20,83,1,Four Knights Game,1,White
8663,463,19,1,Dutch Defense,1,White
13047,157,71,1,Sicilian Defense,1,Black
1182,12,40,0,Italian Game,1,Black
8947,153,40,1,Four Knights Game,1,Black
2125,100,117,1,Ruy Lopez,1,White
1784,135,122,1,Queen's Pawn,1,Black
8433,190,63,1,King's Knight Opening,1,White
3260,225,28,1,Van't Kruijs Opening,1,Black
3263,42,26,0,King's Pawn Game,2,Black
3265,327,10,0,King's Pawn Game,3,Black
3266,152,58,0,King's Pawn Game,4,Black
12496,54,99,1,Blackmar-Diemer Gambit,1,White
12497,1,39,1,Blackmar-Diemer Gambit,2,White
12499,45,130,1,Blackmar-Diemer Gambit,3,Black
12502,18,30,1,Dutch Defense,4,Black
12505,4,36,1,Indian Game,5,Black
12507,38,116,1,Queen's Pawn,6,Black
12509,57,32,1,Yusupov-Rubinstein System,7,Black
12510,120,87,1,Blackmar-Diemer Gambit,8,White
12511,369,109,1,Horwitz Defense,9,White
12514,67,101,1,Indian Game,10,White
12515,36,103,1,Blackmar-Diemer Gambit,11,White
12516,9,53,1,Indian Game,12,White
12521,82,147,1,Horwitz Defense,13,White
14682,75,17,1,Sicilian Defense,1,White
17776,254,159,1,French Defense,1,White
1447,131,88,1,French Defense,1,Black
4945,166,30,1,French Defense,2,Black
12635,137,52,1,Sicilian Defense,3,Black
17432,73,79,1,Scotch Game,1,White
11085,170,22,1,Vienna Game,1,Black
16797,25,64,1,Horwitz Defense,1,Black
6240,81,70,0,Queen's Pawn Game,1,Black
15379,35,51,1,Sicilian Defense,1,White
5607,246,36,1,French Defense,1,Draw
18006,131,57,1,Ruy Lopez,1,White
19995,246,118,1,Pirc Defense,2,Black
18725,23,145,1,Sicilian Defense,1,White
3060,2,93,1,Sicilian Defense,1,Black
5797,93,60,1,Van't Kruijs Opening,1,Black
10466,50,73,1,English Opening,1,White
1404,15,78,1,French Defense,1,Black
16562,187,69,1,Italian Game,2,White
10005,144,7,0,King's Pawn Game,1,White
10006,35,51,1,Pirc Defense,2,White
10007,3,56,1,King's Pawn Game,3,Black
10009,147,59,1,Nimzowitsch Defense,4,White
10010,149,30,1,King's Pawn Game,5,Black
10011,234,69,1,King's Pawn Game,6,White
10014,237,27,1,King's Pawn Game,7,White
10016,78,41,1,French Defense,8,Black
7685,213,66,1,Sicilian Defense,1,Black
11842,89,126,1,Caro-Kann Defense,1,Draw
8437,76,38,1,Nimzowitsch Defense,1,Black
1558,10,49,0,French Defense,1,White
14831,10,49,0,French Defense,2,White
11704,1273,38,1,Zukertort Opening,1,Black
19327,1273,38,1,Zukertort Opening,2,Black
7588,93,37,0,Queen's Pawn Game,1,White
14886,959,45,1,Zukertort Opening,1,White
14888,957,45,1,Zukertort Opening,2,White
3488,100,56,0,Nimzowitsch Defense,1,Black
16355,100,56,0,Nimzowitsch Defense,2,Black
2642,70,76,1,King's Indian Defense,1,Black
16571,237,27,1,King's Gambit,1,White
1229,58,73,1,Scotch Game,1,White
6332,93,51,1,Blackmar-Diemer Gambit,1,White
11410,314,30,1,Center Game,1,White
13737,314,30,1,Center Game,2,White
19058,314,30,1,Center Game,3,White
12963,64,115,1,French Defense,1,Black
5997,84,106,0,Petrov's Defense,1,Black
17859,537,62,1,French Defense,1,Black
15000,38,180,1,King's Gambit,1,Black
4933,20,46,1,Indian Game,1,White
1520,70,39,1,Four Knights Game,1,White
3081,88,75,1,Sicilian Defense,1,White
4642,419,55,1,English Opening,1,White
9431,23,73,1,Sicilian Defense,1,White
1185,216,98,1,Ruy Lopez,1,Black
2108,32,97,1,Ruy Lopez,2,White
1015,118,102,0,Sicilian Defense,1,Draw
1016,153,129,1,French Defense,2,White
1017,287,25,1,French Defense,3,White
1018,168,39,1,Sicilian Defense,4,White
3668,236,111,1,Queen's Pawn Game,1,White
14393,576,43,1,Robatsch (Modern) Defense,1,White
18380,366,80,1,Blackmar-Diemer Gambit,1,Black
18382,352,70,1,Blackmar-Diemer Gambit,2,Black
18686,160,28,0,Ruy Lopez,1,Black
563,117,105,1,Vienna Game,1,White
3551,31,114,1,Italian Game,1,Black
9546,29,86,1,Vienna Game,1,Black
8038,205,43,1,Sicilian Defense,1,White
5951,30,53,0,Sicilian Defense,1,White
11554,19,63,1,Sicilian Defense,1,White
13859,19,63,1,Sicilian Defense,2,White
1114,165,38,1,Bird Opening,1,Black
1415,55,56,1,Bird Opening,2,Black
12690,201,96,1,Bird Opening,3,Black
14728,42,55,1,Bird Opening,4,White
12517,76,88,1,French Defense,1,Black
14182,168,25,1,Ruy Lopez,1,White
13874,164,26,1,Sicilian Defense,1,Black
13424,217,64,1,Van't Kruijs Opening,1,White
11316,26,41,1,French Defense,1,White
6552,12,34,1,Scotch Game,1,Black
6553,185,67,1,Scotch Game,2,White
6555,137,27,0,Scotch Game,3,White
6556,208,27,1,Sicilian Defense,4,White
6559,730,39,1,Scandinavian Defense,5,Black
6561,4,31,1,Russian Game,6,White
6565,108,13,1,Italian Game,7,White
6567,141,55,1,Italian Game,8,White
6569,41,44,1,Petrov's Defense,9,White
6572,129,21,1,King's Knight Opening,10,White
6576,4,93,1,King's Knight Opening,11,White
6578,25,52,1,Horwitz Defense,12,Black
10064,404,3,1,Nimzowitsch Defense,1,White
2363,4,112,1,Pirc Defense,1,Black
14084,140,61,0,Four Knights Game,2,White
10037,297,37,1,Pirc Defense,1,White
10356,63,64,0,Alekhine Defense,2,Black
13878,74,44,1,Blackmar-Diemer Gambit,1,Black
7712,42,112,1,Blackmar-Diemer Gambit,1,Black
7713,22,12,1,Blackmar-Diemer Gambit,2,White
13009,76,19,1,Indian Game,3,White
10243,279,145,0,French Defense,1,White
15644,594,19,1,Queen's Pawn Game,1,White
7794,229,75,1,French Defense,1,White
18968,342,29,1,Sicilian Defense,1,White
19355,145,38,1,Queen's Gambit,1,Black
10887,27,54,1,King's Knight Opening,1,Black
10888,133,38,1,Ruy Lopez,2,Black
4231,28,16,1,French Defense,1,White
4232,127,21,1,Ruy Lopez,2,White
4233,7,30,1,Scandinavian Defense,3,Black
4236,349,96,1,Sicilian Defense,4,Black
4241,111,54,1,French Defense,5,Black
4242,252,75,1,Ruy Lopez,6,White
4272,252,75,1,Ruy Lopez,7,White
18175,39,32,1,Alekhine Defense,1,White
16718,19,28,1,Reti Opening,1,Black
9337,61,34,1,Sicilian Defense,1,Black
9338,91,9,1,Sicilian Defense,2,White
6551,17,84,1,Scotch Game,1,White
6990,23,69,1,Italian Game,1,Draw
10338,162,3,0,Queen's Pawn Game,1,Draw
5536,48,104,1,Sicilian Defense,1,Black
6039,0,27,0,Scandinavian Defense,1,White
6040,0,45,0,Ruy Lopez,2,White
12462,302,91,0,Sicilian Defense,3,White
12464,302,59,0,Colle System,4,White
12465,302,58,0,Caro-Kann Defense,5,White
13017,385,120,0,French Defense,6,Draw
19051,295,61,0,French Defense,7,White
1883,19,38,1,Sicilian Defense,1,White
4143,160,103,1,Queen's Pawn Game,1,Draw
6177,161,23,1,French Defense,1,White
13643,31,42,1,Scandinavian Defense,1,Black
1183,12,9,0,Queen's Gambit,1,Black
1188,49,132,1,Scandinavian Defense,2,Black
1189,47,48,1,Queen's Gambit,3,Black
1191,100,75,1,Van't Kruijs Opening,4,Black
1193,131,59,1,Philidor Defense,5,White
1195,158,69,1,King's Indian Defense,6,White
15218,64,26,0,King's Pawn Game,1,White
14475,121,61,1,Nimzowitsch Defense,1,White
5284,171,54,1,Sicilian Defense,1,Black
18270,178,86,1,King's Pawn Game,1,Black
12884,30,55,1,Italian Game,1,White
8459,107,26,0,Bishop's Opening,1,Black
10143,89,65,0,Philidor Defense,1,White
19554,125,55,1,French Defense,1,White
1526,63,86,1,French Defense,1,Black
7843,0,59,1,King's Pawn Game,1,White
18000,0,59,1,King's Pawn Game,2,White
7095,153,90,1,Queen's Pawn Game,1,Black
9790,10,92,1,Van't Kruijs Opening,1,Black
9792,16,74,1,Van't Kruijs Opening,2,Black
9794,146,39,1,Van't Kruijs Opening,3,White
17373,14,60,1,Sicilian Defense,1,Black
12885,651,73,1,King's Indian Defense,1,White
19810,286,73,1,Nimzo-Indian Defense,2,White
767,132,86,1,Four Knights Game,1,Black
15968,324,53,1,Sicilian Defense,1,White
3686,3,89,1,French Defense,1,White
15439,160,40,1,Four Knights Game,2,Black
3258,45,35,1,Scotch Game,1,White
2663,117,52,1,Van't Kruijs Opening,1,Black
15761,73,72,1,King's Pawn Game,1,Black
16607,275,86,1,French Defense,1,Black
9274,127,23,1,Italian Game,1,White
11918,64,17,1,Four Knights Game,1,White
11919,203,39,1,Four Knights Game,2,Black
14921,67,46,1,Italian Game,1,Black
9230,629,1,1,Nimzowitsch Defense,1,White
16085,49,2,1,King's Pawn Game,1,Black
2127,91,38,1,Italian Game,1,Black
3104,183,88,1,Blackmar-Diemer Gambit,1,Black
1570,37,91,1,Italian Game,1,White
9038,42,117,0,Caro-Kann Defense,1,White
3527,48,135,1,Italian Game,1,White
5867,269,77,0,Four Knights Game,1,White
5870,235,72,1,Sicilian Defense,2,Black
5872,57,80,1,Scandinavian Defense,3,Black
5874,364,102,1,Philidor Defense,4,Black
5875,3,24,1,Italian Game,5,Draw
5877,308,46,1,Caro-Kann Defense,6,Black
5879,396,54,1,Four Knights Game,7,Black
5881,750,44,1,Caro-Kann Defense,8,Black
5883,350,66,1,French Defense,9,Black
5885,270,2,1,Sicilian Defense,10,Black
5886,172,64,1,Caro-Kann Defense,11,Black
5888,249,64,1,Robatsch (Modern) Defense,12,Black
16620,0,54,0,Van't Kruijs Opening,1,Black
19033,11,52,1,Alekhine Defense,1,Black
17821,173,49,1,Petrov's Defense,1,White
17526,57,9,1,Dutch Defense,1,White
5204,224,95,1,Robatsch (Modern) Defense,1,White
16996,18,54,1,King's Pawn Game,1,Black
18299,406,43,1,King's Knight Opening,1,White
9180,3,27,1,Benoni Defense,1,White
8076,133,119,1,Vienna Game,1,White
14745,783,58,0,Van't Kruijs Opening,1,Black
4423,98,43,1,Scotch Game,1,White
4425,84,39,1,Ruy Lopez,2,White
4430,133,71,1,Nimzo-Indian Defense,3,White
4434,5,83,1,Benko Gambit,4,White
4436,66,95,1,King's Indian Defense,5,White
4437,47,98,1,Horwitz Defense,6,Black
4438,94,120,1,English Opening,7,Black
11084,26,84,1,Queen's Pawn Game,1,Black
1395,131,73,1,Nimzo-Larsen Attack,1,White
12556,48,68,0,Queen's Pawn Game,1,Black
12560,58,116,0,Italian Game,2,Black
12561,58,54,0,King's Pawn Game,3,Black
12563,79,82,0,Van't Kruijs Opening,4,Black
8469,704,67,0,Blackmar-Diemer Gambit,1,White
6892,67,64,1,Queen's Pawn Game,1,Black
18638,67,64,1,Queen's Pawn Game,2,Black
6829,141,33,0,Queen's Pawn Game,1,White
9531,220,107,1,Van't Kruijs Opening,1,White
18868,135,62,1,Slav Defense,1,Black
3047,22,64,1,Italian Game,1,Black
3049,7,114,1,Italian Game,2,Black
3050,47,43,1,Scandinavian Defense,3,Black
3051,15,19,1,Italian Game,4,White
3054,75,39,1,Italian Game,5,White
3055,84,40,1,Italian Game,6,Black
3056,1,114,1,Italian Game,7,Black
3059,26,51,1,Caro-Kann Defense,8,Black
3062,21,43,1,Italian Game,9,White
3064,21,43,1,Italian Game,10,White
3066,30,100,1,Italian Game,11,Black
3068,38,67,1,Sicilian Defense,12,White
3070,49,36,1,Italian Game,13,Black
3072,11,65,1,Italian Game,14,White
3074,27,50,1,Sicilian Defense,15,Black
3076,273,65,1,Philidor Defense,16,White
3079,270,42,1,Italian Game,17,Black
3080,58,48,1,Philidor Defense,18,Black
3082,76,66,1,Philidor Defense,19,Black
3084,45,61,1,Sicilian Defense,20,Black
3085,13,78,1,French Defense,21,Black
3087,36,113,1,Italian Game,22,Draw
3088,94,40,1,Italian Game,23,White
3090,14,145,1,Philidor Defense,24,White
3092,34,40,1,Italian Game,25,Black
3094,65,89,1,French Defense,26,White
12549,175,46,1,Indian Game,1,Black
7274,73,33,1,Sicilian Defense,1,White
20043,494,53,1,Pirc Defense,1,White
7052,241,77,1,Blackmar-Diemer Gambit,1,White
4460,28,77,1,Sicilian Defense,1,White
15030,134,95,1,Ruy Lopez,2,Black
19588,28,77,1,Sicilian Defense,3,White
19589,65,68,1,French Defense,4,Black
19591,107,41,0,Alekhine Defense,5,White
19592,205,109,0,Ruy Lopez,6,White
19594,205,33,0,Ruy Lopez,7,White
19596,205,72,0,Ruy Lopez,8,Black
19597,91,109,1,Ruy Lopez,9,White
19599,124,61,1,French Defense,10,White
19601,131,62,1,Scandinavian Defense,11,Black
19605,146,104,0,Sicilian Defense,12,Black
19608,20,144,1,Sicilian Defense,13,Black
19609,160,66,1,Ruy Lopez,14,Black
20014,134,95,1,Ruy Lopez,15,Black
8615,21,62,1,Indian Game,1,Black
9301,172,19,1,Four Knights Game,1,Black
15916,191,29,1,Scotch Game,1,White
1706,568,80,0,Scotch Game,1,Black
5112,230,27,0,Scandinavian Defense,1,White
7535,28,22,1,Van't Kruijs Opening,1,Black
3538,361,52,0,Queen's Gambit,1,Black
18591,131,91,1,Scotch Game,1,White
6005,225,70,1,Zukertort Opening,1,Black
12524,19,100,1,Scandinavian Defense,1,Draw
16901,163,86,1,French Defense,1,Black
16902,57,137,1,Vienna Game,2,Draw
16903,59,103,1,Sicilian Defense,3,White
16904,181,47,1,Nimzowitsch Defense,4,White
16905,81,29,1,French Defense,5,White
16906,217,63,1,Bishop's Opening,6,White
16907,178,39,1,French Defense,7,Black
16908,46,115,1,Nimzowitsch Defense,8,Draw
16909,60,99,1,Bishop's Opening,9,White
16910,26,92,1,Bishop's Opening,10,Black
16911,576,48,1,Vienna Game,11,Black
16912,382,90,1,Sicilian Defense,12,Black
16915,36,29,1,Scandinavian Defense,13,White
16916,211,60,1,Sicilian Defense,14,Black
16917,129,54,1,Bishop's Opening,15,Black
16919,10,59,1,Bishop's Opening,16,White
16920,194,69,1,King's Pawn Game,17,White
16921,39,96,1,Scandinavian Defense,18,Black
16922,7,50,1,Bishop's Opening,19,Black
16923,137,44,1,French Defense,20,Black
16924,269,55,1,Bishop's Opening,21,Black
16925,356,105,1,Bishop's Opening,22,White
16926,124,72,1,Scandinavian Defense,23,Black
16927,251,25,1,Vienna Game,24,White
16928,20,105,1,Nimzowitsch Defense,25,White
16929,7,65,1,Bishop's Opening,26,White
16930,170,33,1,Bishop's Opening,27,White
16931,321,39,1,Nimzowitsch Defense,28,White
16934,339,64,1,Sicilian Defense,29,Black
16936,55,70,1,Vienna Game,30,Black
16937,150,23,1,Bishop's Opening,31,White
16938,166,44,1,Vienna Game,32,Black
16939,46,99,1,King's Pawn Game,33,White
16940,101,56,1,Vienna Game,34,Black
16941,51,67,1,French Defense,35,Black
16942,290,39,1,Bishop's Opening,36,White
16943,189,31,1,French Defense,37,Black
16944,3,222,1,Pirc Defense,38,Black
16945,193,111,1,Bishop's Opening,39,White
16946,214,23,1,Bishop's Opening,40,White
16947,199,19,1,Bishop's Opening,41,White
17788,503,65,1,Queen's Pawn Game,1,White
17790,406,55,1,Colle System,2,White
17791,404,43,0,Colle System,3,White
17792,601,61,1,Queen's Pawn Game,4,White
17794,579,52,1,Horwitz Defense,5,Black
17798,456,57,1,Queen's Pawn Game,6,White
14941,346,148,1,Scotch Game,1,Black
16609,154,64,1,French Defense,1,Black
10088,207,149,1,French Defense,1,White
7062,214,77,1,Queen's Gambit,1,White
17668,797,39,1,King's Pawn Game,1,White
8447,35,29,1,King's Knight Opening,1,White
1110,123,35,1,Sicilian Defense,1,White
16501,2,131,1,King's Pawn Game,1,White
18666,210,98,1,Sicilian Defense,1,Black
14499,8,54,1,Alekhine Defense,1,Black
12431,531,27,0,Indian Game,1,Black
10394,84,64,1,French Defense,1,Black
14011,43,116,1,Van't Kruijs Opening,1,Black
10848,23,29,1,Alekhine Defense,1,Black
10851,165,51,1,Alekhine Defense,2,White
10852,370,84,0,King's Knight Opening,3,Black
10854,281,43,1,Robatsch (Modern) Defense,4,White
18113,37,58,1,Bird Opening,1,Black
10926,308,21,1,Pirc Defense,1,White
2748,665,41,1,Caro-Kann Defense,1,White
18575,76,31,0,Zukertort Opening,1,White
18576,276,52,0,Zukertort Opening,2,Black
18578,330,46,0,Dutch Defense,3,Black
18579,330,21,0,Dutch Defense,4,White
14350,144,42,1,King's Pawn Game,1,Black
10324,32,67,1,Vienna Game,1,White
1841,22,102,1,Van't Kruijs Opening,1,Black
1842,135,32,1,Van't Kruijs Opening,2,Black
1844,55,29,1,Queen's Gambit,3,White
1845,9,75,1,Gruenfeld Defense,4,White
5493,92,22,0,Scotch Game,1,Black
11404,467,25,0,King's Indian Defense,1,White
4152,77,38,0,Horwitz Defense,1,White
8253,0,87,0,Blackmar-Diemer Gambit,1,White
2589,78,17,1,Bishop's Opening,1,Draw
15369,78,17,1,Bishop's Opening,2,Draw
3188,176,72,1,Indian Game,1,Black
4726,123,48,1,Sicilian Defense,1,Black
7432,96,66,0,English Opening,1,Black
555,91,86,1,King's Pawn Game,1,Black
6597,78,88,1,King's Pawn Game,1,Black
14226,115,90,0,Queen's Pawn Game,1,Draw
7186,77,54,1,Sicilian Defense,1,Black
7187,209,44,1,King's Pawn Game,2,Black
7191,243,40,1,Sicilian Defense,3,Black
7193,330,73,1,Sicilian Defense,4,Black
7194,331,85,1,Sicilian Defense,5,Black
7196,458,38,1,Sicilian Defense,6,Black
9733,468,53,1,Philidor Defense,1,White
8017,100,45,0,Gruenfeld Defense,1,White
8862,142,30,1,Italian Game,1,Black
1632,262,7,0,Bishop's Opening,1,White
1633,262,4,0,Bird Opening,2,Black
1634,262,18,0,Sicilian Defense,3,Black
1636,126,12,0,Bishop's Opening,4,Black
14908,262,7,0,Bishop's Opening,5,White
14909,262,4,0,Bird Opening,6,Black
14910,262,18,0,Sicilian Defense,7,Black
14912,126,12,0,Bishop's Opening,8,Black
11601,1022,63,0,Nimzo-Indian Defense,1,White
12437,720,117,0,Queen's Gambit,2,White
3453,141,87,0,Zukertort Opening,1,White
3455,76,60,0,Zukertort Opening,2,Black
3459,219,44,0,Zukertort Opening,3,Black
3461,75,113,0,Zukertort Opening,4,White
3462,76,46,0,Zukertort Opening,5,White
3464,372,73,0,Zukertort Opening,6,White
3470,235,64,0,Zukertort Opening,7,Black
3471,19,9,0,Zukertort Opening,8,White
3474,28,85,0,Zukertort Opening,9,White
3475,13,30,0,Zukertort Opening,10,Black
3477,51,66,0,Zukertort Opening,11,Black
3480,68,81,0,Zukertort Opening,12,White
3483,66,49,0,Zukertort Opening,13,White
3484,37,44,0,Zukertort Opening,14,Black
3487,5,28,0,Zukertort Opening,15,Black
3489,4,19,0,Zukertort Opening,16,White
3490,12,105,0,Zukertort Opening,17,White
16320,141,87,0,Zukertort Opening,18,White
16322,76,60,0,Zukertort Opening,19,Black
16326,219,44,0,Zukertort Opening,20,Black
16328,75,113,0,Zukertort Opening,21,White
16329,76,46,0,Zukertort Opening,22,White
16331,372,73,0,Zukertort Opening,23,White
16337,235,64,0,Zukertort Opening,24,Black
16338,19,9,0,Zukertort Opening,25,White
16341,28,85,0,Zukertort Opening,26,White
16342,13,30,0,Zukertort Opening,27,Black
16344,51,66,0,Zukertort Opening,28,Black
16347,68,81,0,Zukertort Opening,29,White
16350,66,49,0,Zukertort Opening,30,White
16351,37,44,0,Zukertort Opening,31,Black
16354,5,28,0,Zukertort Opening,32,Black
16356,4,19,0,Zukertort Opening,33,White
16357,12,105,0,Zukertort Opening,34,White
8021,29,60,1,Queen's Pawn Game,1,Black
15455,237,98,0,Blackmar-Diemer Gambit,1,Black
5144,258,34,1,Sicilian Defense,1,Black
14274,94,52,1,Dutch Defense,1,Black
5925,174,76,1,Amar Opening,1,Black
17877,236,34,0,Sicilian Defense,1,Black
17197,339,85,1,French Defense,1,White
3650,132,51,1,Italian Game,1,White
3652,148,60,1,Scotch Game,2,Black
3654,404,44,1,Scotch Game,3,Black
3655,134,99,1,Sicilian Defense,4,White
3658,203,12,1,Italian Game,5,Black
3659,138,64,1,Robatsch (Modern) Defense,6,Black
3660,181,48,1,Philidor Defense,7,Black
3661,72,36,1,Scotch Game,8,Black
3663,132,30,1,French Defense,9,Black
3664,204,46,1,Scotch Game,10,Black
3666,304,92,1,Petrov's Defense,11,Black
3667,105,90,1,Scandinavian Defense,12,Black
3670,167,50,1,Sicilian Defense,13,Draw
3673,89,12,1,Nimzowitsch Defense,14,Black
3674,304,56,1,French Defense,15,Black
3676,96,30,1,Scotch Game,16,Black
3679,84,30,1,Italian Game,17,Black
3682,200,81,1,Nimzowitsch Defense,18,White
3685,68,30,0,French Defense,19,Black
3689,55,22,1,Caro-Kann Defense,20,Black
2794,344,39,0,King's Gambit,1,White
234,14,53,1,King's Pawn Game,1,White
18272,104,57,1,French Defense,2,White
19210,14,53,1,King's Pawn Game,3,White
14877,375,15,0,Pirc Defense,1,White
6096,2,65,1,King's Pawn Game,1,Draw
16284,50,21,1,Four Knights Game,1,White
17192,25,83,1,French Defense,1,White
11325,16,18,1,Van't Kruijs Opening,1,Black
9719,234,40,1,English Opening,1,Black
585,51,148,1,Scandinavian Defense,1,Draw
13550,308,179,1,Sicilian Defense,2,Draw
5048,36,119,1,King's Knight Opening,1,White
9510,334,57,1,Sicilian Defense,1,White
11389,331,113,1,Sicilian Defense,1,White
13480,331,113,1,Sicilian Defense,2,White
18229,192,55,1,Van't Kruijs Opening,1,White
18908,13,71,1,French Defense,1,White
18910,52,54,1,Sicilian Defense,2,Black
18911,155,62,1,Sicilian Defense,3,Black
18912,170,65,1,Scandinavian Defense,4,White
18915,188,23,1,Philidor Defense,5,White
18917,120,62,1,Sicilian Defense,6,Black
18918,155,99,1,Sicilian Defense,7,White
18921,357,36,1,Sicilian Defense,8,Black
18922,167,100,1,Sicilian Defense,9,Black
18926,3,61,1,King's Indian Defense,10,White
18927,86,23,1,Blackmar-Diemer Gambit,11,White
18928,239,46,1,Gruenfeld Defense,12,Black
18931,96,92,1,Yusupov-Rubinstein System,13,Black
18932,83,52,1,Indian Game,14,Black
18935,10,65,1,Benoni Defense,15,White
18936,241,92,1,Italian Game,16,Black
3344,77,35,1,Ruy Lopez,1,White
19623,113,99,1,Slav Defense,2,White
13911,85,47,1,Van't Kruijs Opening,1,White
14085,140,86,0,Italian Game,1,Black
14086,44,20,0,Philidor Defense,2,White
14089,7,63,0,Italian Game,3,White
7885,80,139,1,Ruy Lopez,1,White
11854,16,93,1,Caro-Kann Defense,1,White
6696,713,31,1,King's Knight Opening,1,White
4169,2,68,1,Horwitz Defense,1,Black
941,262,46,1,French Defense,1,White
17194,207,75,1,French Defense,1,White
3467,48,18,0,Nimzowitsch Defense,1,Black
16334,48,18,0,Nimzowitsch Defense,2,Black
18507,7,100,1,French Defense,1,Black
13379,299,112,1,King's Pawn Game,1,Black
8262,445,56,1,Sicilian Defense,1,Black
16781,127,77,1,English Opening,1,White
8748,31,46,1,Sicilian Defense,1,Black
16698,14,58,1,Sicilian Defense,1,Black
6989,114,74,1,Queen's Pawn Game,1,Black
8284,90,65,1,Dutch Defense,2,White
19714,76,117,1,Scotch Game,1,White
19824,184,60,0,Petrov's Defense,1,Black
7853,22,61,1,Nimzo-Larsen Attack,1,White
11092,18,89,1,King's Pawn Game,1,White
3875,519,66,0,Zukertort Opening,1,White
16458,519,66,0,Zukertort Opening,2,White
11176,62,53,1,Nimzowitsch Defense,1,White
11178,95,59,1,Scandinavian Defense,2,White
11179,53,43,1,Alekhine Defense,3,White
11181,104,63,1,King's Gambit,4,White
11184,37,61,1,Sicilian Defense,5,White
11186,77,57,1,French Defense,6,White
11190,39,45,1,King's Gambit,7,White
11192,34,53,1,King's Gambit,8,White
11194,40,50,1,Sicilian Defense,9,Black
11195,81,73,1,King's Gambit,10,White
11198,141,43,1,Caro-Kann Defense,11,White
11200,23,59,1,French Defense,12,White
11201,34,73,1,King's Gambit,13,White
11202,52,36,1,King's Gambit,14,Black
11207,75,87,1,Scandinavian Defense,15,White
9332,51,41,1,Bishop's Opening,1,White
2732,268,58,1,Zukertort Opening,1,Black
14120,88,29,1,Caro-Kann Defense,1,White
10249,601,45,0,Queen's Gambit,1,Black
8910,138,27,1,Pirc Defense,1,White
15027,445,70,1,Nimzo-Indian Defense,1,Black
20011,445,70,1,Nimzo-Indian Defense,2,Black
19662,50,126,0,Indian Game,1,Black
12753,37,138,1,Scandinavian Defense,1,Black
7227,88,61,1,Scandinavian Defense,1,White
6154,153,48,1,French Defense,1,Black
4821,404,41,0,King's Gambit,1,White
9348,92,57,1,English Opening,1,White
14749,84,56,1,English Opening,1,Black
18148,152,60,1,Queen's Gambit,1,Black
18152,134,24,1,Nimzo-Indian Defense,2,Black
662,439,34,1,Amar Opening,1,Black
6246,227,54,1,Semi-Slav Defense,2,Black
6247,217,54,1,Queen's Gambit,3,Black
14228,63,94,0,Horwitz Defense,1,Black
15714,309,87,1,Blackmar-Diemer Gambit,1,White
15717,125,41,0,French Defense,2,White
19954,112,47,1,Sicilian Defense,1,White
2915,39,62,1,King's Pawn Game,1,Black
13177,18,44,0,Ruy Lopez,1,Draw
13179,18,33,0,Ruy Lopez,2,White
13180,60,64,1,King's Indian Attack,3,Black
13181,660,53,0,Philidor Defense,4,White
13183,469,36,0,Indian Game,5,Black
13184,150,83,1,Queen's Pawn Game,6,White
13185,77,71,1,Sicilian Defense,7,White
13187,84,56,1,English Opening,8,Black
13189,132,53,1,Caro-Kann Defense,9,White
3124,171,84,1,Queen's Gambit,1,Black
2130,3,37,0,Ruy Lopez,1,Black
7635,14,102,1,Queen's Gambit,1,Black
14664,418,47,1,Queen's Gambit,2,White
17555,123,16,1,Sicilian Defense,1,Black
19614,401,71,1,Ruy Lopez,1,White
6530,173,89,1,King's Pawn Game,1,White
7709,31,38,1,Queen's Gambit,1,White
12571,0,40,1,Four Knights Game,1,Black
12572,136,53,0,Pirc Defense,2,White
12573,39,55,1,Scandinavian Defense,3,Black
12576,0,38,1,Philidor Defense,4,Black
12577,14,61,1,Philidor Defense,5,White
12578,120,28,1,Nimzowitsch Defense,6,Black
12579,13,22,1,Scotch Game,7,Black
12583,16,67,1,French Defense,8,White
12584,45,21,1,King's Knight Opening,9,White
12585,10,31,1,Sicilian Defense,10,White
12586,118,124,1,Ruy Lopez,11,Black
12589,68,49,1,Ruy Lopez,12,White
12592,50,69,1,Scotch Game,13,Draw
12593,21,155,1,Four Knights Game,14,White
12594,2,47,1,Scotch Game,15,White
12597,2,34,1,Ruy Lopez,16,Black
12598,7,52,1,Sicilian Defense,17,Black
12601,86,30,1,Ruy Lopez,18,Black
12603,45,105,1,Philidor Defense,19,White
12604,5,41,1,French Defense,20,White
12605,29,60,1,Philidor Defense,21,Black
12607,71,69,1,Robatsch (Modern) Defense,22,White
6363,115,60,1,Sicilian Defense,1,Black
683,12,21,0,Queen's Gambit,1,White
684,15,91,1,Queen's Gambit,2,White
685,12,35,1,Slav Defense,3,White
686,118,50,1,Queen's Gambit,4,Black
688,3,37,1,Queen's Gambit,5,White
690,64,40,1,French Defense,6,White
4600,154,87,0,Blackmar-Diemer Gambit,1,White
4617,87,65,0,Horwitz Defense,2,White
5603,153,73,0,Horwitz Defense,3,White
8423,79,55,0,Horwitz Defense,4,White
9204,106,32,0,Blackmar-Diemer Gambit,5,White
10114,111,46,0,Blackmar-Diemer Gambit,6,White
17293,115,33,0,Dutch Defense,7,White
18681,53,35,0,Indian Game,8,White
1417,9,51,1,Queen's Gambit,1,White
8517,108,14,0,Van't Kruijs Opening,1,Black
8519,108,12,0,Van't Kruijs Opening,2,Black
14234,393,11,1,Petrov's Defense,1,White
8091,97,98,1,King's Gambit,1,Black
12695,573,38,1,French Defense,2,Black
13172,25,71,1,Petrov's Defense,1,White
13173,16,23,1,Bishop's Opening,2,White
13174,25,114,1,Sicilian Defense,3,Black
13176,13,114,1,Nimzowitsch Defense,4,Black
1086,249,132,1,King's Gambit,1,Black
12629,249,132,1,King's Gambit,2,Black
17659,254,67,1,Vienna Game,1,White
1170,120,66,1,Ruy Lopez,1,Black
2410,61,93,1,Scandinavian Defense,1,White
19581,28,21,1,Slav Defense,1,White
16696,55,71,1,Sicilian Defense,1,White
17671,245,47,1,Horwitz Defense,1,White
9037,127,24,0,Bird Opening,1,Black
15183,84,42,0,Indian Game,1,Black
5794,52,56,1,Sicilian Defense,1,White
14577,47,96,1,Sicilian Defense,1,Black
15637,70,121,1,Queen's Pawn Game,1,White
6276,83,85,1,Alekhine Defense,1,White
11077,11,47,1,King's Knight Opening,1,White
2829,288,43,0,King's Gambit,1,Draw
5991,118,105,0,King's Gambit,2,White
15376,51,80,1,Sicilian Defense,1,Black
16772,91,26,1,Catalan Opening,1,Black
10259,653,51,1,Italian Game,1,White
464,1,58,1,Robatsch (Modern) Defense,1,White
17528,335,53,0,Old Indian Defense,1,White
5756,107,17,1,Philidor Defense,1,White
1623,21,42,1,Ruy Lopez,1,Black
11476,609,2,1,Scandinavian Defense,1,White
5953,62,172,1,Philidor Defense,1,Black
15019,213,37,1,Zukertort Opening,1,White
495,9,53,1,King's Indian Attack,1,White
17646,5,44,1,French Defense,1,Black
13510,3,46,1,Queen's Indian Defense,1,Black
1135,47,22,1,Sicilian Defense,1,White
1535,79,116,1,Petrov's Defense,1,Black
15597,99,111,1,Sicilian Defense,2,White
11596,139,27,1,King's Indian Defense,1,Draw
19007,28,43,1,Indian Game,2,White
19009,76,40,1,Indian Game,3,Black
8944,121,58,1,Ruy Lopez,1,White
13657,60,57,1,Sicilian Defense,1,White
13658,156,34,1,French Defense,2,Draw
13659,112,45,0,Italian Game,3,White
13660,87,53,1,King's Indian Defense,4,White
13661,165,51,1,French Defense,5,White
13663,0,41,0,Horwitz Defense,6,White
17662,161,89,0,Yusupov-Rubinstein System,1,White
17665,161,70,1,Yusupov-Rubinstein System,2,Draw
14189,50,59,1,Indian Game,1,White
15624,252,61,1,Philidor Defense,1,White
2631,65,45,1,Indian Game,1,White
837,72,38,1,Caro-Kann Defense,1,White
12314,72,38,1,Caro-Kann Defense,2,White
13068,170,7,0,Italian Game,1,Draw
13069,10,67,1,Caro-Kann Defense,2,White
6890,48,108,1,Blackmar-Diemer Gambit,1,Black
18636,48,108,1,Blackmar-Diemer Gambit,2,Black
14214,104,74,0,French Defense,1,Black
3521,266,40,1,English Opening,1,Black
8415,235,37,1,Nimzowitsch Defense,1,White
8417,74,31,1,King's Pawn Game,2,White
13427,9,86,1,Sicilian Defense,1,Black
822,104,105,1,Nimzo-Larsen Attack,1,White
16992,246,65,1,Italian Game,1,White
1197,240,77,1,Caro-Kann Defense,1,White
13587,339,34,1,Scotch Game,1,Black
14146,62,93,1,Zukertort Opening,1,White
12613,6,83,0,Scandinavian Defense,1,White
12615,906,17,0,Sicilian Defense,2,Black
12616,906,104,0,Sicilian Defense,3,Black
1055,108,125,1,Queen's Gambit,1,White
9258,50,9,1,Petrov's Defense,1,White
19382,211,132,1,Sicilian Defense,1,Black
17730,466,41,0,Nimzowitsch Defense,1,White
8476,60,30,1,King's Pawn Game,1,Black
10229,272,19,1,Italian Game,1,White
13960,45,24,1,Horwitz Defense,1,Black
11039,42,37,0,Alekhine Defense,1,Draw
19787,6,56,1,Dutch Defense,1,Black
17352,109,84,1,Sicilian Defense,1,Black
17083,1,50,1,Sicilian Defense,1,Black
14212,41,43,0,Horwitz Defense,1,White
14215,56,116,0,Blackmar-Diemer Gambit,2,Black
14217,141,43,0,Queen's Pawn Game,3,White
14219,179,83,0,Blackmar-Diemer Gambit,4,White
14222,111,27,0,Horwitz Defense,5,White
14224,5,206,0,Queen's Pawn,6,Black
14225,72,94,0,London System,7,Black
14227,115,69,0,Blackmar-Diemer Gambit,8,White
14229,56,80,0,Yusupov-Rubinstein System,9,Black
14230,152,42,0,Queen's Pawn Game,10,Black
14233,152,23,0,Queen's Pawn Game,11,White
7824,338,108,1,French Defense,1,Black
17209,42,37,1,Italian Game,1,White
2472,73,46,1,King's Pawn Game,1,Black
5793,113,74,1,Sicilian Defense,1,Black
5919,16,15,1,Blackmar-Diemer Gambit,1,White
2894,62,82,1,Horwitz Defense,1,Black
3802,40,112,1,Queen's Pawn Game,1,Draw
11701,370,46,0,Caro-Kann Defense,1,Black
19324,370,46,0,Caro-Kann Defense,2,Black
16890,240,22,1,Benko Gambit,1,Black
3299,181,92,1,Bishop's Opening,1,Black
3811,86,61,1,Sicilian Defense,2,White
16098,70,75,1,Four Knights Game,1,White
3904,8,81,1,Horwitz Defense,1,White
9922,735,69,1,Queen's Gambit,1,White
9924,187,32,1,Scotch Game,2,White
9925,298,31,1,Sicilian Defense,3,White
9926,237,47,1,French Defense,4,White
15759,46,68,1,King's Pawn Game,1,Black
2493,332,47,0,English Opening,1,White
18038,145,58,1,Colle System,1,Black
12712,135,120,1,French Defense,1,Black
5311,76,11,1,Nimzowitsch Defense,1,White
15684,104,44,1,Sicilian Defense,1,Black
14065,12,45,1,Petrov's Defense,1,White
9724,347,11,1,Van't Kruijs Opening,1,Draw
9726,842,52,1,Van't Kruijs Opening,2,Black
9730,326,50,1,Nimzo-Larsen Attack,3,Black
9734,236,61,1,Van't Kruijs Opening,4,Black
9736,85,68,1,Van't Kruijs Opening,5,Black
5981,615,77,1,Sicilian Defense,1,White
13143,7,51,1,Four Knights Game,1,White
14761,7,51,1,Four Knights Game,2,White
2668,730,23,1,Zukertort Opening,1,White
7602,0,34,0,Van't Kruijs Opening,1,Black
7603,329,4,0,Bird Opening,2,Black
7604,0,18,0,Van't Kruijs Opening,3,Black
5158,44,103,1,London System,1,White
1622,10,67,1,Italian Game,1,White
5074,238,53,0,Queen's Pawn Game,1,White
1336,189,110,1,Scandinavian Defense,1,Black
9551,38,114,0,English Opening,1,Black
5130,617,55,0,Van't Kruijs Opening,1,White
5131,617,65,0,Van't Kruijs Opening,2,White
5132,617,144,0,Scandinavian Defense,3,Black
5133,308,51,0,Scotch Game,4,White
5134,398,37,0,Philidor Defense,5,White
5136,308,28,0,Italian Game,6,White
5138,617,99,0,Yusupov-Rubinstein System,7,White
5140,192,53,1,Pirc Defense,8,White
5142,365,45,1,Italian Game,9,White
5143,57,17,1,King's Knight Opening,10,White
5146,80,35,1,King's Knight Opening,11,White
5148,318,55,1,Scandinavian Defense,12,White
5149,68,43,1,French Defense,13,White
5152,67,60,0,Sicilian Defense,14,Black
11580,442,71,1,Van't Kruijs Opening,1,White
259,25,36,0,Sicilian Defense,1,Black
19968,45,121,1,Horwitz Defense,1,White
1262,201,33,0,Scotch Game,1,White
3954,104,52,1,Ruy Lopez,1,Black
3955,160,14,1,Ruy Lopez,2,Black
6879,80,69,1,Blackmar-Diemer Gambit,1,White
18625,80,69,1,Blackmar-Diemer Gambit,2,White
8398,146,81,1,Scandinavian Defense,1,White
3724,39,125,1,Vienna Game,1,White
1138,171,30,1,Sicilian Defense,1,Black
17448,195,41,1,King's Gambit,1,White
19875,567,51,1,Bishop's Opening,1,White
12149,91,125,1,French Defense,1,Black
12639,85,93,1,Sicilian Defense,1,White
5384,97,57,0,Queen's Gambit,1,White
5387,117,47,0,Sicilian Defense,2,White
5388,17,34,0,Scotch Game,3,Black
5390,14,78,0,Nimzowitsch Defense,4,Black
5391,27,45,0,Queen's Gambit,5,White
5392,1,54,0,Scotch Game,6,Black
5394,13,96,1,Horwitz Defense,7,Draw
5397,75,30,0,Robatsch (Modern) Defense,8,Black
5400,538,53,1,French Defense,9,Black
5401,198,53,1,Caro-Kann Defense,10,White
5402,121,75,1,King's Knight Opening,11,White
18867,83,86,1,Sicilian Defense,1,Draw
3766,403,29,0,Four Knights Game,1,White
8729,22,77,1,Sicilian Defense,1,White
17515,20,42,1,Sicilian Defense,1,White
10293,356,35,0,Petrov's Defense,1,Black
10294,356,23,0,Ruy Lopez,2,Black
10295,143,52,0,King's Knight Opening,3,Black
1701,12,31,1,Queen's Gambit,1,White
16635,13,58,1,Italian Game,1,Black
17324,154,41,1,King's Gambit,1,White
4621,257,51,0,English Opening,1,White
11674,4,55,1,Zukertort Opening,1,White
9170,12,42,1,Caro-Kann Defense,1,Black
4830,394,51,1,Italian Game,1,White
9321,109,41,1,Blackmar-Diemer Gambit,1,White
13644,77,9,1,East Indian Defense,1,Black
3698,560,70,1,Scandinavian Defense,1,Black
11120,53,69,1,Van't Kruijs Opening,1,White
18769,75,52,1,Sicilian Defense,1,Black
1888,200,63,1,Petrov's Defense,1,White
1889,56,77,1,Ruy Lopez,2,White
1891,31,62,1,Philidor Defense,3,Black
1894,262,44,1,Sicilian Defense,4,Black
1896,856,30,1,Sicilian Defense,5,Black
1898,639,42,1,Ruy Lopez,6,Black
13148,71,68,1,Blackmar-Diemer Gambit,1,Black
14766,71,68,1,Blackmar-Diemer Gambit,2,Black
4431,110,86,1,Nimzo-Indian Defense,1,Black
11855,83,62,1,Caro-Kann Defense,1,Black
10373,223,104,0,Van't Kruijs Opening,1,Black
7305,54,73,1,Nimzowitsch Defense,1,White
12347,388,17,1,Indian Game,1,White
16047,280,37,1,Scotch Game,1,White
1900,80,65,1,Sicilian Defense,1,White
12782,121,80,0,Sicilian Defense,1,Black
423,136,38,1,Horwitz Defense,1,White
424,41,34,1,Robatsch (Modern) Defense,2,Black
426,190,43,1,Blackmar-Diemer Gambit,3,White
428,265,49,1,Blackmar-Diemer Gambit,4,White
431,262,48,1,Amar Opening,5,Black
433,426,57,1,Indian Game,6,White
434,234,148,1,Blackmar-Diemer Gambit,7,Draw
439,108,59,1,Horwitz Defense,8,Black
441,207,195,1,London System,9,Draw
443,423,40,1,Horwitz Defense,10,Black
445,704,60,1,Indian Game,11,Black
446,214,45,1,Blackmar-Diemer Gambit,12,White
447,194,63,1,Dutch Defense,13,Draw
450,1,36,1,Indian Game,14,Black
453,276,34,1,Indian Game,15,Black
8838,75,47,1,Philidor Defense,1,White
11328,16,43,1,Queen's Gambit,1,Black
11329,54,81,1,Queen's Gambit,2,Black
11330,9,31,1,Queen's Gambit,3,White
11333,5,46,1,French Defense,4,White
11335,43,46,1,Horwitz Defense,5,Black
11340,21,63,1,Slav Defense,6,White
11341,251,37,1,French Defense,7,White
11342,66,114,1,Queen's Gambit,8,Draw
13599,16,43,1,Queen's Gambit,9,Black
13600,54,81,1,Queen's Gambit,10,Black
13601,9,31,1,Queen's Gambit,11,White
13604,5,46,1,French Defense,12,White
13606,43,46,1,Horwitz Defense,13,Black
13611,21,63,1,Slav Defense,14,White
13612,251,37,1,French Defense,15,White
13613,66,114,1,Queen's Gambit,16,Draw
19665,731,65,0,Scotch Game,1,Black
19666,198,60,1,French Defense,2,Black
19669,702,62,1,Scandinavian Defense,3,Black
19670,369,26,0,Ruy Lopez,4,Black
19672,811,48,0,Scandinavian Defense,5,Black
19674,811,34,0,Nimzowitsch Defense,6,Black
19676,811,46,0,Sicilian Defense,7,Black
19680,287,27,0,Nimzowitsch Defense,8,Black
19685,195,73,1,Scotch Game,9,Black
19688,119,16,1,Philidor Defense,10,Black
19689,810,65,0,Sicilian Defense,11,Draw
19690,620,52,0,Petrov's Defense,12,Black
6780,152,62,1,Italian Game,1,Black
8540,3,95,1,Sicilian Defense,1,White
5973,484,29,0,Zukertort Opening,1,White
2774,35,65,1,King's Knight Opening,1,White
2779,78,17,0,Queen's Gambit,2,White
2781,86,23,1,Queen's Gambit,3,White
2785,3,35,1,English Opening,4,White
2787,96,80,1,Ruy Lopez,5,Black
2789,60,6,1,English Opening,6,Black
2791,76,14,1,English Opening,7,White
2792,138,49,1,King's Knight Opening,8,White
9923,204,54,1,Robatsch (Modern) Defense,1,Black
10039,10,11,1,Van't Kruijs Opening,1,White
15064,215,36,1,Reti Opening,1,Black
4128,537,41,0,Van't Kruijs Opening,1,White
2317,75,46,1,Blackmar-Diemer Gambit,1,Black
2319,46,46,1,Bird Opening,2,Black
2322,26,70,1,French Defense,3,Black
2323,107,75,1,Blackmar-Diemer Gambit,4,White
11566,320,65,0,Queen's Gambit,1,White
14088,478,47,0,King's Indian Defense,2,White
3876,509,59,1,Bishop's Opening,1,White
16459,509,59,1,Bishop's Opening,2,White
765,148,32,1,Vienna Game,1,Black
16222,228,80,1,French Defense,1,Black
16224,96,38,1,Horwitz Defense,2,Black
17592,347,68,1,Robatsch (Modern) Defense,1,Black
16379,19,42,1,Ruy Lopez,1,White
11611,303,11,0,Sicilian Defense,1,White
6733,92,65,1,French Defense,1,White
107,5,39,1,French Defense,1,White
8927,424,65,1,Italian Game,1,White
134,38,37,1,Alekhine Defense,1,Black
1034,139,35,0,Sicilian Defense,1,White
302,148,99,1,Four Knights Game,1,Draw
6582,17,46,1,Italian Game,1,Black
9571,100,36,0,Center Game,2,Black
12706,23,112,1,Queen's Pawn,1,Black
12709,81,50,1,Indian Game,2,Black
12711,47,45,1,Queen's Pawn Game,3,White
12713,21,37,1,Queen's Indian Defense,4,White
12169,194,84,1,Sicilian Defense,1,Black
16429,20,43,1,Pirc Defense,2,Draw
19951,56,89,1,Sicilian Defense,1,White
12481,347,53,1,Ruy Lopez,1,Black
6503,129,114,1,Nimzo-Larsen Attack,1,Black
13058,61,60,1,King's Indian Attack,1,Black
4723,5,140,1,Sicilian Defense,1,Draw
16861,110,68,1,French Defense,1,Black
12978,36,57,1,Scotch Game,1,White
17986,459,102,1,Sicilian Defense,2,Black
253,354,87,0,Ruy Lopez,1,White
9262,80,61,0,Petrov's Defense,2,White
19229,354,87,0,Ruy Lopez,3,White
905,1076,20,0,Sicilian Defense,1,White
4468,1172,35,0,Italian Game,2,White
5425,1066,29,0,Caro-Kann Defense,3,White
5936,1499,33,0,Scandinavian Defense,4,White
6041,1117,1,0,Zukertort Opening,5,White
6252,579,54,0,Blumenfeld Countergambit,6,Black
11585,851,14,0,Italian Game,7,White
11603,1121,143,0,Bogo-Indian Defense,8,White
11743,1007,1,0,Horwitz Defense,9,White
11809,1008,72,0,Russian Game,10,Black
11820,1021,85,0,Sicilian Defense,11,White
11950,471,40,0,Russian Game,12,Black
11954,471,58,0,Zukertort Opening,13,Black
11959,482,42,0,Italian Game,14,Black
12448,819,49,0,Queen's Gambit,15,White
12450,819,77,0,Queen's Gambit,16,White
12611,906,47,0,Italian Game,17,White
12612,906,30,0,Italian Game,18,Black
12614,906,47,0,Gruenfeld Defense,19,White
12680,1237,1,0,Horwitz Defense,20,White
12773,692,64,0,Queen's Gambit,21,Black
13921,1172,35,0,Italian Game,22,White
14115,1196,55,0,Caro-Kann Defense,23,White
14118,1297,1,0,Horwitz Defense,24,White
14204,995,45,0,Sicilian Defense,25,White
14659,692,64,0,Queen's Gambit,26,Black
16642,709,79,0,Queen's Gambit,27,White
18329,1066,29,0,Caro-Kann Defense,28,White
19017,415,69,0,Sicilian Defense,29,White
11955,256,59,0,Benoni Defense,1,White
1399,246,102,1,French Defense,1,Black
7765,496,40,1,Van't Kruijs Opening,1,White
9841,116,12,1,Italian Game,1,Black
1089,4,59,1,Semi-Slav Defense,1,White
13794,8,80,1,Dutch Defense,1,Black
11702,128,21,0,Scotch Game,1,White
11705,34,72,1,French Defense,2,Black
11707,89,132,1,Sicilian Defense,3,Black
11708,223,22,1,King's Indian Attack,4,White
11710,163,85,1,Queen's Indian Defense,5,White
11713,139,43,1,Gruenfeld Defense,6,White
11715,88,43,1,Four Knights Game,7,White
11718,22,49,1,Scotch Game,8,White
11719,114,107,1,Reti Opening,9,White
11721,0,39,1,Semi-Slav Defense,10,White
19325,128,21,0,Scotch Game,11,White
19328,34,72,1,French Defense,12,Black
19330,89,132,1,Sicilian Defense,13,Black
19331,223,22,1,King's Indian Attack,14,White
19333,163,85,1,Queen's Indian Defense,15,White
19336,139,43,1,Gruenfeld Defense,16,White
19338,88,43,1,Four Knights Game,17,White
19341,22,49,1,Scotch Game,18,White
19342,114,107,1,Reti Opening,19,White
19344,0,39,1,Semi-Slav Defense,20,White
4239,160,39,1,French Defense,1,Draw
4266,128,64,1,Ruy Lopez,2,Black
4271,74,77,1,Ruy Lopez,3,White
8143,21,31,1,King's Knight Opening,1,White
17317,64,71,1,Van't Kruijs Opening,1,White
12899,34,171,1,Italian Game,1,White
2496,31,71,0,Blackmar-Diemer Gambit,1,White
14213,41,49,0,Horwitz Defense,2,White
15725,163,64,0,Indian Game,3,White
5061,472,51,0,Sicilian Defense,1,White
17637,100,48,0,Van't Kruijs Opening,1,Black
1857,13,142,1,Sicilian Defense,1,Black
18661,4,97,1,Sicilian Defense,2,White
18909,129,110,1,Sicilian Defense,3,Black
18372,309,56,0,Petrov's Defense,1,Black
5920,120,30,1,Sicilian Defense,1,White
2484,130,61,1,English Opening,1,White
14036,16,61,1,Indian Game,1,White
12433,137,84,0,Sicilian Defense,1,Black
1673,197,112,1,Queen's Gambit,1,Black
19542,139,32,1,French Defense,1,Black
1368,171,77,1,Italian Game,1,White
9290,235,30,0,Four Knights Game,1,Black
4943,10,58,1,English Opening,1,Black
9044,141,26,1,Four Knights Game,1,Black
9046,20,23,1,Ruy Lopez,2,White
9047,5,58,1,Queen's Gambit,3,Black
9049,90,36,1,Sicilian Defense,4,Black
9051,183,29,1,Sicilian Defense,5,White
9053,57,42,1,French Defense,6,Black
9055,73,15,1,Petrov's Defense,7,Black
9056,35,47,1,Scandinavian Defense,8,White
9058,39,43,1,Pirc Defense,9,White
9061,65,29,1,Ruy Lopez,10,Black
9062,101,49,1,Ruy Lopez,11,White
9063,83,33,1,Ruy Lopez,12,White
9064,85,51,1,Ruy Lopez,13,Black
9067,34,22,1,Scandinavian Defense,14,Black
9068,62,58,1,Scandinavian Defense,15,Black
9070,7,76,1,Philidor Defense,16,Black
9071,40,47,1,Sicilian Defense,17,White
9073,53,146,1,Ruy Lopez,18,Draw
9075,15,34,1,Ruy Lopez,19,White
9076,24,27,1,Petrov's Defense,20,White
9079,144,80,1,French Defense,21,Black
10240,345,96,0,Sicilian Defense,1,Black
2000,487,31,0,Horwitz Defense,1,White
11961,69,115,1,Scandinavian Defense,1,White
11963,93,73,1,Philidor Defense,2,White
9042,101,63,0,Sicilian Defense,1,White
9650,131,22,1,Italian Game,1,Black
6274,174,68,1,Alekhine Defense,1,Black
7648,185,39,1,Queen's Gambit,1,White
7655,137,139,1,Queen's Gambit,2,White
7788,6,57,1,Queen's Gambit,3,White
7789,73,41,1,Nimzo-Indian Defense,4,White
7791,149,123,1,Queen's Pawn,5,White
7792,106,73,1,Queen's Gambit,6,White
7795,473,77,1,Slav Defense,7,White
7797,337,88,1,Queen's Pawn,8,Black
7799,491,36,1,Horwitz Defense,9,Black
7801,180,97,1,Nimzo-Indian Defense,10,White
7803,194,41,1,Nimzo-Indian Defense,11,White
7805,247,48,1,Nimzo-Indian Defense,12,Black
7807,171,74,1,Queen's Gambit,13,White
7808,60,41,1,Indian Game,14,White
7811,234,50,1,Nimzo-Indian Defense,15,Black
7813,121,59,1,Mexican Defense,16,White
7814,268,72,1,Benoni Defense,17,Black
7815,268,97,1,Indian Game,18,Draw
7817,286,95,1,Queen's Gambit,19,White
7818,299,50,1,Horwitz Defense,20,Black
7820,16,40,1,Queen's Gambit,21,Black
7822,521,39,1,Queen's Gambit,22,White
7825,346,39,1,Gruenfeld Defense,23,White
7744,22,40,1,Nimzo-Larsen Attack,1,Black
6804,467,56,1,Scotch Game,1,Black
19420,238,53,0,Blackmar-Diemer Gambit,1,White
19422,238,72,0,Blackmar-Diemer Gambit,2,Black
19425,38,31,1,Yusupov-Rubinstein System,3,White
19429,63,76,0,Blackmar-Diemer Gambit,4,Black
19430,600,49,0,Queen's Pawn,5,White
19431,67,115,1,Indian Game,6,Draw
19432,212,58,0,Blackmar-Diemer Gambit,7,Black
19433,625,15,0,Blackmar-Diemer Gambit,8,White
19439,209,23,0,Blackmar-Diemer Gambit,9,White
19440,49,55,1,Blackmar-Diemer Gambit,10,White
19441,192,57,0,Blackmar-Diemer Gambit,11,White
19443,317,81,1,Blackmar-Diemer Gambit,12,White
19444,187,25,1,Horwitz Defense,13,White
19445,163,61,0,Blackmar-Diemer Gambit,14,White
19446,176,74,0,Horwitz Defense,15,Black
19450,440,60,0,Semi-Bononi,16,White
19452,118,25,1,Queen's Gambit,17,White
19453,153,94,0,Italian Game,18,Black
19454,153,58,0,Italian Game,19,Black
19455,250,73,0,Philidor Defense,20,White
19458,209,49,1,Italian Game,21,White
19460,67,46,1,Sicilian Defense,22,Black
19462,139,201,1,Queen's Gambit,23,Draw
18183,254,124,1,Nimzo-Indian Defense,1,Black
4138,18,113,1,French Defense,1,Draw
4139,224,34,1,Philidor Defense,2,Black
4140,35,99,1,Four Knights Game,3,Draw
4142,151,33,1,French Defense,4,White
4144,62,111,1,Nimzowitsch Defense,5,Draw
4146,60,67,1,Sicilian Defense,6,White
4147,6,81,1,Four Knights Game,7,White
4149,28,99,0,Scotch Game,8,White
4150,54,102,1,Nimzowitsch Defense,9,Black
4151,222,40,1,Sicilian Defense,10,Black
4154,333,112,1,Scotch Game,11,Black
4159,241,46,1,Petrov's Defense,12,Black
4162,103,20,1,Four Knights Game,13,Black
4164,55,63,1,Sicilian Defense,14,White
4166,34,77,1,Philidor Defense,15,Draw
4171,154,96,1,Scotch Game,16,Draw
4172,28,80,1,Scotch Game,17,Black
2169,700,63,0,Blackmar-Diemer Gambit,1,White
13336,700,63,0,Blackmar-Diemer Gambit,2,White
11810,180,173,1,Sicilian Defense,1,White
18378,350,35,1,French Defense,1,Black
12293,1024,39,0,Scotch Game,1,Draw
14114,1124,13,0,Caro-Kann Defense,2,White
14511,884,55,0,Scotch Game,3,White
19615,1212,57,0,Scotch Game,4,White
12747,15,7,0,Italian Game,1,Black
7003,78,35,1,Slav Defense,1,White
16951,5,76,1,Italian Game,1,Black
16953,155,18,1,Philidor Defense,2,Black
16955,239,20,1,Italian Game,3,Black
16956,33,84,1,Italian Game,4,Black
16959,179,68,1,Scandinavian Defense,5,Black
16961,112,11,1,Italian Game,6,White
16963,53,42,0,Italian Game,7,Black
16965,26,41,1,Italian Game,8,White
16967,126,83,1,Petrov's Defense,9,White
16969,3,76,1,Robatsch (Modern) Defense,10,Black
16972,168,157,1,Italian Game,11,White
16974,423,44,1,Philidor Defense,12,Black
16976,244,51,1,Italian Game,13,White
16979,0,126,1,Italian Game,14,Draw
16980,145,40,1,Sicilian Defense,15,Black
16982,29,120,1,Sicilian Defense,16,Draw
16983,29,32,1,Italian Game,17,Black
640,13,62,1,Queen's Pawn Game,1,Black
10020,292,89,0,French Defense,1,White
10023,296,77,0,French Defense,2,White
10024,296,49,0,Sicilian Defense,3,White
10025,296,71,0,French Defense,4,White
3922,46,83,1,Yusupov-Rubinstein System,1,White
3829,188,37,1,Sicilian Defense,1,White
6092,169,119,1,Italian Game,1,White
15046,203,63,1,Sicilian Defense,1,White
10874,161,49,1,King's Knight Opening,1,White
3379,25,51,1,Sicilian Defense,1,White
1757,171,26,1,King's Pawn Game,1,Black
918,28,32,1,King's Pawn Game,1,White
9999,307,40,1,Philidor Defense,1,Black
6046,826,47,0,Scandinavian Defense,1,White
3406,59,76,1,King's Indian Defense,1,Black
15335,59,76,1,King's Indian Defense,2,Black
17758,260,59,1,Italian Game,3,White
8990,417,42,0,Italian Game,1,Black
7324,279,25,1,Sicilian Defense,1,Black
16645,89,101,1,French Defense,2,Draw
8719,50,37,1,London System,1,White
1551,18,31,0,English Opening,1,White
15396,93,141,1,Queen's Gambit,1,White
15399,1,73,1,Queen's Gambit,2,White
15402,80,57,1,Horwitz Defense,3,White
15403,26,35,1,Horwitz Defense,4,White
15405,11,31,1,Slav Defense,5,White
15407,63,137,1,Queen's Gambit,6,White
15410,7,48,1,Queen's Gambit,7,Black
15413,61,69,1,Indian Game,8,White
15415,291,52,1,Nimzo-Indian Defense,9,Black
15417,195,109,1,Queen's Gambit,10,White
15419,194,63,1,Queen's Gambit,11,White
15420,10,62,1,Queen's Gambit,12,Black
15422,49,31,1,Slav Defense,13,White
2531,18,49,1,Blackmar-Diemer Gambit,1,White
5569,29,118,1,Zukertort Opening,2,White
14657,151,42,1,Sicilian Defense,1,Black
198,9,51,1,Center Game,1,White
11425,9,51,1,Center Game,2,White
13752,9,51,1,Center Game,3,White
19073,9,51,1,Center Game,4,White
15570,11,44,1,Sicilian Defense,1,Black
15573,0,41,1,Nimzowitsch Defense,2,Black
15576,137,63,1,Sicilian Defense,3,White
15577,147,51,1,King's Gambit,4,White
1347,187,14,0,Benoni Defense,1,White
4060,9,37,1,Sicilian Defense,1,White
1644,212,127,1,Sicilian Defense,1,Draw
7364,82,111,1,King's Knight Opening,1,White
9030,34,61,1,Sicilian Defense,1,White
4779,6,52,1,Tarrasch Defense,1,White
15617,140,37,1,Philidor Defense,1,White
13361,109,36,1,Horwitz Defense,1,Draw
13366,61,102,1,Horwitz Defense,2,Black
13365,293,29,1,Bird Opening,1,White
13362,60,57,0,Horwitz Defense,1,White
13360,108,19,1,Van't Kruijs Opening,1,White
13363,60,134,0,Nimzo-Larsen Attack,2,Black
7442,5,70,1,Sicilian Defense,1,Black
2757,427,45,1,Caro-Kann Defense,1,White
1204,49,40,1,King's Pawn Game,1,Black
10211,81,93,1,Bogo-Indian Defense,1,Black
10213,343,117,1,Nimzowitsch Defense,2,White
546,132,50,1,Queen's Pawn Game,1,Black
11815,5,87,1,Sicilian Defense,1,Draw
3778,26,27,0,King's Indian Attack,1,White
17546,175,83,1,Caro-Kann Defense,1,White
1624,63,78,1,Italian Game,1,Black
19469,37,121,1,French Defense,1,White
11459,667,60,1,Semi-Slav Defense,1,Black
12557,260,88,0,King's Pawn Game,1,Black
1610,9,53,1,Vienna Game,1,White
13037,158,17,0,Philidor Defense,1,White
16711,549,53,0,Italian Game,1,White
17652,3,32,0,Caro-Kann Defense,1,White
806,14,54,1,Ruy Lopez,1,Black
12241,14,54,1,Ruy Lopez,2,Black
7772,167,3,1,King's Knight Opening,1,White
5503,16,119,1,Sicilian Defense,1,Draw
8806,188,55,1,Queen's Gambit,1,White
4432,25,55,1,Sicilian Defense,1,Black
8686,167,13,1,Italian Game,1,White
5399,167,70,1,Queen's Gambit,1,Black
5583,5,66,1,French Defense,1,White
15970,291,49,1,King's Indian Defense,1,White
7247,166,119,1,Van't Kruijs Opening,1,White
6399,102,73,1,Benoni Defense,1,Black
8404,107,62,1,Sicilian Defense,1,Black
8405,259,94,1,Sicilian Defense,2,Black
13090,499,82,1,Sicilian Defense,1,Black
18491,106,92,1,French Defense,1,Black
1959,43,9,1,King's Knight Opening,1,White
1310,396,35,0,Philidor Defense,1,White
9489,174,52,0,Nimzowitsch Defense,1,White
3880,60,5,1,Vienna Game,1,White
16463,60,5,1,Vienna Game,2,White
4427,130,150,1,Pirc Defense,1,Black
11320,58,77,1,Queen's Gambit,1,White
5113,253,29,0,Sicilian Defense,1,White
5115,295,28,1,Center Game,2,Black
5117,290,24,1,Scandinavian Defense,3,Black
5119,140,51,0,Nimzowitsch Defense,4,White
5121,157,48,1,King's Pawn Game,5,Black
5122,91,36,0,Blackmar-Diemer Gambit,6,Black
5123,216,12,0,King's Pawn Game,7,Black
5127,218,29,1,French Defense,8,White
19607,84,136,1,King's Indian Defense,1,Draw
1608,219,29,1,Scandinavian Defense,1,White
1609,223,23,1,Queen's Pawn Game,2,Black
6742,80,33,1,Horwitz Defense,1,White
15208,155,68,0,Ruy Lopez,1,Black
16068,251,165,1,Ruy Lopez,1,Draw
16802,187,10,0,Ruy Lopez,1,Draw
19919,210,53,1,Sicilian Defense,1,White
19984,184,131,1,Pirc Defense,2,White
19985,222,8,1,Pirc Defense,3,White
13668,59,49,1,Benoni Defense,1,White
16072,9,70,1,Scotch Game,1,Black
16074,19,32,1,Scotch Game,2,Black
16077,181,67,1,Philidor Defense,3,White
16079,48,41,1,Sicilian Defense,4,White
6397,110,57,1,Caro-Kann Defense,1,White
5929,35,43,1,Indian Game,1,White
10420,51,4,0,Queen's Pawn Game,1,Black
11505,167,44,1,Vienna Game,1,Black
19253,167,44,1,Vienna Game,2,Black
8251,0,49,0,Pirc Defense,1,White
8252,0,70,0,Bishop's Opening,2,Black
8117,223,75,0,Pirc Defense,1,White
8120,223,81,0,French Defense,2,White
8123,223,63,0,Nimzowitsch Defense,3,White
8124,223,115,0,Scandinavian Defense,4,White
9129,1027,41,0,Italian Game,5,White
9132,110,139,0,Bird Opening,6,White
2858,221,77,1,Petrov's Defense,1,White
2282,41,111,1,Sicilian Defense,1,White
13630,50,51,1,Sicilian Defense,2,White
14111,76,26,1,Italian Game,1,White
14113,8,17,1,Robatsch (Modern) Defense,2,Black
10233,175,49,0,King's Indian Attack,1,White
10235,215,41,0,English Opening,2,White
10238,401,73,0,Slav Defense,3,White
10241,372,91,0,Ruy Lopez,4,White
10246,681,23,0,Caro-Kann Defense,5,White
10247,1166,77,0,English Opening,6,White
10248,516,85,0,Catalan Opening,7,White
10250,794,35,0,Horwitz Defense,8,White
10251,598,67,0,Queen's Pawn Game,9,White
10252,572,71,0,Zukertort Opening,10,White
6297,114,39,1,Nimzowitsch Defense,1,White
6299,60,7,1,Nimzowitsch Defense,2,White
2163,100,60,0,Sicilian Defense,1,Black
2166,87,23,1,Philidor Defense,2,White
2140,120,84,1,Sicilian Defense,1,Black
17034,249,15,1,Philidor Defense,2,White
17035,239,27,1,French Defense,3,White
17036,229,82,1,Petrov's Defense,4,White
17037,268,32,1,King's Knight Opening,5,Black
17038,259,66,1,Petrov's Defense,6,White
6293,208,124,1,Van't Kruijs Opening,1,Draw
6294,451,16,1,Van't Kruijs Opening,2,Black
6296,204,14,1,Van't Kruijs Opening,3,Black
6298,127,40,0,Bird Opening,4,Black
6300,50,38,1,Zukertort Opening,5,Black
10001,174,55,1,King's Knight Opening,1,Draw
10578,15,13,1,King's Gambit,1,White
11287,15,13,1,King's Gambit,2,White
16234,516,52,0,Blackmar-Diemer Gambit,1,Black
6739,15,35,1,French Defense,1,White
7990,39,31,1,Italian Game,1,Black
6205,218,111,1,Bird Opening,1,Draw
2639,48,30,1,Sicilian Defense,1,Black
1529,108,117,1,Van't Kruijs Opening,1,Draw
7446,17,28,1,Queen's Pawn Game,1,Black
18937,34,149,1,French Defense,1,White
14995,47,35,1,Italian Game,1,White
12684,687,55,1,Horwitz Defense,1,White
12686,586,33,1,Queen's Pawn Game,2,White
12689,74,109,1,Gruenfeld Defense,3,White
12691,137,67,1,Indian Game,4,White
12692,113,91,1,Benko Gambit,5,White
12694,74,88,1,King's Indian Defense,6,Black
12698,222,50,1,Horwitz Defense,7,Black
12700,63,52,1,Sicilian Defense,8,Black
2262,173,84,1,King's Indian Defense,1,Black
7005,22,108,1,Sicilian Defense,1,Black
17695,38,50,1,Sicilian Defense,2,Black
8735,178,88,1,Zukertort Opening,1,Black
18750,25,38,1,Sicilian Defense,1,Black
5247,59,113,1,Sicilian Defense,1,White
10063,170,7,1,Robatsch (Modern) Defense,1,White
16985,127,33,0,King's Knight Opening,1,White
13272,46,4,0,Pirc Defense,1,Draw
284,31,67,1,Ruy Lopez,1,Black
13956,2,104,1,Caro-Kann Defense,2,Black
3554,839,68,0,Van't Kruijs Opening,1,Black
10094,152,31,1,Horwitz Defense,1,White
3169,200,42,1,Van't Kruijs Opening,1,Black
3172,69,78,1,King's Pawn Game,2,Black
3173,64,93,1,Nimzowitsch Defense,3,White
3176,33,72,1,Alekhine Defense,4,Black
3178,1,76,1,Sicilian Defense,5,Black
3181,47,98,1,Alekhine Defense,6,Black
3182,110,109,1,King's Gambit,7,Draw
3184,51,36,1,Van't Kruijs Opening,8,Black
3186,27,56,1,Scandinavian Defense,9,Black
3189,208,44,1,Scandinavian Defense,10,Black
3190,267,39,1,Sicilian Defense,11,White
3192,174,70,1,King's Gambit,12,White
3195,66,38,1,Blackmar-Diemer Gambit,13,Black
3196,17,30,1,English Opening,14,Black
3199,102,62,1,Four Knights Game,15,Black
4435,143,117,1,Ruy Lopez,1,White
13139,57,31,1,Queen's Pawn Game,1,White
3063,2,42,1,Sicilian Defense,1,Black
6263,39,48,1,French Defense,1,Black
6265,137,36,1,King's Pawn Game,2,Black
17289,173,95,1,Scandinavian Defense,1,White
17291,586,60,1,French Defense,2,Black
17292,80,59,1,Ruy Lopez,3,White
17294,197,53,0,Four Knights Game,4,White
17298,375,60,1,Caro-Kann Defense,5,Black
17300,248,34,1,Scotch Game,6,Draw
2270,30,66,1,Sicilian Defense,1,Black
8965,182,87,1,Queen's Pawn,1,White
3902,120,86,1,Alekhine Defense,1,Draw
1803,218,41,0,French Defense,1,White
1805,689,92,0,Scandinavian Defense,2,Black
1806,471,20,0,Alekhine Defense,3,Black
1807,369,16,0,Petrov's Defense,4,Black
1809,163,31,1,Petrov's Defense,5,White
1815,293,2,0,Scandinavian Defense,6,Black
1817,227,12,0,King's Knight Opening,7,White
1819,716,46,0,French Defense,8,Black
1820,95,26,0,Van't Kruijs Opening,9,White
1821,743,24,0,Blackmar-Diemer Gambit,10,Black
1823,52,40,1,Van't Kruijs Opening,11,Black
12806,173,115,0,Ruy Lopez,1,White
3816,131,29,0,Sicilian Defense,1,White
5574,419,28,0,Van't Kruijs Opening,1,White
3548,27,112,1,Sicilian Defense,1,Black
5998,19,105,1,Scandinavian Defense,2,White
15127,502,37,1,Bishop's Opening,3,White
16880,633,42,1,Blackmar-Diemer Gambit,1,Black
336,210,92,1,Ruy Lopez,1,Black
19311,50,97,1,Caro-Kann Defense,1,White
390,217,19,1,Nimzowitsch Defense,1,White
14623,11,110,1,Pirc Defense,1,Black
14624,38,152,1,Sicilian Defense,2,Black
14625,252,33,1,French Defense,3,Draw
14626,29,85,1,Nimzowitsch Defense,4,White
14627,27,48,1,French Defense,5,Black
14628,15,118,1,Caro-Kann Defense,6,Black
14629,24,76,1,French Defense,7,Black
14631,20,42,1,Ruy Lopez,8,Black
14633,272,174,1,Sicilian Defense,9,Black
14634,10,64,1,Scandinavian Defense,10,Black
14635,45,92,1,Italian Game,11,Black
14636,32,95,1,French Defense,12,White
14637,8,28,1,Sicilian Defense,13,White
14638,60,102,1,Caro-Kann Defense,14,Draw
14639,49,49,1,Sicilian Defense,15,White
14640,36,70,1,Scandinavian Defense,16,Black
14641,336,58,1,Italian Game,17,Black
14642,22,60,1,Caro-Kann Defense,18,Black
14643,43,66,1,Italian Game,19,Black
14644,105,55,1,Four Knights Game,20,White
14645,46,33,1,Sicilian Defense,21,White
14646,63,61,1,Scandinavian Defense,22,White
14647,49,124,1,Italian Game,23,Black
14648,11,58,1,Ruy Lopez,24,Black
14649,5,134,1,Sicilian Defense,25,Black
638,36,58,1,Sicilian Defense,1,Black
6191,29,35,1,French Defense,1,White
7178,280,28,1,Blackmar-Diemer Gambit,1,Black
14922,148,47,1,Ruy Lopez,1,White
15560,87,36,1,King's Pawn Game,2,Black
10028,64,35,1,French Defense,1,White
13229,101,48,1,Pirc Defense,2,Black
3578,49,69,1,Pirc Defense,1,White
12468,22,73,1,English Opening,1,White
12469,15,43,1,Petrov's Defense,2,White
12471,59,119,1,Sicilian Defense,3,Draw
12473,36,97,1,French Defense,4,Black
12474,124,97,1,Nimzo-Larsen Attack,5,White
12477,64,32,1,Pirc Defense,6,Draw
12479,61,35,1,Caro-Kann Defense,7,White
12480,12,25,1,Gruenfeld Defense,8,White
12483,61,62,1,Center Game,9,Black
12485,445,16,1,Queen's Pawn Game,10,White
12488,35,73,1,Slav Defense,11,White
12489,81,88,1,Queen's Indian Defense,12,White
12492,369,13,1,Queen's Gambit,13,Black
18475,207,73,1,French Defense,1,White
1477,111,67,1,Tarrasch Defense,1,White
1479,37,7,1,Horwitz Defense,2,Black
1480,315,24,1,Slav Defense,3,Black
1482,52,20,1,Queen's Pawn,4,Black
4754,253,13,1,King's Pawn Game,1,White
17770,417,131,1,Italian Game,1,White
17772,422,51,1,French Defense,2,White
17775,9,66,1,Sicilian Defense,3,Black
17777,260,27,1,Benoni Defense,4,White
17779,284,51,1,Queen's Gambit,5,White
17781,135,43,1,Queen's Gambit,6,White
17784,143,93,1,Queen's Gambit,7,White
17786,101,81,1,Horwitz Defense,8,White
19013,25,13,0,Sicilian Defense,1,Black
19014,25,115,1,Nimzo-Larsen Attack,2,White
19016,1,59,1,King's Indian,3,White
5263,105,36,1,Sicilian Defense,1,Black
11037,100,42,0,Blackmar-Diemer Gambit,1,Black
12596,25,95,1,King's Pawn Game,1,White
16579,96,51,1,Slav Defense,1,White
6368,20,110,1,Indian Game,1,Draw
2113,86,39,1,Blackmar-Diemer Gambit,1,White
13837,53,51,0,Zukertort Opening,1,White
1351,22,84,0,Sicilian Defense,1,White
7120,154,15,1,Italian Game,1,White
12540,353,39,1,French Defense,1,White
12541,26,33,1,Sicilian Defense,2,White
12543,503,49,1,Caro-Kann Defense,3,White
12546,456,49,1,Sicilian Defense,4,White
12548,48,94,1,Caro-Kann Defense,5,Draw
12550,129,43,1,French Defense,6,White
12551,224,134,1,Petrov's Defense,7,Black
12554,75,127,1,Italian Game,8,White
5965,5,21,1,Nimzowitsch Defense,1,White
16196,7,59,1,French Defense,1,White
16200,45,78,1,Alekhine Defense,2,Black
16202,294,53,1,Blackmar-Diemer Gambit,3,White
16204,38,49,1,Blackmar-Diemer Gambit,4,White
16205,84,43,1,Van't Kruijs Opening,5,White
16207,96,57,1,King's Pawn Game,6,White
16208,73,88,1,Blackmar-Diemer Gambit,7,Black
16209,91,60,1,Philidor Defense,8,Black
16212,279,80,1,Scotch Game,9,Black
3428,143,50,1,Scandinavian Defense,1,Black
2649,300,68,1,Indian Game,1,Black
8755,112,157,1,Van't Kruijs Opening,1,White
7643,353,57,0,Scotch Game,1,White
1564,189,84,0,English Opening,1,Black
3517,25,52,1,Italian Game,1,Black
11957,755,48,0,Ruy Lopez,1,Black
1328,80,124,1,Indian Game,1,Draw
15203,277,46,1,Van't Kruijs Opening,1,Black
15205,54,62,1,Van't Kruijs Opening,2,Black
7149,183,69,1,King's Pawn Game,1,White
7153,186,15,1,Bishop's Opening,2,White
12498,164,31,1,Sicilian Defense,1,White
2673,537,31,1,Italian Game,1,White
19364,13,65,1,Italian Game,1,White
1485,328,19,1,Italian Game,1,White
13095,328,19,1,Italian Game,2,White
3206,398,104,0,Queen's Pawn Game,1,Black
98,0,14,0,Italian Game,1,White
9311,123,62,1,Scotch Game,1,Black
17629,13,71,1,Sicilian Defense,2,White
7701,164,61,1,Sicilian Defense,1,White
17266,11,23,1,Scotch Game,1,White
19754,277,58,1,Horwitz Defense,1,Black
19755,193,124,1,Indian Game,2,Black
19757,336,140,1,Horwitz Defense,3,Black
19762,25,79,1,Blackmar-Diemer Gambit,4,White
19763,151,70,1,Dutch Defense,5,Black
19764,61,80,1,Blackmar-Diemer Gambit,6,Black
19765,150,81,1,Indian Game,7,White
19768,221,42,1,Blackmar-Diemer Gambit,8,White
19769,260,79,1,Blackmar-Diemer Gambit,9,White
19771,165,115,1,Horwitz Defense,10,White
19774,53,62,1,Blackmar-Diemer Gambit,11,Black
19775,379,54,1,Indian Game,12,Black
19777,6,126,1,Blackmar-Diemer Gambit,13,Black
19779,263,85,1,Blackmar-Diemer Gambit,14,White
19782,498,47,0,Indian Game,15,White
19786,15,76,0,Indian Game,16,Black
19788,150,75,1,Blackmar-Diemer Gambit,17,White
19789,418,48,1,Indian Game,18,Black
19790,180,52,1,Blackmar-Diemer Gambit,19,Black
19791,85,57,1,Indian Game,20,White
1020,705,19,1,Caro-Kann Defense,1,Black
12544,1086,38,1,Sicilian Defense,2,Black
10123,181,39,1,Horwitz Defense,1,White
13572,370,52,1,French Defense,1,Black
13677,137,80,1,Sicilian Defense,1,Black
17227,93,67,1,Blackmar-Diemer Gambit,1,White
17686,1,85,1,Blackmar-Diemer Gambit,1,White
2445,39,47,1,Horwitz Defense,1,White
8699,6,56,1,Italian Game,1,White
5733,183,61,1,Philidor Defense,1,White
15529,28,109,1,Queen's Pawn Game,1,White
3113,52,67,1,Queen's Gambit,1,Black
9203,273,62,1,Blackmar-Diemer Gambit,1,White
10416,63,103,0,Queen's Gambit,1,White
10417,169,26,0,Queen's Pawn Game,2,White
10422,67,88,0,Sicilian Defense,3,Black
10424,34,58,0,Caro-Kann Defense,4,Black
10425,34,39,0,Bird Opening,5,White
9430,503,55,0,King's Knight Opening,1,Black
10210,119,22,1,Scandinavian Defense,1,White
12096,0,28,1,French Defense,1,Black
16475,2,63,1,Scandinavian Defense,1,White
15193,89,49,0,Indian Game,1,White
17210,154,47,1,Italian Game,1,Black
52,522,7,0,King's Pawn Game,1,White
54,522,36,0,English Opening,2,Black
12064,303,45,1,Indian Game,1,White
16889,17,152,1,Four Knights Game,1,Black
16198,119,13,1,Queen's Pawn Game,1,Black
5379,68,41,1,Philidor Defense,1,White
10272,519,27,0,Zukertort Opening,1,Black
10278,493,26,1,Van't Kruijs Opening,2,Black
5734,19,122,1,Philidor Defense,1,Black
12386,488,58,0,Sicilian Defense,1,Black
8538,7,50,1,Pirc Defense,1,Black
10959,105,117,1,Sicilian Defense,1,Draw
19012,151,58,0,Sicilian Defense,1,Black
18664,6,81,1,Sicilian Defense,1,White
13130,62,67,1,Pirc Defense,1,White
7241,12,76,1,Italian Game,1,Black
18735,12,76,1,Italian Game,2,Black
432,319,50,1,French Defense,1,Black
9964,185,73,1,Queen's Gambit,1,White
10206,72,77,1,Van't Kruijs Opening,1,White
10207,320,35,1,Nimzo-Larsen Attack,2,White
8934,310,82,1,Italian Game,1,White
17995,615,42,1,Four Knights Game,1,Black
14092,6,22,1,Indian Game,1,Black
14093,2,46,1,Queen's Gambit,2,Black
14096,663,133,1,Queen's Gambit,3,Black
14099,57,28,1,Horwitz Defense,4,White
14103,34,64,1,Slav Defense,5,Black
14104,20,55,1,Benoni Defense,6,White
6111,57,105,1,Ruy Lopez,1,Draw
13146,228,81,1,King's Gambit,1,Black
14764,228,81,1,King's Gambit,2,Black
3164,418,53,1,Queen's Gambit,1,White
1263,13,73,0,Blackmar-Diemer Gambit,1,White
15214,200,110,0,Queen's Pawn Game,1,Black
14252,223,83,0,Blackmar-Diemer Gambit,1,White
19751,454,85,0,Blackmar-Diemer Gambit,2,Black
2670,602,61,0,Sicilian Defense,1,White
15864,11,21,0,Caro-Kann Defense,2,White
19457,153,22,0,Sicilian Defense,3,Black
16299,16,26,0,Queen's Gambit,1,Black
10155,210,68,1,French Defense,1,Black
1036,212,43,0,Blackmar-Diemer Gambit,1,White
16973,66,41,1,French Defense,1,White
9015,103,48,1,Scandinavian Defense,1,Black
18904,15,53,1,Scandinavian Defense,1,White
17797,464,26,1,French Defense,1,Black
19499,123,155,1,French Defense,1,White
14804,34,20,0,French Defense,1,Black
3249,133,29,1,Queen's Pawn Game,1,White
18197,13,96,1,French Defense,2,Black
16621,37,22,0,Nimzowitsch Defense,1,Black
12439,722,36,0,Nimzo-Indian Defense,1,Draw
12442,666,56,0,Ruy Lopez,2,Black
12451,698,34,0,Budapest Defense,3,Black
12452,302,39,0,Queen's Indian Defense,4,Black
12454,302,88,0,Sicilian Defense,5,Black
12455,503,53,0,Caro-Kann Defense,6,Draw
12458,615,74,0,Sicilian Defense,7,Black
12459,698,94,0,French Defense,8,Black
12461,302,37,0,Sicilian Defense,9,Black
12463,302,69,0,Philidor Defense,10,Draw
12467,671,37,0,Sicilian Defense,11,Black
5196,214,53,1,Horwitz Defense,1,White
11830,95,56,1,Zukertort Opening,1,Black
11339,25,53,1,Caro-Kann Defense,1,White
13610,25,53,1,Caro-Kann Defense,2,White
5674,63,29,0,Ruy Lopez,1,White
1525,86,44,1,King's Pawn Game,1,White
7725,22,56,1,English Opening,1,Black
9440,17,65,1,Sicilian Defense,1,White
16627,118,128,1,Ruy Lopez,2,Black
8872,6,3,1,Bishop's Opening,1,Draw
15490,5,66,1,Sicilian Defense,2,White
15492,67,70,1,Sicilian Defense,3,Black
14045,165,32,1,Nimzo-Larsen Attack,1,Black
14419,147,38,1,Italian Game,1,White
8562,493,30,1,King's Indian Attack,1,White
11557,248,23,1,Italian Game,1,White
11559,194,46,1,Nimzo-Indian Defense,2,White
13862,248,23,1,Italian Game,3,White
13864,194,46,1,Nimzo-Indian Defense,4,White
3568,69,62,1,Scotch Game,1,Black
10726,61,58,0,Vienna Game,1,Black
10738,151,61,1,Vienna Game,2,White
10977,392,8,1,Alekhine Defense,3,White
8945,467,19,1,Scotch Game,1,White
19357,15,60,1,Four Knights Game,2,Black
19367,15,147,1,Nimzowitsch Defense,3,Draw
9530,84,57,1,Mexican Defense,1,White
18223,26,25,1,English Opening,1,Black
6901,183,28,1,Italian Game,1,Black
13545,56,56,1,Sicilian Defense,1,Black
15149,332,53,1,Zukertort Opening,1,White
587,216,60,1,Budapest Defense,1,Black
3722,80,74,1,Van't Kruijs Opening,1,Black
18718,140,44,1,Scandinavian Defense,1,Black
18719,95,28,1,Bishop's Opening,2,Black
18721,59,105,1,Scandinavian Defense,3,White
13226,97,71,1,English Opening,1,White
20022,37,56,1,King's Indian Defense,2,Black
20024,9,107,1,English Opening,3,Black
20026,199,37,1,English Opening,4,White
20029,158,115,1,English Opening,5,White
20030,24,37,1,English Opening,6,Black
1231,37,52,1,Van't Kruijs Opening,1,Black
2984,381,45,1,Bishop's Opening,1,White
11617,669,74,0,Scotch Game,1,Black
11621,645,51,0,Center Game,2,White
11623,645,63,0,Robatsch (Modern) Defense,3,White
11625,645,28,0,Sicilian Defense,4,White
11627,645,23,0,Sicilian Defense,5,White
11629,645,57,0,Sicilian Defense,6,White
11632,648,61,0,Robatsch (Modern) Defense,7,White
11638,648,23,0,Four Knights Game,8,White
11640,648,25,0,Center Game,9,White
11643,648,36,0,King's Gambit,10,White
11645,648,91,0,Four Knights Game,11,White
11648,729,67,0,Nimzowitsch Defense,12,White
11650,729,29,0,Four Knights Game,13,White
18204,26,69,1,Nimzowitsch Defense,1,White
6746,223,14,1,French Defense,1,Black
10543,70,51,1,Nimzo-Larsen Attack,1,White
11252,70,51,1,Nimzo-Larsen Attack,2,White
15260,67,48,1,Caro-Kann Defense,1,White
1256,96,53,0,Queen's Gambit,1,White
7697,53,32,1,Sicilian Defense,1,White
17439,157,66,1,Italian Game,1,Black
18533,119,43,1,Italian Game,2,White
8290,303,105,1,Nimzowitsch Defense,1,White
11828,7,51,1,Queen's Gambit,1,White
9007,106,61,1,Scandinavian Defense,1,White
9008,472,62,1,Sicilian Defense,2,Black
9009,146,65,1,Scandinavian Defense,3,White
9010,162,52,1,King's Knight Opening,4,Black
12371,82,71,1,Ruy Lopez,1,White
9449,26,21,1,Four Knights Game,1,White
10015,157,61,1,Philidor Defense,1,White
15871,4,32,0,Van't Kruijs Opening,1,Black
6319,9,21,1,Sicilian Defense,1,White
15292,48,65,1,Sicilian Defense,1,White
17028,224,54,1,Philidor Defense,1,White
16668,89,48,1,Indian Game,1,Black
17519,0,70,1,Dutch Defense,2,Draw
6689,355,97,1,Van't Kruijs Opening,1,White
6860,117,51,1,English Opening,1,White
18606,117,51,1,English Opening,2,White
732,143,64,1,Nimzowitsch Defense,1,Black
18390,64,141,0,Old Indian,1,White
10212,20,63,1,Zukertort Opening,1,White
3067,7,51,1,Sicilian Defense,1,White
18884,137,102,1,Sicilian Defense,1,Black
19606,12,70,1,Ruy Lopez,2,Draw
17773,9,137,1,French Defense,1,White
8589,715,70,1,Van't Kruijs Opening,1,Black
8591,92,83,1,Zukertort Opening,2,White
8592,28,59,1,Horwitz Defense,3,White
8593,91,76,1,Nimzowitsch Defense,4,Black
8597,16,43,1,Colle System,5,White
8598,544,50,1,Sicilian Defense,6,Black
8601,46,44,1,Van't Kruijs Opening,7,Black
8603,313,26,1,Queen's Gambit,8,Black
8604,124,46,1,Caro-Kann Defense,9,Black
8606,50,99,1,Four Knights Game,10,White
8607,88,65,1,French Defense,11,White
8608,88,64,1,Van't Kruijs Opening,12,Black
15224,123,96,1,Van't Kruijs Opening,1,Black
18963,503,45,1,French Defense,1,Black
10297,87,96,1,French Defense,1,Black
10299,0,59,1,Italian Game,2,White
10300,30,74,1,Caro-Kann Defense,3,Black
10301,324,53,1,Nimzowitsch Defense,4,White
10302,114,165,0,Sicilian Defense,5,Draw
10303,84,41,0,Scandinavian Defense,6,White
14485,99,63,1,Benoni Defense,1,White
13708,16,124,1,Queen's Pawn Game,1,Black
4005,33,90,1,King's Pawn Game,1,Black
14064,5,17,1,Petrov's Defense,1,White
9879,358,24,1,Nimzowitsch Defense,1,Black
14884,815,47,1,Sicilian Defense,1,White
14365,21,45,1,Vienna Game,1,Black
18551,193,83,1,King's Gambit,1,White
3110,257,59,1,English Opening,1,White
15169,61,17,1,French Defense,1,White
17906,234,46,1,Queen's Gambit,1,Black
6112,118,58,1,French Defense,1,Black
4189,200,57,1,French Defense,1,White
6186,62,33,1,French Defense,1,White
2182,329,57,1,English Opening,1,White
13349,329,57,1,English Opening,2,White
18386,51,123,1,Nimzowitsch Defense,1,White
19484,17,107,1,French Defense,1,White
3545,0,49,1,Slav Defense,1,White
9486,175,46,1,Queen's Pawn Game,2,Black
9787,55,29,1,Horwitz Defense,3,White
3970,8,32,0,Blumenfeld Countergambit,1,Black
3971,508,16,0,Horwitz Defense,2,Black
3972,8,59,0,King's Knight Opening,3,White
3973,219,24,0,French Defense,4,Black
3975,105,93,0,Horwitz Defense,5,White
3978,193,10,0,English Opening,6,Black
3980,193,60,0,Queen's Pawn Game,7,Black
2218,248,46,1,French Defense,1,Black
8630,179,20,1,Scandinavian Defense,1,Black
12821,157,137,1,Nimzowitsch Defense,1,Draw
14385,31,45,1,Scotch Game,2,White
8802,181,55,1,Scandinavian Defense,1,White
3684,29,18,1,Petrov's Defense,1,Black
11511,52,36,1,Queen's Gambit,1,Black
11512,121,42,1,Semi-Bononi,2,Black
10757,97,95,0,Petrov's Defense,1,Draw
417,2,51,1,Van't Kruijs Opening,1,White
6562,283,27,1,King's Pawn Game,1,White
11901,30,44,1,Slav Defense,1,Black
11903,131,38,1,Semi-Slav Defense,2,Black
11906,47,64,1,Nimzo-Indian Defense,3,Black
11909,35,46,1,Nimzo-Indian Defense,4,Black
11911,188,90,1,King's Indian Defense,5,Black
11912,286,62,1,Queen's Gambit,6,White
11915,0,68,0,Nimzo-Indian Defense,7,Black
11917,0,103,0,Nimzo-Indian Defense,8,Draw
6469,204,52,1,Caro-Kann Defense,1,Black
6470,204,27,1,Scotch Game,2,White
6471,204,121,1,Nimzowitsch Defense,3,Black
6473,204,91,1,King's Pawn Game,4,White
6475,204,60,1,Scotch Game,5,Black
6476,204,123,0,King's Pawn Game,6,White
6478,209,99,0,King's Pawn Game,7,White
6481,319,89,1,Pirc Defense,8,White
6483,202,95,1,Robatsch (Modern) Defense,9,White
6484,54,2,0,King's Pawn Game,10,Black
6487,41,29,1,Slav Defense,11,Black
6488,239,43,1,Indian Game,12,White
6491,156,33,1,English Opening,13,White
6496,122,31,1,Queen's Pawn Game,14,White
6497,127,86,1,King's Pawn Game,15,Black
6499,120,31,1,Nimzowitsch Defense,16,White
6501,36,129,1,King's Pawn Game,17,Black
6502,73,67,1,Nimzowitsch Defense,18,White
6504,44,66,1,King's Pawn Game,19,Black
3506,81,138,1,Italian Game,1,Black
9463,286,111,1,Pirc Defense,1,Draw
680,399,44,1,Sicilian Defense,1,Black
15785,17,38,1,Van't Kruijs Opening,1,Black
15787,66,37,1,Blackmar-Diemer Gambit,2,White
9511,143,55,1,Sicilian Defense,1,White
9513,452,48,1,French Defense,2,White
9516,47,105,1,Four Knights Game,3,White
9517,275,55,1,Van't Kruijs Opening,4,White
18946,185,61,1,Benoni Defense,1,White
10261,131,74,1,Scandinavian Defense,1,White
3350,228,41,1,Queen's Gambit,1,White
3352,284,55,1,King's Indian Defense,2,White
3354,151,108,1,Queen's Gambit,3,Black
3355,268,113,1,Yusupov-Rubinstein System,4,White
3356,274,43,1,Queen's Gambit,5,White
3358,104,97,1,Horwitz Defense,6,White
3361,177,40,1,Colle System,7,Black
3364,298,59,1,Queen's Gambit,8,White
3366,48,34,1,Blackmar-Diemer Gambit,9,Black
3367,468,35,1,Queen's Gambit,10,White
3369,61,41,1,Queen's Gambit,11,White
3370,53,127,1,Blackmar-Diemer Gambit,12,White
3371,139,45,1,Queen's Pawn Game,13,Black
3374,78,83,1,Slav Defense,14,White
3375,87,65,1,London System,15,White
3376,65,86,1,French Defense,16,Draw
3378,62,105,1,Slav Defense,17,Draw
3381,128,64,1,Queen's Gambit,18,Black
3382,131,76,1,French Defense,19,Black
3383,166,76,1,Queen's Gambit,20,Black
5507,22,60,1,English Opening,1,Black
15313,82,39,0,Scotch Game,1,White
18565,323,60,1,Italian Game,1,Black
1783,283,56,1,King's Pawn Game,1,Black
15457,43,131,1,Van't Kruijs Opening,1,White
7330,33,66,1,Sicilian Defense,1,Black
13549,185,26,1,Sicilian Defense,2,Black
5890,76,74,1,Indian Game,1,Black
5893,130,108,1,Blackmar-Diemer Gambit,2,Black
103,222,135,1,French Defense,1,White
1081,221,96,1,Sicilian Defense,2,Draw
5176,340,68,1,Nimzowitsch Defense,1,Black
810,11,49,1,Sicilian Defense,1,White
812,14,73,1,Blackmar-Diemer Gambit,2,White
12245,11,49,1,Sicilian Defense,3,White
12247,14,73,1,Blackmar-Diemer Gambit,4,White
7870,11,114,1,Yusupov-Rubinstein System,1,Black
7872,38,125,1,Caro-Kann Defense,2,White
7875,48,80,1,Robatsch (Modern) Defense,3,Black
7878,170,70,1,Caro-Kann Defense,4,Black
7882,50,143,1,Ruy Lopez,5,White
7883,136,74,1,Sicilian Defense,6,Black
15593,138,90,1,Sicilian Defense,1,Black
1220,45,27,1,Italian Game,1,White
3198,48,33,1,Sicilian Defense,2,White
18594,24,42,1,Bishop's Opening,3,Black
7334,98,21,1,Sicilian Defense,1,White
2580,247,50,0,Van't Kruijs Opening,1,Black
15360,247,50,0,Van't Kruijs Opening,2,Black
14455,152,74,1,Italian Game,1,Black
1091,6,150,1,King's Pawn Game,1,Black
2652,108,105,1,Nimzo-Larsen Attack,1,White
1859,3,54,1,Sicilian Defense,1,Black
15780,3,67,1,King's Knight Opening,1,White
13281,15,54,1,Sicilian Defense,1,Black
4443,92,16,0,French Defense,1,White
4445,254,36,1,Ruy Lopez,2,Black
4447,188,20,1,Ruy Lopez,3,Black
4448,743,3,1,King's Knight Opening,4,White
4449,188,54,0,Scandinavian Defense,5,Draw
4450,310,42,1,Ruy Lopez,6,Black
15404,68,39,1,Caro-Kann Defense,1,White
11836,249,54,0,Italian Game,1,Black
2458,85,30,1,Scandinavian Defense,1,Black
8673,591,53,1,Sicilian Defense,1,White
18748,5,138,1,Van't Kruijs Opening,1,Black
7715,14,53,1,Sicilian Defense,1,White
19370,125,87,1,Nimzowitsch Defense,1,Black
4934,40,84,1,Van't Kruijs Opening,1,Black
3290,13,25,0,King's Pawn Game,1,White
7057,25,109,1,Sicilian Defense,1,White
6137,57,125,1,Dutch Defense,1,White
12642,21,45,1,Sicilian Defense,1,White
9286,76,43,0,Nimzowitsch Defense,1,White
8391,343,74,1,French Defense,1,Black
15116,113,30,1,King's Knight Opening,1,Black
17774,112,93,1,King's Indian Defense,1,White
1012,20,74,1,Budapest Defense,1,Black
13203,29,31,1,King's Pawn Game,1,White
7504,624,39,1,Pirc Defense,1,White
19611,401,58,1,Nimzo-Indian Defense,1,Black
19612,1141,54,0,Horwitz Defense,2,Black
19616,6,53,0,Queen's Gambit,3,White
19617,6,43,0,Semi-Bononi,4,White
19618,6,67,0,Gruenfeld Defense,5,White
19620,199,38,1,Queen's Gambit,6,Black
19621,323,76,1,Queen's Gambit,7,Black
14591,21,40,1,Sicilian Defense,1,Black
5051,10,49,1,Nimzowitsch Defense,1,White
18823,77,88,1,Van't Kruijs Opening,2,Black
18845,32,130,1,Blackmar-Diemer Gambit,3,Black
10227,350,12,1,Italian Game,1,White
7541,7,43,1,Pirc Defense,1,White
7168,458,42,1,King's Pawn Game,1,Black
3209,130,36,0,Ruy Lopez,1,Black
17841,415,53,1,Sicilian Defense,1,Black
590,215,122,1,Scandinavian Defense,1,Black
15835,101,92,1,Sicilian Defense,2,Black
3234,20,64,0,English Opening,1,Black
3235,20,60,0,Van't Kruijs Opening,2,Black
771,213,112,1,Bird Opening,1,Black
11372,193,87,1,Pirc Defense,2,White
11891,7,129,1,Blackmar-Diemer Gambit,3,White
13463,193,87,1,Pirc Defense,4,White
14955,233,83,1,Indian Game,5,White
6207,412,69,1,French Defense,1,White
14223,37,14,0,French Defense,1,Black
6930,187,6,1,Scotch Game,1,Black
689,12,66,1,Sicilian Defense,1,Black
437,170,52,1,Scandinavian Defense,1,Black
140,102,58,1,Nimzo-Indian Defense,1,Black
3695,57,48,1,Blackmar-Diemer Gambit,1,Black
4237,137,255,1,French Defense,1,Draw
4243,11,67,1,French Defense,2,White
12211,1121,99,0,Indian Game,1,White
5430,9,71,1,Sicilian Defense,1,White
18334,9,71,1,Sicilian Defense,2,White
28,290,54,1,Queen's Pawn Game,1,Black
15434,312,45,1,Ruy Lopez,1,White
2834,119,61,0,Ruy Lopez,1,White
6801,82,46,0,King's Pawn Game,1,Black
5939,90,51,1,King's Pawn Game,1,White
5941,35,30,1,Old Indian,2,Black
5943,21,18,1,King's Pawn Game,3,Black
5949,37,111,1,English Opening,4,White
5954,56,113,1,English Opening,5,White
7473,210,126,1,Sicilian Defense,1,Black
7475,187,72,1,Sicilian Defense,2,Black
7481,358,88,1,Van't Kruijs Opening,3,Black
7483,346,58,1,Sicilian Defense,4,Black
7485,344,60,1,Sicilian Defense,5,Black
7488,324,88,1,Nimzo-Larsen Attack,6,Black
7494,350,84,1,Sicilian Defense,7,Black
7501,343,142,1,Sicilian Defense,8,Black
11986,304,48,1,King's Pawn Game,1,Black
2678,141,31,0,King's Knight Opening,1,White
13786,59,70,1,Dutch Defense,1,Black
5077,76,90,0,Italian Game,1,Black
14989,66,37,1,Ruy Lopez,1,White
2271,111,34,1,Sicilian Defense,1,Black
18120,251,75,1,French Defense,1,White
2671,404,19,1,French Defense,1,White
14424,445,23,1,Blackmar-Diemer Gambit,1,White
5670,328,61,0,Indian Game,1,White
16194,359,39,1,Four Knights Game,1,White
2609,175,72,1,French Defense,1,Black
3998,2,65,1,Ruy Lopez,2,White
18907,48,112,1,Semi-Slav Defense,1,Black
3615,360,99,1,Scandinavian Defense,1,White
15599,20,65,1,Sicilian Defense,1,Black
1572,24,35,1,Pirc Defense,1,White
6295,234,43,1,Horwitz Defense,1,White
9949,161,77,1,Scotch Game,1,White
16949,79,43,1,King's Gambit,1,Black
16950,267,92,1,King's Gambit,2,Black
18171,52,171,1,Slav Defense,1,White
4101,727,47,1,Pirc Defense,1,White
8864,132,28,1,King's Gambit,1,Black
20057,133,109,1,Pirc Defense,1,White
6969,146,9,1,French Defense,1,White
1109,52,46,0,French Defense,1,Black
340,50,124,1,Van't Kruijs Opening,1,Black
3057,23,70,1,Sicilian Defense,1,Black
14720,21,90,1,Sicilian Defense,1,Black
1732,33,108,1,English Opening,1,Black
1755,297,52,1,Blackmar-Diemer Gambit,1,Black
3632,284,48,1,Blackmar-Diemer Gambit,2,Black
12909,22,110,1,English Opening,1,Draw
12911,23,89,1,Queen's Gambit,2,White
16691,21,127,1,Sicilian Defense,1,White
18788,66,61,0,Sicilian Defense,1,White
7960,17,70,1,Benoni Defense,1,Black
5053,32,34,1,King's Knight Opening,1,Black
16291,57,20,1,Ruy Lopez,2,Black
15776,10,79,1,King's Pawn Game,1,White
4439,19,107,1,Four Knights Game,1,White
4235,140,54,1,French Defense,1,Black
4245,201,88,1,French Defense,2,Black
440,139,2,1,Scandinavian Defense,1,Draw
11784,78,50,1,Sicilian Defense,1,Black
14865,68,14,1,Indian Game,1,Black
14866,58,66,1,Horwitz Defense,2,Black
14870,127,40,1,Horwitz Defense,3,Black
14871,32,90,1,Queen's Gambit,4,Black
14873,119,65,1,Blackmar-Diemer Gambit,5,White
14875,375,94,0,Blackmar-Diemer Gambit,6,Black
14876,375,50,0,Horwitz Defense,7,Black
14878,377,76,0,Blackmar-Diemer Gambit,8,Black
14882,77,64,1,Blackmar-Diemer Gambit,9,Black
14883,89,78,1,Blackmar-Diemer Gambit,10,Black
14885,783,52,1,Blackmar-Diemer Gambit,11,Black
14887,958,42,1,Blackmar-Diemer Gambit,12,Black
14891,736,74,1,Horwitz Defense,13,Black
14892,251,82,1,Horwitz Defense,14,Black
14893,729,42,1,Horwitz Defense,15,Black
14897,257,72,1,Benoni Defense,16,Black
14898,185,70,1,Horwitz Defense,17,Black
14900,120,72,1,Indian Game,18,Black
14902,148,20,1,Horwitz Defense,19,Black
14904,312,45,1,Queen's Pawn,20,White
11545,39,46,1,Bishop's Opening,1,Black
11547,22,39,1,Petrov's Defense,2,White
11549,26,99,1,Bishop's Opening,3,White
789,26,93,1,Blackmar-Diemer Gambit,1,White
12224,26,93,1,Blackmar-Diemer Gambit,2,White
2786,101,125,1,French Defense,1,Draw
6683,325,65,1,King's Pawn Game,1,White
15135,192,57,1,King's Pawn Game,2,White
17582,250,22,1,Sicilian Defense,1,Black
851,213,70,1,Scandinavian Defense,1,Black
12328,213,70,1,Scandinavian Defense,2,Black
7208,8,115,1,Van't Kruijs Opening,1,Draw
7209,72,48,1,Van't Kruijs Opening,2,White
8260,402,42,1,Van't Kruijs Opening,3,Black
8261,397,64,1,Van't Kruijs Opening,4,Black
11894,103,64,1,Italian Game,1,Black
16644,102,57,1,French Defense,2,White
12103,74,72,1,Van't Kruijs Opening,1,Black
2665,11,43,1,King's Pawn Game,1,White
17426,187,49,1,Bishop's Opening,1,White
11761,321,53,1,Sicilian Defense,1,White
19783,288,70,1,Pirc Defense,1,White
9737,25,15,1,Horwitz Defense,1,White
723,143,82,1,Queen's Pawn Game,1,Black
6601,142,49,1,King's Pawn Game,1,Black
12925,71,135,1,Ruy Lopez,1,Black
12927,32,112,1,Ruy Lopez,2,Black
1598,121,51,1,Queen's Pawn Game,1,White
6620,213,41,0,Blackmar-Diemer Gambit,1,White
6408,45,28,1,Caro-Kann Defense,1,Black
17835,219,17,1,King's Pawn Game,1,White
17836,180,7,1,King's Pawn Game,2,White
724,300,64,1,Slav Defense,1,Black
725,278,59,1,King's Indian Attack,2,Black
14232,113,53,0,French Defense,1,White
15900,7,23,1,Vienna Game,1,White
13122,17,61,1,Pirc Defense,1,Black
14557,30,87,1,Van't Kruijs Opening,1,White
14558,490,135,1,Van't Kruijs Opening,2,White
14562,301,46,1,Italian Game,3,Black
14564,213,62,1,Sicilian Defense,4,Black
14566,207,145,1,Philidor Defense,5,White
14567,93,19,1,Sicilian Defense,6,White
6651,45,90,1,Horwitz Defense,1,Black
200,337,106,0,Italian Game,1,Black
11427,337,106,0,Italian Game,2,Black
13754,337,106,0,Italian Game,3,Black
19075,337,106,0,Italian Game,4,Black
17188,2,47,1,French Defense,1,White
1515,15,62,1,Sicilian Defense,1,Black
10336,377,82,1,Sicilian Defense,1,Black
12752,371,18,0,Scandinavian Defense,1,Black
1626,32,64,1,Bishop's Opening,1,White
5739,168,43,1,Philidor Defense,1,White
14807,173,2,0,Nimzowitsch Defense,1,White
10711,257,38,1,Ruy Lopez,1,Black
19308,177,63,1,Caro-Kann Defense,1,White
19962,215,105,1,Nimzo-Larsen Attack,1,White
19964,311,104,1,Van't Kruijs Opening,2,Black
19967,9,49,1,Van't Kruijs Opening,3,White
19969,81,102,1,Van't Kruijs Opening,4,Draw
19972,164,12,1,Zukertort Opening,5,Black
19973,33,45,1,Scandinavian Defense,6,White
19975,49,88,1,Sicilian Defense,7,Draw
19977,41,65,1,Van't Kruijs Opening,8,White
19979,233,119,1,Van't Kruijs Opening,9,White
12152,211,48,1,Queen's Gambit,1,Black
8016,123,59,0,English Opening,1,White
1587,13,26,1,Italian Game,1,Black
13161,13,26,1,Italian Game,2,Black
14779,13,26,1,Italian Game,3,Black
2919,524,43,0,Nimzowitsch Defense,1,White
2920,524,17,0,Nimzowitsch Defense,2,White
15656,524,43,0,Nimzowitsch Defense,3,White
15657,524,17,0,Nimzowitsch Defense,4,White
8750,2,39,1,English Opening,1,White
823,92,103,1,Van't Kruijs Opening,1,White
14565,389,59,1,Caro-Kann Defense,1,White
3553,56,114,0,Ruy Lopez,1,Black
16066,125,47,1,King's Knight Opening,1,White
4698,180,9,1,Blackmar-Diemer Gambit,1,White
14067,7,106,1,Petrov's Defense,1,Black
19517,190,41,1,Scotch Game,1,White
8033,114,109,1,Caro-Kann Defense,1,White
442,2,56,1,Scandinavian Defense,1,Black
11466,661,120,1,Sicilian Defense,2,Black
19263,341,15,1,Ruy Lopez,3,White
15090,122,77,1,Italian Game,1,White
16573,55,102,1,King's Pawn Game,1,Black
3966,62,33,0,Sicilian Defense,1,White
12567,77,43,1,Semi-Slav Defense,1,White
13637,147,50,1,Scandinavian Defense,1,White
9916,330,102,1,Vienna Game,1,Black
18276,157,155,1,Philidor Defense,1,White
4555,155,73,1,Sicilian Defense,1,White
10534,10,56,1,French Defense,1,Black
11243,10,56,1,French Defense,2,Black
14040,253,35,1,Queen's Gambit,1,White
9627,230,23,1,Ruy Lopez,1,White
9628,41,53,1,Sicilian Defense,2,Black
9630,126,14,1,Sicilian Defense,3,Black
9631,151,26,1,Sicilian Defense,4,Black
9635,185,34,1,Nimzowitsch Defense,5,Black
9638,143,26,1,Alekhine Defense,6,Black
9639,117,41,1,Nimzowitsch Defense,7,White
9640,22,18,1,French Defense,8,Black
9641,209,46,1,Ruy Lopez,9,Black
9643,17,48,1,Philidor Defense,10,Black
9645,28,33,1,Pirc Defense,11,White
9648,48,101,1,Ruy Lopez,12,White
9649,38,51,1,Nimzowitsch Defense,13,White
9652,474,42,1,Caro-Kann Defense,14,Black
9656,36,47,1,Philidor Defense,15,White
9657,394,28,1,Italian Game,16,Black
9659,91,54,1,Sicilian Defense,17,Black
9660,634,86,1,Four Knights Game,18,Black
9662,366,20,1,Caro-Kann Defense,19,Black
8142,59,29,1,Queen's Pawn Game,1,White
4453,220,23,1,Scandinavian Defense,1,White
6156,166,36,1,French Defense,1,White
13383,166,38,0,Italian Game,1,Black
13385,284,30,0,Four Knights Game,2,Black
13391,312,35,0,Italian Game,3,Black
17043,333,63,1,Bishop's Opening,1,White
10188,258,38,1,King's Pawn Game,1,Black
10189,286,32,1,French Defense,2,Black
10192,189,38,0,Scandinavian Defense,3,Black
10193,137,40,0,French Defense,4,Black
10194,286,28,0,French Defense,5,Black
17952,22,72,1,Caro-Kann Defense,1,Black
17953,61,59,1,Queen's Gambit,2,White
17956,48,46,1,Benoni Defense,3,Black
17957,49,178,1,Slav Defense,4,Black
17961,289,71,0,Dutch Defense,5,Black
17963,289,90,0,Dutch Defense,6,Black
17966,235,60,1,Ruy Lopez,7,Black
17968,187,55,1,Ruy Lopez,8,White
17969,179,36,1,Sicilian Defense,9,Black
17971,224,80,1,Sicilian Defense,10,Black
17972,250,121,1,Sicilian Defense,11,White
17974,138,24,1,Sicilian Defense,12,Black
17975,244,48,1,Caro-Kann Defense,13,Black
19018,22,72,1,Caro-Kann Defense,14,Black
12017,207,44,1,Van't Kruijs Opening,1,Black
19746,213,45,1,King's Pawn Game,1,White
15159,76,72,1,Zukertort Opening,1,Black
392,200,34,1,Ruy Lopez,1,Black
19952,39,74,1,Sicilian Defense,1,Black
14357,64,110,1,Italian Game,1,Black
3363,101,32,1,Queen's Gambit,1,White
7979,72,29,1,Ruy Lopez,1,White
11134,367,3,1,Zukertort Opening,1,Black
15722,250,115,0,Queen's Pawn Game,1,Draw
12456,598,88,0,Caro-Kann Defense,1,Draw
12457,598,36,0,Caro-Kann Defense,2,White
5543,41,40,1,Slav Defense,1,Black
11406,379,33,0,King's Pawn Game,1,White
13733,379,33,0,King's Pawn Game,2,White
19054,379,33,0,King's Pawn Game,3,White
12891,117,170,0,King's Indian Defense,1,Black
9224,836,94,1,Dutch Defense,1,Black
8314,17,35,1,King's Pawn Game,1,White
11358,270,66,1,Yusupov-Rubinstein System,1,Black
11361,189,74,1,Bogo-Indian Defense,2,Black
11363,125,75,1,Queen's Pawn,3,White
11364,182,92,1,Dutch Defense,4,Black
11367,476,119,1,Queen's Gambit,5,White
11368,137,70,1,Queen's Indian Defense,6,Black
11371,2,109,1,Slav Defense,7,White
11373,151,77,1,Van't Kruijs Opening,8,White
11374,156,87,1,Neo-Gruenfeld Defense,9,White
11378,51,117,1,Indian Game,10,Black
11379,4,47,1,Queen's Gambit,11,White
11381,727,10,1,Slav Defense,12,White
11383,176,42,1,East Indian Defense,13,Black
11384,185,87,1,French Defense,14,White
11386,322,94,1,East Indian Defense,15,Black
11388,196,47,1,Blumenfeld Countergambit,16,White
13430,727,10,1,Slav Defense,17,White
13449,270,66,1,Yusupov-Rubinstein System,18,Black
13452,189,74,1,Bogo-Indian Defense,19,Black
13454,125,75,1,Queen's Pawn,20,White
13455,182,92,1,Dutch Defense,21,Black
13458,476,119,1,Queen's Gambit,22,White
13459,137,70,1,Queen's Indian Defense,23,Black
13462,2,109,1,Slav Defense,24,White
13464,151,77,1,Van't Kruijs Opening,25,White
13465,156,87,1,Neo-Gruenfeld Defense,26,White
13469,51,117,1,Indian Game,27,Black
13470,4,47,1,Queen's Gambit,28,White
13472,727,10,1,Slav Defense,29,White
13474,176,42,1,East Indian Defense,30,Black
13475,185,87,1,French Defense,31,White
13477,322,94,1,East Indian Defense,32,Black
13479,196,47,1,Blumenfeld Countergambit,33,White
2436,39,84,1,King's Pawn Game,1,Black
2438,28,68,1,King's Pawn Game,2,Black
2439,69,82,1,King's Pawn Game,3,Black
2441,44,151,1,Sicilian Defense,4,White
2443,86,34,1,King's Pawn Game,5,Black
2447,55,40,1,King's Pawn Game,6,Black
2449,31,57,1,King's Pawn Game,7,White
2451,126,70,1,Sicilian Defense,8,Black
2452,75,19,1,Nimzowitsch Defense,9,White
2454,127,45,1,King's Pawn Game,10,White
2455,258,37,1,King's Knight Opening,11,White
2459,78,63,1,Robatsch (Modern) Defense,12,White
2461,36,128,1,King's Pawn Game,13,Black
2463,61,31,1,King's Pawn Game,14,White
2464,2,97,1,King's Pawn Game,15,White
2465,6,7,1,Nimzowitsch Defense,16,White
2467,216,58,1,Sicilian Defense,17,Black
2469,18,14,1,Italian Game,18,Black
2470,35,43,1,French Defense,19,White
2473,22,91,1,Scotch Game,20,White
2475,20,53,1,Sicilian Defense,21,White
18161,1,89,1,Sicilian Defense,1,White
18422,149,38,1,Ruy Lopez,2,Black
444,431,31,1,English Opening,1,White
1668,165,47,1,Van't Kruijs Opening,1,White
7319,124,30,1,Sicilian Defense,1,Black
2055,6,65,1,Scotch Game,1,White
2265,96,64,1,London System,1,Black
5704,97,32,1,French Defense,1,White
6826,647,17,1,Queen's Gambit,1,White
18387,356,59,1,Nimzo-Larsen Attack,1,White
6786,19,156,1,Scotch Game,1,Black
1234,30,104,1,King's Pawn Game,1,Black
9181,341,75,1,Nimzowitsch Defense,1,White
9183,150,7,1,King's Pawn Game,2,White
20047,15,36,1,Pirc Defense,1,Black
20049,19,25,1,French Defense,2,White
16651,439,70,1,Sicilian Defense,1,Black
16629,213,76,1,Italian Game,1,Black
4312,98,15,1,King's Pawn Game,1,White
5729,98,53,1,Ruy Lopez,1,White
1798,44,58,1,Bishop's Opening,1,Black
1800,103,84,1,Bishop's Opening,2,Black
1827,11,60,1,Philidor Defense,3,White
1829,15,34,1,King's Gambit,4,Black
1830,10,40,1,King's Knight Opening,5,Black
1835,10,44,1,Scandinavian Defense,6,Black
1836,15,34,1,Scandinavian Defense,7,Black
1837,15,34,0,Scandinavian Defense,8,Black
1838,49,157,1,King's Knight Opening,9,White
14258,183,41,1,Italian Game,10,White
15013,44,58,1,Bishop's Opening,11,Black
15015,103,84,1,Bishop's Opening,12,Black
15876,693,50,0,Gruenfeld Defense,1,Black
14915,260,18,0,Philidor Defense,1,White
14918,64,91,1,French Defense,2,White
14919,120,31,1,Caro-Kann Defense,3,White
14920,55,13,1,Petrov's Defense,4,White
14923,259,50,1,Scotch Game,5,White
14926,206,47,1,Philidor Defense,6,White
14928,9,24,1,Scotch Game,7,Black
14930,162,53,1,Philidor Defense,8,White
14932,64,44,1,Philidor Defense,9,Black
14933,348,61,1,French Defense,10,White
14935,318,34,1,Sicilian Defense,11,Black
14937,263,14,1,Scotch Game,12,Black
14938,168,46,1,Philidor Defense,13,Black
14940,353,97,1,Philidor Defense,14,White
14942,195,59,1,Scotch Game,15,White
14944,210,56,1,Philidor Defense,16,Black
14945,217,45,1,Four Knights Game,17,White
14947,158,127,1,Sicilian Defense,18,Draw
14951,136,40,0,French Defense,19,White
14952,92,67,0,Scandinavian Defense,20,White
14953,156,89,0,Philidor Defense,21,White
12427,492,56,0,Sicilian Defense,1,Black
1122,163,66,1,Philidor Defense,1,Black
3454,23,57,0,Nimzowitsch Defense,1,White
16321,23,57,0,Nimzowitsch Defense,2,White
19974,91,71,1,Indian Game,1,Draw
5799,56,79,1,Sicilian Defense,1,White
11884,3,52,1,Zukertort Opening,1,Black
11889,102,54,1,Robatsch (Modern) Defense,2,Black
4932,108,68,1,Sicilian Defense,1,White
2515,36,54,1,Scandinavian Defense,1,White
278,59,80,1,Scandinavian Defense,1,Black
1462,74,64,0,Sicilian Defense,1,Black
1467,87,62,0,Pirc Defense,2,Black
14002,174,21,1,Philidor Defense,1,White
11139,299,33,1,Horwitz Defense,1,White
264,50,70,0,Bird Opening,1,Black
11336,19,85,1,Caro-Kann Defense,2,White
13607,19,85,1,Caro-Kann Defense,3,White
1991,626,19,0,French Defense,1,White
1993,626,34,0,Ruy Lopez,2,White
15749,4,90,1,King's Gambit,1,Black
14905,135,73,1,Pirc Defense,1,White
17605,37,50,1,Sicilian Defense,1,Black
7072,424,70,0,Van't Kruijs Opening,1,Black
7074,424,11,0,Van't Kruijs Opening,2,White
17306,82,66,1,Vienna Game,1,Black
13124,107,54,1,Pirc Defense,1,Black
939,8,33,0,Scandinavian Defense,1,White
15209,192,38,0,Italian Game,1,Black
663,351,56,1,Sicilian Defense,1,Black
18933,47,42,1,Dutch Defense,1,Black
17627,11,30,0,Sicilian Defense,1,Black
11168,237,61,1,French Defense,1,White
5687,71,99,1,French Defense,1,White
7267,119,110,1,Nimzowitsch Defense,1,Black
7658,95,67,1,French Defense,1,Black
4556,485,71,1,Sicilian Defense,1,White
983,388,80,0,Philidor Defense,1,Black
8850,87,8,1,Pirc Defense,1,Draw
2411,67,64,1,Van't Kruijs Opening,1,Draw
5605,151,81,1,Caro-Kann Defense,1,White
5205,245,65,0,Semi-Slav Defense,1,White
5207,43,100,0,English Opening,2,Black
5209,43,60,0,English Opening,3,Black
5211,84,56,0,Reti Opening,4,Black
5214,183,73,0,Slav Defense,5,White
5217,18,98,1,English Opening,6,Draw
5218,112,68,1,Zukertort Opening,7,Black
5219,94,64,0,Zukertort Opening,8,Black
5221,57,159,1,Zukertort Opening,9,White
5222,26,11,1,Zukertort Opening,10,White
5223,1,22,0,Scandinavian Defense,11,Black
5224,29,75,1,Reti Opening,12,White
5226,7,52,0,Reti Opening,13,Black
5229,82,35,0,English Opening,14,White
5231,82,67,0,Reti Opening,15,White
5233,82,38,0,Reti Opening,16,Black
5234,35,75,0,Zukertort Opening,17,White
5236,140,32,0,Semi-Slav Defense,18,White
5238,115,57,1,English Opening,19,White
11803,39,54,1,Sicilian Defense,1,Black
15928,38,61,1,Italian Game,1,White
7396,26,26,0,Nimzowitsch Defense,1,White
4584,206,39,0,Nimzowitsch Defense,1,White
2135,180,5,1,King's Gambit,1,White
16465,5,41,1,Sicilian Defense,1,White
16467,115,108,1,Caro-Kann Defense,2,Black
16468,91,92,1,Caro-Kann Defense,3,Black
16469,57,62,1,French Defense,4,Black
16470,59,47,1,Philidor Defense,5,White
16473,153,21,1,French Defense,6,White
4990,254,47,1,Zukertort Opening,1,White
14216,86,64,0,French Defense,1,Black
15105,108,20,1,Scotch Game,1,Black
6904,72,61,1,Indian Game,1,White
6314,14,58,1,Sicilian Defense,1,Black
5737,15,73,1,Philidor Defense,1,White
14587,40,76,1,Blackmar-Diemer Gambit,1,Black
990,341,75,0,Ruy Lopez,1,White
15546,415,50,0,Caro-Kann Defense,2,White
17461,104,43,1,Four Knights Game,1,White
4194,403,38,1,French Defense,1,White
14376,5,190,1,Van't Kruijs Opening,1,Draw
7518,418,49,1,English Opening,1,White
13997,148,88,1,Van't Kruijs Opening,1,Black
14263,209,53,1,Dutch Defense,2,White
17568,71,74,1,Sicilian Defense,1,Black
19479,89,160,1,French Defense,1,Black
19504,70,74,1,French Defense,2,Black
15751,185,130,1,Blackmar-Diemer Gambit,1,Black
15753,66,39,1,Benoni Defense,2,White
15754,30,43,1,Blackmar-Diemer Gambit,3,White
15756,123,69,1,Blackmar-Diemer Gambit,4,White
15758,12,92,1,Van't Kruijs Opening,5,Black
15760,51,65,1,Blackmar-Diemer Gambit,6,White
15762,57,51,1,Blackmar-Diemer Gambit,7,White
15764,80,129,1,Blackmar-Diemer Gambit,8,White
15766,38,54,1,Scandinavian Defense,9,Black
15767,141,56,1,Blackmar-Diemer Gambit,10,Black
15771,19,19,1,French Defense,11,White
15773,14,39,1,Blackmar-Diemer Gambit,12,White
15774,20,57,1,Queen's Pawn Game,13,White
15775,12,43,1,Blackmar-Diemer Gambit,14,White
15778,16,104,1,Blackmar-Diemer Gambit,15,Black
15779,112,78,1,French Defense,16,Black
15781,34,66,1,King's Pawn Game,17,Black
15783,20,13,1,King's Pawn Game,18,White
15786,40,68,1,French Defense,19,Black
57,34,28,1,Vienna Game,1,White
4571,367,61,1,Bishop's Opening,1,White
14101,84,55,1,Caro-Kann Defense,1,White
487,2,71,1,French Defense,1,Black
7565,371,39,1,Sicilian Defense,1,White
1473,93,32,0,Van't Kruijs Opening,1,Black
14860,248,25,0,Slav Defense,1,White
9959,103,31,1,Queen's Gambit,1,White
11832,7,62,1,Queen's Pawn Game,1,Black
15121,322,61,1,Philidor Defense,1,White
4559,580,70,0,Russian Game,1,Black
5445,58,51,1,King's Indian Defense,1,Black
12140,54,92,1,Sicilian Defense,1,Black
12142,46,60,1,Petrov's Defense,2,Black
12145,66,24,1,French Defense,3,Black
12148,117,52,1,Sicilian Defense,4,Black
12150,308,34,1,French Defense,5,Black
12153,162,61,0,Robatsch (Modern) Defense,6,White
12158,594,59,1,Alekhine Defense,7,White
12162,108,113,1,Vienna Game,8,White
12163,76,46,1,King's Pawn Game,9,Black
12508,22,61,1,French Defense,1,White
19837,194,54,0,Four Knights Game,1,Black
919,200,86,1,Sicilian Defense,1,Black
920,101,50,0,Sicilian Defense,2,Black
922,641,31,0,King's Knight Opening,3,White
928,438,40,1,Sicilian Defense,4,Black
930,198,78,1,King's Pawn Game,5,Black
931,198,74,1,Blackmar-Diemer Gambit,6,Black
932,95,4,1,Blackmar-Diemer Gambit,7,Black
933,183,44,1,Horwitz Defense,8,Black
934,284,45,0,French Defense,9,Black
937,329,22,1,Scandinavian Defense,10,Black
938,129,58,1,Blackmar-Diemer Gambit,11,Black
942,91,36,1,Blackmar-Diemer Gambit,12,Black
5062,76,57,0,Italian Game,1,Black
5063,110,46,0,French Defense,2,Black
5068,337,83,0,Scandinavian Defense,3,White
5069,76,77,0,Philidor Defense,4,White
5072,266,116,0,Bishop's Opening,5,Draw
5073,30,50,0,Ruy Lopez,6,Black
5075,238,14,0,Van't Kruijs Opening,7,Black
5078,230,28,0,King's Knight Opening,8,Black
5080,86,23,1,Nimzowitsch Defense,9,White
5082,237,39,0,Ruy Lopez,10,Black
5084,86,67,0,King's Knight Opening,11,White
5086,38,13,0,King's Gambit,12,Black
5089,177,28,0,French Defense,13,Black
5091,373,44,0,King's Gambit,14,Black
5093,86,51,0,English Opening,15,White
5095,86,41,0,Dutch Defense,16,White
5096,86,20,0,English Opening,17,Black
5098,35,102,1,King's Knight Opening,18,Black
9651,398,45,1,Indian Game,1,White
136,61,9,1,Blackmar-Diemer Gambit,1,White
4663,63,26,0,Philidor Defense,1,Black
3751,319,31,1,Scotch Game,1,White
11104,86,94,1,Caro-Kann Defense,1,Black
4409,304,39,1,Pirc Defense,1,White
19268,250,46,1,Queen's Gambit,1,White
18142,191,12,0,King's Pawn Game,1,White
3106,311,69,1,French Defense,1,White
3108,166,155,1,Sicilian Defense,2,White
3112,151,72,1,Italian Game,3,Black
3114,16,93,1,Sicilian Defense,4,White
3116,287,52,1,Sicilian Defense,5,White
3117,356,121,1,French Defense,6,White
3119,16,7,1,Scandinavian Defense,7,White
3120,234,101,1,Pirc Defense,8,White
3122,149,122,1,Sicilian Defense,9,Black
3125,27,81,1,French Defense,10,White
3126,514,33,1,Sicilian Defense,11,White
3129,41,93,1,Sicilian Defense,12,White
3131,501,67,1,Sicilian Defense,13,White
3133,397,118,1,French Defense,14,Draw
3134,201,65,1,King's Knight Opening,15,White
8706,96,20,1,Italian Game,1,Draw
5118,104,87,1,Scandinavian Defense,1,White
19522,173,83,1,Nimzo-Indian Defense,1,White
3838,110,113,1,Scandinavian Defense,1,White
4177,623,24,1,Petrov's Defense,2,White
13952,108,126,1,Blackmar-Diemer Gambit,1,Draw
35,447,11,0,Sicilian Defense,1,White
18414,657,48,1,Scotch Game,1,Black
6898,176,20,0,Van't Kruijs Opening,1,Black
6899,89,27,1,Bishop's Opening,2,Draw
6903,310,74,1,Four Knights Game,3,Black
14364,185,16,1,Italian Game,1,Black
6270,315,151,1,Horwitz Defense,1,White
11814,274,99,1,Sicilian Defense,1,White
4229,330,108,1,Bishop's Opening,1,Black
601,433,158,0,London System,1,Draw
14733,206,54,1,Sicilian Defense,1,Black
3442,260,18,0,Queen's Gambit,1,White
5116,226,64,0,Queen's Gambit,1,Black
3127,451,48,1,Queen's Gambit,1,Black
1165,458,32,0,Italian Game,1,Black
2226,409,54,1,Petrov's Defense,2,Black
13312,175,42,0,Queen's Pawn Game,3,White
14205,355,22,0,Italian Game,4,White
17598,316,29,0,Philidor Defense,5,White
3332,1,35,1,Ruy Lopez,1,White
8286,264,41,1,Sicilian Defense,1,White
14621,162,37,1,Van't Kruijs Opening,1,White
6511,15,68,1,Scotch Game,1,Black
6512,11,49,1,Scotch Game,2,White
6513,66,36,0,Scandinavian Defense,3,Black
6514,86,123,0,Scotch Game,4,White
6515,262,50,0,Sicilian Defense,5,White
6517,242,8,0,Four Knights Game,6,White
6518,27,10,0,French Defense,7,White
6519,150,8,0,King's Knight Opening,8,White
6520,80,126,0,Scotch Game,9,Draw
6521,242,10,0,Scotch Game,10,Draw
6522,357,8,0,French Defense,11,Draw
6523,18,10,0,Scotch Game,12,Draw
6524,242,29,0,Scotch Game,13,Black
6527,85,74,1,Philidor Defense,14,Black
6529,65,86,1,Scotch Game,15,Black
6531,919,49,0,Caro-Kann Defense,16,Black
6532,148,50,1,Scotch Game,17,Black
6533,110,39,1,Nimzowitsch Defense,18,White
11677,5,64,1,Van't Kruijs Opening,1,Black
10741,25,39,1,Blackmar-Diemer Gambit,1,Draw
19933,54,41,1,Sicilian Defense,1,White
3481,34,58,0,Nimzowitsch Defense,1,Black
16348,34,58,0,Nimzowitsch Defense,2,Black
7185,555,101,1,French Defense,1,White
16799,93,40,0,French Defense,1,Black
11873,72,170,1,Scotch Game,1,Black
291,394,6,1,Four Knights Game,1,Black
9477,66,39,1,Italian Game,1,White
2053,55,68,1,King's Pawn Game,1,Black
1423,75,42,1,Italian Game,1,Black
19686,396,105,1,Sicilian Defense,2,White
1692,66,39,1,Nimzowitsch Defense,1,White
1238,172,17,1,Italian Game,1,White
17875,226,108,1,Scotch Game,1,Black
6083,2,89,1,Four Knights Game,1,White
16896,145,95,0,Bishop's Opening,1,White
17490,291,98,0,Sicilian Defense,2,Black
13368,80,75,1,Scotch Game,1,White
13369,500,9,1,Alekhine Defense,2,White
13374,98,17,1,Sicilian Defense,3,White
13376,53,58,1,Sicilian Defense,4,White
13377,184,59,1,French Defense,5,White
13380,291,31,1,King's Knight Opening,6,White
13382,175,77,1,Scotch Game,7,White
13384,284,65,0,Sicilian Defense,8,White
13387,225,97,1,Alekhine Defense,9,White
13390,312,47,0,Sicilian Defense,10,White
13393,156,45,1,Scotch Game,11,White
13395,238,55,1,Scotch Game,12,White
13397,204,103,1,Scotch Game,13,White
13398,189,34,1,Scandinavian Defense,14,White
13399,195,32,1,Scotch Game,15,Black
13401,149,100,1,Scotch Game,16,Black
13516,19,71,1,Italian Game,1,White
14992,79,17,1,Scotch Game,1,White
14993,61,33,1,Scotch Game,2,White
2248,46,133,1,Ruy Lopez,1,Black
15048,24,42,1,Sicilian Defense,1,Black
7570,25,107,1,Sicilian Defense,1,White
9532,89,121,1,Italian Game,1,White
5300,36,72,0,Four Knights Game,1,Black
12672,16,46,1,Italian Game,1,Black
14549,16,46,1,Italian Game,2,Black
7491,56,104,1,Sicilian Defense,1,White
18394,46,74,1,Bishop's Opening,2,Black
11089,51,82,1,Horwitz Defense,1,Black
9509,128,109,0,Tarrasch Defense,1,White
13936,62,22,1,Old Indian,1,Black
1899,332,90,1,Horwitz Defense,1,Black
6028,532,43,1,Philidor Defense,1,White
6030,518,113,1,Philidor Defense,2,White
6034,202,33,1,King's Pawn Game,3,White
14677,4,129,1,English Opening,1,Black
8140,42,91,0,Scandinavian Defense,1,White
2622,17,33,1,Indian Game,1,White
14814,491,99,0,French Defense,1,White
14816,491,31,0,French Defense,2,White
14818,491,21,0,Nimzowitsch Defense,3,White
826,39,92,0,Ruy Lopez,1,Draw
5989,125,106,0,Ruy Lopez,2,Black
17570,319,34,1,Sicilian Defense,1,White
7230,100,4,1,Blackmar-Diemer Gambit,1,Black
2450,55,51,1,Four Knights Game,1,White
19793,232,69,1,Zukertort Opening,1,White
12893,370,58,1,Four Knights Game,1,Black
17606,326,26,0,Sicilian Defense,1,Black
13027,69,22,0,French Defense,1,Black
4118,50,70,1,Blackmar-Diemer Gambit,1,Black
13448,50,70,1,Blackmar-Diemer Gambit,2,Black
7589,6,69,1,Semi-Slav Defense,1,White
17014,199,30,1,King's Knight Opening,1,White
8136,455,58,1,Italian Game,1,Black
5502,21,22,1,Sicilian Defense,1,White
18010,11,74,1,Scotch Game,1,Black
18824,6,115,1,Philidor Defense,1,Draw
8979,35,78,1,Nimzowitsch Defense,1,Black
15226,129,66,1,Caro-Kann Defense,1,Black
2694,109,57,0,Ruy Lopez,1,White
17867,115,118,1,Blackmar-Diemer Gambit,1,Black
13565,20,147,1,Bird Opening,1,Draw
6146,333,39,1,Scandinavian Defense,1,White
791,93,23,1,Italian Game,1,White
1379,53,124,1,French Defense,2,Black
12226,93,23,1,Italian Game,3,White
1856,32,100,1,Sicilian Defense,1,Black
1289,84,39,0,Queen's Gambit,1,White
16366,27,54,1,Dutch Defense,1,Black
17919,276,74,1,Caro-Kann Defense,1,Black
8477,93,43,1,Four Knights Game,1,White
8479,266,17,0,King's Knight Opening,2,White
8481,266,63,0,Van't Kruijs Opening,3,White
6992,27,38,0,Four Knights Game,1,Black
6993,9,38,0,Four Knights Game,2,Black
10833,234,35,0,Nimzowitsch Defense,1,White
10834,97,19,1,King's Pawn Game,2,White
10835,148,9,0,French Defense,3,Draw
10837,159,45,0,French Defense,4,White
10839,159,21,0,Robatsch (Modern) Defense,5,White
10840,118,21,1,Robatsch (Modern) Defense,6,White
17232,101,59,1,Ruy Lopez,1,White
16546,17,44,1,Robatsch (Modern) Defense,1,White
19022,70,40,1,Caro-Kann Defense,2,Black
3985,182,2,0,Sicilian Defense,1,Black
3986,108,79,1,Scandinavian Defense,2,White
3988,109,31,0,Sicilian Defense,3,White
3993,259,60,1,Petrov's Defense,4,Black
3994,33,51,1,Italian Game,5,White
3995,102,112,1,Italian Game,6,Black
8473,59,57,1,French Defense,7,Black
8456,30,115,0,Scotch Game,1,White
2686,44,62,1,English Opening,1,Black
15223,24,120,1,English Opening,2,Black
9740,269,12,1,Scandinavian Defense,1,Black
9741,135,36,1,King's Pawn Game,2,Black
9742,101,19,1,French Defense,3,Black
10896,303,68,1,Italian Game,1,Black
8649,123,24,1,Scandinavian Defense,1,Black
4197,318,26,0,French Defense,1,Black
18603,454,87,0,Queen's Gambit,1,White
5235,127,65,0,Sicilian Defense,1,White
5917,32,82,1,French Defense,1,White
345,13,96,1,King's Gambit,1,Black
10993,231,131,0,Petrov's Defense,1,White
10707,380,54,0,French Defense,1,Black
18446,229,33,1,Van't Kruijs Opening,1,White
2362,42,85,1,Nimzo-Larsen Attack,1,White
8402,35,13,1,Benoni Defense,1,White
3690,146,43,1,Sicilian Defense,1,White
2716,229,65,1,Scotch Game,1,White
7682,5,75,1,Blackmar-Diemer Gambit,1,White
5747,86,14,1,Bishop's Opening,1,Black
15936,32,101,1,Ruy Lopez,1,White
7219,5,76,1,Queen's Gambit,1,Black
4607,302,113,1,King's Pawn Game,1,White
4608,293,9,1,King's Pawn Game,2,White
8362,370,86,1,Van't Kruijs Opening,1,Black
7703,30,102,1,Sicilian Defense,1,White
16307,0,79,0,Ruy Lopez,1,White
1762,36,174,1,Ruy Lopez,1,Black
6655,101,35,1,Sicilian Defense,1,White
14296,114,46,1,Pirc Defense,1,Black
12361,5,46,0,Caro-Kann Defense,1,Black
16892,331,92,1,Van't Kruijs Opening,1,Black
5724,206,42,0,English Opening,1,Black
12555,48,130,0,Italian Game,1,Draw
12558,260,54,0,Caro-Kann Defense,2,Black
12559,58,128,0,Nimzowitsch Defense,3,Black
12562,58,19,0,King's Pawn Game,4,White
6183,1,46,1,French Defense,1,Black
3808,86,20,0,Sicilian Defense,1,Black
3810,86,52,0,Sicilian Defense,2,Black
9284,131,70,1,Bishop's Opening,1,Black
17840,79,69,1,Petrov's Defense,1,White
10386,89,72,1,Dutch Defense,1,White
8690,184,30,1,Queen's Gambit,1,White
13394,294,42,1,East Indian Defense,1,Black
16254,40,109,1,King's Pawn Game,1,Draw
17350,14,76,1,Caro-Kann Defense,1,White
17351,18,50,1,Sicilian Defense,2,Black
17354,276,51,1,King's Gambit,3,White
17355,246,28,1,French Defense,4,White
17357,59,45,1,Sicilian Defense,5,White
17360,120,82,1,Nimzowitsch Defense,6,Black
17361,117,13,1,Caro-Kann Defense,7,White
17362,92,57,1,French Defense,8,White
17363,116,34,1,French Defense,9,Black
17365,57,70,1,French Defense,10,Black
17367,182,59,1,King's Gambit,11,White
17370,120,42,1,King's Knight Opening,12,Black
17372,59,24,1,Petrov's Defense,13,Black
17375,144,62,1,Scotch Game,14,Black
17376,207,52,1,Sicilian Defense,15,Black
17378,109,67,1,Sicilian Defense,16,White
17145,78,47,1,Scotch Game,1,White
4773,9,150,1,French Defense,1,Black
1765,189,114,1,French Defense,1,Black
1768,0,45,1,Italian Game,2,White
1769,122,9,1,Nimzowitsch Defense,3,White
1770,15,102,1,King's Knight Opening,4,Black
1773,219,128,1,Italian Game,5,Black
1776,25,109,1,Philidor Defense,6,Draw
1777,31,22,1,Italian Game,7,Black
1779,21,50,1,Italian Game,8,Black
1780,283,60,1,Sicilian Defense,9,Black
1781,68,93,1,Philidor Defense,10,White
1787,338,42,1,French Defense,11,Black
1788,338,26,1,French Defense,12,Black
1789,338,77,1,French Defense,13,White
1790,338,45,1,French Defense,14,White
1791,338,112,1,French Defense,15,Draw
1792,338,52,1,French Defense,16,Black
19154,126,42,1,French Defense,1,Black
13579,67,48,1,French Defense,1,Black
12741,192,50,1,King's Gambit,1,Black
12742,59,24,1,French Defense,2,Black
2636,51,58,1,Sicilian Defense,1,Black
8579,74,51,1,Van't Kruijs Opening,1,White
6213,176,106,1,French Defense,1,Draw
19383,77,93,1,Slav Defense,1,Draw
10437,65,45,0,King's Pawn Game,1,White
10147,28,67,1,French Defense,1,White
10150,41,97,1,French Defense,2,Draw
10151,16,45,1,Sicilian Defense,3,White
4038,14,29,1,Robatsch (Modern) Defense,1,White
589,37,94,1,Scandinavian Defense,1,Black
3017,285,40,1,Sicilian Defense,1,Black
8568,298,33,1,Sicilian Defense,2,White
836,56,120,0,Caro-Kann Defense,1,Black
12313,56,120,0,Caro-Kann Defense,2,Black
7796,141,123,1,French Defense,1,White
18588,31,97,1,King's Pawn Game,1,White
42,263,71,0,Sicilian Defense,1,Black
7246,459,39,1,Horwitz Defense,1,White
12271,71,100,1,Zukertort Opening,1,Black
4390,12,48,1,English Opening,1,Black
6257,123,52,1,Queen's Pawn Game,1,Black
3707,54,29,1,King's Pawn Game,1,Black
3709,17,18,1,Italian Game,2,Black
1999,838,84,1,Blackmar-Diemer Gambit,1,Black
2002,343,32,0,King's Pawn Game,2,Black
2003,890,90,0,Van't Kruijs Opening,3,Black
2005,496,64,1,Blackmar-Diemer Gambit,4,Black
2011,529,52,0,Scandinavian Defense,5,Black
2012,658,114,0,Robatsch (Modern) Defense,6,Black
2013,200,21,1,French Defense,7,Black
2014,718,49,1,King's Pawn Game,8,Black
2017,154,61,0,King's Pawn Game,9,Black
11591,694,26,0,Bishop's Opening,1,Black
12470,46,56,1,Mexican Defense,1,Black
1419,139,113,0,Philidor Defense,1,White
1421,43,50,1,King's Knight Opening,2,Black
1422,42,114,1,Four Knights Game,3,Black
1426,98,55,0,Horwitz Defense,4,White
1428,89,44,0,Blackmar-Diemer Gambit,5,Black
1429,9,66,1,Four Knights Game,6,Black
1430,76,51,1,Blackmar-Diemer Gambit,7,White
1431,99,53,1,Blackmar-Diemer Gambit,8,White
1432,7,53,1,Caro-Kann Defense,9,White
2509,105,87,1,King's Pawn Game,1,White
4107,114,7,1,King's Pawn Game,1,White
19103,258,2,1,Horwitz Defense,1,White
12344,101,34,1,Indian Game,1,Black
12348,46,78,1,Indian Game,2,Black
12349,27,42,1,Indian Game,3,Black
12350,29,6,1,Indian Game,4,Draw
12351,54,61,1,Van't Kruijs Opening,5,White
12352,34,50,1,Caro-Kann Defense,6,Black
12353,12,88,1,Indian Game,7,Black
3903,243,2,0,Pirc Defense,1,Black
19980,84,102,1,Pirc Defense,1,Black
8107,62,55,1,Four Knights Game,1,White
8108,215,118,1,Sicilian Defense,2,Black
8109,52,54,1,Italian Game,3,Black
8110,95,67,1,Scotch Game,4,White
8112,195,91,1,Nimzowitsch Defense,5,White
538,94,74,1,Van't Kruijs Opening,1,Black
14130,202,45,1,Sicilian Defense,1,White
146,325,43,1,Bogo-Indian Defense,1,White
17279,36,54,1,Queen's Gambit,2,Black
15178,87,3,0,Indian Game,1,White
2310,21,62,0,Sicilian Defense,1,Black
4521,30,102,1,Blackmar-Diemer Gambit,1,White
2782,237,50,1,Sicilian Defense,1,Black
10291,637,125,1,Italian Game,1,White
11331,111,27,1,Queen's Gambit,1,White
13602,111,27,1,Queen's Gambit,2,White
11865,17,105,1,Caro-Kann Defense,1,White
9874,50,97,0,King's Pawn Game,1,White
11932,40,70,1,Robatsch (Modern) Defense,1,Black
4342,224,69,1,Queen's Pawn Game,1,White
9588,350,76,1,King's Pawn Game,1,Black
14423,718,35,1,Scotch Game,1,White
7613,353,123,1,French Defense,1,White
10817,505,47,1,Philidor Defense,2,White
12493,470,52,1,Sicilian Defense,3,Black
16712,37,77,1,King's Pawn Game,4,White
15099,27,58,1,Van't Kruijs Opening,1,Black
1106,485,19,1,French Defense,1,Black
7584,59,19,0,Sicilian Defense,1,Black
3753,103,74,1,Four Knights Game,1,Black
3755,33,13,1,King's Pawn Game,2,White
3756,498,52,0,King's Pawn Game,3,Black
3758,498,9,0,King's Pawn Game,4,White
3762,53,56,1,Nimzowitsch Defense,5,White
3764,805,68,1,Caro-Kann Defense,6,Black
3767,403,25,0,King's Pawn Game,7,Black
3768,534,62,1,King's Pawn Game,8,Black
3770,524,16,1,King's Pawn Game,9,Black
3772,110,94,1,French Defense,10,Black
3773,608,22,1,King's Pawn Game,11,Black
8165,64,45,1,Nimzo-Larsen Attack,1,White
12991,97,39,1,Scotch Game,1,White
8087,336,50,1,Ruy Lopez,1,Black
3744,302,42,1,Van't Kruijs Opening,1,Black
3746,249,20,1,Van't Kruijs Opening,2,Black
3748,157,50,1,Van't Kruijs Opening,3,Black
3239,204,154,0,King's Pawn Game,1,Black
5256,39,10,1,Sicilian Defense,1,Black
6889,33,126,1,Queen's Pawn Game,1,Black
18635,33,126,1,Queen's Pawn Game,2,Black
3270,36,40,1,Philidor Defense,1,Black
3271,60,64,1,Philidor Defense,2,Black
14059,6,105,1,Blackmar-Diemer Gambit,1,White
14060,1,78,1,Horwitz Defense,2,Black
14063,9,45,1,Horwitz Defense,3,White
14068,37,72,1,Blackmar-Diemer Gambit,4,Black
14070,26,35,1,Benoni Defense,5,Black
14072,65,14,1,Benoni Defense,6,Draw
14075,11,72,1,Blackmar-Diemer Gambit,7,Black
14078,5,21,1,Blackmar-Diemer Gambit,8,White
14079,79,58,1,Blackmar-Diemer Gambit,9,Black
14080,63,25,1,Indian Game,10,White
3926,18,114,1,Sicilian Defense,1,Black
10882,101,55,0,King's Knight Opening,1,White
11359,70,61,1,Van't Kruijs Opening,1,White
13450,70,61,1,Van't Kruijs Opening,2,White
7064,45,56,1,Sicilian Defense,1,Black
18556,213,47,0,Sicilian Defense,1,White
18557,366,57,1,Sicilian Defense,2,White
18558,179,112,1,Robatsch (Modern) Defense,3,Black
18560,183,17,0,Bishop's Opening,4,White
18562,244,96,1,Sicilian Defense,5,Black
18564,333,138,1,Italian Game,6,Black
18566,261,70,1,Sicilian Defense,7,Black
18567,466,64,1,Scandinavian Defense,8,Black
18568,89,62,1,Vienna Game,9,Black
18570,299,98,1,Sicilian Defense,10,Black
18571,327,94,1,Vienna Game,11,Black
5340,5,94,1,French Defense,1,Black
18739,143,23,1,Queen's Gambit,1,White
12777,461,76,0,Queen's Pawn Game,1,Black
14715,146,55,1,Sicilian Defense,1,Black
15530,65,84,1,Sicilian Defense,1,Black
1099,78,204,1,Neo-Gruenfeld Defense,1,Black
17358,228,73,1,Sicilian Defense,1,White
17359,217,78,1,Van't Kruijs Opening,2,Black
2279,51,103,1,King's Indian Defense,1,White
11793,106,45,1,Sicilian Defense,1,Black
5260,105,46,1,Sicilian Defense,1,Black
5008,482,50,1,French Defense,1,Black
5702,82,100,1,French Defense,1,White
14844,252,63,1,Queen's Gambit,1,White
4167,87,41,1,Slav Defense,1,Draw
14798,280,23,0,Scotch Game,1,White
6616,258,63,0,Sicilian Defense,1,Black
6380,143,30,1,Ruy Lopez,1,Black
17921,192,128,1,Bishop's Opening,1,Black
5045,110,83,1,Sicilian Defense,1,White
18282,343,70,1,Mexican Defense,1,Black
14756,88,8,0,King's Knight Opening,1,Black
1384,136,55,1,French Defense,1,White
993,264,12,0,Philidor Defense,1,White
2499,27,26,1,Scandinavian Defense,1,White
12085,1017,49,1,French Defense,1,White
13566,129,72,1,French Defense,1,Black
17958,50,44,1,French Defense,2,Black
18139,562,47,1,French Defense,1,White
13517,127,75,0,Ruy Lopez,1,White
13518,580,43,1,Sicilian Defense,2,White
13521,340,40,1,Ruy Lopez,3,White
13524,682,77,1,Sicilian Defense,4,White
13526,416,43,1,Sicilian Defense,5,White
13529,116,62,1,Sicilian Defense,6,White
13531,563,22,1,Caro-Kann Defense,7,White
13532,619,81,1,Ruy Lopez,8,White
6162,135,116,1,French Defense,1,Black
18131,403,42,1,French Defense,1,White
19292,242,24,1,English Opening,1,White
14927,46,47,1,Queen's Pawn Game,1,White
5485,151,29,1,Four Knights Game,1,White
15022,40,92,1,Italian Game,1,Black
20006,40,92,1,Italian Game,2,Black
18379,343,79,1,French Defense,1,Black
3086,85,38,1,Sicilian Defense,1,Black
10378,327,61,0,Queen's Pawn Game,1,White
4320,306,113,1,Benoni Defense,1,Draw
4322,37,114,1,Queen's Pawn Game,2,Black
4324,205,93,1,Queen's Gambit,3,White
4326,363,84,1,Benoni Defense,4,Black
4328,167,61,1,King's Indian Defense,5,White
4329,62,93,1,Nimzo-Indian Defense,6,White
4330,12,49,1,Horwitz Defense,7,White
4332,73,168,1,Gruenfeld Defense,8,Black
4333,139,61,1,Queen's Gambit,9,White
4335,450,53,1,King's Indian Defense,10,White
4338,4,71,1,Queen's Gambit,11,White
4339,28,77,1,Queen's Gambit,12,White
4341,62,156,1,Caro-Kann Defense,13,Black
4345,131,76,1,Queen's Pawn Game,14,Black
4346,122,29,1,King's Indian Defense,15,White
4348,138,91,1,Dutch Defense,16,White
4350,7,62,1,Queen's Pawn Game,17,Black
4352,87,75,1,English Opening,18,White
4353,271,98,1,Queen's Pawn Game,19,Black
14450,131,21,1,Queen's Gambit,20,White
12788,121,92,0,Sicilian Defense,1,Black
19884,133,17,1,Petrov's Defense,1,White
1813,29,88,1,Horwitz Defense,1,Draw
3822,253,25,1,Sicilian Defense,1,White
3141,30,42,1,Queen's Pawn Game,1,Black
18673,93,70,1,Yusupov-Rubinstein System,2,Black
7206,205,13,1,Bishop's Opening,1,White
15886,25,64,1,Sicilian Defense,1,Black
19496,36,123,1,French Defense,2,White
15632,19,43,1,Blackmar-Diemer Gambit,1,White
19600,167,88,1,King's Indian Defense,1,Black
14320,129,83,1,Bishop's Opening,1,Black
15789,72,74,1,King's Gambit,1,Black
12077,88,131,1,Sicilian Defense,1,White
7279,181,113,1,French Defense,1,White
13870,211,24,1,Bird Opening,1,Black
4199,607,52,1,Queen's Pawn Game,1,Black
3296,227,126,1,Scandinavian Defense,1,Black
3297,138,62,1,Scandinavian Defense,2,Black
3300,56,143,1,French Defense,3,Draw
3301,231,68,1,French Defense,4,Draw
10598,295,6,0,Bishop's Opening,1,Black
11307,295,6,0,Bishop's Opening,2,Black
15087,6,94,1,Italian Game,1,White
12185,157,139,1,Benoni Defense,1,Draw
18986,283,151,1,Nimzo-Indian Defense,2,White
10715,112,72,1,King's Pawn Game,1,Black
10716,175,53,1,Nimzowitsch Defense,2,White
10722,58,57,1,Caro-Kann Defense,3,Black
10723,244,36,1,Robatsch (Modern) Defense,4,Black
10725,72,101,1,Scandinavian Defense,5,White
10732,38,72,1,King's Pawn Game,6,Black
10733,46,62,1,French Defense,7,Black
10734,1,103,1,Sicilian Defense,8,White
10735,81,112,1,King's Pawn Game,9,Black
10744,227,44,1,Robatsch (Modern) Defense,10,Black
10746,196,72,1,King's Pawn Game,11,Black
10747,399,52,1,Sicilian Defense,12,Black
10749,14,8,1,Nimzowitsch Defense,13,Black
2597,123,80,1,French Defense,1,Black
15503,123,80,1,French Defense,2,Black
12522,11,38,1,French Defense,1,Black
1915,21,66,1,Blackmar-Diemer Gambit,1,Black
13564,166,110,1,Queen's Gambit,1,Black
13050,209,95,1,East Indian Defense,1,White
3594,186,67,1,Queen's Gambit,1,White
11151,226,8,1,French Defense,1,Black
1186,48,56,1,Nimzo-Larsen Attack,1,Black
15020,75,103,1,Sicilian Defense,1,Draw
15023,182,77,1,French Defense,2,White
15025,247,22,1,Italian Game,3,White
15028,162,63,1,Sicilian Defense,4,Draw
15031,9,109,1,Italian Game,5,Draw
15033,88,102,1,Robatsch (Modern) Defense,6,Black
20004,75,103,1,Sicilian Defense,7,Draw
20007,182,77,1,French Defense,8,White
20009,247,22,1,Italian Game,9,White
20012,162,63,1,Sicilian Defense,10,Draw
20015,9,109,1,Italian Game,11,Draw
20017,88,102,1,Robatsch (Modern) Defense,12,Black
9848,146,22,1,Bishop's Opening,1,Black
8169,273,60,1,Sicilian Defense,1,Black
8171,307,80,1,Sicilian Defense,1,Black
9928,3,51,1,Horwitz Defense,1,White
11366,142,58,1,Sicilian Defense,1,White
13457,142,58,1,Sicilian Defense,2,White
18212,84,59,1,French Defense,1,Black
18840,16,102,1,Queen's Pawn Game,1,Black
4817,255,87,1,Four Knights Game,1,White
3493,141,40,1,Italian Game,1,Black
3824,39,64,1,Queen's Pawn Game,1,Black
3826,93,48,1,Sicilian Defense,2,Black
13020,315,40,0,Philidor Defense,1,Black
2007,622,171,1,Philidor Defense,1,White
2918,616,43,1,King's Knight Opening,2,White
15655,616,43,1,King's Knight Opening,3,White
6669,173,57,1,Four Knights Game,1,Draw
4029,469,39,1,Blackmar-Diemer Gambit,1,White
6865,77,77,1,Four Knights Game,2,White
18611,77,77,1,Four Knights Game,3,White
19399,386,110,1,King's Pawn Game,1,Black
17081,98,95,1,King's Knight Opening,1,White
17098,28,106,1,Four Knights Game,2,Black
11942,211,35,1,Queen's Gambit,1,Black
6708,277,57,1,Queen's Gambit,1,White
9103,263,31,1,King's Knight Opening,1,White
4282,107,23,1,English Opening,1,White
4284,64,17,1,English Opening,2,White
4285,138,128,1,English Opening,3,Black
4286,97,32,1,English Opening,4,Black
4287,45,48,1,English Opening,5,Black
4288,199,26,1,English Opening,6,White
4289,74,46,1,English Opening,7,Black
4291,189,32,1,King's Knight Opening,8,Black
9600,276,25,1,Nimzowitsch Defense,1,White
7793,269,45,1,Queen's Gambit,1,White
8600,322,43,1,Queen's Gambit,1,White
1211,37,57,1,Van't Kruijs Opening,1,White
2925,613,39,1,Nimzowitsch Defense,1,White
15662,613,39,1,Nimzowitsch Defense,2,White
10786,238,29,1,Philidor Defense,1,White
213,112,73,1,Ruy Lopez,1,White
219,290,40,1,Queen's Gambit,2,Black
11440,112,73,1,Ruy Lopez,3,White
13767,112,73,1,Ruy Lopez,4,White
19088,112,73,1,Ruy Lopez,5,White
15647,260,99,1,Philidor Defense,1,White
9005,135,147,0,Caro-Kann Defense,1,White
12591,27,58,1,Bishop's Opening,1,Black
4892,202,37,1,King's Gambit,1,White
12265,146,135,1,French Defense,1,Draw
12971,224,125,1,Dutch Defense,1,White
9432,256,39,1,Yusupov-Rubinstein System,1,White
8502,57,30,0,Sicilian Defense,1,Black
9215,60,57,1,Sicilian Defense,1,Black
9217,83,152,1,Sicilian Defense,2,Draw
15541,103,57,0,French Defense,1,White
15542,225,36,0,Robatsch (Modern) Defense,2,Black
15545,90,49,0,King's Pawn Game,3,White
5950,21,156,1,Indian Game,1,Black
7144,152,189,1,Blackmar-Diemer Gambit,2,White
10089,68,120,1,Four Knights Game,1,Black
12067,52,16,1,Scandinavian Defense,1,Black
248,460,38,0,Scotch Game,1,White
8821,436,31,0,Pirc Defense,2,White
19224,460,38,0,Scotch Game,3,White
16984,110,19,0,Bishop's Opening,1,White
16986,127,15,0,King's Pawn Game,2,Draw
16987,55,85,1,Horwitz Defense,3,White
16988,254,17,0,King's Pawn Game,4,White
16989,10,86,1,Bishop's Opening,5,Black
18246,787,60,1,Petrov's Defense,1,White
14903,131,101,1,Sicilian Defense,1,White
9897,459,13,1,Nimzowitsch Defense,1,White
13703,65,85,1,Italian Game,1,White
10971,37,52,1,Sicilian Defense,1,Black
7787,209,102,1,French Defense,1,Black
6896,240,92,0,Nimzowitsch Defense,1,Black
9613,181,37,1,Zukertort Opening,1,White
9614,300,39,1,French Defense,2,Draw
9616,852,33,1,Van't Kruijs Opening,3,White
8141,453,3,0,Sicilian Defense,1,White
9478,234,15,0,Italian Game,1,White
11352,286,86,1,Sicilian Defense,1,Black
12587,5,49,1,Vienna Game,1,White
17342,175,68,0,Indian Game,1,Black
123,25,26,1,Nimzowitsch Defense,1,Black
6983,965,80,1,Scandinavian Defense,1,Black
743,14,38,1,Bird Opening,1,Black
15058,75,117,1,Bird Opening,2,White
13378,476,54,1,Indian Game,1,Black
13326,53,62,1,Four Knights Game,1,Black
3403,56,18,1,Scotch Game,1,Black
10754,543,24,0,Nimzowitsch Defense,1,White
11914,238,70,1,French Defense,1,Black
18523,72,83,1,Scotch Game,1,White
19500,27,74,1,French Defense,1,Black
8244,234,38,1,Italian Game,1,Black
6143,61,58,1,Sicilian Defense,1,Black
5931,14,60,0,Scotch Game,1,White
9900,520,28,0,King's Knight Opening,1,White
9902,520,11,0,King's Knight Opening,2,White
9906,523,18,0,King's Knight Opening,3,White
9908,523,5,0,French Defense,4,White
9910,523,14,0,Four Knights Game,5,White
9912,523,45,0,King's Knight Opening,6,White
10427,0,46,1,Pirc Defense,1,Black
10429,368,62,1,Scandinavian Defense,2,Black
10431,261,111,0,King's Pawn Game,3,White
10432,261,97,0,King's Pawn Game,4,White
10433,297,48,0,French Defense,5,Black
10434,269,91,0,King's Pawn Game,6,White
10436,269,25,0,King's Pawn Game,7,White
10438,65,101,0,King's Pawn Game,8,White
10439,117,32,1,Blackmar-Diemer Gambit,9,Black
874,412,65,1,Queen's Indian Defense,1,Black
876,398,26,1,Amar Opening,2,Black
10128,5,62,1,Scandinavian Defense,1,Black
1902,483,69,1,Queen's Pawn Game,1,White
13484,424,101,1,Bird Opening,2,White
3639,203,43,1,Scandinavian Defense,1,White
18698,171,102,1,Colle System,1,Black
4888,79,71,1,Caro-Kann Defense,1,White
16264,73,52,1,Queen's Gambit,1,Black
14236,296,43,1,Pirc Defense,1,White
10003,337,108,1,Robatsch (Modern) Defense,1,Black
2398,86,68,1,English Opening,1,Black
16993,16,130,1,Queen's Gambit,1,Black
16994,620,28,0,Queen's Pawn Game,2,Black
16997,201,48,1,Slav Defense,3,Black
6563,169,34,1,Italian Game,1,Black
18155,186,95,1,Queen's Gambit,1,Black
7582,590,39,1,Queen's Pawn Game,1,White
2039,402,22,1,Italian Game,1,Black
598,423,62,0,French Defense,1,Black
600,423,42,0,Alekhine Defense,2,Black
914,5,100,1,Queen's Pawn Game,1,Black
16957,52,27,1,French Defense,1,White
2656,51,131,1,King's Pawn Game,1,White
2341,359,23,1,Robatsch (Modern) Defense,1,White
15393,359,23,1,Robatsch (Modern) Defense,2,White
12915,189,96,1,Ruy Lopez,1,Black
12917,213,68,1,Ruy Lopez,2,Black
18016,8,81,1,Sicilian Defense,3,White
6697,86,35,1,Petrov's Defense,1,White
3393,460,46,1,Four Knights Game,1,Black
7240,397,99,1,Pirc Defense,1,Draw
11789,134,118,1,Sicilian Defense,1,Black
12664,39,44,1,Queen's Gambit,1,Black
14541,39,44,1,Queen's Gambit,2,Black
11402,212,69,1,Queen's Gambit,1,White
12282,573,113,1,Ruy Lopez,1,White
12283,39,21,1,Sicilian Defense,2,White
1774,122,12,1,King's Pawn Game,1,Black
4629,459,94,0,Blackmar-Diemer Gambit,1,Black
4511,217,23,1,Blackmar-Diemer Gambit,1,White
9361,79,52,1,Sicilian Defense,1,Black
18256,18,113,1,Pirc Defense,1,Draw
10736,88,80,1,Italian Game,1,Black
12374,180,171,1,King's Knight Opening,1,White
12375,133,34,0,Philidor Defense,2,Black
16610,79,29,1,Van't Kruijs Opening,1,White
19541,180,45,1,French Defense,1,Black
19543,7,41,1,Scotch Game,2,White
19544,24,37,1,French Defense,3,White
19546,25,20,1,Sicilian Defense,4,Black
19549,61,21,1,Scandinavian Defense,5,Black
19551,2,71,1,Sicilian Defense,6,White
19552,93,53,1,Scandinavian Defense,7,White
19555,1,32,1,Sicilian Defense,8,Black
19558,54,87,1,Philidor Defense,9,White
19559,47,55,1,French Defense,10,White
19562,19,25,1,Scotch Game,11,White
19564,16,19,1,Caro-Kann Defense,12,White
19565,297,57,1,Scotch Game,13,White
19568,86,69,1,Scotch Game,14,White
19572,514,57,1,Sicilian Defense,15,White
19573,17,26,1,Scotch Game,16,Draw
19574,20,69,1,Sicilian Defense,17,White
19577,27,9,1,Petrov's Defense,18,White
19579,33,23,1,Sicilian Defense,19,White
19582,67,40,1,Scotch Game,20,Black
19584,20,57,1,Scotch Game,21,White
19585,3,24,1,Scotch Game,22,Black
19587,49,16,1,Caro-Kann Defense,23,Black
19667,514,57,1,Sicilian Defense,24,White
2151,9,51,1,Caro-Kann Defense,1,White
15114,280,65,1,Sicilian Defense,1,White
15117,9,55,1,King's Pawn Game,2,White
15128,270,60,1,Sicilian Defense,3,Black
15131,430,26,1,Caro-Kann Defense,4,Black
15134,494,32,1,Center Game,5,Black
15136,179,52,1,Philidor Defense,6,Black
15139,327,48,1,Scotch Game,7,White
15141,256,46,1,Center Game,8,Black
15146,517,84,1,Sicilian Defense,9,Black
15147,253,49,1,Philidor Defense,10,White
15150,321,76,1,Sicilian Defense,11,Black
15151,180,48,1,Center Game,12,Black
1501,9,68,1,Blackmar-Diemer Gambit,1,Black
4161,75,53,1,Horwitz Defense,1,White
16835,1,33,1,Italian Game,1,White
13974,124,137,1,King's Pawn Game,1,White
1035,2,107,0,Scotch Game,1,White
1038,303,63,0,French Defense,2,Black
1039,120,34,0,Caro-Kann Defense,3,Black
1040,97,51,0,Scandinavian Defense,4,Black
1041,4,60,0,King's Knight Opening,5,Black
1044,247,24,0,English Opening,6,Black
1045,212,124,0,English Opening,7,Black
10589,535,104,1,Sicilian Defense,1,Black
11298,535,104,1,Sicilian Defense,2,Black
13085,590,54,1,Sicilian Defense,1,Black
18601,121,27,1,Ruy Lopez,1,White
16589,148,104,1,English Opening,1,Black
7379,251,104,1,Scotch Game,1,Black
5240,130,74,1,Italian Game,1,Black
5241,290,51,1,Italian Game,2,White
5242,306,68,1,Italian Game,3,Black
5246,119,53,1,Sicilian Defense,4,Black
5248,16,57,1,Four Knights Game,5,Black
5249,55,54,1,Italian Game,6,Black
5250,113,65,1,French Defense,7,White
5251,133,25,1,Petrov's Defense,8,Black
5252,4,114,1,Italian Game,9,Draw
5255,14,45,1,Italian Game,10,White
5257,19,49,1,Scandinavian Defense,11,White
5258,163,115,1,Italian Game,12,White
5261,28,62,1,Slav Defense,13,Black
5262,7,64,1,Italian Game,14,Black
5264,10,81,1,Sicilian Defense,15,White
5267,8,113,1,Italian Game,16,White
5269,241,53,1,Queen's Gambit,17,White
5271,22,100,1,Pirc Defense,18,Black
14854,48,82,0,English Opening,1,Black
14857,2,61,0,Four Knights Game,2,White
14858,448,39,0,Scandinavian Defense,3,White
14859,651,39,0,King's Knight Opening,4,White
14861,238,81,1,English Opening,5,White
14863,91,35,1,English Opening,6,White
14864,85,43,1,English Opening,7,White
4749,193,98,1,Bishop's Opening,1,Black
18574,951,46,0,Scotch Game,2,Black
4295,503,23,0,Italian Game,1,White
4296,503,51,0,Italian Game,2,White
4298,172,85,0,Van't Kruijs Opening,3,White
4301,82,85,0,Alekhine Defense,4,White
4303,82,53,0,Queen's Gambit,5,White
4305,448,41,0,Mexican Defense,6,White
4308,448,51,0,King's Gambit,7,White
4309,448,39,0,Van't Kruijs Opening,8,White
8408,7,63,1,Four Knights Game,1,White
11087,8,89,1,Horwitz Defense,1,White
8973,290,48,0,Sicilian Defense,1,Black
14278,10,31,1,Scandinavian Defense,1,White
14198,357,58,1,Dutch Defense,1,Black
7904,57,45,1,Scotch Game,1,White
19512,9,92,1,King's Indian,1,Black
9514,110,52,1,Sicilian Defense,1,Black
7287,29,48,1,Zukertort Opening,1,Black
19804,32,28,1,Sicilian Defense,1,Black
15965,540,44,1,Caro-Kann Defense,1,Black
15967,531,92,1,Caro-Kann Defense,2,Black
15969,70,53,1,Sicilian Defense,3,White
15971,335,72,1,Sicilian Defense,4,Black
15973,130,61,1,Italian Game,5,White
15974,9,77,1,Italian Game,6,White
11902,77,117,1,French Defense,1,White
11904,195,51,1,French Defense,2,White
5564,168,70,1,Sicilian Defense,1,Black
3765,804,25,1,Horwitz Defense,1,White
769,170,36,1,Blackmar-Diemer Gambit,1,Black
2987,162,27,1,King's Knight Opening,1,White
7596,33,31,1,Sicilian Defense,2,White
4978,12,110,1,French Defense,1,Black
11034,152,132,1,Sicilian Defense,1,Black
13793,110,86,1,Sicilian Defense,1,Black
17401,18,42,1,Scandinavian Defense,1,Black
17405,38,101,1,Bishop's Opening,2,White
17407,21,33,1,Bishop's Opening,3,White
17409,82,31,1,Bishop's Opening,4,White
17410,94,72,1,French Defense,5,Black
17413,7,47,1,Italian Game,6,White
17415,31,142,1,Bishop's Opening,7,Draw
17418,146,56,1,Bishop's Opening,8,Black
17419,68,55,1,Sicilian Defense,9,White
17420,101,55,1,Sicilian Defense,10,White
17422,110,68,1,Sicilian Defense,11,Black
17423,104,57,1,Sicilian Defense,12,White
17425,199,12,1,Italian Game,13,Black
17428,98,86,1,King's Pawn Game,14,Black
17429,43,100,1,Four Knights Game,15,Black
17431,81,79,1,Scandinavian Defense,16,White
17433,49,51,1,Caro-Kann Defense,17,White
17435,122,69,1,Scandinavian Defense,18,White
17437,64,55,1,Petrov's Defense,19,White
17443,85,71,1,King's Gambit,20,White
17445,150,31,1,King's Knight Opening,21,White
17447,222,41,1,King's Gambit,22,Black
12286,117,57,1,Dutch Defense,1,White
2528,33,80,1,Scandinavian Defense,1,Black
2941,324,18,1,Sicilian Defense,1,Black
16548,60,9,1,Sicilian Defense,1,Black
15072,205,52,1,Sicilian Defense,1,Black
7728,6,33,1,Queen's Gambit,1,White
16242,211,54,0,Queen's Gambit,1,Black
13045,99,69,1,Sicilian Defense,1,White
14673,134,52,0,Alekhine Defense,1,Black
13523,169,110,1,Sicilian Defense,1,Black
15348,334,44,1,Indian Game,2,Black
17954,42,57,1,English Opening,1,White
9270,118,50,1,Philidor Defense,1,Black
1235,132,55,1,Queen's Gambit,1,White
13022,153,45,0,Horwitz Defense,1,White
4737,101,147,1,Sicilian Defense,1,White
3813,90,62,0,Sicilian Defense,1,Black
15444,198,52,0,Pirc Defense,1,Black
18895,62,50,1,Sicilian Defense,1,Black
4836,38,45,1,Italian Game,1,White
3576,182,43,1,Zukertort Opening,1,White
2485,136,8,0,King's Knight Opening,1,White
2274,76,119,1,Sicilian Defense,1,White
6035,0,47,0,Queen's Gambit,1,White
1910,70,170,1,Queen's Gambit,1,Black
11400,90,59,1,Slav Defense,2,White
15255,175,47,1,Sicilian Defense,3,Black
4557,6,51,1,Van't Kruijs Opening,1,White
5668,9,124,1,Ruy Lopez,1,Black
12923,103,32,1,Nimzo-Larsen Attack,1,Black
260,102,38,1,French Defense,1,Black
15635,77,23,1,Philidor Defense,2,White
9852,329,30,1,Nimzowitsch Defense,1,Black
15243,415,74,1,Pirc Defense,1,Black
8004,97,140,1,Tarrasch Defense,1,Black
2334,214,36,0,Robatsch (Modern) Defense,1,Black
15386,214,36,0,Robatsch (Modern) Defense,2,Black
10671,23,80,1,Ruy Lopez,1,Black
10869,128,83,1,Ruy Lopez,2,White
8962,10,74,1,Scandinavian Defense,1,Black
8963,107,32,1,King's Pawn Game,2,Black
8964,32,31,1,Caro-Kann Defense,3,White
8967,525,114,1,French Defense,4,Black
8968,38,37,1,French Defense,5,White
8969,227,102,1,Philidor Defense,6,Black
8971,574,50,0,Blackmar-Diemer Gambit,7,Black
7621,15,66,1,Blackmar-Diemer Gambit,1,Black
11952,66,82,0,Sicilian Defense,1,Black
11953,66,40,0,Indian Game,2,Black
8226,159,131,1,English Opening,1,Draw
12744,11,15,1,Scotch Game,1,White
12745,12,49,1,Sicilian Defense,2,White
3368,163,69,1,Sicilian Defense,1,White
16217,181,33,1,Italian Game,2,White
16220,67,63,1,Philidor Defense,3,White
7749,123,21,1,Slav Defense,1,White
10190,117,79,1,Philidor Defense,1,White
14157,24,41,1,Sicilian Defense,1,White
11907,129,139,1,French Defense,1,White
5282,107,37,1,Sicilian Defense,1,White
14267,227,29,1,Scandinavian Defense,1,White
17366,4,111,1,Queen's Pawn Game,1,White
15999,137,52,1,French Defense,1,Black
6418,325,129,1,English Opening,1,White
17649,89,46,0,Sicilian Defense,1,Black
2927,202,3,1,English Opening,1,White
287,363,71,0,Queen's Gambit,1,White
288,334,72,1,Nimzo-Indian Defense,2,Black
292,448,69,1,Semi-Slav Defense,3,Draw
293,133,72,1,Sicilian Defense,4,White
295,43,29,1,Robatsch (Modern) Defense,5,White
296,14,44,1,Horwitz Defense,6,White
8796,67,41,1,Queen's Pawn,1,White
5642,621,30,1,Zukertort Opening,1,Black
6618,128,53,0,Queen's Gambit,1,White
13687,142,90,1,Queen's Gambit,2,Black
3193,138,61,1,King's Pawn Game,1,White
10013,298,37,1,Philidor Defense,1,White
13589,15,48,1,Nimzowitsch Defense,1,Black
6765,187,81,1,Scotch Game,1,White
18828,195,78,1,Vienna Game,1,Black
16382,27,64,1,Slav Defense,1,Black
8778,125,16,1,Philidor Defense,1,Black
5614,189,20,1,Sicilian Defense,1,White
18191,178,82,1,Van't Kruijs Opening,1,Black
18194,101,91,1,Van't Kruijs Opening,2,Black
18198,37,39,1,Van't Kruijs Opening,3,Black
18199,162,53,1,Van't Kruijs Opening,4,White
18200,19,86,1,Van't Kruijs Opening,5,Black
18203,116,17,1,Van't Kruijs Opening,6,White
18205,53,38,1,Van't Kruijs Opening,7,Black
18208,115,56,1,Van't Kruijs Opening,8,Black
18211,208,36,1,Van't Kruijs Opening,9,Black
18219,23,38,1,Van't Kruijs Opening,10,Black
18221,1,47,1,Blackmar-Diemer Gambit,11,White
18222,65,88,1,Blackmar-Diemer Gambit,12,Black
18225,6,50,1,Blackmar-Diemer Gambit,13,Black
18227,125,102,1,Blackmar-Diemer Gambit,14,Black
18231,102,56,1,Blackmar-Diemer Gambit,15,Black
6599,33,46,1,Four Knights Game,1,White
15469,119,87,1,Sicilian Defense,1,White
18938,558,56,0,Italian Game,1,Black
18939,224,111,1,French Defense,2,White
18940,314,86,1,Philidor Defense,3,Draw
14312,74,96,1,Scandinavian Defense,1,Black
5800,38,100,1,Sicilian Defense,1,Draw
13772,17,86,1,Dutch Defense,1,Black
19471,48,129,1,English Opening,2,White
3699,533,12,1,Van't Kruijs Opening,1,Black
5329,134,106,1,Blackmar-Diemer Gambit,1,Black
438,56,26,1,Scandinavian Defense,1,Black
12401,12,67,1,Sicilian Defense,2,White
3754,316,45,1,Blumenfeld Countergambit,1,White
4826,772,37,1,King's Pawn Game,1,White
16581,105,97,1,Italian Game,1,White
2401,276,18,1,French Defense,1,Black
2403,258,41,1,Scandinavian Defense,2,Black
13070,114,73,1,Horwitz Defense,1,Draw
13072,82,20,1,Sicilian Defense,2,Black
13073,201,53,1,Queen's Gambit,3,White
13074,5,40,1,Sicilian Defense,4,Black
13076,20,89,1,Queen's Gambit,5,White
13079,219,29,1,Benoni Defense,6,White
13081,433,51,1,Nimzo-Indian Defense,7,White
7922,43,37,1,Scotch Game,1,White
12721,165,61,1,Italian Game,1,White
16436,250,105,1,Pirc Defense,1,White
16438,230,35,1,Pirc Defense,2,White
16440,196,83,1,Pirc Defense,3,White
1659,176,79,0,Scandinavian Defense,1,White
13289,33,70,1,Sicilian Defense,1,Black
3672,133,46,1,Van't Kruijs Opening,1,White
8647,110,120,1,Van't Kruijs Opening,1,Black
14572,114,110,1,Van't Kruijs Opening,2,Black
6050,157,77,1,Queen's Gambit,1,White
6052,57,75,1,Queen's Gambit,2,White
6057,290,56,1,Blackmar-Diemer Gambit,3,Black
6059,513,150,1,King's Indian Defense,4,Black
6061,249,96,1,Queen's Gambit,5,Black
6062,306,17,1,Queen's Gambit,6,White
6064,401,78,1,Blackmar-Diemer Gambit,7,Black
6067,229,48,1,French Defense,8,Black
6069,68,72,1,Queen's Gambit,9,Black
6070,73,26,1,Queen's Pawn Game,10,Black
6073,101,55,1,Queen's Pawn Game,11,Black
6075,397,20,1,French Defense,12,Black
10176,224,72,1,Semi-Bononi,1,Black
16800,221,45,1,King's Gambit,1,White
5393,1,38,0,King's Indian Defense,1,Black
19806,127,91,1,Nimzowitsch Defense,1,White
1378,321,141,1,French Defense,1,White
3620,27,32,1,French Defense,1,Black
12928,172,39,1,Horwitz Defense,1,White
14879,168,62,1,Blackmar-Diemer Gambit,1,Black
13621,15,25,1,Sicilian Defense,1,White
8397,590,40,1,Indian Game,1,Black
1929,36,41,1,Horwitz Defense,1,White
14105,11,71,1,Bishop's Opening,1,White
15227,104,80,1,Indian Game,1,Black
7933,107,41,1,King's Pawn Game,1,White
11655,11,130,1,Pirc Defense,1,Black
10808,360,118,1,Van't Kruijs Opening,1,Draw
15516,13,48,1,Sicilian Defense,2,White
10559,79,39,1,Blackmar-Diemer Gambit,1,White
11268,79,39,1,Blackmar-Diemer Gambit,2,White
6542,39,32,0,Nimzowitsch Defense,1,Black
16300,0,7,0,Nimzowitsch Defense,1,White
4219,97,35,1,Scandinavian Defense,1,White
14810,45,30,0,Van't Kruijs Opening,1,White
3656,146,132,1,King's Pawn Game,1,Black
18213,136,85,1,Van't Kruijs Opening,1,White
5970,520,23,1,Van't Kruijs Opening,1,Black
5972,413,48,1,Van't Kruijs Opening,2,Black
5974,165,14,1,Van't Kruijs Opening,3,Black
4941,626,39,1,Caro-Kann Defense,1,White
6726,48,66,1,French Defense,1,Black
5803,94,44,1,Sicilian Defense,1,White
8680,58,62,1,Horwitz Defense,1,Black
8685,82,95,1,Horwitz Defense,2,Black
8689,53,58,1,Horwitz Defense,3,Black
8691,11,73,1,Blackmar-Diemer Gambit,4,White
8693,5,63,1,Horwitz Defense,5,White
8694,94,16,1,Horwitz Defense,6,Black
8696,17,76,1,Blackmar-Diemer Gambit,7,Black
8697,2,58,1,Blackmar-Diemer Gambit,8,Black
8700,61,58,1,Indian Game,9,Black
8705,55,128,1,Blackmar-Diemer Gambit,10,Draw
8709,1,49,1,Blackmar-Diemer Gambit,11,White
8710,124,52,1,Blackmar-Diemer Gambit,12,White
8711,11,79,1,Blackmar-Diemer Gambit,13,White
8712,72,45,1,Horwitz Defense,14,White
8713,63,70,1,Horwitz Defense,15,Black
4396,496,22,1,French Defense,1,Black
687,98,56,1,Sicilian Defense,1,Black
4490,416,72,0,Gruenfeld Defense,1,Black
15026,242,62,1,Queen's Indian Defense,1,Black
20010,242,62,1,Queen's Indian Defense,2,Black
2167,129,20,0,Sicilian Defense,1,Black
1420,15,30,1,Italian Game,1,Draw
14689,34,88,1,King's Pawn Game,2,Black
10041,193,11,1,Indian Game,1,White
10440,441,17,1,French Defense,1,White
5594,71,69,0,Tarrasch Defense,1,White
7438,45,40,1,Sicilian Defense,1,Black
8610,252,36,1,Sicilian Defense,1,White
3547,3,45,1,Scotch Game,1,White
1333,36,41,1,Scandinavian Defense,1,White
1275,286,47,0,Scotch Game,1,White
8454,224,67,0,Center Game,1,White
10997,23,55,1,Italian Game,1,White
15460,450,55,0,Sicilian Defense,1,White
9155,16,30,1,Sicilian Defense,1,White
6457,59,69,1,Horwitz Defense,1,White
7484,3,35,1,Sicilian Defense,1,White
11895,211,120,1,Tarrasch Defense,1,Black
9320,74,35,1,Bird Opening,1,Black
11105,194,74,1,Slav Defense,1,White
4975,17,64,1,French Defense,1,Black
4979,15,81,1,French Defense,2,White
6790,111,168,1,Scandinavian Defense,3,Black
8078,153,89,1,Four Knights Game,4,White
9089,282,86,1,Sicilian Defense,5,Black
10518,21,55,1,Ruy Lopez,6,White
11227,21,55,1,Ruy Lopez,7,White
5498,605,54,1,Ruy Lopez,1,Black
189,24,54,1,Sicilian Defense,1,Black
18240,12,78,1,East Indian Defense,1,Black
16376,65,78,1,Philidor Defense,1,Black
13683,93,55,1,Slav Defense,1,White
13684,208,27,1,Horwitz Defense,2,White
13686,53,81,1,Indian Game,3,Black
13689,114,105,1,Queen's Gambit,4,White
13690,179,83,1,Horwitz Defense,5,White
13692,244,89,1,Slav Defense,6,White
13693,222,35,1,Yusupov-Rubinstein System,7,White
13696,345,37,1,Horwitz Defense,8,White
13698,173,68,1,Queen's Pawn Game,9,Black
13699,334,25,1,Queen's Gambit,10,White
13701,70,153,1,Nimzo-Indian Defense,11,Draw
13702,18,1,1,Van't Kruijs Opening,12,Black
13704,50,81,1,Queen's Gambit,13,Black
13707,541,35,1,Queen's Gambit,14,White
13711,19,41,1,Queen's Gambit,15,White
13714,62,17,1,Bird Opening,16,Black
13716,4,2,1,Alekhine Defense,17,Black
13717,113,7,1,Scandinavian Defense,18,Black
13719,154,67,1,King's Indian Defense,19,White
13720,48,71,1,Queen's Gambit,20,Draw
2688,220,52,1,Scotch Game,1,Black
11121,262,44,1,Nimzowitsch Defense,1,Black
17168,167,17,1,King's Pawn Game,1,White
9884,166,29,1,King's Knight Opening,1,White
9886,86,3,1,Nimzowitsch Defense,2,White
2913,52,72,1,English Opening,1,Black
6081,221,23,1,Nimzo-Larsen Attack,1,White
12545,75,123,1,Four Knights Game,1,White
7816,29,37,1,Queen's Gambit,1,White
17240,80,83,1,Italian Game,1,White
17243,19,25,1,King's Gambit,2,White
17246,349,35,1,Alekhine Defense,3,White
17247,187,99,1,Sicilian Defense,4,White
14655,51,31,1,Queen's Gambit,1,White
19560,11,39,1,French Defense,1,White
511,515,6,0,Italian Game,1,White
178,31,81,0,Caro-Kann Defense,1,Black
14917,202,36,1,Four Knights Game,1,Black
11696,19,42,1,Blackmar-Diemer Gambit,1,Black
11698,0,95,1,Philidor Defense,2,White
1450,187,29,0,Scotch Game,1,Black
15860,99,7,0,Caro-Kann Defense,2,Black
1679,137,107,0,King's Knight Opening,1,White
9675,133,71,0,Scotch Game,1,White
2016,753,9,0,King's Pawn Game,1,White
11717,277,70,1,Queen's Pawn Game,1,Black
19340,277,70,1,Queen's Pawn Game,2,Black
10173,5,24,0,King's Pawn Game,1,Black
4695,313,46,0,Nimzowitsch Defense,1,Black
4701,5,27,1,Italian Game,2,White
4704,202,25,1,French Defense,3,White
4707,258,30,1,French Defense,4,White
16073,82,60,1,Scotch Game,1,Black
1388,33,48,1,French Defense,1,Black
11469,207,2,1,Scandinavian Defense,1,White
15445,63,61,1,Sicilian Defense,1,White
15079,194,78,1,Van't Kruijs Opening,1,Black
5382,230,79,1,Van't Kruijs Opening,1,White
8338,285,75,1,Van't Kruijs Opening,2,White
449,60,34,1,Alekhine Defense,1,White
9637,6,61,1,Italian Game,1,White
17560,266,54,1,Sicilian Defense,1,Black
10614,573,19,1,Pirc Defense,1,White
14379,27,56,1,Pirc Defense,1,Black
13046,184,51,1,Sicilian Defense,1,White
13048,32,85,0,Scotch Game,2,White
13049,40,56,1,Sicilian Defense,3,Black
13051,69,80,1,Philidor Defense,4,Black
13052,103,69,0,Sicilian Defense,5,White
13054,56,103,1,Scandinavian Defense,6,White
13056,81,120,1,Sicilian Defense,7,Black
13057,33,129,1,Sicilian Defense,8,White
14097,123,65,1,Indian Game,1,White
14790,57,68,1,Nimzowitsch Defense,1,Black
14791,87,23,1,Ruy Lopez,2,White
14792,360,16,1,Ruy Lopez,3,Black
2295,220,122,1,Indian Game,1,Black
8613,102,51,1,Queen's Gambit,1,White
15005,1,90,1,Scotch Game,1,Black
15520,10,53,1,Sicilian Defense,2,White
15421,202,38,1,Caro-Kann Defense,1,Black
17654,56,25,1,King's Pawn Game,1,White
10980,86,130,0,Van't Kruijs Opening,1,Draw
5646,214,87,0,Nimzo-Indian Defense,1,White
16061,24,45,1,Four Knights Game,1,White
13271,300,7,0,Caro-Kann Defense,1,White
4137,11,57,1,Sicilian Defense,1,Black
17399,143,170,1,Scotch Game,1,Black
19513,179,43,1,Sicilian Defense,1,White
6858,121,62,1,Ruy Lopez,1,Black
18604,121,62,1,Ruy Lopez,2,Black
819,6,43,1,Zukertort Opening,1,White
821,218,75,0,King's Indian Attack,2,White
16031,713,20,1,Slav Defense,1,Black
16033,394,4,0,Bird Opening,2,Black
16034,491,27,1,French Defense,3,White
16035,401,40,0,Slav Defense,4,Black
16036,401,31,0,Queen's Pawn Game,5,Black
16037,287,40,1,French Defense,6,Black
16041,328,39,1,Sicilian Defense,7,White
16043,540,59,1,Scandinavian Defense,8,White
13617,64,22,0,Indian Game,1,Draw
7550,323,17,0,Queen's Gambit,1,White
18900,579,12,0,Van't Kruijs Opening,1,Black
19576,8,114,1,French Defense,1,Black
16695,43,88,1,Sicilian Defense,1,Black
12939,317,148,1,French Defense,1,Draw
12166,256,104,1,Sicilian Defense,1,Black
2220,39,173,1,Petrov's Defense,1,Draw
10265,304,15,1,Scandinavian Defense,1,White
5,54,95,1,Philidor Defense,1,White
1391,304,104,1,French Defense,2,Black
11312,54,95,1,Philidor Defense,3,White
1611,192,25,1,Sicilian Defense,1,White
1612,64,78,1,Van't Kruijs Opening,2,Black
1614,342,83,1,Bishop's Opening,3,White
1615,126,41,1,French Defense,4,Draw
1617,192,37,1,Sicilian Defense,5,White
1620,89,124,1,Horwitz Defense,6,Black
15238,89,41,1,Caro-Kann Defense,1,White
7595,466,71,1,Sicilian Defense,1,Black
9245,262,71,1,Caro-Kann Defense,1,White
12253,97,21,1,French Defense,1,White
1222,114,75,1,Four Knights Game,1,White
11728,84,166,0,Indian Game,1,Black
11733,95,65,0,Blackmar-Diemer Gambit,2,White
11735,95,29,0,Blackmar-Diemer Gambit,3,White
11742,51,101,0,Indian Game,4,White
11744,23,63,1,Queen's Pawn Game,5,White
11745,25,92,1,Indian Game,6,Draw
11068,133,51,1,King's Knight Opening,1,White
14848,28,24,1,Scotch Game,1,Black
15701,32,43,1,Sicilian Defense,2,White
17060,560,53,0,French Defense,1,White
8339,565,71,1,Italian Game,1,White
17212,54,27,1,Caro-Kann Defense,1,White
14805,399,24,0,Sicilian Defense,1,White
11167,310,39,1,French Defense,1,Black
3960,5,15,1,Blackmar-Diemer Gambit,1,White
9212,509,151,1,Sicilian Defense,1,White
9738,580,29,1,Italian Game,1,White
14872,216,51,1,Van't Kruijs Opening,1,White
731,216,58,1,Queen's Pawn Game,1,Black
8100,172,39,1,Sicilian Defense,2,White
8326,109,50,1,Van't Kruijs Opening,1,Black
13030,125,41,1,Philidor Defense,1,White
19893,59,14,1,Van't Kruijs Opening,1,Black
5018,562,38,1,Van't Kruijs Opening,1,Black
5020,94,50,1,Scotch Game,2,Black
7874,39,31,1,Queen's Gambit,1,White
17481,28,84,1,Ruy Lopez,1,Black
625,42,76,1,French Defense,1,Black
15487,168,31,1,Indian Game,1,White
15152,201,57,1,English Opening,1,White
15155,151,32,1,King's Pawn Game,2,Black
15158,5,71,1,King's Pawn Game,3,White
15160,163,41,1,King's Pawn Game,4,White
15162,40,99,1,King's Pawn Game,5,Draw
15164,204,39,1,French Defense,6,White
15166,138,36,1,French Defense,7,White
15167,144,63,1,King's Pawn Game,8,White
15170,37,20,1,King's Pawn Game,9,Black
15172,173,133,1,King's Pawn Game,10,White
15173,117,21,1,King's Pawn Game,11,White
1912,68,160,1,Queen's Gambit,1,Black
7058,304,58,1,Sicilian Defense,1,Black
2168,68,64,1,Sicilian Defense,1,Black
6460,161,60,1,Queen's Pawn Game,1,Black
7723,2,64,1,Sicilian Defense,1,Black
17110,52,134,0,Scotch Game,1,Black
17601,11,73,0,Petrov's Defense,2,White
3496,64,15,1,Ruy Lopez,1,White
9141,61,97,1,Nimzo-Larsen Attack,1,Black
3472,229,25,0,Nimzowitsch Defense,1,Black
16339,229,25,0,Nimzowitsch Defense,2,Black
9159,123,16,1,Sicilian Defense,1,Black
15165,127,31,1,French Defense,1,White
18894,65,27,1,Sicilian Defense,1,Black
305,55,96,1,Blackmar-Diemer Gambit,1,Black
18280,11,20,1,King's Pawn Game,1,Draw
6444,333,42,1,King's Pawn Game,1,Black
6446,357,86,1,Caro-Kann Defense,2,Black
6450,143,62,1,Queen's Pawn Game,3,Black
18773,12,60,1,Blackmar-Diemer Gambit,1,Black
5501,24,31,1,Queen's Gambit,1,Draw
8911,228,58,1,Russian Game,1,Black
8912,72,74,1,Ruy Lopez,2,Black
8915,205,71,1,Nimzowitsch Defense,3,Black
8917,534,42,1,Sicilian Defense,4,Black
8918,417,90,1,Sicilian Defense,5,Black
8919,140,28,1,Ruy Lopez,6,Black
8922,527,73,1,Ruy Lopez,7,Black
8923,614,33,1,Ruy Lopez,8,Black
8925,348,32,1,French Defense,9,Draw
8929,482,47,1,Sicilian Defense,10,Black
8932,318,51,1,Sicilian Defense,11,Black
8933,314,56,1,Philidor Defense,12,Black
8935,144,29,1,Ruy Lopez,13,White
8937,627,94,1,Ruy Lopez,14,Black
8940,247,60,1,Philidor Defense,15,Black
8946,192,66,1,Scandinavian Defense,16,Draw
8949,342,56,1,Ruy Lopez,17,Black
8950,398,48,1,Ruy Lopez,18,Black
8952,279,40,1,Ruy Lopez,19,Black
8954,240,37,1,Pirc Defense,20,Black
2154,79,92,1,Sicilian Defense,1,Black
5436,18,72,1,Van't Kruijs Opening,1,Black
18340,18,72,1,Van't Kruijs Opening,2,Black
13062,288,53,1,Petrov's Defense,1,White
2698,57,44,1,Ruy Lopez,1,Black
6086,45,42,1,Ruy Lopez,2,Black
12378,50,48,1,French Defense,3,Black
14010,265,92,1,Queen's Pawn Game,1,Black
14012,222,54,1,Queen's Pawn Game,2,Black
14015,732,72,1,Yusupov-Rubinstein System,3,Black
14016,446,52,1,Horwitz Defense,4,Black
12362,59,50,1,Zukertort Opening,1,Black
16935,412,45,1,Van't Kruijs Opening,1,White
8928,198,60,1,Four Knights Game,1,White
18959,80,102,1,Colle System,1,Black
5331,29,45,1,Nimzowitsch Defense,1,Black
5435,864,2,0,Caro-Kann Defense,1,White
8814,1017,67,0,Pirc Defense,2,White
18339,864,2,0,Caro-Kann Defense,3,White
691,56,32,1,Van't Kruijs Opening,1,Black
692,599,26,1,King's Pawn Game,2,Black
6852,234,85,1,French Defense,1,White
12837,495,84,0,Slav Defense,1,Black
2353,16,19,1,Ruy Lopez,1,White
13080,261,109,1,English Opening,1,White
6249,81,65,1,Queen's Gambit,1,White
10521,25,144,1,Ruy Lopez,1,Draw
11230,25,144,1,Ruy Lopez,2,Draw
8679,219,120,1,Sicilian Defense,1,Black
8620,15,82,1,Scandinavian Defense,1,Black
5696,106,50,1,French Defense,1,Black
9696,30,46,1,Alekhine Defense,2,Black
4798,616,33,0,Sicilian Defense,1,Black
12743,140,36,1,Sicilian Defense,1,Black
11868,336,118,0,Philidor Defense,1,Black
11869,70,61,0,Caro-Kann Defense,2,White
11870,70,129,0,Caro-Kann Defense,3,Draw
11872,85,151,1,Pirc Defense,4,White
11874,32,46,1,Philidor Defense,5,Black
11876,4,93,1,Italian Game,6,White
11878,140,35,1,Italian Game,7,Black
11879,174,117,1,French Defense,8,Draw
11881,89,28,1,Caro-Kann Defense,9,Black
11883,301,179,1,Bishop's Opening,10,White
13066,129,10,0,Petrov's Defense,1,Black
17724,631,107,1,Ruy Lopez,1,White
16960,68,51,1,Indian Game,1,White
18539,155,50,1,Queen's Pawn Game,1,White
18696,28,51,1,French Defense,1,Draw
18699,183,33,1,Philidor Defense,2,Draw
18702,176,25,1,Nimzowitsch Defense,3,White
18703,119,9,1,Caro-Kann Defense,4,Black
18704,78,67,1,Scandinavian Defense,5,White
18706,85,61,1,Philidor Defense,6,White
18708,56,35,1,Sicilian Defense,7,Draw
18713,88,27,1,King's Knight Opening,8,Draw
18714,72,77,1,Alekhine Defense,9,White
18715,136,47,0,Italian Game,10,Black
18716,13,24,1,King's Knight Opening,11,Black
12101,951,86,0,Sicilian Defense,1,Black
12102,951,74,0,Sicilian Defense,2,Black
12104,182,92,1,Philidor Defense,3,Black
12106,107,73,1,Nimzowitsch Defense,4,Black
12107,303,66,1,Italian Game,5,White
12109,44,124,1,Sicilian Defense,6,Black
12111,153,39,1,Sicilian Defense,7,White
12114,186,52,1,Italian Game,8,White
12116,214,50,1,Italian Game,9,White
12117,210,63,1,Italian Game,10,White
12118,60,121,1,Nimzowitsch Defense,11,White
12120,86,82,1,Italian Game,12,Black
12122,30,57,1,Italian Game,13,White
12123,65,61,1,Sicilian Defense,14,White
12128,225,44,1,Caro-Kann Defense,15,Draw
12130,52,92,1,Robatsch (Modern) Defense,16,Black
12131,51,95,1,Petrov's Defense,17,White
12132,70,56,1,Sicilian Defense,18,White
12134,397,89,1,Italian Game,19,White
12136,202,31,1,Sicilian Defense,20,White
12138,407,138,1,Italian Game,21,Draw
6643,98,57,1,Ruy Lopez,1,White
14670,295,39,1,King's Knight Opening,1,White
2592,12,89,1,Queen's Pawn Game,1,White
15498,12,89,1,Queen's Pawn Game,2,White
17234,278,53,1,English Opening,1,White
17235,213,56,1,Reti Opening,2,Black
17237,79,63,1,English Opening,3,White
5296,177,23,1,Sicilian Defense,1,White
14901,52,32,1,Sicilian Defense,1,Black
9646,44,42,1,Scotch Game,1,Black
5579,150,46,1,Indian Game,1,Black
3983,170,6,1,Van't Kruijs Opening,1,Black
19776,73,59,1,Pirc Defense,1,White
17946,369,22,1,King's Pawn Game,1,Black
10684,311,28,0,Ruy Lopez,1,Black
9226,583,116,0,Sicilian Defense,1,Black
9232,453,22,1,Sicilian Defense,2,Black
5453,56,77,1,Indian Game,1,White
5811,39,116,1,Sicilian Defense,1,Black
7477,35,10,1,Sicilian Defense,1,Black
14051,130,54,1,English Opening,1,Black
19859,0,47,0,King's Pawn Game,1,White
11858,71,137,1,Caro-Kann Defense,1,White
2969,293,46,1,Philidor Defense,1,Black
989,188,51,0,Queen's Gambit,1,White
8815,253,31,0,Slav Defense,2,White
629,492,64,1,Scandinavian Defense,1,Black
631,206,71,1,Zukertort Opening,2,White
633,490,34,0,Zukertort Opening,3,Black
634,427,88,1,King's Pawn Game,4,Black
11999,492,64,1,Scandinavian Defense,5,Black
12001,206,71,1,Zukertort Opening,6,White
12003,490,34,0,Zukertort Opening,7,Black
12004,427,88,1,King's Pawn Game,8,Black
5328,58,26,1,Pirc Defense,1,Black
5297,8,23,1,Benoni Defense,1,Black
6063,208,63,1,Nimzo-Indian Defense,1,White
6147,400,3,1,Queen's Gambit,2,White
6149,14,64,1,Horwitz Defense,3,Black
6151,24,54,1,Horwitz Defense,4,Black
6152,119,52,1,Queen's Gambit,5,Black
6153,368,23,1,Horwitz Defense,6,White
6155,38,52,1,Queen's Pawn,7,Black
6158,632,18,1,Nimzo-Indian Defense,8,Black
6159,9,43,1,Queen's Gambit,9,Black
6163,110,11,1,Queen's Gambit,10,White
6164,29,53,1,Queen's Gambit,11,White
6166,29,38,1,Slav Defense,12,Black
6167,457,53,1,Slav Defense,13,Black
6169,27,123,1,Queen's Gambit,14,White
6171,272,31,1,Queen's Gambit,15,White
6174,210,33,1,Queen's Gambit,16,White
6175,120,147,1,Benoni Defense,17,White
6178,81,25,1,Dutch Defense,18,White
6179,32,47,1,Queen's Gambit,19,White
6181,138,34,1,Nimzo-Indian Defense,20,Black
6185,189,37,1,Horwitz Defense,21,White
6672,108,154,1,French Defense,1,Black
6673,108,96,0,Ruy Lopez,2,Black
8978,100,139,1,Indian Game,1,Draw
8981,172,38,0,Gruenfeld Defense,2,Black
8983,70,85,1,Slav Defense,3,White
8984,514,48,0,King's Pawn Game,4,Black
8985,293,52,0,Indian Game,5,Black
8987,61,115,1,Queen's Gambit,6,White
8988,25,85,1,Slav Defense,7,White
8989,64,56,1,Indian Game,8,Black
8993,131,43,1,Queen's Gambit,9,White
8994,217,101,1,Horwitz Defense,10,White
8996,177,80,0,Amar Opening,11,Black
8998,432,88,0,King's Knight Opening,12,Black
9000,177,48,0,Dutch Defense,13,White
9001,51,89,0,Queen's Gambit,14,White
9002,45,54,1,Queen's Gambit,15,Black
9004,5,94,1,Horwitz Defense,16,Black
9006,135,63,0,Queen's Gambit,17,White
8381,922,44,1,Ruy Lopez,1,Black
2284,9,113,1,Sicilian Defense,1,White
11983,107,64,1,Scotch Game,2,Black
13627,106,108,1,Sicilian Defense,3,Black
10964,38,14,1,Sicilian Defense,1,Black
3456,110,72,0,English Opening,1,Black
16323,110,72,0,English Opening,2,Black
6248,205,60,1,Sicilian Defense,1,Black
14165,183,64,0,Zukertort Opening,1,Black
14168,327,58,0,Caro-Kann Defense,2,White
14169,24,60,1,Scotch Game,3,Black
3089,100,42,1,Sicilian Defense,1,Draw
16806,74,49,1,King's Pawn Game,1,White
3997,115,42,1,Queen's Gambit,1,Black
4533,52,89,1,Queen's Gambit,1,White
8040,27,53,1,Sicilian Defense,1,White
13654,864,47,0,Queen's Gambit,1,White
16479,2,68,1,Zukertort Opening,1,Black
6837,174,88,1,Sicilian Defense,1,Black
6838,182,70,1,Center Game,2,Black
6842,134,30,1,Sicilian Defense,3,Black
6844,133,53,1,French Defense,4,White
6846,17,142,1,Philidor Defense,5,Black
6848,21,33,1,King's Pawn Game,6,White
6851,123,147,1,Philidor Defense,7,White
6855,189,150,1,Philidor Defense,8,Black
6856,7,72,1,Scandinavian Defense,9,Black
5845,10,49,0,King's Pawn Game,1,White
4173,529,67,1,King's Knight Opening,1,White
15963,43,48,1,Four Knights Game,1,Black
14968,25,16,1,Scotch Game,1,White
19489,66,101,1,French Defense,1,White
19491,13,47,1,Horwitz Defense,2,Black
13496,63,53,1,Sicilian Defense,1,White
17277,17,60,1,Horwitz Defense,1,Black
979,74,35,0,Ruy Lopez,1,White
17756,262,59,1,Italian Game,1,White
1309,169,44,0,Italian Game,1,Black
18218,22,45,1,French Defense,1,White
5634,152,40,0,Van't Kruijs Opening,1,Black
19483,31,33,1,French Defense,1,Black
2399,221,24,1,Slav Defense,1,Black
2861,93,57,1,Nimzowitsch Defense,1,Black
9436,32,32,1,Sicilian Defense,1,Black
5456,50,90,1,Caro-Kann Defense,1,Black
5466,238,52,0,Queen's Gambit,1,Black
5467,439,49,0,Petrov's Defense,2,White
5468,487,81,0,Queen's Gambit,3,Draw
5470,419,3,0,Van't Kruijs Opening,4,Black
5473,419,117,0,Philidor Defense,5,White
5475,419,21,0,Petrov's Defense,6,White
5477,487,4,0,Scotch Game,7,Black
5478,487,31,0,Sicilian Defense,8,Black
5479,419,27,0,Petrov's Defense,9,Black
5480,427,31,0,Petrov's Defense,10,Black
5482,487,59,0,Queen's Gambit,11,White
1922,43,3,1,Queen's Pawn Game,1,White
16272,4,54,1,Queen's Pawn Game,1,Black
18214,37,33,1,Horwitz Defense,2,White
3681,53,68,1,Robatsch (Modern) Defense,1,Black
4100,530,5,0,Horwitz Defense,1,White
18400,276,68,1,King's Gambit,1,Black
2776,21,99,1,Vienna Game,1,White
10022,268,64,1,Horwitz Defense,1,Black
17795,583,74,1,French Defense,1,Black
20040,300,57,1,Italian Game,1,White
6033,614,65,0,Alekhine Defense,1,White
13824,36,23,0,Center Game,1,White
17504,186,46,1,King's Indian Defense,1,Black
9595,14,50,1,Van't Kruijs Opening,1,Black
15881,33,69,1,Sicilian Defense,1,Black
788,62,66,1,Queen's Pawn Game,1,Black
12223,62,66,1,Queen's Pawn Game,2,Black
3279,53,92,1,Sicilian Defense,1,Black
3282,18,102,1,Sicilian Defense,2,Black
15278,119,54,1,Sicilian Defense,1,Black
3337,68,101,1,Queen's Pawn Game,1,White
18239,3,130,1,Indian Game,2,Black
15699,156,67,1,Sicilian Defense,1,White
13304,22,60,1,Sicilian Defense,1,Black
12288,235,52,0,French Defense,1,Black
12289,222,152,0,King's Indian Defense,2,Black
12291,222,120,0,Indian Game,3,Black
7307,80,33,1,Sicilian Defense,1,White
7309,417,117,0,French Defense,2,White
7311,9,58,1,Scandinavian Defense,3,Black
7312,211,65,1,French Defense,4,Black
7313,6,38,1,French Defense,5,White
7316,304,35,1,Scotch Game,6,White
7318,113,156,1,French Defense,7,Black
7322,64,62,1,Philidor Defense,8,Black
7323,338,53,1,Philidor Defense,9,White
7325,321,43,1,Caro-Kann Defense,10,White
7326,489,67,1,King's Knight Opening,11,White
7329,118,62,1,French Defense,12,Black
7331,7,142,1,French Defense,13,Draw
7332,193,19,1,French Defense,14,White
7333,258,120,1,Sicilian Defense,15,Draw
7336,409,31,1,Scotch Game,16,White
7338,617,13,1,Scotch Game,17,White
7341,133,85,1,French Defense,18,White
9708,755,74,1,Indian Game,1,Black
8052,1,82,1,French Defense,1,Black
6535,10,71,1,Scotch Game,1,White
1176,353,50,1,Bishop's Opening,1,Black
11808,107,71,1,Scotch Game,1,White
11811,5,67,1,Philidor Defense,2,White
11812,110,57,1,Scotch Game,3,White
11817,49,103,1,Scandinavian Defense,4,White
11819,56,92,1,King's Knight Opening,5,Black
11821,25,64,1,Sicilian Defense,6,Black
11823,61,106,1,Caro-Kann Defense,7,Black
11824,36,77,1,Philidor Defense,8,Draw
11043,263,37,1,Scotch Game,1,White
3187,55,39,1,Petrov's Defense,1,White
679,500,107,1,Semi-Slav Defense,1,White
18258,287,30,1,Pirc Defense,1,White
11060,113,72,1,Van't Kruijs Opening,1,Black
8370,727,50,1,Van't Kruijs Opening,1,Black
10460,27,70,1,Center Game,1,Black
10461,141,76,1,Italian Game,2,Black
10463,78,69,1,King's Pawn Game,3,White
9059,62,33,1,King's Indian Defense,1,White
1358,6,35,0,Sicilian Defense,1,White
1129,62,36,1,Sicilian Defense,1,White
6416,101,46,1,Pirc Defense,1,Black
11536,17,77,1,Van't Kruijs Opening,1,White
388,71,27,1,Philidor Defense,1,White
8349,64,115,1,Horwitz Defense,1,White
8357,291,57,0,Queen's Gambit,1,White
8359,291,33,0,Queen's Gambit,2,White
10085,43,42,0,Queen's Gambit,3,Black
62,6,49,1,Horwitz Defense,1,White
63,27,32,1,Horwitz Defense,2,Black
67,35,57,1,Indian Game,3,White
69,83,61,1,Blackmar-Diemer Gambit,4,White
70,228,44,1,Blackmar-Diemer Gambit,5,Black
71,109,62,1,Queen's Pawn,6,Black
74,48,54,1,Blackmar-Diemer Gambit,7,Black
76,42,50,1,Horwitz Defense,8,White
77,157,131,1,Queen's Pawn Game,9,White
79,526,47,1,Queen's Pawn Game,10,Black
81,116,61,1,Blackmar-Diemer Gambit,11,White
82,131,57,1,Queen's Pawn Game,12,White
85,129,71,1,Blackmar-Diemer Gambit,13,White
86,10,114,1,Horwitz Defense,14,White
88,50,20,1,Queen's Pawn Game,15,Black
89,17,48,1,Blackmar-Diemer Gambit,16,Black
91,121,51,1,Queen's Pawn Game,17,White
93,143,28,1,Blackmar-Diemer Gambit,18,White
94,331,62,1,Queen's Pawn Game,19,Black
96,271,85,1,Horwitz Defense,20,White
97,56,38,1,Queen's Pawn Game,21,White
917,176,160,1,Caro-Kann Defense,1,Black
11419,97,59,1,King's Pawn Game,1,White
13746,97,59,1,King's Pawn Game,2,White
19067,97,59,1,King's Pawn Game,3,White
17302,434,3,0,Scandinavian Defense,1,Black
19668,618,39,1,Italian Game,1,White
16364,26,79,1,French Defense,1,White
12072,35,7,1,Sicilian Defense,1,White
12073,7,49,1,Indian Game,2,White
17436,38,33,1,Italian Game,1,White
17005,17,60,1,Philidor Defense,1,White
17160,46,100,0,Blackmar-Diemer Gambit,1,Black
15463,72,62,0,Sicilian Defense,1,Black
1108,40,35,1,Indian Game,1,White
3801,120,57,1,Queen's Pawn Game,2,White
13817,137,118,1,Dutch Defense,1,Black
521,32,41,1,Queen's Gambit,1,White
8229,125,50,1,French Defense,1,Black
9024,165,92,1,Sicilian Defense,1,Black
14122,43,50,1,Caro-Kann Defense,1,Black
9293,316,21,1,Petrov's Defense,1,White
2669,586,49,1,Sicilian Defense,1,White
18426,234,67,1,Scandinavian Defense,1,Black
18429,298,38,1,Vienna Game,2,White
4105,85,53,1,Four Knights Game,1,White
4106,63,26,1,Philidor Defense,2,Black
4110,299,17,1,King's Knight Opening,3,Black
4113,184,171,1,King's Knight Opening,4,White
4114,157,28,1,Nimzowitsch Defense,5,White
4204,246,86,1,Scandinavian Defense,1,Black
2338,16,72,0,Robatsch (Modern) Defense,1,Black
2339,16,142,0,Robatsch (Modern) Defense,2,Black
15390,16,72,0,Robatsch (Modern) Defense,3,Black
15391,16,142,0,Robatsch (Modern) Defense,4,Black
12688,11,34,1,French Defense,1,Black
18294,736,69,1,French Defense,2,White
16977,32,56,1,French Defense,1,Draw
6869,40,91,1,Bishop's Opening,1,White
18615,40,91,1,Bishop's Opening,2,White
2395,670,56,1,Blackmar-Diemer Gambit,1,Black
5513,14,55,1,Sicilian Defense,1,White
15506,252,94,1,English Opening,1,Black
11853,92,104,1,Caro-Kann Defense,1,Black
10544,9,74,1,Blackmar-Diemer Gambit,1,Black
11253,9,74,1,Blackmar-Diemer Gambit,2,Black
119,0,40,1,Bishop's Opening,1,Black
12868,27,94,1,Sicilian Defense,2,Black
13728,0,40,1,Bishop's Opening,3,Black
18724,145,69,1,Blackmar-Diemer Gambit,1,White
18727,281,85,1,Nimzo-Indian Defense,2,White
18729,238,87,1,Queen's Gambit,3,White
18731,285,77,1,Queen's Gambit,4,White
18732,434,5,1,Queen's Gambit,5,White
18733,140,65,1,Benko Gambit,6,White
18734,193,103,1,Gruenfeld Defense,7,White
3298,87,45,1,Philidor Defense,1,White
18116,129,29,1,Van't Kruijs Opening,1,White
18303,36,45,1,Petrov's Defense,1,White
17506,235,37,1,Queen's Pawn Game,1,White
15744,238,64,0,Sicilian Defense,1,Black
7827,258,27,1,French Defense,1,White
7829,29,33,1,Horwitz Defense,2,White
1511,31,42,1,Van't Kruijs Opening,1,White
8924,236,24,1,Queen's Gambit,1,White
1704,27,87,1,Italian Game,1,White
1494,26,29,1,Van't Kruijs Opening,1,Black
8369,407,56,1,French Defense,1,Black
14285,9,94,1,Queen's Pawn,1,White
18573,80,82,1,Van't Kruijs Opening,1,Black
6626,138,57,0,French Defense,1,Black
11157,184,95,1,Van't Kruijs Opening,1,White
14978,39,54,1,Van't Kruijs Opening,1,Black
1090,21,86,1,Sicilian Defense,1,Black
8799,210,31,0,Blackmar-Diemer Gambit,1,White
16887,65,85,1,Horwitz Defense,1,White
3221,255,40,0,Italian Game,1,Black
7673,0,53,0,Scotch Game,1,White
13592,173,52,1,Slav Defense,1,White
1442,13,50,1,French Defense,1,Black
14257,25,19,0,Italian Game,2,White
11700,151,51,0,Ruy Lopez,1,White
16859,448,64,1,Van't Kruijs Opening,1,Black
3151,39,57,1,Sicilian Defense,1,White
19718,20,90,1,Nimzo-Indian Defense,1,Black
8545,7,91,1,Sicilian Defense,1,White
10046,24,44,1,Blackmar-Diemer Gambit,1,Black
2875,10,34,1,Horwitz Defense,1,Black
2876,72,43,1,Queen's Gambit,2,White
8438,12,41,1,King's Gambit,1,White
6628,246,89,0,Tarrasch Defense,1,White
4117,41,91,0,Nimzowitsch Defense,1,White
10354,191,52,1,King's Pawn Game,1,Black
4524,10,60,1,Caro-Kann Defense,1,Black
12643,9,50,1,Sicilian Defense,1,Black
7293,66,69,1,Nimzowitsch Defense,1,White
15137,238,33,1,King's Knight Opening,2,White
16681,47,75,1,Indian Game,1,White
2736,25,119,1,Blackmar-Diemer Gambit,1,White
9487,253,56,1,Russian Game,1,Black
9541,25,33,1,Four Knights Game,1,White
5363,484,57,0,Alekhine Defense,1,White
14362,129,76,1,Italian Game,1,Black
4086,11,33,1,Sicilian Defense,1,White
16253,36,31,1,King's Pawn Game,1,White
12156,46,68,1,Sicilian Defense,1,Black
16183,93,45,1,Van't Kruijs Opening,1,White
6051,133,73,1,Sicilian Defense,1,White
19472,25,85,1,French Defense,1,White
4977,66,115,1,Ruy Lopez,1,White
4981,162,43,1,Pirc Defense,2,White
4982,78,63,1,French Defense,3,White
4985,122,66,1,Sicilian Defense,4,Black
4986,366,84,1,Sicilian Defense,5,Black
4988,351,28,1,Sicilian Defense,6,Black
4991,236,60,1,Pirc Defense,7,Black
4992,7,72,1,Scandinavian Defense,8,Black
4994,10,83,1,Scandinavian Defense,9,White
4995,104,52,1,Ruy Lopez,10,Black
4997,777,45,0,Petrov's Defense,11,White
4998,588,109,0,Ruy Lopez,12,White
4999,157,45,0,Scandinavian Defense,13,White
5000,114,50,1,Sicilian Defense,14,Black
5001,54,150,1,Caro-Kann Defense,15,Black
5002,147,110,1,Robatsch (Modern) Defense,16,Black
5004,110,158,1,Caro-Kann Defense,17,Black
5005,118,50,1,Sicilian Defense,18,Black
5007,27,68,1,Sicilian Defense,19,Black
6323,57,62,1,Sicilian Defense,1,Black
9938,175,72,1,Gruenfeld Defense,1,Black
17944,144,52,1,Horwitz Defense,1,Black
17947,68,31,1,Queen's Gambit,2,White
17950,20,39,1,French Defense,3,White
3175,36,45,1,Bishop's Opening,1,White
10494,287,53,1,Sicilian Defense,1,White
11197,109,69,1,French Defense,1,White
2681,149,21,0,Blackmar-Diemer Gambit,1,White
10844,218,39,1,Van't Kruijs Opening,1,Black
10845,103,38,0,Van't Kruijs Opening,2,Black
9153,105,63,1,Sicilian Defense,1,White
1115,278,86,1,Sicilian Defense,1,Black
1530,115,41,1,Bishop's Opening,2,White
8280,188,169,1,Sicilian Defense,1,White
6482,22,33,1,King's Pawn Game,1,White
6907,50,45,0,Sicilian Defense,1,White
1565,27,70,1,Vienna Game,1,Black
11199,131,73,1,French Defense,1,White
15184,191,73,1,Sicilian Defense,1,White
19121,14,45,1,Dutch Defense,1,White
7445,53,62,1,Zukertort Opening,1,Black
11604,0,76,0,Bird Opening,1,Black
14237,191,21,0,King's Pawn Game,1,White
3146,326,138,1,Sicilian Defense,1,Black
5067,28,54,0,Sicilian Defense,1,Black
15618,76,47,1,English Opening,1,White
6150,231,36,1,Van't Kruijs Opening,1,White
9749,231,33,1,King's Pawn Game,1,White
9750,124,87,1,French Defense,2,White
9751,234,42,1,Sicilian Defense,3,Black
9752,153,83,1,King's Pawn Game,4,White
9753,81,45,1,King's Pawn Game,5,White
9754,374,47,1,Nimzowitsch Defense,6,White
9755,24,34,1,Nimzowitsch Defense,7,Black
9756,102,108,1,Sicilian Defense,8,Black
9757,288,70,1,King's Pawn Game,9,Black
9758,11,49,1,King's Pawn Game,10,White
9759,25,68,1,King's Pawn Game,11,Black
9760,210,35,1,King's Pawn Game,12,White
9761,81,61,1,King's Pawn Game,13,White
9762,310,64,1,French Defense,14,White
9763,196,28,1,King's Pawn Game,15,White
9764,300,57,1,King's Pawn Game,16,White
9765,209,90,1,King's Pawn Game,17,Black
9766,40,17,1,King's Pawn Game,18,White
9767,11,84,1,Sicilian Defense,19,Black
9768,0,41,1,Robatsch (Modern) Defense,20,White
9769,22,68,1,King's Pawn Game,21,Black
9770,136,53,1,King's Pawn Game,22,White
9771,34,94,1,Nimzowitsch Defense,23,Black
9772,185,15,1,King's Pawn Game,24,White
9773,503,54,1,Caro-Kann Defense,25,Black
9774,161,60,1,King's Pawn Game,26,White
9775,371,41,1,King's Pawn Game,27,White
9776,290,41,1,King's Pawn Game,28,White
9777,105,60,1,Sicilian Defense,29,Black
9778,231,23,1,King's Pawn Game,30,Black
9779,184,169,1,King's Pawn Game,31,White
9780,396,44,1,King's Pawn Game,32,Black
9781,236,30,1,King's Pawn Game,33,Black
9782,151,43,1,King's Pawn Game,34,White
9783,160,40,1,Nimzowitsch Defense,35,Black
9784,173,46,1,Scandinavian Defense,36,Black
9785,90,31,1,King's Pawn Game,37,White
9786,95,118,1,King's Pawn Game,38,Black
18405,320,41,0,Italian Game,1,White
10676,39,82,1,English Opening,1,White
10677,212,144,1,English Opening,2,Black
10678,135,77,1,English Opening,3,White
10679,40,159,1,English Opening,4,White
10680,24,77,1,English Opening,5,White
10681,59,81,1,English Opening,6,White
10682,36,56,1,Nimzo-Larsen Attack,7,Black
10683,164,83,1,English Opening,8,White
10685,55,45,1,English Opening,9,White
10686,88,55,1,English Opening,10,White
10687,231,133,1,English Opening,11,White
10688,47,158,1,Nimzo-Larsen Attack,12,Black
10689,115,63,1,English Opening,13,White
10690,160,56,1,Nimzo-Larsen Attack,14,Black
10691,212,87,1,English Opening,15,White
10692,75,29,1,English Opening,16,White
10693,108,49,0,English Opening,17,White
10694,92,17,0,English Opening,18,White
10695,144,61,1,English Opening,19,White
10696,190,75,1,English Opening,20,White
10697,88,64,1,English Opening,21,White
10698,99,88,1,Nimzo-Larsen Attack,22,Black
10699,122,40,1,English Opening,23,Black
10700,134,61,1,English Opening,24,White
10701,172,15,1,English Opening,25,White
10702,249,66,0,English Opening,26,Black
10703,169,83,1,English Opening,27,White
10704,4,66,1,Nimzo-Larsen Attack,28,White
10705,29,74,1,English Opening,29,Black
10706,69,141,1,English Opening,30,Draw
6549,288,87,0,Italian Game,1,White
6048,113,26,1,King's Pawn Game,1,Black
12983,263,91,1,Scotch Game,1,White
15794,18,76,1,Scotch Game,1,Black
3339,113,87,1,Scandinavian Defense,1,White
5945,13,21,1,Blackmar-Diemer Gambit,1,White
3440,222,41,0,Blackmar-Diemer Gambit,1,White
9661,182,62,1,Italian Game,1,Draw
12340,13,57,1,Italian Game,1,White
2998,32,34,1,Van't Kruijs Opening,1,Black
16285,97,27,1,Bishop's Opening,1,White
11079,53,138,1,King's Knight Opening,1,Black
11094,20,94,1,King's Knight Opening,2,Black
272,123,70,1,Italian Game,1,Black
4187,494,67,1,French Defense,1,White
7174,390,86,1,Sicilian Defense,1,Black
17412,16,30,1,Ruy Lopez,1,Black
17414,29,50,1,Scotch Game,2,Black
12918,44,46,0,Italian Game,1,Black
10406,28,18,1,Blackmar-Diemer Gambit,1,White
10408,34,80,1,Blackmar-Diemer Gambit,2,Black
11772,139,63,1,Indian Game,1,Draw
11356,20,168,1,Ruy Lopez,1,Black
15901,94,27,1,Ruy Lopez,1,White
5761,11,43,1,King's Gambit,1,White
13213,390,38,1,Van't Kruijs Opening,1,Black
13215,352,114,1,Van't Kruijs Opening,2,Black
13217,292,54,1,Van't Kruijs Opening,3,Black
13220,483,132,1,Alekhine Defense,4,Black
13222,431,54,1,Van't Kruijs Opening,5,Black
13224,321,72,1,Van't Kruijs Opening,6,Black
3669,158,45,1,Queen's Pawn Game,1,White
3671,177,56,1,Queen's Gambit,2,Draw
5156,35,58,1,Queen's Gambit,1,Black
14579,55,16,1,Sicilian Defense,1,White
13291,15,51,1,Petrov's Defense,1,White
13293,54,39,1,Philidor Defense,2,White
13295,12,91,1,Italian Game,3,White
13297,43,83,1,Nimzowitsch Defense,4,Black
13299,2,134,1,Philidor Defense,5,Draw
13301,0,74,1,Philidor Defense,6,Black
13308,40,95,1,Alekhine Defense,7,White
5295,195,64,1,Van't Kruijs Opening,1,Black
6853,103,31,1,French Defense,1,White
5719,81,135,1,Horwitz Defense,1,White
3776,152,71,0,Ruy Lopez,1,White
3777,26,69,0,Robatsch (Modern) Defense,2,Black
3779,26,47,0,Nimzo-Larsen Attack,3,White
3780,120,44,0,Nimzo-Larsen Attack,4,White
3783,23,33,0,Ruy Lopez,5,White
3784,45,57,0,Sicilian Defense,6,White
3786,13,99,0,Philidor Defense,7,Black
3787,48,89,0,Sicilian Defense,8,White
3789,141,96,1,Queen's Gambit,9,Draw
3790,106,43,0,Semi-Slav Defense,10,White
3793,180,54,0,Queen's Gambit,11,Black
3796,44,43,1,Slav Defense,12,White
3797,47,75,1,Queen's Gambit,13,Draw
3798,57,28,0,Nimzo-Larsen Attack,14,Black
3799,115,39,1,Horwitz Defense,15,White
3803,73,109,1,Queen's Gambit,16,White
3805,56,11,1,Queen's Gambit,17,White
3807,5,32,0,Queen's Gambit,18,Black
3809,86,28,0,English Opening,19,Black
3812,90,17,0,Nimzo-Indian Defense,20,White
3814,90,31,0,Queen's Indian Defense,21,White
3815,106,32,0,English Opening,22,Black
1812,66,19,0,Four Knights Game,1,White
9088,376,114,1,French Defense,1,Black
9090,75,53,1,Petrov's Defense,2,White
9092,4,92,1,French Defense,3,Black
9093,72,81,1,Italian Game,4,White
9096,311,34,1,French Defense,5,Black
9097,111,83,1,Nimzowitsch Defense,6,White
9098,190,92,1,Four Knights Game,7,Black
9100,113,66,1,Italian Game,8,Black
9101,128,72,1,French Defense,9,Black
9102,25,102,1,Caro-Kann Defense,10,Black
6675,84,80,1,Slav Defense,1,Black
7213,14,157,1,Scotch Game,1,White
10307,41,54,1,King's Indian Defense,1,Black
10309,2,34,1,French Defense,2,White
3429,58,66,1,Vienna Game,1,Black
14373,57,103,1,Nimzo-Larsen Attack,1,White
13543,210,69,1,Benko Gambit,1,White
16048,227,40,1,Scotch Game,1,Black
13674,611,98,1,Queen's Gambit,1,Black
9735,206,19,1,Petrov's Defense,1,White
4316,373,81,0,Ruy Lopez,1,White
5825,2,35,1,Nimzowitsch Defense,1,White
4025,22,50,1,Blackmar-Diemer Gambit,1,Black
5720,50,90,1,Blackmar-Diemer Gambit,2,Black
17543,64,48,1,Caro-Kann Defense,3,Black
16426,86,37,1,Sicilian Defense,1,White
4537,31,136,1,Mexican Defense,1,Black
11818,54,38,1,Sicilian Defense,1,Draw
8898,352,80,1,Van't Kruijs Opening,1,Black
1667,115,66,1,Blackmar-Diemer Gambit,1,Black
18955,220,36,1,Sicilian Defense,1,Black
9732,615,26,1,King's Pawn Game,1,White
13513,66,55,1,Scotch Game,1,White
6107,11,66,1,Nimzo-Indian Defense,1,White
4376,652,27,0,French Defense,1,White
11613,17,51,0,Sicilian Defense,1,White
4655,132,92,0,Italian Game,1,Black
19648,12,74,0,Pirc Defense,2,Black
11399,10,64,1,Bird Opening,1,Black
5025,989,32,0,Queen's Gambit,1,White
5026,989,65,0,Queen's Gambit,2,White
4327,304,71,1,King's Pawn Game,1,Black
6090,50,64,1,King's Pawn Game,2,Black
3948,507,17,1,King's Pawn Game,1,White
4696,145,14,1,Ruy Lopez,1,White
11338,124,38,1,Queen's Pawn Game,1,Black
13609,124,38,1,Queen's Pawn Game,2,Black
17735,95,17,1,Ruy Lopez,1,White
2358,23,29,1,Pirc Defense,1,White
18505,32,53,1,French Defense,2,White
7854,61,64,1,Van't Kruijs Opening,1,Black
5757,79,79,1,Blackmar-Diemer Gambit,1,White
5362,355,8,0,Indian Game,1,White
7900,83,75,1,Scotch Game,1,White
8303,79,122,1,Caro-Kann Defense,2,Black
1495,102,51,1,Four Knights Game,1,White
4894,83,56,1,Nimzowitsch Defense,1,White
18385,362,12,0,Queen's Pawn Game,1,Draw
7385,250,61,0,King's Indian Defense,1,White
17155,101,163,1,King's Pawn Game,1,White
8044,313,26,0,English Opening,1,Black
3121,77,56,1,Queen's Gambit,1,Black
3584,50,90,1,Van't Kruijs Opening,1,Black
3586,218,67,1,Scotch Game,2,White
3588,13,21,1,Scotch Game,3,White
3589,12,61,1,Van't Kruijs Opening,4,White
3590,167,92,1,Van't Kruijs Opening,5,Black
3591,105,16,1,Van't Kruijs Opening,6,Black
3593,74,79,1,Van't Kruijs Opening,7,White
3595,231,45,1,Scotch Game,8,White
3596,65,61,1,Van't Kruijs Opening,9,White
3597,11,94,1,Philidor Defense,10,White
3598,37,65,1,Scotch Game,11,White
3602,60,47,1,Van't Kruijs Opening,12,White
6653,1,45,1,Sicilian Defense,1,White
14176,13,22,0,Van't Kruijs Opening,1,Black
14178,13,16,0,Scotch Game,2,Black
14180,8,3,1,King's Pawn Game,3,White
16433,527,39,1,Pirc Defense,1,White
15602,289,47,1,Sicilian Defense,1,White
15409,84,112,1,Caro-Kann Defense,1,Black
17165,71,59,1,Petrov's Defense,1,Black
286,50,14,1,Italian Game,1,Black
4792,31,85,1,French Defense,2,White
7608,54,126,1,English Opening,1,Black
11208,74,111,1,French Defense,1,White
10814,77,10,1,Philidor Defense,1,White
14201,334,83,1,Alekhine Defense,1,White
1314,252,29,0,Italian Game,1,White
2667,472,41,0,Sicilian Defense,2,White
16769,62,53,1,Van't Kruijs Opening,1,White
9685,415,120,1,Robatsch (Modern) Defense,1,Black
15609,190,76,1,Ruy Lopez,2,Black
15611,419,56,1,Caro-Kann Defense,3,Black
15613,106,21,1,Scandinavian Defense,4,Black
15615,121,69,1,Philidor Defense,5,White
15619,94,77,1,Philidor Defense,6,Black
15620,79,60,1,Scotch Game,7,Black
15621,80,60,1,Ruy Lopez,8,Black
15623,20,125,1,French Defense,9,White
15627,168,104,1,French Defense,10,Draw
15628,68,49,1,Italian Game,11,White
15629,116,116,1,French Defense,12,Black
15634,256,70,1,Sicilian Defense,13,Black
15641,160,90,1,Sicilian Defense,14,Black
15642,56,45,1,Robatsch (Modern) Defense,15,White
15645,68,70,1,Philidor Defense,16,White
15648,435,52,1,Robatsch (Modern) Defense,17,Black
15649,139,72,1,Scandinavian Defense,18,Black
4624,303,49,0,Queen's Gambit,1,Black
4598,319,35,1,Blackmar-Diemer Gambit,1,White
18701,199,25,1,Van't Kruijs Opening,1,Draw
11323,208,10,0,Nimzowitsch Defense,1,White
14231,42,128,0,Van't Kruijs Opening,2,Black
19641,187,38,0,Pirc Defense,3,Black
10563,78,45,1,King's Pawn Game,1,White
11272,78,45,1,King's Pawn Game,2,White
12766,219,45,1,King's Pawn Game,3,White
6254,6,64,1,Queen's Gambit,1,Black
4056,12,50,1,English Opening,1,Black
5190,283,28,1,Nimzowitsch Defense,1,White
17624,19,55,1,East Indian Defense,1,White
10364,27,112,0,King's Pawn Game,1,Black
7910,36,118,1,Scandinavian Defense,1,Black
7746,44,63,1,Queen's Gambit,1,White
195,50,53,1,Blackmar-Diemer Gambit,1,White
11422,50,53,1,Blackmar-Diemer Gambit,2,White
13749,50,53,1,Blackmar-Diemer Gambit,3,White
19070,50,53,1,Blackmar-Diemer Gambit,4,White
2930,286,117,1,Scotch Game,1,White
13012,12,95,1,Caro-Kann Defense,1,White
13700,293,70,1,Ruy Lopez,1,Black
16499,13,41,1,Petrov's Defense,1,White
19003,142,31,0,English Opening,1,White
3111,248,64,1,Blackmar-Diemer Gambit,1,Black
19360,90,27,1,Blackmar-Diemer Gambit,2,White
2115,173,143,1,Ruy Lopez,1,White
15826,103,97,1,French Defense,1,White
15827,316,62,1,Sicilian Defense,2,White
15828,188,36,1,Horwitz Defense,3,Black
15832,274,45,1,Pirc Defense,4,White
15833,614,41,1,Queen's Gambit,5,White
15836,438,59,1,Queen's Gambit,6,White
15838,199,103,1,Queen's Gambit,7,Draw
15839,408,106,1,Queen's Gambit,8,Black
15840,30,69,1,Gruenfeld Defense,9,White
15842,133,69,1,Queen's Gambit,10,White
17874,86,32,1,Petrov's Defense,1,Black
7425,21,74,1,Sicilian Defense,1,White
7953,49,30,1,Italian Game,2,Black
8264,300,38,1,Sicilian Defense,1,Black
13666,5,81,1,Robatsch (Modern) Defense,1,White
13667,630,63,1,Scandinavian Defense,2,White
3331,79,116,1,Scandinavian Defense,1,Black
16075,6,17,1,Bird Opening,1,White
16522,12,53,1,Zukertort Opening,1,White
16525,6,97,1,English Opening,2,White
16527,100,58,1,English Opening,3,Black
16529,55,111,0,Nimzo-Larsen Attack,4,White
16531,55,53,0,English Opening,5,White
16533,55,43,0,Queen's Pawn Game,6,White
16534,55,121,0,Italian Game,7,White
16537,55,43,0,Nimzo-Larsen Attack,8,White
16539,55,129,0,Queen's Pawn Game,9,White
16542,55,54,0,Blumenfeld Countergambit,10,Black
16543,55,128,0,English Opening,11,Black
16545,10,62,1,Slav Defense,12,Black
16547,39,73,1,Zukertort Opening,13,White
16549,53,53,1,Nimzo-Larsen Attack,14,White
16550,6,83,1,Zukertort Opening,15,White
16551,96,97,0,English Opening,16,White
16554,38,26,1,King's Indian Attack,17,Black
16557,122,77,0,Zukertort Opening,18,White
16560,11,65,0,Philidor Defense,19,White
17891,226,144,1,Queen's Gambit,1,Black
8824,439,50,0,Horwitz Defense,1,White
3427,14,119,1,Nimzowitsch Defense,1,White
10890,4,98,1,French Defense,1,Black
17538,201,117,1,Caro-Kann Defense,2,White
10452,315,115,1,Scotch Game,1,White
13721,146,138,1,King's Gambit,1,Draw
8745,335,26,1,Indian Game,1,Black
12187,478,78,1,Zukertort Opening,1,Black
3866,257,101,1,Sicilian Defense,1,White
13931,11,66,1,Pirc Defense,1,White
2468,6,9,1,Petrov's Defense,1,White
11155,93,55,1,French Defense,1,White
15559,195,55,1,King's Pawn Game,1,White
1132,150,56,1,Blackmar-Diemer Gambit,1,Black
2821,27,19,0,Italian Game,1,Draw
8612,142,36,0,King's Indian Defense,1,White
8614,154,40,1,English Opening,2,Black
8617,260,96,1,English Opening,3,Black
8619,243,35,1,English Opening,4,White
8621,71,140,1,English Opening,5,White
8623,177,39,1,English Opening,6,White
8625,177,148,1,English Opening,7,Black
8627,47,73,1,English Opening,8,White
8628,30,28,1,English Opening,9,White
8629,190,43,1,Dutch Defense,10,White
8632,68,106,1,English Opening,11,White
8634,2,21,1,English Opening,12,White
8637,179,69,1,Nimzo-Indian Defense,13,White
8638,59,94,1,Slav Defense,14,Black
8641,37,36,1,English Opening,15,Black
8643,136,68,1,English Opening,16,Black
8646,150,60,1,English Opening,17,Black
8648,55,78,1,English Opening,18,Black
8651,93,55,1,English Opening,19,White
8653,6,34,1,King's Indian Defense,20,Black
8655,33,67,1,English Opening,21,White
8657,3,75,1,King's Indian Defense,22,White
8659,77,60,1,English Opening,23,Black
3109,85,75,1,Ruy Lopez,1,White
14965,23,13,1,Blackmar-Diemer Gambit,1,White
10957,34,77,1,Van't Kruijs Opening,1,White
13078,137,99,1,Queen's Pawn Game,2,Draw
16874,163,35,1,Sicilian Defense,1,White
9647,110,37,1,Italian Game,1,White
2385,43,44,1,Pirc Defense,1,Draw
4757,142,99,1,King's Pawn Game,1,Black
19570,56,48,1,French Defense,1,Black
5678,115,71,1,French Defense,1,Black
4262,855,51,1,English Opening,1,White
17207,3,34,1,King's Pawn Game,1,Black
5320,134,54,1,Slav Defense,1,Black
14288,25,23,1,Pirc Defense,1,White
4184,388,26,1,Amar Opening,1,Black
10218,180,40,1,Ruy Lopez,1,Black
518,63,23,1,Horwitz Defense,1,White
4868,71,59,1,King's Indian Attack,1,White
4869,25,53,1,Van't Kruijs Opening,2,White
6045,901,27,0,Scandinavian Defense,1,White
1719,95,58,1,King's Pawn Game,1,Black
17176,82,143,1,King's Pawn Game,1,White
8043,12,38,1,Scandinavian Defense,1,Black
11941,6,28,1,Italian Game,1,Black
14869,89,83,1,Pirc Defense,1,White
11474,656,2,0,Scandinavian Defense,1,White
17640,19,34,1,French Defense,1,Black
3969,8,87,0,Horwitz Defense,1,White
13482,371,70,1,Nimzowitsch Defense,1,Black
9479,363,53,0,Petrov's Defense,1,White
17009,0,18,1,Nimzowitsch Defense,1,White
3213,20,52,0,Ruy Lopez,1,Black
10430,323,29,1,King's Knight Opening,1,White
2124,242,11,1,Scotch Game,1,White
15575,203,80,1,Ruy Lopez,1,Black
10412,15,72,1,Center Game,1,Black
10413,13,8,1,Center Game,2,Black
2537,134,77,0,Blackmar-Diemer Gambit,1,White
2541,84,51,0,Queen's Pawn Game,2,White
2542,134,78,0,Blackmar-Diemer Gambit,3,Black
2543,84,56,0,Blackmar-Diemer Gambit,4,Black
2544,149,134,0,Blackmar-Diemer Gambit,5,Black
2545,302,63,0,Blackmar-Diemer Gambit,6,White
2547,99,50,0,Blackmar-Diemer Gambit,7,Black
2557,84,51,0,Queen's Pawn Game,8,White
2559,84,56,0,Blackmar-Diemer Gambit,9,Black
7798,16,75,1,French Defense,1,White
10554,148,79,1,Tarrasch Defense,1,White
11263,148,79,1,Tarrasch Defense,2,White
2258,16,103,1,Indian Game,1,White
1288,1,38,0,Italian Game,1,Black
9960,30,34,1,Italian Game,1,Black
16369,260,30,1,Pirc Defense,2,Black
3512,61,131,1,King's Pawn Game,1,Draw
10889,186,30,1,French Defense,1,Black
303,139,43,1,King's Gambit,1,White
3864,166,46,1,Scandinavian Defense,1,Black
17430,108,65,1,Ruy Lopez,2,White
8099,472,75,1,Ruy Lopez,1,Draw
7283,531,63,1,Nimzowitsch Defense,1,White
8048,391,26,1,Sicilian Defense,2,Black
4601,353,63,1,French Defense,1,White
15257,6,45,1,East Indian Defense,1,White
2211,102,52,1,Scandinavian Defense,1,Black
10873,164,78,1,King's Pawn Game,1,Black
7930,130,32,0,Nimzo-Larsen Attack,1,Black
779,40,42,1,Queen's Gambit,1,White
12214,40,42,1,Queen's Gambit,2,White
17771,286,56,1,London System,1,Black
13984,7,56,1,Philidor Defense,1,Black
6402,104,119,1,Nimzowitsch Defense,1,White
13886,65,66,1,Caro-Kann Defense,1,Black
17622,145,50,1,French Defense,1,Black
7420,29,57,1,Blackmar-Diemer Gambit,1,White
8060,150,112,1,French Defense,1,Black
12397,157,16,1,Sicilian Defense,1,Black
8938,360,25,1,Four Knights Game,1,White
9235,162,33,1,Caro-Kann Defense,1,White
1014,244,15,1,Petrov's Defense,1,White
9285,76,38,0,Queen's Gambit,1,Black
4401,11,68,1,Scandinavian Defense,1,Black
6087,88,89,1,Bogo-Indian Defense,1,Draw
7632,78,158,1,Slav Defense,2,Black
1949,474,37,1,King's Gambit,1,White
665,151,72,1,Sicilian Defense,1,Black
5552,107,79,0,Philidor Defense,1,Black
16054,422,47,0,Scandinavian Defense,1,White
16056,422,25,0,Italian Game,2,White
16058,220,118,0,Caro-Kann Defense,3,Black
18469,138,74,1,King's Pawn Game,1,Black
5624,71,117,1,Zukertort Opening,1,White
19461,448,22,0,Bird Opening,1,Black
15504,175,10,0,Van't Kruijs Opening,1,Black
15508,26,57,1,Caro-Kann Defense,2,White
15509,204,60,1,Italian Game,3,Black
15510,20,41,1,Zukertort Opening,4,White
15511,118,81,1,Sicilian Defense,5,White
15512,25,45,1,French Defense,6,White
15514,4,47,1,Italian Game,7,Black
15519,15,132,1,Italian Game,8,Black
15521,34,77,1,Philidor Defense,9,White
15523,49,56,1,Sicilian Defense,10,Black
15524,89,60,1,Ruy Lopez,11,Black
15525,25,53,1,Italian Game,12,Black
15528,220,86,1,Italian Game,13,White
15531,27,43,1,Philidor Defense,14,Black
15532,12,72,1,Italian Game,15,Black
15535,85,34,1,Four Knights Game,16,Black
15538,367,53,1,Sicilian Defense,17,White
15539,9,72,1,Sicilian Defense,18,Black
1010,298,60,0,Benoni Defense,1,White
3680,165,61,0,Van't Kruijs Opening,2,White
7515,55,41,1,Scotch Game,1,Black
8050,96,93,1,French Defense,1,Draw
430,153,70,1,Scandinavian Defense,1,Black
10767,195,12,0,Van't Kruijs Opening,1,White
5697,105,20,1,French Defense,1,White
5490,263,57,1,Queen's Gambit,1,White
6447,231,47,1,Queen's Gambit,1,White
9803,24,131,1,Sicilian Defense,1,Black
8942,220,41,1,King's Gambit,1,White
3307,38,23,1,Italian Game,1,White
2120,211,35,0,Italian Game,1,White
897,16,28,1,Sicilian Defense,1,White
19642,101,95,0,Pirc Defense,1,White
8218,206,52,1,Italian Game,1,Black
7952,1,47,0,Ruy Lopez,1,White
17153,179,24,1,Queen's Gambit,1,White
15763,2,90,1,King's Knight Opening,1,Black
1717,81,64,1,Ruy Lopez,1,Black
194,20,96,1,Van't Kruijs Opening,1,Black
11421,20,96,1,Van't Kruijs Opening,2,Black
13748,20,96,1,Van't Kruijs Opening,3,Black
19069,20,96,1,Van't Kruijs Opening,4,Black
19456,250,11,0,Sicilian Defense,1,Black
18559,183,79,0,King's Pawn Game,1,White
18561,183,26,0,Four Knights Game,2,Black
18572,5,50,0,King's Knight Opening,3,Black
15550,42,92,1,Scotch Game,1,Black
15552,35,55,1,Zukertort Opening,2,White
15554,294,18,1,King's Pawn Game,3,Black
15556,108,41,1,English Opening,4,White
15558,48,75,1,Van't Kruijs Opening,5,White
7996,301,84,1,French Defense,1,Black
7997,79,171,1,Ruy Lopez,2,White
7998,114,39,1,Sicilian Defense,3,White
8000,71,29,1,Ruy Lopez,4,White
8001,447,41,1,Ruy Lopez,5,White
8002,76,77,1,Philidor Defense,6,White
8003,9,31,1,Philidor Defense,7,White
8005,54,15,1,Pirc Defense,8,White
8006,49,23,1,Scandinavian Defense,9,White
11489,95,3,1,Queen's Pawn Game,1,White
880,96,42,1,Petrov's Defense,1,Black
18712,83,89,1,Bishop's Opening,1,White
7923,119,108,1,Zukertort Opening,1,Black
2423,163,55,1,French Defense,1,Black
2425,185,47,1,Zukertort Opening,2,White
18717,74,63,1,King's Pawn Game,1,White
12385,0,92,0,Queen's Gambit,1,Black
17581,54,55,1,Sicilian Defense,1,White
10287,486,42,1,Blackmar-Diemer Gambit,1,Black
12387,801,52,0,Sicilian Defense,1,Black
1446,77,117,1,Philidor Defense,1,Draw
2389,251,63,1,Pirc Defense,1,White
239,81,11,1,Ruy Lopez,1,White
19215,81,11,1,Ruy Lopez,2,White
2164,100,34,0,London System,1,Black
6165,515,52,1,French Defense,1,Black
18513,615,24,1,Scotch Game,1,Black
4157,200,115,1,Horwitz Defense,1,White
12748,945,42,0,King's Gambit,1,Black
1397,226,79,1,French Defense,1,White
3457,130,73,0,Nimzowitsch Defense,1,White
16324,130,73,0,Nimzowitsch Defense,2,White
19794,286,58,1,Pirc Defense,1,Draw
12842,144,66,1,Queen's Pawn Game,1,Black
7738,51,59,1,Scandinavian Defense,1,White
2675,69,91,0,Horwitz Defense,1,White
10525,160,46,1,Ruy Lopez,1,Black
11234,160,46,1,Ruy Lopez,2,Black
8622,188,40,1,Van't Kruijs Opening,1,Black
3693,130,58,1,Caro-Kann Defense,1,Black
3696,701,88,1,Queen's Pawn Game,2,Black
3697,617,61,1,Scotch Game,3,White
3700,367,45,1,Philidor Defense,4,White
3702,785,62,1,Scotch Game,5,Black
3704,98,39,1,Nimzowitsch Defense,6,White
3705,19,35,1,Nimzowitsch Defense,7,White
3706,5,106,1,King's Pawn Game,8,Black
3708,21,19,1,Scotch Game,9,White
3710,18,19,1,Nimzowitsch Defense,10,White
3712,105,61,1,Scandinavian Defense,11,Black
3714,51,47,1,Queen's Gambit,12,White
3716,286,60,1,Queen's Gambit,13,Black
3717,178,118,1,Caro-Kann Defense,14,Black
3720,217,14,1,Bishop's Opening,15,Black
3721,10,123,1,Queen's Gambit,16,Draw
3723,356,8,0,Bishop's Opening,17,Black
3726,65,120,1,King's Pawn Game,18,Black
3730,51,55,1,Horwitz Defense,19,White
3733,269,78,1,Slav Defense,20,Black
3734,137,67,1,Horwitz Defense,21,Black
12670,288,45,0,Italian Game,1,White
12671,288,45,0,Queen's Gambit,2,White
14547,288,45,0,Italian Game,3,White
14548,288,45,0,Queen's Gambit,4,White
19993,47,26,1,Queen's Pawn Game,1,Black
2784,178,104,1,Italian Game,1,Black
14074,15,97,1,Russian Game,1,Draw
9450,181,47,1,Vienna Game,1,White
7971,86,58,1,Four Knights Game,1,Black
4833,122,154,1,French Defense,1,Black
4835,24,41,1,Sicilian Defense,2,White
4838,87,146,1,Scotch Game,3,Black
4840,110,144,1,Caro-Kann Defense,4,Black
4843,219,45,1,Sicilian Defense,5,White
4844,6,89,1,Robatsch (Modern) Defense,6,White
4846,501,29,1,French Defense,7,White
4848,479,24,1,English Opening,8,Black
4850,21,57,1,French Defense,9,White
4851,100,76,1,Scotch Game,10,Black
4852,787,20,1,Sicilian Defense,11,White
4853,654,39,1,Scandinavian Defense,12,White
4855,40,71,1,Sicilian Defense,13,Black
4856,329,57,1,Italian Game,14,White
4859,38,63,1,Sicilian Defense,15,White
4860,16,60,1,Sicilian Defense,16,Black
4862,384,29,1,Pirc Defense,17,White
16785,130,91,1,French Defense,1,White
15895,28,71,1,King's Pawn Game,1,White
11928,386,12,0,Sicilian Defense,1,White
13436,386,12,0,Sicilian Defense,2,White
14206,756,19,0,Italian Game,1,White
19042,151,86,1,French Defense,1,Black
19965,116,47,1,Nimzowitsch Defense,2,White
9589,130,87,1,King's Pawn Game,1,White
10751,137,103,1,King's Pawn Game,2,White
17917,17,43,1,Van't Kruijs Opening,1,White
7747,25,71,1,Queen's Pawn Game,1,White
16990,195,7,1,Van't Kruijs Opening,1,White
306,25,116,0,Petrov's Defense,1,Black
13926,69,98,1,Van't Kruijs Opening,1,Draw
196,12,39,1,Van't Kruijs Opening,1,White
11423,12,39,1,Van't Kruijs Opening,2,White
13750,12,39,1,Van't Kruijs Opening,3,White
19071,12,39,1,Van't Kruijs Opening,4,White
2934,487,61,1,Queen's Gambit,1,White
11138,341,37,1,Zukertort Opening,1,White
5590,1,73,1,French Defense,1,White
9234,507,24,1,Sicilian Defense,1,Draw
2149,224,64,1,Caro-Kann Defense,1,Black
5165,146,81,1,Zukertort Opening,1,White
270,36,82,0,Bird Opening,1,Draw
533,113,22,1,Blackmar-Diemer Gambit,1,Black
10745,222,76,1,King's Gambit,1,Black
5171,423,40,1,Scandinavian Defense,1,White
14124,0,40,1,Indian Game,1,Black
14127,84,8,1,Horwitz Defense,2,Black
14128,259,36,1,Italian Game,3,Black
14129,50,57,1,Sicilian Defense,4,White
10317,181,25,0,Pirc Defense,1,White
11205,25,67,1,French Defense,1,White
19727,25,47,1,Blackmar-Diemer Gambit,1,White
10156,117,75,0,Van't Kruijs Opening,1,White
10158,328,67,0,Queen's Gambit,2,White
10159,0,49,0,Zukertort Opening,3,White
10160,260,41,0,Sicilian Defense,4,White
10164,311,85,0,Van't Kruijs Opening,5,White
10165,296,23,0,Nimzo-Indian Defense,6,White
10166,98,41,0,English Opening,7,White
10167,114,47,0,Pirc Defense,8,White
10168,1,71,0,Van't Kruijs Opening,9,White
10169,53,51,0,Van't Kruijs Opening,10,White
6999,75,63,1,Sicilian Defense,1,White
11129,220,39,0,Pirc Defense,1,White
14032,54,170,1,Nimzowitsch Defense,1,Draw
13820,424,43,0,Nimzo-Indian Defense,1,White
17734,522,71,1,King's Pawn Game,1,White
2260,126,48,1,Sicilian Defense,1,Black
276,189,48,1,Blackmar-Diemer Gambit,1,Black
542,105,77,1,King's Pawn Game,1,White
9222,671,126,1,Sicilian Defense,1,Black
17909,325,68,1,Queen's Gambit,1,Black
399,32,125,1,French Defense,1,White
8491,235,72,1,Benko Gambit,1,Black
16060,120,96,1,Nimzowitsch Defense,1,Black
16062,71,105,1,King's Pawn Game,2,White
16063,328,94,1,Scotch Game,3,Black
16064,0,42,0,Yusupov-Rubinstein System,4,Black
7176,665,16,1,French Defense,1,Black
3004,11,21,1,Petrov's Defense,1,Black
19728,83,42,1,Queen's Gambit,1,Black
7053,111,53,1,Horwitz Defense,1,White
7055,343,130,1,Nimzo-Indian Defense,2,Draw
7056,144,142,1,Horwitz Defense,3,Black
7059,247,68,1,Indian Game,4,Black
7061,13,68,1,Nimzo-Indian Defense,5,Black
7063,283,86,1,Budapest Defense,6,Black
7065,133,61,1,Horwitz Defense,7,White
7067,160,60,1,Nimzo-Indian Defense,8,Black
7068,3,61,1,Mexican Defense,9,White
7070,249,55,1,Queen's Gambit,10,White
9690,51,32,1,Robatsch (Modern) Defense,1,Black
3543,8,80,1,Italian Game,1,Black
16801,252,78,1,Italian Game,2,Black
19862,67,47,0,Van't Kruijs Opening,1,White
10366,222,17,0,Nimzowitsch Defense,1,White
1009,295,99,0,Zukertort Opening,1,White
19322,29,89,1,French Defense,1,White
5172,196,61,1,Robatsch (Modern) Defense,1,White
4925,85,68,1,Sicilian Defense,1,Black
1433,482,60,1,Queen's Pawn Game,1,Black
8111,94,50,1,French Defense,1,Black
11446,167,63,1,Sicilian Defense,2,White
5322,127,77,1,Pirc Defense,1,White
16126,1,71,1,Four Knights Game,1,White
6671,104,20,1,King's Gambit,1,Black
10721,23,114,1,Queen's Pawn Game,1,Black
14038,94,128,1,King's Pawn Game,1,Black
3362,282,98,1,Horwitz Defense,1,Black
17785,118,34,1,Dutch Defense,1,Black
14290,39,63,1,Pirc Defense,1,White
8725,132,47,1,Pirc Defense,1,White
2936,148,29,1,Four Knights Game,1,Black
8155,183,57,1,King's Pawn Game,1,White
17353,302,47,1,Sicilian Defense,1,Black
10531,67,69,1,French Defense,1,White
11240,67,69,1,French Defense,2,White
12987,60,102,1,Ruy Lopez,1,Black
2446,35,100,1,Nimzowitsch Defense,1,Draw
17056,560,63,0,French Defense,1,White
4903,8,90,1,English Opening,1,Black
4904,95,26,1,Dutch Defense,2,White
4908,110,76,1,Zukertort Opening,3,Black
4909,32,71,1,Gruenfeld Defense,4,White
4910,159,54,1,English Opening,5,Black
4912,63,91,1,English Opening,6,White
4913,50,40,1,Queen's Gambit,7,Black
4917,107,30,1,English Opening,8,Black
4918,161,53,1,English Opening,9,Black
4920,82,111,1,English Opening,10,White
4922,319,118,1,Nimzo-Indian Defense,11,Black
4923,174,63,1,Queen's Gambit,12,White
4924,53,24,1,Queen's Pawn Game,13,Black
4927,137,15,1,Sicilian Defense,14,White
4930,52,33,1,Queen's Pawn Game,15,White
4931,14,64,1,Queen's Pawn,16,Black
4935,19,57,1,English Opening,17,White
4937,260,42,1,Italian Game,18,Black
4939,371,52,1,Zukertort Opening,19,Black
4940,187,30,1,Horwitz Defense,20,Black
4942,68,44,1,Ruy Lopez,21,White
4944,110,52,1,Queen's Pawn Game,22,Black
4946,210,77,1,King's Indian Attack,23,White
16576,17,99,1,King's Gambit,1,White
13875,16,29,1,Van't Kruijs Opening,1,Black
9877,497,38,1,Zukertort Opening,1,Black
9878,358,32,1,Zukertort Opening,2,Black
9880,15,12,1,Van't Kruijs Opening,3,Black
9882,377,6,1,Van't Kruijs Opening,4,Black
9883,195,25,1,Van't Kruijs Opening,5,White
9885,131,15,1,Caro-Kann Defense,6,Black
9888,205,12,1,Van't Kruijs Opening,7,Black
9889,191,9,1,Van't Kruijs Opening,8,White
9890,144,6,1,Van't Kruijs Opening,9,Black
9891,383,14,1,Van't Kruijs Opening,10,Black
9892,304,16,1,Van't Kruijs Opening,11,Black
9894,189,12,1,Bird Opening,12,Black
9896,68,2,1,Van't Kruijs Opening,13,Black
6973,228,102,1,Queen's Gambit,1,Black
6882,18,43,1,King's Gambit,1,White
18628,18,43,1,King's Gambit,2,White
20019,75,35,1,Sicilian Defense,1,White
15195,217,32,0,Italian Game,1,Black
16398,165,70,1,Petrov's Defense,1,Black
8564,132,69,1,Sicilian Defense,1,White
4770,273,60,1,French Defense,1,Black
18777,71,69,1,Sicilian Defense,1,White
65,50,40,1,French Defense,1,Black
10127,186,33,1,Scandinavian Defense,1,White
17907,19,46,1,Blackmar-Diemer Gambit,1,Black
2993,62,134,1,Vienna Game,1,Black
5160,238,146,0,Italian Game,1,Black
4863,2,29,1,Nimzowitsch Defense,1,White
11975,106,131,1,English Opening,1,Draw
16838,38,51,1,Philidor Defense,1,White
1325,19,92,1,Sicilian Defense,1,Black
1326,59,29,1,Vienna Game,2,White
1327,74,78,1,Sicilian Defense,3,Black
1329,27,59,1,Four Knights Game,4,White
1330,175,11,1,Petrov's Defense,5,White
1332,28,58,1,Nimzowitsch Defense,6,Black
1334,220,49,1,French Defense,7,White
1335,211,45,1,Zukertort Opening,8,White
10277,514,51,1,Van't Kruijs Opening,1,White
9618,504,2,1,Blackmar-Diemer Gambit,1,Black
3628,520,10,1,Ruy Lopez,1,Black
3629,279,85,1,Italian Game,2,Black
3630,14,56,1,Nimzowitsch Defense,3,Black
3634,519,88,1,Sicilian Defense,4,Black
3635,447,84,1,Four Knights Game,5,Black
3636,101,83,1,Sicilian Defense,6,White
3638,183,75,1,King's Pawn Game,7,White
3641,214,48,1,Nimzowitsch Defense,8,White
3643,79,36,1,Four Knights Game,9,Black
3645,77,96,1,Four Knights Game,10,Black
3646,134,64,1,Scandinavian Defense,11,Black
3647,152,65,0,Queen's Gambit,12,White
13843,14,87,0,Ruy Lopez,1,White
13845,14,189,0,Philidor Defense,2,White
13847,14,79,0,Ruy Lopez,3,White
13827,36,88,0,Blackmar-Diemer Gambit,1,Black
5699,105,40,1,Queen's Pawn Game,1,Black
4602,58,51,0,Vienna Game,1,White
18012,447,34,0,Petrov's Defense,1,Black
18013,447,32,0,King's Pawn Game,2,Black
18014,447,26,0,King's Pawn Game,3,Black
14615,55,85,1,Alekhine Defense,1,White
14617,61,15,1,Alekhine Defense,2,White
9116,467,69,0,King's Pawn Game,1,White
9118,389,40,1,Nimzo-Larsen Attack,2,Black
9123,246,10,1,Horwitz Defense,3,Black
9125,153,78,1,King's Pawn Game,4,Black
14218,44,81,0,French Defense,1,White
11048,166,106,1,Nimzowitsch Defense,1,Black
13100,416,71,1,Caro-Kann Defense,1,White
13102,21,109,1,French Defense,2,White
1839,124,45,1,Van't Kruijs Opening,1,Black
4899,716,76,1,Slav Defense,1,Black
11385,129,69,1,Sicilian Defense,1,White
13476,129,69,1,Sicilian Defense,2,White
9559,182,95,0,Scotch Game,1,White
2444,39,60,1,Horwitz Defense,1,Black
7084,274,72,0,Horwitz Defense,1,Black
9040,56,84,1,Indian Game,1,Black
12646,10,84,1,Blackmar-Diemer Gambit,2,Black
14513,10,84,1,Blackmar-Diemer Gambit,3,Black
2997,218,55,1,Bishop's Opening,1,White
6813,462,147,1,Four Knights Game,1,White
2835,0,10,0,Ruy Lopez,1,Black
3501,10,44,1,King's Pawn Game,1,Black
14462,165,46,1,Ruy Lopez,1,Draw
4543,29,86,1,Caro-Kann Defense,1,Black
11182,71,57,1,French Defense,1,White
4808,273,63,1,Scotch Game,1,White
11967,43,53,1,Amar Opening,1,White
17178,102,79,1,Queen's Gambit,2,White
14164,183,74,0,French Defense,1,Black
2878,188,51,1,Bird Opening,1,White
8400,226,2,0,Van't Kruijs Opening,1,White
18807,163,74,1,Blackmar-Diemer Gambit,1,Black
19853,251,64,0,Scotch Game,1,Black
15841,34,41,1,Sicilian Defense,1,White
16142,2,66,1,Alekhine Defense,2,Black
16145,288,65,0,Dutch Defense,1,Black
7308,24,72,1,Sicilian Defense,1,Black
10034,329,85,1,Nimzo-Larsen Attack,1,White
10036,277,19,1,Indian Game,2,White
10569,89,63,1,French Defense,1,White
11278,89,63,1,French Defense,2,White
4459,59,33,1,King's Gambit,1,White
14454,16,37,1,King's Gambit,2,White
15982,67,56,0,Queen's Gambit,1,Black
6647,9,128,1,Sicilian Defense,1,White
19625,28,44,0,Pirc Defense,1,Black
10642,538,2,1,Van't Kruijs Opening,1,White
10644,527,2,1,Van't Kruijs Opening,2,White
10646,515,2,1,Van't Kruijs Opening,3,White
10648,503,2,1,Van't Kruijs Opening,4,White
10650,489,2,1,Van't Kruijs Opening,5,White
10652,475,2,1,Amar Opening,6,White
10654,458,2,1,Van't Kruijs Opening,7,White
10656,439,2,1,Zukertort Opening,8,White
10658,416,2,1,Van't Kruijs Opening,9,White
10660,389,2,1,Van't Kruijs Opening,10,White
10662,354,2,1,Scandinavian Defense,11,White
10664,331,2,1,Nimzowitsch Defense,12,White
10666,266,2,1,Nimzowitsch Defense,13,White
10668,213,2,1,French Defense,14,White
10670,198,2,1,French Defense,15,White
1464,123,27,0,Sicilian Defense,1,Black
5661,81,60,1,Nimzowitsch Defense,1,Black
16184,136,51,1,Nimzowitsch Defense,1,White
15652,147,85,1,Bishop's Opening,1,White
2955,42,123,1,King's Pawn Game,1,White
2957,71,29,1,Sicilian Defense,2,White
4919,26,47,1,Ruy Lopez,1,White
10982,0,19,1,Blackmar-Diemer Gambit,1,White
7242,257,79,1,Queen's Gambit,1,White
12542,367,38,1,Sicilian Defense,1,Black
14440,154,141,1,Scotch Game,2,White
1941,209,62,1,King's Gambit,1,Black
15161,28,65,1,Benoni Defense,1,White
4576,624,10,1,Horwitz Defense,1,White
2811,561,42,0,King's Pawn Game,1,Black
14087,44,89,0,King's Gambit,1,White
19903,93,42,1,Petrov's Defense,1,Black
8281,177,126,1,English Opening,1,Black
6335,288,33,1,Blackmar-Diemer Gambit,1,Black
15688,119,83,1,Amar Opening,1,White
142,239,2,1,Alekhine Defense,1,Black
14066,16,62,1,Vienna Game,1,Black
457,68,35,1,French Defense,1,White
14802,537,55,0,French Defense,1,White
12154,238,106,0,Van't Kruijs Opening,1,Black
4971,129,38,1,Italian Game,1,Black
410,0,39,1,Nimzo-Larsen Attack,1,White
16817,19,21,1,Philidor Defense,1,White
12961,83,74,1,French Defense,1,Black
2676,390,36,1,Blackmar-Diemer Gambit,1,White
10327,179,40,1,Budapest Defense,1,Black
714,21,43,1,Van't Kruijs Opening,1,White
12202,21,43,1,Van't Kruijs Opening,2,White
19655,57,39,0,Pirc Defense,1,White
15610,149,62,1,Scandinavian Defense,1,Black
18569,148,28,1,Blackmar-Diemer Gambit,1,Black
11209,52,66,1,Van't Kruijs Opening,1,Black
4042,261,85,1,Robatsch (Modern) Defense,1,White
12503,8,98,1,French Defense,1,Black
5011,12,45,1,Four Knights Game,1,White
5012,84,77,1,Caro-Kann Defense,2,Black
5013,140,82,1,French Defense,3,Black
5015,98,15,1,Slav Defense,4,Black
5017,245,4,1,Van't Kruijs Opening,5,Black
3466,37,51,0,Horwitz Defense,1,White
16333,37,51,0,Horwitz Defense,2,White
6334,108,65,1,Sicilian Defense,1,White
2661,289,33,1,Scandinavian Defense,1,White
2664,62,92,1,Petrov's Defense,2,Draw
411,65,94,1,French Defense,1,Black
2890,50,69,1,King's Knight Opening,1,White
8301,505,65,1,Caro-Kann Defense,1,White
8145,7,59,1,King's Knight Opening,1,White
17678,353,38,1,Pirc Defense,1,Black
1715,59,61,1,Italian Game,1,White
14154,13,86,1,Sicilian Defense,1,Black
7881,15,99,1,Gruenfeld Defense,1,White
11064,30,54,1,Horwitz Defense,1,Black
2907,90,72,1,King's Knight Opening,1,Black
2909,172,33,1,Bishop's Opening,2,White
1796,39,113,1,French Defense,1,White
1797,87,62,1,King's Pawn Game,2,Black
1799,114,12,1,King's Pawn Game,3,Black
1831,39,113,1,French Defense,4,White
15011,39,113,1,French Defense,5,White
15012,87,62,1,King's Pawn Game,6,Black
15014,114,12,1,King's Pawn Game,7,Black
7657,222,118,1,Van't Kruijs Opening,1,Black
10445,471,21,0,French Defense,1,White
301,62,83,1,Four Knights Game,1,White
2208,416,125,1,Scandinavian Defense,1,White
5529,210,40,1,Sicilian Defense,1,White
5828,340,48,0,Four Knights Game,1,Black
4103,121,9,0,Italian Game,1,White
18995,154,140,1,Sicilian Defense,1,Black
8010,39,30,0,Van't Kruijs Opening,1,White
152,212,32,1,Alekhine Defense,1,Black
4552,377,23,0,French Defense,1,White
6227,192,72,1,French Defense,1,White
10298,277,103,1,Queen's Gambit,1,White
6821,139,43,1,Petrov's Defense,1,Black
5644,176,82,1,Sicilian Defense,1,Black
9146,91,62,1,Horwitz Defense,1,Black
18886,20,50,1,Slav Defense,1,Black
7027,54,98,1,Nimzowitsch Defense,1,Black
8941,252,71,1,Scotch Game,1,Black
9521,106,113,1,King's Pawn Game,1,White
9522,0,4,1,King's Pawn Game,2,White
17925,221,61,1,Van't Kruijs Opening,1,White
18943,242,117,1,Benko Gambit,1,Draw
13902,1,40,1,Blackmar-Diemer Gambit,1,Black
6115,73,80,1,Italian Game,1,Black
10965,25,34,1,Sicilian Defense,1,Black
9121,286,85,1,Blackmar-Diemer Gambit,1,White
3107,133,76,1,Ruy Lopez,1,Black
8960,149,64,1,English Opening,1,Black
314,92,74,0,Petrov's Defense,1,Black
1810,21,45,1,Vienna Game,1,White
8650,108,61,1,Scandinavian Defense,1,White
3275,23,59,1,Zukertort Opening,1,White
3277,74,41,1,Catalan Opening,2,White
7422,31,80,0,Four Knights Game,1,Black
3912,111,91,1,Benko Gambit,1,White
3118,9,66,1,Nimzo-Larsen Attack,1,Black
3868,87,78,0,Sicilian Defense,1,Black
15180,87,73,0,Sicilian Defense,1,White
12761,49,17,1,Scandinavian Defense,1,White
2207,65,30,0,Sicilian Defense,1,White
7456,121,57,1,Van't Kruijs Opening,1,White
736,41,24,1,Center Game,1,Black
6200,282,15,1,Sicilian Defense,2,White
13535,102,105,1,Sicilian Defense,1,White
19390,45,146,1,Sicilian Defense,2,Black
886,227,34,1,Indian Game,1,Black
11765,839,62,1,Sicilian Defense,1,Black
17894,324,20,1,Robatsch (Modern) Defense,1,Black
9206,51,44,1,Sicilian Defense,1,Black
9211,24,76,1,Sicilian Defense,2,Black
9213,281,57,1,French Defense,3,White
9214,61,75,1,Ruy Lopez,4,White
9216,69,33,1,Ruy Lopez,5,Draw
9219,165,96,1,Sicilian Defense,6,Black
9221,679,67,1,Scotch Game,7,White
9223,58,27,0,Sicilian Defense,8,White
9225,835,55,1,Philidor Defense,9,White
9227,583,13,0,Scotch Game,10,White
9228,76,71,1,Russian Game,11,White
9229,421,57,1,Zukertort Opening,12,White
9231,472,61,1,Scotch Game,13,White
9233,139,50,1,Nimzowitsch Defense,14,White
11542,16,58,1,Italian Game,1,Black
6269,158,68,1,Nimzowitsch Defense,1,Black
7926,96,33,1,Italian Game,1,White
5088,86,21,0,Four Knights Game,1,White
2099,103,179,1,Scandinavian Defense,1,White
2101,116,39,1,King's Knight Opening,2,White
3312,57,105,1,Sicilian Defense,1,White
19553,99,72,1,French Defense,1,Black
1656,186,61,1,King's Knight Opening,1,White
1657,203,101,1,Scandinavian Defense,1,White
985,142,65,0,Four Knights Game,1,White
1509,123,63,1,Blackmar-Diemer Gambit,1,White
14561,161,63,1,Caro-Kann Defense,1,White
2019,510,39,1,Ruy Lopez,1,White
5528,61,63,1,Sicilian Defense,1,White
11206,15,89,1,English Opening,1,White
15300,119,136,1,Sicilian Defense,1,Black
3308,217,68,1,Queen's Gambit,1,Black
15073,145,45,1,Sicilian Defense,1,Black
19944,129,107,1,Sicilian Defense,1,White
9256,132,73,1,King's Pawn Game,1,White
15829,231,118,1,Van't Kruijs Opening,1,Black
360,80,96,1,Center Game,1,Black
17844,678,86,1,Queen's Pawn Game,1,Black
12623,0,134,1,Sicilian Defense,1,Black
8212,243,66,1,King's Pawn Game,1,Black
18094,227,58,0,Van't Kruijs Opening,1,Black
40,1471,34,0,English Opening,1,White
44,1465,66,0,Sicilian Defense,2,White
49,1458,35,0,Sicilian Defense,3,White
50,1458,41,0,Scandinavian Defense,4,White
2342,1262,9,0,Sicilian Defense,5,White
11597,952,86,0,King's Indian Attack,6,Draw
11965,708,5,0,French Defense,7,White
12155,550,54,0,Van't Kruijs Opening,8,Black
12438,650,91,0,Queen's Indian Defense,9,White
12445,624,64,0,English Opening,10,Draw
13819,606,10,0,English Opening,11,White
15009,708,5,0,French Defense,12,White
15394,1262,9,0,Sicilian Defense,13,White
19236,1200,22,0,Zukertort Opening,14,White
15200,89,52,0,King's Pawn Game,1,Black
12539,458,133,1,Sicilian Defense,1,White
3608,113,39,1,Vienna Game,1,White
11488,147,3,1,King's Knight Opening,1,White
13112,86,7,1,Pirc Defense,1,White
5914,54,174,1,Sicilian Defense,1,Black
6830,115,29,0,King's Pawn Game,1,White
3592,84,67,1,Petrov's Defense,1,White
11387,30,56,1,Sicilian Defense,1,Black
13478,30,56,1,Sicilian Defense,2,Black
14742,730,77,0,Vienna Game,1,White
16419,36,75,1,Pirc Defense,1,White
16623,262,23,1,Queen's Gambit,1,White
17708,31,40,1,Blackmar-Diemer Gambit,1,Black
9572,196,46,0,Van't Kruijs Opening,1,Black
16416,162,4,1,Scotch Game,1,Black
16418,37,78,1,Slav Defense,2,Black
16420,48,39,1,Queen's Gambit,3,White
16422,63,98,1,Italian Game,4,Black
16423,63,62,1,Sicilian Defense,5,Black
16425,2,100,1,Sicilian Defense,6,Black
16427,15,125,1,Scandinavian Defense,7,White
16430,159,80,1,Queen's Gambit,8,Black
16431,236,63,1,Philidor Defense,9,White
16432,44,49,1,Queen's Pawn Game,10,White
16435,140,38,1,Italian Game,11,Black
16437,241,35,1,French Defense,12,Black
16439,209,82,1,Petrov's Defense,13,Black
16442,115,22,1,King's Knight Opening,14,Black
16444,102,34,1,Ruy Lopez,15,Black
16445,329,45,1,Queen's Gambit,16,White
16448,269,62,1,Sicilian Defense,17,Black
16449,224,102,1,Nimzowitsch Defense,18,Black
16451,109,36,1,Sicilian Defense,19,Black
16453,295,71,1,Ruy Lopez,20,White
16455,52,65,1,Nimzowitsch Defense,21,White
12495,69,52,1,French Defense,1,Black
9619,401,2,1,Blackmar-Diemer Gambit,1,Black
18582,19,136,1,Ruy Lopez,1,Black
11862,9,86,1,Caro-Kann Defense,1,Black
8825,448,51,0,Horwitz Defense,1,White
12183,30,28,1,Sicilian Defense,1,Black
18499,58,30,1,Neo-Gruenfeld Defense,1,Black
18308,49,71,0,Van't Kruijs Opening,1,White
7490,95,173,1,Blackmar-Diemer Gambit,1,Draw
4377,60,50,0,Van't Kruijs Opening,1,Draw
290,331,48,1,Van't Kruijs Opening,1,Black
17796,645,74,1,Van't Kruijs Opening,1,Black
18688,135,43,0,King's Pawn Game,1,White
4472,401,26,0,English Opening,1,Black
4473,339,19,0,English Opening,2,White
4474,1223,1,0,Nimzowitsch Defense,3,White
4475,437,42,0,English Opening,4,Black
4476,521,32,0,Ruy Lopez,5,Black
4477,23,24,0,English Opening,6,Black
4478,58,53,0,English Opening,7,White
4479,349,89,0,English Opening,8,White
4480,210,43,0,English Opening,9,White
4481,547,85,0,English Opening,10,White
4482,489,76,0,English Opening,11,Draw
4483,617,51,0,English Opening,12,White
4484,0,139,0,King's Indian Defense,13,Draw
4485,35,78,0,English Opening,14,White
4486,580,75,0,Gruenfeld Defense,15,White
4487,554,89,0,English Opening,16,White
4488,581,94,0,King's Indian Defense,17,Draw
4494,115,28,0,English Opening,18,White
4495,179,80,0,English Opening,19,White
4496,622,53,0,English Opening,20,White
4497,241,45,0,English Opening,21,White
4498,503,70,0,English Opening,22,White
4499,258,47,0,English Opening,23,White
4500,460,59,0,English Opening,24,White
4501,369,67,0,English Opening,25,White
4502,945,124,0,Sicilian Defense,26,White
11882,110,29,1,Italian Game,1,White
17189,66,42,1,Horwitz Defense,1,Black
16509,52,92,1,Queen's Gambit,1,Black
1541,27,47,0,Queen's Pawn Game,1,White
1542,28,23,0,Queen's Pawn Game,2,White
1543,254,84,0,Blackmar-Diemer Gambit,3,White
1545,178,88,1,Dutch Defense,4,Black
1546,7,35,0,Blackmar-Diemer Gambit,5,White
1548,30,61,0,Blackmar-Diemer Gambit,6,White
1550,262,78,0,Blackmar-Diemer Gambit,7,Black
1552,288,49,1,Blackmar-Diemer Gambit,8,White
1553,2,82,1,Queen's Pawn Game,9,Black
1554,48,115,0,Queen's Gambit,10,White
5772,213,26,1,King's Pawn Game,1,Black
1066,89,72,0,Sicilian Defense,1,White
3569,53,24,1,Tarrasch Defense,2,Black
11933,204,43,0,Robatsch (Modern) Defense,3,White
12648,89,72,0,Sicilian Defense,4,White
14515,89,72,0,Sicilian Defense,5,White
13881,9,61,1,Caro-Kann Defense,1,White
14795,47,27,0,Horwitz Defense,1,White
17682,544,52,1,Van't Kruijs Opening,1,Black
12724,139,51,1,Italian Game,1,White
15616,118,57,1,Queen's Gambit,1,White
3732,158,85,1,Nimzowitsch Defense,1,White
2504,139,53,1,Scandinavian Defense,1,White
5927,79,50,1,French Defense,1,Black
6017,309,64,1,Scandinavian Defense,1,Black
13434,380,21,1,Italian Game,1,White
9237,75,49,1,Queen's Gambit,1,White
9239,287,34,1,Queen's Gambit,2,Black
9240,69,44,1,Queen's Gambit,3,Black
9241,13,30,1,Queen's Gambit,4,Black
9242,363,50,1,Horwitz Defense,5,Black
9246,23,60,1,Queen's Gambit,6,Black
9249,438,69,0,Horwitz Defense,7,Black
9250,174,45,1,Queen's Gambit,8,Black
9251,112,77,1,Queen's Gambit,9,White
9253,5,58,1,Dutch Defense,10,White
9665,129,38,1,Four Knights Game,1,White
10204,165,50,1,Horwitz Defense,1,Black
4354,324,72,1,Queen's Pawn Game,1,Black
19563,22,128,1,Blumenfeld Countergambit,1,Draw
7750,139,79,1,Scandinavian Defense,1,White
15006,27,9,1,Bishop's Opening,2,White
19659,117,95,0,King's Indian Defense,1,White
13950,8,72,1,Slav Defense,1,Black
11662,14,49,0,King's Knight Opening,1,White
9105,225,32,1,King's Pawn Game,1,Black
15049,114,64,1,Sicilian Defense,1,Black
12588,45,40,1,King's Pawn Game,1,White
12681,1237,22,0,Van't Kruijs Opening,1,Black
5971,473,37,1,Van't Kruijs Opening,1,White
12369,195,19,0,King's Indian Defense,1,White
1943,2,27,1,English Opening,1,White
1196,123,70,1,Slav Defense,1,Black
6575,67,54,1,King's Pawn Game,1,Black
6577,110,56,1,King's Pawn Game,2,Black
12871,160,65,0,Italian Game,1,White
12872,160,96,0,Italian Game,2,White
12874,108,97,1,French Defense,3,White
12877,54,44,1,Pirc Defense,4,White
16761,35,38,1,French Defense,1,Draw
10104,192,18,1,Horwitz Defense,1,White
6558,203,58,0,King's Pawn Game,1,Black
374,233,101,1,King's Pawn Game,1,White
5686,63,24,1,French Defense,1,Black
11122,14,65,1,Alekhine Defense,1,White
18525,3,105,1,King's Pawn Game,1,White
19556,48,61,1,French Defense,1,White
9720,292,29,1,King's Knight Opening,1,White
2352,35,28,1,Scotch Game,1,Black
1631,262,7,0,Bishop's Opening,1,White
14907,262,7,0,Bishop's Opening,2,White
19036,275,71,1,Queen's Gambit,1,White
19981,275,71,1,Queen's Gambit,2,White
19983,247,77,1,Queen's Indian Defense,3,White
19987,160,65,1,Dutch Defense,4,White
19989,225,57,1,Queen's Gambit,5,White
19990,156,45,1,Queen's Gambit,6,White
19992,183,78,1,Dutch Defense,7,Black
19994,154,119,1,Queen's Gambit,8,Draw
19998,229,63,1,East Indian Defense,9,White
19999,78,87,1,Nimzo-Indian Defense,10,White
20001,336,29,1,Queen's Gambit,11,White
20003,254,41,1,Queen's Gambit,12,White
9577,716,87,1,Scotch Game,1,White
13132,59,13,1,English Opening,1,Black
10903,244,60,0,Ruy Lopez,1,Black
10947,25,157,1,Sicilian Defense,1,White
1042,148,26,0,Sicilian Defense,1,Black
10530,24,91,1,Queen's Gambit,1,White
11239,24,91,1,Queen's Gambit,2,White
1342,117,29,0,Blackmar-Diemer Gambit,1,White
2497,0,12,0,Italian Game,1,Black
3372,35,46,1,Sicilian Defense,1,Black
17299,76,15,1,King's Pawn Game,1,White
12065,45,50,0,Van't Kruijs Opening,1,White
2797,80,122,0,Scotch Game,1,Black
3662,100,28,1,Petrov's Defense,1,Black
9247,56,49,1,Caro-Kann Defense,1,White
18641,895,8,0,Italian Game,1,Black
75,256,37,1,French Defense,1,White
2813,79,33,1,Philidor Defense,1,Draw
15651,249,33,1,Queen's Gambit,1,White
4961,2,74,1,Nimzowitsch Defense,1,Black
4964,65,46,1,Vienna Game,2,Black
9494,79,130,0,English Opening,1,Black
9498,128,46,0,English Opening,2,Black
9501,128,56,0,French Defense,3,Black
9502,128,106,0,English Opening,4,Black
9504,721,75,0,English Opening,5,White
9506,128,34,0,French Defense,6,Black
9507,128,54,0,English Opening,7,Black
9508,128,93,0,English Opening,8,Draw
15051,106,50,1,Sicilian Defense,1,Black
17316,13,21,1,Italian Game,1,White
6913,265,144,1,Sicilian Defense,1,Black
3167,102,55,1,French Defense,1,White
10357,3,37,0,Van't Kruijs Opening,1,White
10361,453,31,0,Four Knights Game,2,White
10363,97,52,0,King's Pawn Game,3,Black
10367,73,3,0,Sicilian Defense,4,Black
10370,36,66,0,Italian Game,5,Black
10372,201,107,0,French Defense,6,White
10374,82,14,0,Philidor Defense,7,Black
10375,73,59,0,Sicilian Defense,8,White
10376,18,66,0,French Defense,9,Black
10380,0,8,0,Van't Kruijs Opening,10,White
10381,112,37,0,Van't Kruijs Opening,11,White
10382,157,47,0,Zukertort Opening,12,Black
8203,162,25,0,Yusupov-Rubinstein System,1,White
7939,15,50,1,Ruy Lopez,1,Black
1030,22,64,1,Four Knights Game,1,Black
15007,92,64,1,Queen's Pawn Game,2,Black
16001,156,61,1,Gruenfeld Defense,1,White
16003,175,55,1,Gruenfeld Defense,2,White
617,135,53,0,Blackmar-Diemer Gambit,1,White
15482,235,74,1,Sicilian Defense,1,Black
12677,61,54,1,Ruy Lopez,1,Black
14042,8,57,1,Ruy Lopez,2,White
14554,61,54,1,Ruy Lopez,3,Black
17416,109,99,1,Nimzo-Larsen Attack,1,White
16883,259,42,1,Sicilian Defense,1,Black
14195,163,107,1,Alekhine Defense,1,White
19720,61,31,1,Scotch Game,1,White
5955,535,43,0,East Indian Defense,1,White
5956,645,81,0,Queen's Pawn Game,2,White
5959,320,2,0,Blackmar-Diemer Gambit,3,Black
5960,431,58,0,Slav Defense,4,White
5961,197,62,0,Queen's Gambit,5,Black
5963,936,24,0,Queen's Gambit,6,White
12786,535,43,0,East Indian Defense,7,White
5635,532,47,0,Blackmar-Diemer Gambit,1,Black
19748,541,21,0,King's Pawn Game,1,White
3492,29,50,0,Queen's Pawn Game,1,Black
3494,28,90,1,Scotch Game,2,Black
3497,136,48,1,Scandinavian Defense,3,Black
3498,238,15,1,French Defense,4,White
3499,152,57,1,Sicilian Defense,5,White
3504,36,27,1,King's Knight Opening,6,White
3505,106,95,1,Sicilian Defense,7,White
3507,208,23,1,Philidor Defense,8,Black
3508,265,48,1,King's Knight Opening,9,Black
3510,1,16,1,Petrov's Defense,10,Black
3515,13,46,1,French Defense,11,Black
3516,7,35,1,Scandinavian Defense,12,White
3518,10,23,1,French Defense,13,White
5161,238,84,0,Sicilian Defense,1,Black
11795,11,25,1,Nimzo-Indian Defense,1,White
17680,55,72,1,King's Indian Attack,2,Black
13676,103,78,1,Blackmar-Diemer Gambit,1,Draw
9360,191,52,1,Sicilian Defense,1,White
12841,125,72,0,Zukertort Opening,1,Black
8289,306,29,1,Sicilian Defense,1,White
14612,237,24,1,Alekhine Defense,1,White
10729,42,118,1,Italian Game,1,Black
10730,69,52,1,King's Knight Opening,2,Black
5279,375,67,1,Sicilian Defense,1,White
9812,62,62,1,Amar Opening,1,Black
10939,72,74,1,Sicilian Defense,1,Black
16787,55,55,1,French Defense,1,White
907,127,20,1,Sicilian Defense,1,White
15537,371,90,1,English Opening,1,Black
16633,332,47,1,Italian Game,1,Black
13309,4,94,1,Sicilian Defense,1,Black
8250,33,3,0,Scandinavian Defense,1,White
4292,327,124,1,Slav Defense,1,Black
19943,60,71,1,Catalan Opening,2,White
898,0,62,1,Sicilian Defense,1,Black
18723,228,72,1,Sicilian Defense,1,Black
16482,83,200,1,Queen's Indian Defense,1,Black
1350,90,11,0,Van't Kruijs Opening,1,White
8528,38,122,1,Sicilian Defense,1,Black
6288,128,13,1,King's Knight Opening,1,White
1476,75,48,1,Queen's Gambit,1,Black
1478,150,32,1,Queen's Gambit,2,Black
10455,326,53,0,Scotch Game,1,Black
17590,150,49,1,Queen's Gambit,1,White
17593,39,106,0,King's Pawn Game,2,Black
17595,305,33,0,Queen's Gambit,3,White
17597,305,28,0,Blackmar-Diemer Gambit,4,Black
17599,263,30,0,King's Pawn Game,5,Black
17602,310,22,0,French Defense,6,Black
17603,39,58,0,Indian Game,7,Black
17604,13,80,1,Blackmar-Diemer Gambit,8,Black
17608,43,98,0,French Defense,9,Black
17610,241,45,0,Zukertort Opening,10,White
17611,69,10,0,Sicilian Defense,11,Black
17612,91,54,0,King's Pawn Game,12,Black
17613,0,28,0,King's Pawn Game,13,Black
17614,256,30,0,Yusupov-Rubinstein System,14,Black
12759,81,36,1,Scandinavian Defense,1,Black
1646,196,106,1,Sicilian Defense,1,Black
10712,28,68,1,Van't Kruijs Opening,1,Black
13537,189,60,1,English Opening,1,Black
13538,238,50,1,English Opening,2,White
13541,202,63,1,English Opening,3,White
13542,410,21,1,Ruy Lopez,4,White
13544,16,71,1,English Opening,5,White
13547,332,51,1,Sicilian Defense,6,White
13548,233,57,1,French Defense,7,White
13551,153,61,1,English Opening,8,White
13552,514,67,1,Sicilian Defense,9,White
13555,94,77,1,Sicilian Defense,10,Draw
10365,142,60,0,King's Pawn Game,1,Black
2720,1,119,1,Blackmar-Diemer Gambit,1,White
1920,179,76,1,King's Gambit,1,Black
5212,84,97,0,Bird Opening,2,Black
18008,129,46,1,Italian Game,3,Black
17503,86,50,1,Indian Game,1,Black
17233,213,54,1,Scotch Game,1,Black
9128,59,65,1,Philidor Defense,1,White
10575,35,132,0,Sicilian Defense,2,Black
11284,35,132,0,Sicilian Defense,3,Black
16201,36,54,1,King's Knight Opening,1,Black
5632,34,43,1,Italian Game,1,White
9156,369,56,1,Sicilian Defense,2,Black
10505,167,68,1,Queen's Pawn Game,1,Black
11214,167,68,1,Queen's Pawn Game,2,Black
8774,57,119,1,English Opening,1,White
10752,429,33,1,King's Pawn Game,1,White
4392,15,46,1,French Defense,1,Black
7348,112,66,1,Blackmar-Diemer Gambit,1,Black
7349,124,114,1,Indian Game,2,Black
7350,46,80,1,Yusupov-Rubinstein System,3,White
7353,399,56,1,Blackmar-Diemer Gambit,4,Black
7354,350,54,1,Slav Defense,5,Black
7355,411,20,1,Blackmar-Diemer Gambit,6,Black
7356,366,126,1,Benoni Defense,7,Black
7358,73,38,1,Blackmar-Diemer Gambit,8,Black
7359,199,103,1,Queen's Pawn,9,White
7887,294,55,1,Four Knights Game,1,White
17323,218,28,1,Vienna Game,1,Black
10610,666,15,1,Van't Kruijs Opening,1,White
2457,18,59,1,Nimzowitsch Defense,1,White
3098,286,89,1,Robatsch (Modern) Defense,1,White
14827,102,43,1,King's Pawn Game,2,White
393,109,15,1,Nimzowitsch Defense,1,White
395,74,65,1,Nimzowitsch Defense,2,White
9236,44,58,1,Caro-Kann Defense,3,Black
10276,136,27,1,Robatsch (Modern) Defense,4,White
10938,31,78,1,Sicilian Defense,5,Black
700,174,122,1,Benoni Defense,1,Black
16397,145,94,1,Caro-Kann Defense,1,Black
16399,15,58,1,Sicilian Defense,2,Black
16401,11,117,1,Sicilian Defense,3,White
16403,8,65,1,Ruy Lopez,4,White
16405,61,39,1,King's Knight Opening,5,White
16406,30,35,1,Nimzowitsch Defense,6,White
16409,423,31,1,Nimzowitsch Defense,7,White
19385,312,58,1,Sicilian Defense,1,Black
15772,2,42,1,Italian Game,1,Black
1767,3,29,1,King's Pawn Game,1,White
12966,23,94,1,Van't Kruijs Opening,1,Black
2881,202,22,1,English Opening,1,Black
1240,507,54,0,Sicilian Defense,1,White
13968,12,68,1,Ruy Lopez,1,Black
13969,15,126,1,Caro-Kann Defense,2,Draw
13970,76,55,1,Scotch Game,3,White
13973,137,60,1,King's Pawn Game,4,Black
13976,45,52,1,Robatsch (Modern) Defense,5,Black
13978,82,48,1,Sicilian Defense,6,Black
13979,59,43,1,King's Pawn Game,7,Black
13981,80,86,1,French Defense,8,Draw
13983,87,44,1,King's Pawn Game,9,Black
13985,15,28,1,Scandinavian Defense,10,Black
13988,178,37,1,King's Pawn Game,11,White
13991,69,51,1,King's Pawn Game,12,White
13993,228,40,1,King's Pawn Game,13,Black
13994,26,52,1,Sicilian Defense,14,Black
13998,22,76,1,King's Knight Opening,15,Black
14000,32,53,1,King's Pawn Game,16,White
14001,154,147,1,King's Pawn Game,17,White
14004,34,5,1,Sicilian Defense,18,White
14005,219,38,1,French Defense,19,Black
14007,12,41,1,Scotch Game,20,White
14008,67,29,1,Ruy Lopez,21,White
3305,46,62,1,Queen's Pawn,1,Black
3306,235,38,1,Benoni Defense,2,Black
3310,34,52,1,Queen's Gambit,3,Black
3311,10,67,1,Benoni Defense,4,White
3313,40,39,1,Queen's Pawn Game,5,White
3314,209,29,1,Slav Defense,6,White
3315,19,51,1,Semi-Slav Defense,7,White
3318,139,111,1,Sicilian Defense,8,White
3319,73,51,1,Ruy Lopez,9,White
3322,82,83,1,Ruy Lopez,10,White
3324,108,49,1,Sicilian Defense,11,Black
3326,140,60,1,Italian Game,12,Black
3327,158,118,1,Queen's Gambit,13,Black
3328,84,94,1,Ruy Lopez,14,Black
3330,334,52,1,Caro-Kann Defense,15,Black
3333,60,99,1,French Defense,16,White
3335,23,170,1,Italian Game,17,Black
3338,197,64,1,Petrov's Defense,18,Black
3341,59,121,1,Scandinavian Defense,19,White
3342,21,131,1,French Defense,20,White
3343,540,79,1,King's Knight Opening,21,White
3346,16,21,1,Queen's Gambit,22,Black
3349,90,78,1,French Defense,23,Black
17778,109,95,1,Van't Kruijs Opening,1,White
7263,52,53,1,French Defense,1,Black
18125,324,16,1,Pirc Defense,2,White
988,466,78,0,Italian Game,1,Black
2474,41,49,1,King's Knight Opening,1,White
18677,156,69,1,Sicilian Defense,2,Black
14753,312,60,1,Reti Opening,1,Black
14144,63,51,1,Four Knights Game,1,White
11075,46,66,1,King's Knight Opening,1,Black
17022,97,20,1,Queen's Gambit,1,White
15040,266,31,0,Van't Kruijs Opening,1,Draw
17259,180,110,1,Queen's Pawn Game,1,Black
37,591,28,1,Blackmar-Diemer Gambit,1,White
5021,287,51,1,King's Pawn Game,1,White
4212,3,81,1,Blackmar-Diemer Gambit,1,White
6413,17,58,1,Queen's Gambit,1,Black
7383,156,45,1,Nimzowitsch Defense,2,White
5153,78,37,0,Philidor Defense,1,White
11886,366,85,1,Sicilian Defense,1,White
11888,53,35,1,Blackmar-Diemer Gambit,2,White
11890,381,49,1,Bird Opening,3,White
11892,176,29,1,Blumenfeld Countergambit,4,White
11893,264,67,1,Benko Gambit,5,White
11896,568,43,1,Slav Defense,6,White
10281,370,55,1,Blackmar-Diemer Gambit,1,White
6443,570,51,1,English Opening,1,White
647,385,48,1,Sicilian Defense,1,Black
3026,405,53,1,Blackmar-Diemer Gambit,1,White
6587,359,46,0,Sicilian Defense,1,Black
9198,6,37,1,English Opening,1,Black
5990,14,77,0,Sicilian Defense,1,White
5992,189,81,0,Four Knights Game,2,White
5993,101,97,0,Four Knights Game,3,Draw
5994,59,50,0,French Defense,4,Black
9860,43,47,0,Queen's Pawn Game,1,White
9861,453,47,0,French Defense,2,Black
9862,82,11,1,Blackmar-Diemer Gambit,3,White
9864,237,49,1,Queen's Pawn Game,4,White
9865,146,27,0,Horwitz Defense,5,White
9866,77,38,0,Queen's Pawn Game,6,Black
9868,392,59,0,Queen's Pawn Game,7,White
9869,119,54,0,Queen's Pawn Game,8,White
9870,63,51,0,Queen's Pawn,9,White
9873,326,10,0,Blackmar-Diemer Gambit,10,Black
9875,173,70,0,Petrov's Defense,11,Black
9876,65,41,0,Queen's Pawn Game,12,White
15672,112,75,1,Sicilian Defense,1,White
16966,224,22,1,French Defense,1,Black
2029,99,6,1,Scotch Game,1,Black
1364,75,87,1,English Opening,1,White
17001,120,59,1,English Opening,2,White
228,49,137,1,Italian Game,1,Draw
18305,188,41,1,King's Indian Attack,1,White
2306,26,84,0,Indian Game,1,Black
12506,114,47,1,French Defense,1,White
11212,632,60,1,Four Knights Game,1,Black
10552,214,36,1,French Defense,1,Black
11261,214,36,1,French Defense,2,Black
5582,134,68,1,Queen's Pawn Game,1,Black
5586,1,42,1,Queen's Pawn Game,2,Black
5588,110,36,1,Queen's Pawn Game,3,Black
5589,25,59,1,Queen's Pawn Game,4,White
5591,49,60,0,Queen's Pawn Game,5,Black
5593,8,78,0,Queen's Pawn Game,6,Black
18376,661,43,1,Catalan Opening,1,White
18381,360,73,1,Queen's Gambit,2,White
8389,181,70,1,Nimzo-Indian Defense,1,Black
12628,383,29,0,King's Pawn Game,1,Black
2578,605,53,1,Sicilian Defense,1,White
2726,25,16,1,French Defense,1,Black
3197,6,84,1,Sicilian Defense,2,Black
16317,246,63,1,Sicilian Defense,1,White
16112,53,42,1,English Opening,1,Black
10911,2,20,1,Scandinavian Defense,1,Black
6139,128,53,0,Van't Kruijs Opening,1,White
2637,107,76,1,Sicilian Defense,1,Black
6579,261,109,1,Blackmar-Diemer Gambit,1,White
10389,32,68,1,Van't Kruijs Opening,2,Black
2263,8,42,1,Sicilian Defense,1,Black
14336,281,117,1,King's Indian Attack,1,Draw
412,391,37,1,Nimzo-Indian Defense,1,White
19902,4,46,1,Petrov's Defense,1,Black
12082,577,41,1,French Defense,1,White
786,71,72,1,Sicilian Defense,1,Black
12221,71,72,1,Sicilian Defense,2,Black
15320,17,14,1,Italian Game,1,Black
15547,269,49,0,Scandinavian Defense,1,White
8231,8,66,1,French Defense,1,Black
1686,212,44,1,Zukertort Opening,1,Draw
1688,296,37,1,Zukertort Opening,2,Draw
3005,231,98,1,Blackmar-Diemer Gambit,1,Black
16172,107,50,1,English Opening,1,Black
14418,1056,11,1,Vienna Game,1,White
8046,183,48,1,Yusupov-Rubinstein System,1,Black
19978,260,91,1,King's Indian Defense,2,White
19095,268,72,1,Van't Kruijs Opening,1,Black
11754,174,38,1,King's Pawn Game,1,Black
11757,478,41,1,Scandinavian Defense,2,White
11758,34,80,1,Sicilian Defense,3,Black
11760,301,33,1,Sicilian Defense,4,White
11762,321,84,1,Sicilian Defense,5,Black
11763,565,49,1,King's Pawn Game,6,White
11767,178,53,1,Bishop's Opening,7,White
11768,175,33,1,Sicilian Defense,8,White
11770,156,27,1,Italian Game,9,White
11773,201,89,1,Nimzowitsch Defense,10,Black
11776,116,72,1,Italian Game,11,White
11777,80,64,1,Nimzowitsch Defense,12,Draw
11779,116,58,1,Sicilian Defense,13,White
11780,131,70,1,Nimzowitsch Defense,14,Black
11782,111,41,1,Caro-Kann Defense,15,White
11790,351,116,1,Italian Game,16,Black
11792,113,53,1,Sicilian Defense,17,White
11794,24,51,1,Italian Game,18,White
11796,35,82,1,Caro-Kann Defense,19,Black
11798,247,37,1,Italian Game,20,White
11799,535,73,1,Nimzowitsch Defense,21,White
11801,58,79,1,Caro-Kann Defense,22,White
11802,271,83,1,Philidor Defense,23,White
3485,166,65,0,Van't Kruijs Opening,1,White
16352,166,65,0,Van't Kruijs Opening,2,White
3473,82,59,0,Nimzowitsch Defense,1,White
5897,220,51,0,Nimzowitsch Defense,2,White
16340,82,59,0,Nimzowitsch Defense,3,White
24,201,36,1,English Opening,1,White
13896,118,104,1,English Opening,2,Black
13980,162,94,1,Philidor Defense,1,Black
3850,70,59,1,Sicilian Defense,1,White
11050,119,10,1,Blackmar-Diemer Gambit,1,White
5483,428,54,0,Queen's Pawn Game,1,White
12444,445,66,0,Van't Kruijs Opening,1,Draw
4834,544,40,1,Italian Game,1,Black
6809,80,69,1,Scotch Game,1,White
1568,258,62,1,Alekhine Defense,1,Black
18990,385,75,1,Queen's Gambit,1,White
10632,75,75,0,King's Knight Opening,1,White
19282,361,17,1,Italian Game,1,White
658,970,30,1,Alekhine Defense,1,Black
15156,160,67,1,Philidor Defense,1,White
4357,527,66,1,Zukertort Opening,1,White
14488,34,42,1,Sicilian Defense,1,Black
4729,288,86,1,Blackmar-Diemer Gambit,1,Black
13691,563,76,1,Queen's Pawn Game,2,Black
14679,119,75,1,Vienna Game,1,White
14681,117,92,1,Italian Game,2,Black
14685,78,52,1,Philidor Defense,3,Black
14686,64,60,1,Italian Game,4,Black
14690,59,67,1,Italian Game,5,White
14692,168,44,1,Italian Game,6,Black
14695,175,65,1,Philidor Defense,7,White
14697,200,65,1,King's Knight Opening,8,White
14698,41,200,1,Italian Game,9,Draw
14700,13,69,1,Philidor Defense,10,White
14701,21,59,1,Nimzowitsch Defense,11,White
14706,48,119,1,Italian Game,12,White
14708,281,73,1,Robatsch (Modern) Defense,13,White
14710,260,9,1,Italian Game,14,White
14712,10,44,1,Scandinavian Defense,15,Black
14713,219,25,1,Italian Game,16,White
14714,36,113,1,French Defense,17,White
14716,190,27,1,Pirc Defense,18,White
14718,168,62,1,Pirc Defense,19,Black
14721,12,50,1,King's Knight Opening,20,Black
14722,92,181,1,King's Knight Opening,21,Draw
14836,226,15,1,Bishop's Opening,1,Black
14049,102,34,1,Philidor Defense,1,Black
15687,127,55,1,English Opening,1,White
12831,21,58,0,Ruy Lopez,1,Black
1878,26,39,1,Sicilian Defense,1,Black
11741,174,66,0,French Defense,1,Black
4841,319,43,1,Caro-Kann Defense,1,Black
18450,105,52,1,Dutch Defense,2,Black
3857,84,50,1,Scandinavian Defense,1,Black
19400,134,25,1,King's Pawn Game,1,White
8718,2,44,1,Queen's Pawn Game,1,Black
10824,264,102,1,Philidor Defense,1,White
15691,209,82,1,Sicilian Defense,1,Black
18252,84,61,1,Pirc Defense,1,White
17653,28,50,1,Indian Game,1,Black
8196,430,78,1,Queen's Pawn Game,1,Black
7167,32,34,1,King's Gambit,1,Black
17393,201,69,1,Ruy Lopez,1,White
416,470,30,0,King's Knight Opening,1,Black
16025,12,35,0,French Defense,2,White
12739,274,53,1,Caro-Kann Defense,1,White
5443,151,64,1,Caro-Kann Defense,1,Black
4531,1,39,1,King's Pawn Game,1,White
7285,34,127,1,Nimzowitsch Defense,1,White
18042,102,70,1,Sicilian Defense,1,Black
17199,7,82,1,French Defense,1,Black
1683,213,53,1,Zukertort Opening,1,White
11110,107,43,1,King's Pawn Game,1,Black
571,204,34,1,Sicilian Defense,1,Black
573,54,35,0,Sicilian Defense,2,Black
575,54,116,0,Nimzo-Larsen Attack,3,Black
579,75,54,1,Nimzo-Larsen Attack,4,Black
581,69,81,1,Nimzo-Larsen Attack,5,White
583,92,161,1,Nimzo-Larsen Attack,6,White
584,323,88,1,Nimzowitsch Defense,7,Black
586,98,119,1,Nimzo-Larsen Attack,8,White
591,369,44,1,Nimzo-Larsen Attack,9,Black
592,298,26,1,Nimzo-Larsen Attack,10,Black
595,376,133,1,King's Indian Defense,11,White
9013,22,65,1,French Defense,1,White
12513,44,87,1,Dutch Defense,1,White
14755,103,80,1,Four Knights Game,1,Black
12659,395,50,0,Pirc Defense,1,Black
12660,141,105,1,Sicilian Defense,2,White
12662,229,116,1,Philidor Defense,3,Black
12666,288,17,0,Sicilian Defense,4,White
12668,288,20,0,Pirc Defense,5,Black
12669,66,15,0,Italian Game,6,White
12675,39,81,1,Alekhine Defense,7,White
12678,166,60,1,Sicilian Defense,8,Black
12679,105,36,1,Sicilian Defense,9,Black
14536,395,50,0,Pirc Defense,10,Black
14537,141,105,1,Sicilian Defense,11,White
14539,229,116,1,Philidor Defense,12,Black
14543,288,17,0,Sicilian Defense,13,White
14545,288,20,0,Pirc Defense,14,Black
14546,66,15,0,Italian Game,15,White
14552,39,81,1,Alekhine Defense,16,White
14555,166,60,1,Sicilian Defense,17,Black
14556,105,36,1,Sicilian Defense,18,Black
10593,352,58,1,Blackmar-Diemer Gambit,1,Black
11302,352,58,1,Blackmar-Diemer Gambit,2,Black
707,13,102,1,Ruy Lopez,1,Black
13208,21,110,1,Scotch Game,1,Black
17609,250,41,0,Nimzowitsch Defense,1,White
14465,336,75,1,Italian Game,1,White
11169,144,82,1,Horwitz Defense,1,Black
2933,591,81,1,Italian Game,1,White
10423,83,97,1,French Defense,1,Black
14946,126,50,1,Italian Game,1,Black
10948,28,67,1,Sicilian Defense,1,White
3334,91,47,1,Italian Game,1,White
12913,61,136,1,Ruy Lopez,1,Black
13688,72,54,1,Queen's Gambit,1,Black
5641,94,50,1,Pirc Defense,1,Black
1507,34,13,1,Van't Kruijs Opening,1,White
1917,70,59,1,King's Pawn Game,1,White
11509,40,36,1,Petrov's Defense,1,White
19257,40,36,1,Petrov's Defense,2,White
13852,6,58,0,King's Pawn Game,1,Black
2535,99,83,1,Van't Kruijs Opening,1,White
242,182,23,1,English Opening,1,White
19218,182,23,1,English Opening,2,White
18220,108,54,1,Van't Kruijs Opening,1,Black
17923,29,57,1,Sicilian Defense,1,White
17924,55,49,1,Philidor Defense,2,Black
17927,26,69,1,Philidor Defense,3,White
17928,132,110,1,Italian Game,4,Black
17930,26,95,1,Philidor Defense,5,White
17931,70,111,1,Philidor Defense,6,White
17934,1,51,1,French Defense,7,White
5090,373,119,0,Four Knights Game,1,White
912,37,39,1,Blackmar-Diemer Gambit,1,White
12707,33,152,1,English Opening,1,Black
3154,45,155,1,Sicilian Defense,1,White
138,43,85,1,English Opening,1,White
17105,76,27,0,Italian Game,1,White
19870,47,66,1,Petrov's Defense,1,White
16040,154,72,1,Four Knights Game,1,Black
9677,340,62,0,King's Pawn Game,1,Black
16744,324,67,0,French Defense,1,White
8906,244,44,1,Robatsch (Modern) Defense,1,Black
8717,139,62,1,Sicilian Defense,1,Black
7544,586,34,1,Scandinavian Defense,1,Black
7546,192,56,1,King's Gambit,2,Black
7547,355,42,1,Nimzowitsch Defense,3,Black
8305,351,51,1,Caro-Kann Defense,1,White
3556,248,46,0,Four Knights Game,1,Black
3557,901,35,0,King's Knight Opening,2,White
3561,281,35,0,Ruy Lopez,3,White
3562,1001,93,0,Ruy Lopez,4,White
3563,79,40,0,Ruy Lopez,5,White
3565,76,51,1,Scandinavian Defense,6,White
3571,244,33,1,French Defense,7,White
3572,181,51,1,Philidor Defense,8,White
7012,17,62,1,Sicilian Defense,1,Black
19997,37,60,1,Bird Opening,1,Black
18136,210,47,1,French Defense,1,White
13277,298,48,1,Scandinavian Defense,1,Black
15029,768,58,1,Italian Game,2,Black
20013,768,58,1,Italian Game,3,Black
16670,131,115,1,Bird Opening,1,White
7376,177,75,1,Sicilian Defense,1,Black
1274,1,19,0,Queen's Pawn Game,1,White
6849,87,42,1,Van't Kruijs Opening,1,White
17329,54,55,1,Van't Kruijs Opening,2,White
18555,92,46,0,Van't Kruijs Opening,1,Black
16006,248,130,1,French Defense,1,White
10464,167,47,1,Amar Opening,1,White
3509,229,128,1,Van't Kruijs Opening,1,Black
11159,18,103,1,French Defense,1,White
1441,432,4,1,Scotch Game,1,White
11059,88,54,1,King's Knight Opening,1,Black
11058,279,58,1,King's Knight Opening,1,Black
11172,461,21,1,French Defense,1,White
1713,38,94,1,Italian Game,1,Black
3938,39,122,1,Philidor Defense,1,Black
16882,168,58,1,Sicilian Defense,1,Black
10561,119,51,1,Philidor Defense,1,White
11270,119,51,1,Philidor Defense,2,White
17619,15,38,0,Scandinavian Defense,1,Black
17620,80,28,0,Queen's Gambit,2,Black
17621,61,78,1,Scandinavian Defense,3,Black
17623,32,36,1,Ruy Lopez,4,Black
17625,23,57,0,Scandinavian Defense,5,White
17626,26,65,0,Gruenfeld Defense,6,White
17631,21,35,1,Ruy Lopez,7,Black
17632,9,41,0,Ruy Lopez,8,White
17633,31,31,0,Sicilian Defense,9,White
17634,3,99,0,King's Gambit,10,White
17636,19,33,0,Ruy Lopez,11,Black
17638,120,30,0,Sicilian Defense,12,Black
17641,36,95,0,Ruy Lopez,13,White
17642,75,40,0,Ruy Lopez,14,White
17644,6,87,0,English Opening,15,White
17648,102,15,0,Ruy Lopez,16,White
17650,2,37,1,French Defense,17,White
17651,1,105,1,Philidor Defense,18,White
17655,67,28,1,Sicilian Defense,19,Black
17656,16,66,0,Queen's Gambit,20,Black
4960,19,77,1,Horwitz Defense,1,White
6281,88,129,0,Sicilian Defense,1,White
7032,74,74,1,Sicilian Defense,1,Black
5060,336,77,1,Nimzo-Indian Defense,1,White
3974,8,67,0,Bishop's Opening,1,White
2146,117,52,1,Queen's Pawn Game,1,Black
15241,427,33,1,Caro-Kann Defense,1,White
16144,64,45,1,Ruy Lopez,1,White
16146,88,53,1,King's Knight Opening,2,White
16148,41,88,1,Ruy Lopez,3,Draw
16149,39,4,1,Sicilian Defense,4,Black
16150,145,50,0,Reti Opening,5,Black
16151,313,22,1,King's Knight Opening,6,Black
16152,37,47,1,Queen's Pawn Game,7,White
3261,191,63,0,Philidor Defense,1,White
4895,21,40,0,Caro-Kann Defense,2,Black
12996,313,43,1,Ruy Lopez,1,White
3601,91,67,1,Scotch Game,1,Black
3292,245,25,0,Ruy Lopez,1,White
14880,116,93,1,Van't Kruijs Opening,1,White
15584,114,69,1,Sicilian Defense,1,White
2539,134,55,0,Blackmar-Diemer Gambit,1,White
2551,218,25,0,Van't Kruijs Opening,2,White
2554,218,107,0,Blackmar-Diemer Gambit,3,White
5826,181,128,0,Sicilian Defense,1,Draw
5830,71,19,0,Van't Kruijs Opening,2,White
5832,308,2,0,Horwitz Defense,3,White
5835,426,41,1,English Opening,4,White
5836,484,29,1,Van't Kruijs Opening,5,White
5838,301,43,1,Scotch Game,6,White
5841,464,65,1,Van't Kruijs Opening,7,White
5842,269,25,1,Scotch Game,8,White
304,10,89,1,Four Knights Game,1,White
15940,107,66,1,Italian Game,1,Black
8609,293,49,1,Sicilian Defense,1,White
17856,404,17,1,Sicilian Defense,1,Black
16978,305,65,1,French Defense,1,White
1870,60,57,1,Sicilian Defense,1,White
17628,27,48,1,Sicilian Defense,1,Black
12658,395,75,0,Queen's Pawn Game,1,White
14535,395,75,0,Queen's Pawn Game,2,White
4823,598,71,1,Queen's Gambit,1,White
6492,188,46,1,Sicilian Defense,1,Black
17600,224,6,0,Nimzowitsch Defense,1,Black
3091,7,78,1,Indian Game,1,Black
16655,271,28,1,Sicilian Defense,1,Black
18421,274,79,1,Indian Game,2,White
366,158,58,1,Scandinavian Defense,1,Black
368,125,4,1,King's Knight Opening,2,Black
369,178,118,1,Nimzowitsch Defense,3,Black
371,275,163,1,English Opening,4,Draw
373,155,37,1,Blackmar-Diemer Gambit,5,Black
375,61,80,1,French Defense,6,Black
376,110,78,1,Van't Kruijs Opening,7,Black
377,128,89,1,French Defense,8,Draw
378,104,42,1,Queen's Pawn Game,9,Black
381,180,65,1,Queen's Pawn Game,10,White
382,2,60,1,Queen's Pawn Game,11,Black
384,108,44,1,Queen's Pawn Game,12,Black
385,23,20,1,Queen's Pawn Game,13,Black
387,0,40,1,Scandinavian Defense,14,Black
12705,145,56,1,Indian Game,1,Black
15314,80,92,1,Center Game,1,Black
11380,92,150,1,Indian Game,1,Black
13471,92,150,1,Indian Game,2,Black
2038,421,29,1,King's Gambit,1,White
8585,272,15,1,Sicilian Defense,1,White
32,198,64,1,Sicilian Defense,1,Black
12812,133,36,1,Nimzo-Larsen Attack,1,Black
3752,170,15,1,Petrov's Defense,1,White
971,127,60,1,Queen's Pawn Game,1,Black
1213,22,115,1,King's Knight Opening,1,White
18862,247,108,1,Caro-Kann Defense,1,Black
19105,110,2,1,Pirc Defense,1,White
4680,382,43,1,King's Knight Opening,1,White
14982,62,48,1,Queen's Gambit,1,Black
5755,248,67,1,Bishop's Opening,1,Draw
14495,147,46,1,Alekhine Defense,2,Black
10340,342,53,1,Queen's Pawn,1,White
15486,62,27,1,Sicilian Defense,1,Black
15488,21,52,1,Italian Game,2,Black
15947,204,31,1,King's Pawn Game,1,White
1102,222,47,1,Scandinavian Defense,1,White
1103,212,103,1,Benoni Defense,2,White
1104,90,39,1,Caro-Kann Defense,3,White
1107,12,30,1,Sicilian Defense,4,Black
1111,98,32,1,Petrov's Defense,5,Black
1113,92,132,1,Philidor Defense,6,Black
1117,54,34,1,French Defense,7,Black
1119,269,23,1,Ruy Lopez,8,White
1121,280,45,1,Ruy Lopez,9,White
1124,82,154,1,Sicilian Defense,10,Black
1126,53,121,1,French Defense,11,White
1128,44,75,1,French Defense,12,White
1130,30,77,1,King's Knight Opening,13,White
1133,77,129,1,Ruy Lopez,14,Black
1136,39,51,1,King's Indian Defense,15,White
1137,255,37,1,Ruy Lopez,16,White
1139,388,89,1,Philidor Defense,17,White
1140,273,73,1,Ruy Lopez,18,White
5560,47,73,0,Sicilian Defense,1,White
17229,280,58,1,King's Pawn Game,1,White
11098,8,45,1,Caro-Kann Defense,1,White
19571,11,30,1,English Opening,1,Black
4712,25,3,1,King's Knight Opening,1,White
18875,93,59,1,Sicilian Defense,1,White
1663,59,28,1,Sicilian Defense,1,Draw
19373,841,36,1,Sicilian Defense,1,Black
10201,118,21,1,Scandinavian Defense,1,White
12826,173,83,1,King's Indian Defense,1,White
7107,276,42,1,Italian Game,1,Black
3293,42,21,0,King's Gambit,1,White
131,151,37,1,Alekhine Defense,1,White
16624,47,58,1,French Defense,1,White
16625,15,64,1,Sicilian Defense,2,Black
16626,242,71,1,Caro-Kann Defense,3,White
16628,147,72,1,Scotch Game,4,Black
16630,292,79,1,Scotch Game,5,White
16632,73,35,1,Caro-Kann Defense,6,Black
16634,82,99,1,Philidor Defense,7,White
16636,15,95,1,Nimzowitsch Defense,8,White
16637,146,41,1,Scotch Game,9,White
16639,11,50,1,King's Knight Opening,10,Black
16640,39,47,1,French Defense,11,White
16641,47,99,1,Scotch Game,12,White
5281,38,50,1,Blackmar-Diemer Gambit,1,White
12674,138,43,1,Ruy Lopez,1,White
14551,138,43,1,Ruy Lopez,2,White
19758,194,50,1,Pirc Defense,3,Black
8869,178,40,1,Yusupov-Rubinstein System,1,Black
19354,33,65,0,English Opening,1,White
15406,133,47,1,Caro-Kann Defense,1,White
435,75,62,1,Scandinavian Defense,1,Black
2384,57,40,1,Pirc Defense,2,Black
15140,442,39,1,Philidor Defense,3,White
13392,121,80,1,Ruy Lopez,1,Draw
13396,217,56,1,Ruy Lopez,2,Black
13400,164,85,1,Italian Game,3,White
18818,48,72,1,Philidor Defense,1,Black
19766,24,111,1,Pirc Defense,1,White
2837,32,44,1,Four Knights Game,1,Black
2838,125,81,1,French Defense,2,White
2839,31,117,1,Zukertort Opening,3,Draw
2840,47,38,1,Zukertort Opening,4,Black
2841,20,79,1,Zukertort Opening,5,Draw
2842,169,84,1,French Defense,6,Black
2843,307,47,1,Zukertort Opening,7,White
2844,63,57,1,Zukertort Opening,8,White
2845,305,100,1,Petrov's Defense,9,Draw
2846,124,89,1,Zukertort Opening,10,White
2847,30,38,1,Zukertort Opening,11,White
2849,113,58,1,Robatsch (Modern) Defense,12,Black
2850,80,97,1,Zukertort Opening,13,White
2851,5,88,1,Queen's Pawn Game,14,Black
2853,99,62,1,Italian Game,15,Black
2855,110,96,1,Four Knights Game,16,Black
2856,118,94,1,Philidor Defense,17,Black
2857,164,79,1,Italian Game,18,White
2859,368,31,1,Italian Game,19,White
2862,125,42,1,Pirc Defense,20,Black
2863,42,135,1,Philidor Defense,21,White
2865,42,36,1,Zukertort Opening,22,Black
2867,282,37,1,Philidor Defense,23,White
2868,80,87,1,Queen's Pawn Game,24,White
2869,194,123,1,Zukertort Opening,25,White
2870,52,89,1,Zukertort Opening,26,White
2872,188,71,1,Queen's Pawn Game,27,White
2873,13,54,1,Four Knights Game,28,Black
10875,154,101,1,King's Pawn Game,1,White
16798,27,71,1,French Defense,1,White
17819,236,67,1,Sicilian Defense,2,White
7614,63,76,1,French Defense,1,Black
3828,318,51,1,Sicilian Defense,1,White
753,6,77,1,Nimzo-Larsen Attack,1,White
18517,75,36,1,Italian Game,1,Black
18520,45,40,1,Nimzowitsch Defense,2,Black
18526,20,17,1,King's Knight Opening,3,White
18531,208,48,1,Scotch Game,4,Black
18535,90,57,1,Sicilian Defense,5,Black
18540,140,70,1,Italian Game,6,Black
18541,125,77,1,Philidor Defense,7,White
18542,80,53,1,Alekhine Defense,8,Black
18544,217,112,0,Italian Game,9,Draw
18546,217,66,0,Italian Game,10,Black
18548,217,80,0,Italian Game,11,Black
18549,27,150,0,Zukertort Opening,12,Black
18553,63,140,1,Philidor Defense,13,Black
18554,92,33,0,Pirc Defense,14,White
8642,80,132,1,Scandinavian Defense,1,Black
16716,144,17,1,Queen's Pawn Game,1,White
3145,186,42,1,Sicilian Defense,1,Black
10200,192,44,1,Horwitz Defense,1,Black
6049,240,41,1,Zukertort Opening,1,White
18880,140,112,1,Slav Defense,1,Black
3046,13,61,1,Indian Game,1,White
16028,63,12,0,French Defense,1,Black
9653,73,35,1,Queen's Pawn Game,1,White
5220,231,133,0,Sicilian Defense,1,Draw
13889,3,50,1,Sicilian Defense,1,White
4064,185,22,1,Sicilian Defense,1,Black
11360,192,69,1,Sicilian Defense,1,White
13451,192,69,1,Sicilian Defense,2,White
13709,150,61,1,Semi-Slav Defense,3,White
15578,117,39,1,Tarrasch Defense,1,Black
15579,83,36,1,Queen's Gambit,2,Black
15581,197,39,1,Queen's Gambit,3,White
15582,149,105,1,King's Indian Defense,4,White
15583,17,20,1,Nimzo-Indian Defense,5,White
15587,6,91,1,Tarrasch Defense,6,White
15588,48,87,1,Queen's Gambit,7,White
15589,174,68,1,Queen's Gambit,8,Black
15591,61,81,1,Queen's Gambit,9,White
15594,66,59,0,King's Indian Attack,10,White
15596,41,62,1,Gruenfeld Defense,11,Black
15598,61,72,1,Mexican Defense,12,Black
15600,28,35,1,Nimzo-Indian Defense,13,White
15603,11,51,1,Zukertort Opening,14,Black
15604,465,19,1,King's Indian Attack,15,White
15605,327,57,1,King's Indian Attack,16,Black
7050,220,60,1,French Defense,1,Black
18095,54,65,1,Pirc Defense,1,White
18098,21,107,1,English Opening,2,Black
18099,17,63,1,English Opening,3,Draw
17467,697,50,1,Queen's Pawn Game,1,Black
6253,14,51,1,French Defense,1,White
6255,222,168,1,Ruy Lopez,2,Black
6258,131,55,1,Pirc Defense,3,White
6259,112,51,1,French Defense,4,White
6261,135,37,1,Queen's Pawn Game,5,White
6262,1,16,1,Philidor Defense,6,White
6264,84,23,1,Philidor Defense,7,White
6266,18,23,1,Blackmar-Diemer Gambit,8,White
6268,91,31,1,Pirc Defense,9,White
6271,242,39,1,Italian Game,10,Black
6273,199,60,0,King's Knight Opening,11,Black
6275,13,66,1,Alekhine Defense,12,Draw
6278,280,42,1,Scotch Game,13,Black
15418,43,90,1,Caro-Kann Defense,1,White
19629,21,91,0,Pirc Defense,1,White
16372,2,49,1,Queen's Pawn,1,Black
16638,104,44,1,Ruy Lopez,2,White
9469,92,16,1,Alekhine Defense,1,Black
18885,130,43,1,Sicilian Defense,1,White
10958,27,18,1,Sicilian Defense,1,Black
6861,101,32,1,Queen's Gambit,1,Black
18607,101,32,1,Queen's Gambit,2,Black
101,203,101,1,French Defense,1,White
1613,319,52,1,Benoni Defense,1,Black
16613,115,59,1,French Defense,1,White
4019,94,79,1,Blackmar-Diemer Gambit,1,Black
16302,59,47,0,Four Knights Game,1,White
3771,144,49,1,Van't Kruijs Opening,1,White
10784,269,15,1,Horwitz Defense,1,White
13803,146,103,1,Sicilian Defense,1,White
3552,96,75,0,Ruy Lopez,1,White
13255,183,39,0,Sicilian Defense,2,White
8975,300,94,0,Van't Kruijs Opening,1,Black
8921,563,36,1,Scotch Game,1,White
15458,50,77,1,Sicilian Defense,1,Black
18961,85,84,0,Sicilian Defense,1,Black
8879,268,27,1,Philidor Defense,1,White
9415,732,36,0,Nimzowitsch Defense,1,Black
9416,74,68,1,French Defense,2,Black
9418,325,10,1,Sicilian Defense,3,Black
9420,362,10,1,Sicilian Defense,4,Black
9421,182,16,1,King's Pawn Game,5,Black
9422,347,18,1,King's Pawn Game,6,Black
9423,27,26,1,Bishop's Opening,7,Black
17332,536,93,1,King's Gambit,1,White
4586,545,11,1,Alekhine Defense,1,White
7022,14,88,1,Caro-Kann Defense,1,Black
3580,373,51,1,Nimzowitsch Defense,1,White
5673,67,126,1,Philidor Defense,1,Black
5676,45,114,1,Vienna Game,2,Draw
15345,167,58,1,Sicilian Defense,1,Black
19437,213,69,1,Sicilian Defense,1,White
13265,74,57,1,Van't Kruijs Opening,1,White
20052,6,58,1,French Defense,1,Black
4337,12,83,1,French Defense,1,White
6857,261,90,1,French Defense,1,Black
436,131,29,1,Dutch Defense,1,White
2290,129,104,1,East Indian Defense,1,Black
8457,71,110,0,Petrov's Defense,1,Black
13038,80,39,0,Philidor Defense,2,White
15168,66,44,1,Horwitz Defense,1,Black
4041,300,40,0,Horwitz Defense,1,White
13103,145,12,1,Vienna Game,1,Black
13104,130,8,1,King's Pawn Game,2,Black
13105,113,8,1,King's Pawn Game,3,Black
9936,460,46,1,Four Knights Game,1,Black
16598,212,76,0,Mexican Defense,1,Black
8997,177,32,0,Caro-Kann Defense,1,Black
12882,49,24,1,Sicilian Defense,1,Black
19423,12,63,1,King's Indian Defense,1,Draw
19464,81,67,1,French Defense,1,White
19465,52,51,1,Sicilian Defense,2,White
19467,78,63,1,Ruy Lopez,3,White
19468,24,69,1,Ruy Lopez,4,White
19470,5,65,1,Scandinavian Defense,5,White
19473,6,56,1,Philidor Defense,6,Black
19476,15,55,1,Ruy Lopez,7,White
19478,134,95,1,Philidor Defense,8,White
19480,65,96,1,Alekhine Defense,9,Black
19481,15,85,1,Sicilian Defense,10,White
19485,227,60,1,Ruy Lopez,11,Black
19486,26,65,1,Philidor Defense,12,White
19488,11,69,1,Scandinavian Defense,13,White
19490,47,85,1,French Defense,14,White
19492,12,73,1,Nimzowitsch Defense,15,White
19494,18,68,1,Ruy Lopez,16,Black
19497,227,113,1,Caro-Kann Defense,17,White
19498,3,44,1,Petrov's Defense,18,Black
19501,141,103,1,Sicilian Defense,19,White
19503,30,70,1,Sicilian Defense,20,Black
19505,201,79,1,French Defense,21,White
19508,122,121,1,King's Knight Opening,22,White
19509,78,180,1,Petrov's Defense,23,Draw
19510,1,61,1,Caro-Kann Defense,24,White
13492,155,70,0,Sicilian Defense,1,Black
16819,110,45,1,Philidor Defense,1,White
4176,328,16,1,Petrov's Defense,1,Black
4178,1155,8,1,Sicilian Defense,2,Black
4179,452,18,1,Bishop's Opening,3,Black
4182,111,76,1,Bishop's Opening,4,Black
4183,488,106,1,King's Pawn Game,5,Black
4185,532,13,1,Bishop's Opening,6,White
4186,504,54,1,Alekhine Defense,7,Black
4188,482,12,1,Alekhine Defense,8,Black
4190,553,60,1,Van't Kruijs Opening,9,Black
4191,866,16,1,King's Pawn Game,10,Black
4195,528,34,1,Van't Kruijs Opening,11,Black
4198,685,57,1,Van't Kruijs Opening,12,White
1027,109,55,0,King's Gambit,1,White
17851,367,50,1,Sicilian Defense,1,Black
825,64,45,1,Pirc Defense,1,White
9417,141,7,1,King's Pawn Game,1,White
17643,51,163,0,Alekhine Defense,1,White
13832,135,196,0,King's Pawn Game,1,Black
11415,230,63,0,Blackmar-Diemer Gambit,1,Black
13742,230,63,0,Blackmar-Diemer Gambit,2,Black
19063,230,63,0,Blackmar-Diemer Gambit,3,Black
13426,256,51,1,Sicilian Defense,1,White
1574,16,66,1,Italian Game,1,Black
8472,31,86,1,Sicilian Defense,1,Draw
5324,260,51,1,Zukertort Opening,1,White
11581,462,40,0,English Opening,1,Black
18344,33,52,1,Blackmar-Diemer Gambit,1,White
7983,18,38,1,Italian Game,1,White
3397,186,81,1,Scotch Game,1,White
577,16,48,1,Scandinavian Defense,1,Draw
817,534,47,0,Horwitz Defense,1,White
5559,881,53,0,Sicilian Defense,2,White
9167,383,26,0,Slav Defense,1,Black
17715,44,111,1,Slav Defense,1,White
1149,75,55,1,Blackmar-Diemer Gambit,1,White
4983,123,54,1,French Defense,2,Black
14603,75,55,1,Blackmar-Diemer Gambit,3,White
2186,17,43,1,Indian Game,1,White
12184,484,64,1,Benoni Defense,2,Black
13353,17,43,1,Indian Game,3,White
14469,149,32,1,Blackmar-Diemer Gambit,4,Black
19879,173,48,1,Horwitz Defense,5,Black
2010,576,72,1,French Defense,1,Black
9629,17,28,1,Italian Game,1,Black
14006,28,68,1,Philidor Defense,2,Black
10225,211,25,1,Blackmar-Diemer Gambit,1,White
2325,186,53,1,Pirc Defense,1,White
2327,286,71,1,English Opening,2,White
2328,0,27,1,Queen's Gambit,3,White
6392,356,13,1,Nimzowitsch Defense,1,White
16230,186,48,1,French Defense,1,Black
10548,57,29,1,French Defense,1,Black
11257,57,29,1,French Defense,2,Black
1492,41,90,1,Scotch Game,1,Black
17103,96,58,0,Scotch Game,1,Black
18481,48,49,1,French Defense,1,White
12377,399,79,1,French Defense,1,White
18832,56,99,1,Bird Opening,1,White
18834,37,66,1,Bird Opening,2,Black
18835,38,53,1,Bird Opening,3,White
18843,25,52,1,Philidor Defense,4,Black
1752,217,109,1,Ruy Lopez,1,White
12820,225,32,1,Horwitz Defense,1,Draw
9425,353,112,0,Bishop's Opening,1,Black
9426,249,84,0,Russian Game,2,Black
9427,96,44,1,Scandinavian Defense,3,Black
1695,10,69,1,Italian Game,1,Black
16878,464,96,0,King's Pawn Game,1,Black
1854,121,55,1,Semi-Slav Defense,1,Draw
10820,79,159,1,Petrov's Defense,1,Black
12657,41,52,1,King's Pawn Game,1,Black
14534,41,52,1,King's Pawn Game,2,Black
7254,145,63,1,English Opening,1,White
13287,140,136,1,Sicilian Defense,1,Draw
6277,393,82,1,Caro-Kann Defense,1,Black
15922,22,98,1,Italian Game,2,Black
15924,34,79,1,King's Pawn Game,3,Draw
15927,38,42,1,Bishop's Opening,4,Black
15929,20,54,1,Vienna Game,5,Black
15930,142,43,1,Robatsch (Modern) Defense,6,White
15933,169,90,1,Pirc Defense,7,Black
15935,48,104,1,Sicilian Defense,8,Black
15937,104,93,1,Italian Game,9,White
15938,144,84,1,French Defense,10,Draw
15939,123,47,1,Italian Game,11,White
15941,119,80,1,Four Knights Game,12,Black
15943,70,81,1,Italian Game,13,White
15944,208,96,1,Caro-Kann Defense,14,Black
15946,169,41,1,Sicilian Defense,15,White
15948,201,59,1,Caro-Kann Defense,16,White
15949,153,31,1,Sicilian Defense,17,White
15950,146,151,1,Nimzowitsch Defense,18,White
15951,147,52,1,Italian Game,19,Black
15952,142,47,1,Italian Game,20,White
15955,94,71,1,Italian Game,21,White
15958,17,98,1,Sicilian Defense,22,Black
15959,48,72,1,French Defense,23,Black
15960,70,56,1,Sicilian Defense,24,Black
15961,159,74,1,Sicilian Defense,25,Black
8069,55,65,1,Slav Defense,1,White
12727,83,53,1,Italian Game,1,White
3775,152,16,0,Sicilian Defense,1,Draw
755,72,34,1,Sicilian Defense,1,White
4672,101,57,1,Philidor Defense,1,White
3524,394,36,1,King's Pawn Game,1,Black
3526,394,46,1,French Defense,2,Black
18782,67,91,1,Sicilian Defense,1,White
17462,360,48,1,Yusupov-Rubinstein System,1,Black
10462,419,36,1,Scandinavian Defense,1,White
15873,13,31,1,Caro-Kann Defense,1,White
9424,191,17,1,King's Pawn Game,1,Black
11445,6,31,1,Alekhine Defense,1,White
11448,46,42,1,Sicilian Defense,2,Black
11450,279,121,1,French Defense,3,White
11452,63,47,1,Nimzowitsch Defense,4,White
11453,720,15,1,Four Knights Game,5,White
16136,433,8,1,Van't Kruijs Opening,1,Black
124,294,23,1,Italian Game,1,White
126,70,66,1,Sicilian Defense,2,Black
128,121,36,1,Italian Game,3,Black
129,125,26,1,Italian Game,4,Black
130,39,62,1,Italian Game,5,Black
133,32,47,0,Italian Game,6,White
135,136,24,1,Caro-Kann Defense,7,Black
137,73,47,1,Sicilian Defense,8,White
139,5,39,1,Nimzowitsch Defense,9,White
141,34,95,1,Italian Game,10,White
144,4,12,1,Italian Game,11,Draw
149,252,156,1,King's Knight Opening,12,Black
150,398,18,1,Queen's Gambit,13,Black
154,0,85,1,Robatsch (Modern) Defense,14,White
155,115,50,1,Scandinavian Defense,15,Black
11118,271,41,0,Italian Game,1,White
5302,151,35,1,Van't Kruijs Opening,1,White
5303,376,63,1,Van't Kruijs Opening,2,White
5304,247,20,1,Van't Kruijs Opening,3,White
5306,185,64,1,Semi-Slav Defense,4,Black
5307,133,70,1,Van't Kruijs Opening,5,Black
18233,151,35,1,Van't Kruijs Opening,6,White
18234,376,63,1,Van't Kruijs Opening,7,White
18235,247,20,1,Van't Kruijs Opening,8,White
18237,185,64,1,Semi-Slav Defense,9,Black
18238,133,70,1,Van't Kruijs Opening,10,Black
7782,308,20,1,King's Pawn Game,1,White
2336,25,52,1,Zukertort Opening,1,White
15388,25,52,1,Zukertort Opening,2,White
12970,96,92,1,French Defense,1,Black
17845,300,47,1,French Defense,1,Black
12873,160,37,0,Italian Game,1,White
17949,207,28,1,Van't Kruijs Opening,1,Black
780,19,42,1,Sicilian Defense,1,Black
782,228,80,1,Sicilian Defense,2,Black
783,8,31,1,Sicilian Defense,3,Black
785,5,18,1,Sicilian Defense,4,Black
787,46,45,0,Philidor Defense,5,White
790,36,90,1,Scotch Game,6,Black
793,279,103,1,Sicilian Defense,7,Draw
794,117,23,1,Sicilian Defense,8,White
795,54,91,1,Italian Game,9,White
797,77,71,1,French Defense,10,White
801,8,84,1,French Defense,11,Black
803,2,47,1,Ruy Lopez,12,Black
804,57,74,1,Sicilian Defense,13,Black
807,7,75,1,Nimzowitsch Defense,14,White
808,131,89,1,Philidor Defense,15,White
811,34,67,1,Philidor Defense,16,White
814,4,70,1,Sicilian Defense,17,Black
815,10,28,1,Sicilian Defense,18,Black
816,152,16,1,Sicilian Defense,19,Black
12215,19,42,1,Sicilian Defense,20,Black
12217,228,80,1,Sicilian Defense,21,Black
12218,8,31,1,Sicilian Defense,22,Black
12220,5,18,1,Sicilian Defense,23,Black
12222,46,45,0,Philidor Defense,24,White
12225,36,90,1,Scotch Game,25,Black
12228,279,103,1,Sicilian Defense,26,Draw
12229,117,23,1,Sicilian Defense,27,White
12230,54,91,1,Italian Game,28,White
12232,77,71,1,French Defense,29,White
12236,8,84,1,French Defense,30,Black
12238,2,47,1,Ruy Lopez,31,Black
12239,57,74,1,Sicilian Defense,32,Black
12242,7,75,1,Nimzowitsch Defense,33,White
12243,131,89,1,Philidor Defense,34,White
12246,34,67,1,Philidor Defense,35,White
12249,4,70,1,Sicilian Defense,36,Black
12250,10,28,1,Sicilian Defense,37,Black
12251,152,16,1,Sicilian Defense,38,Black
4905,83,64,1,Yusupov-Rubinstein System,1,Black
7855,118,119,1,Scandinavian Defense,1,White
11481,10,2,1,Scandinavian Defense,1,White
14825,21,39,1,Bishop's Opening,1,White
1753,21,31,1,Scotch Game,1,White
2048,736,33,1,Ruy Lopez,1,White
11086,38,40,0,King's Knight Opening,1,Black
12029,342,63,1,Ruy Lopez,1,White
10929,222,48,1,Center Game,1,Black
7441,43,12,1,Sicilian Defense,1,Black
11977,44,47,1,Sicilian Defense,1,White
11978,143,48,1,Sicilian Defense,2,Black
11980,30,83,1,Scandinavian Defense,3,Black
11981,275,107,1,Petrov's Defense,4,White
11982,124,39,1,French Defense,5,White
11985,207,145,1,French Defense,6,White
11987,383,43,1,Scandinavian Defense,7,White
11990,441,83,1,Ruy Lopez,8,White
11991,273,70,1,King's Knight Opening,9,Black
11993,27,52,1,Ruy Lopez,10,Black
11996,220,48,1,Sicilian Defense,11,Black
15985,168,17,0,English Opening,1,Black
8715,410,36,1,Sicilian Defense,1,White
5423,29,210,1,Philidor Defense,1,Black
18327,29,210,1,Philidor Defense,2,Black
10448,373,47,1,Horwitz Defense,1,White
10863,40,65,1,King's Knight Opening,2,White
10865,48,28,1,Queen's Pawn Game,3,Black
4929,178,82,1,English Opening,1,Black
10843,738,65,0,Horwitz Defense,1,White
16225,106,66,1,French Defense,1,Black
12696,103,98,1,French Defense,1,Black
7572,90,79,1,Sicilian Defense,1,White
11946,251,64,0,Sicilian Defense,1,Black
12749,985,83,0,Sicilian Defense,2,White
12750,985,59,0,Scotch Game,3,White
8708,6,67,1,Sicilian Defense,1,White
18230,22,46,1,Zukertort Opening,1,Black
2596,42,37,1,King's Indian Defense,1,White
15502,42,37,1,King's Indian Defense,2,White
15819,476,21,1,Queen's Pawn Game,1,Black
712,73,41,1,Ruy Lopez,1,White
13943,1,61,1,Caro-Kann Defense,1,White
17066,217,58,1,Queen's Gambit,1,Black
17072,137,66,1,Tarrasch Defense,2,Black
17074,173,67,1,Queen's Gambit,3,White
10091,48,54,1,Horwitz Defense,1,Black
4972,28,58,1,Scotch Game,1,Black
16223,143,65,1,King's Knight Opening,1,White
16226,350,41,1,Four Knights Game,2,White
16228,89,69,1,Sicilian Defense,3,Black
5343,977,42,0,King's Pawn Game,1,Black
5345,977,44,0,King's Pawn Game,2,Black
5348,975,48,0,Blackmar-Diemer Gambit,3,Black
5350,975,32,0,Indian Game,4,Black
5353,975,32,0,Queen's Pawn Game,5,Black
18354,977,42,0,King's Pawn Game,6,Black
18356,977,44,0,King's Pawn Game,7,Black
18359,975,48,0,Blackmar-Diemer Gambit,8,Black
18361,975,32,0,Indian Game,9,Black
18364,975,32,0,Queen's Pawn Game,10,Black
11887,19,64,1,French Defense,1,Black
7835,255,10,1,Robatsch (Modern) Defense,1,Draw
12569,23,36,1,Pirc Defense,1,Black
6442,372,80,1,Queen's Gambit,1,Black
17148,221,39,1,Queen's Gambit,2,White
10108,300,87,1,French Defense,1,White
4071,52,42,1,Sicilian Defense,1,Black
7994,28,30,1,Bishop's Opening,2,Black
7754,25,88,1,French Defense,1,Black
7755,86,75,1,Sicilian Defense,2,Draw
2612,75,35,0,Sicilian Defense,1,White
2613,91,21,1,Old Indian,2,White
2615,21,15,1,Queen's Gambit,3,Black
2617,110,46,1,Nimzo-Indian Defense,4,White
2619,69,63,1,Horwitz Defense,5,White
2620,93,62,1,English Opening,6,White
2625,110,47,1,Nimzowitsch Defense,7,White
2626,18,63,1,Ruy Lopez,8,White
2628,206,36,1,Scandinavian Defense,9,Black
2629,86,42,1,King's Knight Opening,10,Black
2630,110,31,1,Ruy Lopez,11,White
2634,75,114,1,French Defense,12,Draw
2635,29,74,1,Ruy Lopez,13,Black
2638,6,60,1,King's Knight Opening,14,Black
2641,60,59,1,Alekhine Defense,15,White
2643,99,48,1,Sicilian Defense,16,Black
2646,59,51,1,Philidor Defense,17,White
2647,56,69,1,Caro-Kann Defense,18,White
2648,47,40,1,French Defense,19,Black
6902,32,64,1,King's Pawn Game,1,Black
2517,109,55,1,Scandinavian Defense,1,White
2519,73,76,1,Scandinavian Defense,2,Black
8393,135,88,1,French Defense,1,Black
15726,0,68,0,Indian Game,1,Black
4220,54,23,1,Van't Kruijs Opening,1,White
16782,6,54,1,French Defense,1,Black
8144,43,27,1,Nimzowitsch Defense,1,White
8977,145,165,1,Indian Game,1,White
6234,401,23,0,Blackmar-Diemer Gambit,1,White
4039,146,12,0,Horwitz Defense,1,Black
2874,63,62,1,Nimzowitsch Defense,1,Black
1474,23,41,0,King's Pawn Game,1,White
9026,182,30,1,Sicilian Defense,1,Black
14017,28,15,1,Four Knights Game,1,White
14018,34,62,1,Ruy Lopez,2,Black
14020,66,62,1,Sicilian Defense,3,Black
14023,5,72,1,French Defense,4,Black
14024,72,82,1,Petrov's Defense,5,Black
14026,68,97,1,Ruy Lopez,6,Draw
14027,40,45,1,French Defense,7,White
14028,66,66,1,Sicilian Defense,8,Black
14030,243,103,1,Philidor Defense,9,White
14033,115,66,1,Scandinavian Defense,10,Black
14035,9,97,1,Philidor Defense,11,White
14037,41,136,1,Philidor Defense,12,Black
14039,54,116,1,Four Knights Game,13,Black
14041,28,55,1,Ruy Lopez,14,Black
14043,30,63,1,Ruy Lopez,15,White
14044,54,56,1,Sicilian Defense,16,Black
14046,292,83,1,King's Knight Opening,17,White
14048,101,105,1,Ruy Lopez,18,White
14050,100,27,1,Ruy Lopez,19,White
14052,224,80,1,Caro-Kann Defense,20,Black
14053,28,84,1,Pirc Defense,21,Black
14054,50,61,1,Petrov's Defense,22,White
13324,138,84,1,Italian Game,1,White
506,147,38,1,Benoni Defense,1,Black
9065,111,41,1,Indian Game,1,White
4420,145,45,1,Pirc Defense,1,Black
8466,139,55,1,Blackmar-Diemer Gambit,1,Black
7954,61,35,1,Scotch Game,1,White
2947,94,28,1,Sicilian Defense,1,Black
9822,5,40,1,Sicilian Defense,1,Black
19679,418,26,0,Scotch Game,1,White
18675,92,4,1,Sicilian Defense,1,Black
17589,34,48,1,King's Pawn Game,1,Black
7978,33,102,1,Scotch Game,1,Black
17385,258,69,1,Scotch Game,1,White
4380,357,39,1,French Defense,1,White
17241,120,58,1,Ruy Lopez,1,Black
11103,586,30,0,Caro-Kann Defense,1,White
15250,4,39,1,Caro-Kann Defense,1,Black
15739,385,52,0,Caro-Kann Defense,1,Black
15925,27,139,1,Blackmar-Diemer Gambit,1,White
15926,6,100,1,Blackmar-Diemer Gambit,2,Black
1505,8,107,1,Sicilian Defense,1,Draw
185,1,40,1,Sicilian Defense,1,Black
3740,58,56,1,Queen's Pawn Game,1,Black
2022,514,35,1,Ruy Lopez,1,White
16585,48,80,1,Ruy Lopez,2,White
186,1,59,1,Caro-Kann Defense,1,White
6283,40,18,1,King's Pawn Game,1,Black
6284,98,55,1,Yusupov-Rubinstein System,2,White
6285,53,101,1,Blackmar-Diemer Gambit,3,White
6286,89,95,1,Blackmar-Diemer Gambit,4,White
6287,255,63,1,Yusupov-Rubinstein System,5,White
6289,26,60,1,Blackmar-Diemer Gambit,6,Black
6290,207,36,1,Yusupov-Rubinstein System,7,Black
6292,242,58,1,Blackmar-Diemer Gambit,8,Black
3688,25,11,1,French Defense,1,White
7986,3,161,1,Nimzo-Larsen Attack,1,Draw
18485,4,47,1,Blackmar-Diemer Gambit,1,White
15903,70,31,1,King's Gambit,1,White
12432,16,15,1,Nimzowitsch Defense,1,White
14431,16,15,1,Nimzowitsch Defense,2,White
2624,89,43,1,London System,1,White
5009,95,55,1,French Defense,1,White
2422,218,42,1,Blackmar-Diemer Gambit,1,Black
8460,138,59,1,King's Pawn Game,1,White
8760,104,103,1,Philidor Defense,1,White
4916,37,111,1,King's Pawn Game,1,White
398,105,130,0,French Defense,1,Black
2440,168,8,1,King's Pawn Game,1,Black
18452,22,79,1,Petrov's Defense,1,White
17802,79,35,1,Van't Kruijs Opening,1,White
12364,353,53,1,Caro-Kann Defense,1,White
83,28,51,1,English Opening,1,White
3211,123,40,0,Vienna Game,1,White
1782,175,92,1,Bishop's Opening,1,Black
1785,203,111,1,Vienna Game,2,White
5904,653,17,1,Italian Game,1,White
11141,692,35,1,French Defense,1,White
16132,196,57,1,Horwitz Defense,1,White
17318,124,24,1,English Opening,1,Draw
4030,79,35,1,King's Pawn Game,1,White
4032,64,21,1,King's Pawn Game,2,White
6536,170,43,0,Nimzowitsch Defense,1,White
6894,529,45,1,Italian Game,1,White
18640,529,45,1,Italian Game,2,White
14913,239,68,1,Scandinavian Defense,1,Black
386,0,41,1,King's Knight Opening,1,White
12033,66,55,1,Scotch Game,1,White
14747,37,74,1,Philidor Defense,1,Black
14748,101,39,1,Sicilian Defense,2,White
14750,3,53,1,Queen's Gambit,3,White
5892,99,45,1,Scandinavian Defense,1,White
8368,642,76,1,Queen's Pawn Game,1,Black
12854,180,66,1,Sicilian Defense,1,White
10049,37,42,1,Scandinavian Defense,1,Black
12125,133,64,1,Bishop's Opening,1,Black
12127,169,93,1,King's Pawn Game,2,White
3264,42,35,0,Nimzowitsch Defense,1,White
9300,118,41,1,Philidor Defense,1,White
16181,69,33,1,Petrov's Defense,1,Black
6623,75,31,0,French Defense,1,White
17535,339,55,1,Nimzowitsch Defense,1,White
12061,136,10,0,Zukertort Opening,1,Black
7871,26,110,1,Scotch Game,1,Black
191,7,178,1,Sicilian Defense,1,Black
6761,54,95,1,Queen's Pawn Game,1,White
6762,219,51,1,Queen's Pawn Game,2,White
6763,57,86,1,Queen's Pawn Game,3,White
6766,175,72,1,London System,4,Black
6768,543,29,1,Queen's Pawn Game,5,White
6769,11,80,1,Horwitz Defense,6,Black
6772,779,135,1,Yusupov-Rubinstein System,7,White
6773,100,88,1,Queen's Pawn Game,8,Black
6775,32,67,1,Benoni Defense,9,White
6776,35,136,1,Horwitz Defense,10,Black
6778,35,48,1,Yusupov-Rubinstein System,11,Black
6781,100,33,1,Yusupov-Rubinstein System,12,White
6783,26,103,1,London System,13,Draw
6785,289,40,1,London System,14,Black
6787,21,126,1,Queen's Pawn Game,15,Draw
6788,18,89,1,Queen's Pawn Game,16,Black
6791,96,48,1,London System,17,Black
6792,104,141,1,Yusupov-Rubinstein System,18,White
6795,248,36,0,Queen's Pawn Game,19,Black
6797,102,129,1,Queen's Pawn Game,20,Black
6798,1,130,1,Horwitz Defense,21,Black
7404,106,60,1,Van't Kruijs Opening,1,Black
3161,182,82,1,Tarrasch Defense,1,Black
17236,584,36,1,Blumenfeld Countergambit,2,Black
15109,262,46,1,Blackmar-Diemer Gambit,1,Black
15572,99,28,1,King's Knight Opening,1,White
12172,292,72,1,Sicilian Defense,1,Black
11730,115,54,1,Sicilian Defense,1,Black
422,296,47,1,Alekhine Defense,1,White
20020,133,44,1,Sicilian Defense,1,Black
9951,36,26,1,Center Game,1,Black
13588,777,52,1,Philidor Defense,1,Black
13590,30,87,1,Ruy Lopez,2,White
13591,233,60,1,Semi-Slav Defense,3,Black
13595,13,55,1,Semi-Slav Defense,4,White
13597,80,21,1,Indian Game,5,Black
9263,37,45,0,Four Knights Game,1,White
2293,22,119,1,Sicilian Defense,1,White
1947,109,1,1,Van't Kruijs Opening,1,Black
2462,24,40,1,King's Pawn Game,1,Black
1179,380,48,0,Ruy Lopez,1,Black
9725,843,21,1,Blackmar-Diemer Gambit,1,White
1434,661,17,1,Philidor Defense,1,Black
9152,18,29,1,Sicilian Defense,2,Black
13273,161,31,0,Nimzowitsch Defense,1,White
14800,62,17,0,Queen's Gambit,2,White
16186,11,129,1,Scandinavian Defense,1,White
19652,109,86,0,Pirc Defense,1,Draw
3528,379,24,0,French Defense,1,Black
2379,43,42,1,Pirc Defense,1,Black
8953,189,34,1,Italian Game,1,White
12608,42,45,1,Queen's Gambit,1,White
7328,292,62,1,Benko Gambit,1,White
5487,376,12,0,Van't Kruijs Opening,1,Black
15844,31,99,0,Caro-Kann Defense,1,Draw
10597,4,33,0,King's Pawn Game,1,White
11306,4,33,0,King's Pawn Game,2,White
6304,0,53,1,Sicilian Defense,1,White
7720,149,92,1,Sicilian Defense,2,Black
13042,15,15,0,Philidor Defense,1,White
12256,4,36,1,Van't Kruijs Opening,1,Black
12275,54,120,1,Van't Kruijs Opening,2,Black
12277,62,51,1,Van't Kruijs Opening,3,White
12279,72,96,1,Horwitz Defense,4,White
13275,196,91,0,Queen's Gambit,1,White
13276,111,120,1,Queen's Indian Defense,2,Black
13279,111,61,0,Queen's Gambit,3,White
15468,66,49,1,Nimzo-Indian Defense,1,White
2627,27,41,1,East Indian Defense,1,White
4812,218,129,1,King's Pawn Game,1,White
12070,207,63,1,Sicilian Defense,1,White
7988,0,57,1,Scotch Game,1,White
19442,327,88,1,Sicilian Defense,1,Black
7566,366,80,1,Ruy Lopez,1,Black
7568,80,34,1,Sicilian Defense,2,Black
7569,69,56,1,King's Knight Opening,3,Black
7571,14,42,1,Scotch Game,4,Black
7573,1,49,0,Ruy Lopez,5,White
7575,82,56,1,Robatsch (Modern) Defense,6,White
7577,268,84,1,Sicilian Defense,7,Black
7580,213,95,1,Ruy Lopez,8,White
7581,68,89,1,Robatsch (Modern) Defense,9,White
7583,185,47,1,Ruy Lopez,10,White
7585,60,81,0,Ruy Lopez,11,Black
7590,81,79,0,Ruy Lopez,12,Black
7591,46,109,1,Ruy Lopez,13,Draw
7594,284,32,1,Nimzowitsch Defense,14,Black
7597,505,92,1,Queen's Pawn Game,15,Black
7599,59,83,1,Philidor Defense,16,Black
9133,127,162,0,Sicilian Defense,1,Black
9255,253,18,0,Nimzowitsch Defense,1,Black
6095,95,119,1,Scotch Game,1,White
15266,15,137,1,Queen's Gambit,1,White
15270,404,46,1,Indian Game,2,Black
15271,82,69,1,Sicilian Defense,3,White
15273,186,49,1,Slav Defense,4,White
15275,443,18,1,Sicilian Defense,5,Black
15277,27,84,1,King's Gambit,6,Black
15279,245,32,1,Sicilian Defense,7,Black
15280,25,127,1,King's Gambit,8,White
15282,20,31,0,King's Gambit,9,White
15284,240,15,1,King's Gambit,10,White
15286,276,55,0,Nimzowitsch Defense,11,White
15287,43,39,0,King's Gambit,12,White
15289,46,68,1,King's Gambit,13,Black
15291,178,79,1,Pirc Defense,14,White
15294,59,20,1,King's Gambit,15,White
15296,4,50,1,Bird Opening,16,Black
15298,88,22,1,French Defense,17,Black
15299,7,161,1,King's Gambit,18,White
15301,61,80,1,Ruy Lopez,19,Black
15304,117,5,1,Queen's Pawn Game,1,White
15306,50,68,1,Sicilian Defense,2,Black
15307,38,71,1,Nimzowitsch Defense,3,White
5486,95,56,1,French Defense,1,Black
10019,182,60,1,Sicilian Defense,1,Black
11749,4,40,1,Sicilian Defense,1,White
11750,452,4,0,Sicilian Defense,2,White
11752,452,21,0,French Defense,3,White
11753,215,37,0,Sicilian Defense,4,White
13420,325,38,0,Sicilian Defense,1,Black
13422,325,34,0,Sicilian Defense,2,Black
346,31,92,1,Bishop's Opening,1,Black
5120,14,67,1,Nimzo-Larsen Attack,1,White
11143,463,95,1,French Defense,1,White
1496,132,39,1,Blackmar-Diemer Gambit,1,Draw
9564,91,74,0,English Opening,1,Black
9565,91,79,0,English Opening,2,White
9566,91,107,0,English Opening,3,White
17290,356,25,1,Italian Game,1,White
17440,232,101,1,King's Pawn Game,1,White
8432,226,85,1,Bishop's Opening,1,White
15923,108,139,1,Nimzo-Larsen Attack,1,White
18892,120,83,1,King's Pawn Game,1,White
8309,968,44,0,Tarrasch Defense,1,White
5780,136,57,1,Sicilian Defense,1,White
6701,505,57,0,Blackmar-Diemer Gambit,1,White
14894,495,27,1,French Defense,1,White
5125,208,115,1,Zukertort Opening,1,White
12836,27,61,0,Four Knights Game,1,White
4256,138,56,1,Scotch Game,1,Black
4347,108,66,1,Bird Opening,1,Black
4349,123,73,1,Bird Opening,2,White
15580,86,37,1,Van't Kruijs Opening,3,White
15915,43,107,1,Bird Opening,4,White
6032,213,22,0,Alekhine Defense,1,Black
10271,820,85,1,Alekhine Defense,1,White
5228,85,62,0,Indian Game,1,Black
5525,45,106,1,Slav Defense,2,Black
9636,23,34,1,Ruy Lopez,1,White
5683,26,91,1,English Opening,1,White
5816,68,70,1,Blackmar-Diemer Gambit,1,Black
1154,201,68,1,Four Knights Game,1,Black
14608,201,68,1,Four Knights Game,2,Black
19827,405,68,0,Italian Game,1,White
1970,579,5,1,Van't Kruijs Opening,1,White
13240,579,5,1,Van't Kruijs Opening,2,White
16313,224,154,1,Ruy Lopez,1,Black
1848,125,44,1,Sicilian Defense,1,Black
1849,52,38,1,Ruy Lopez,2,Black
1851,17,83,1,Pirc Defense,3,White
1853,70,132,1,Ruy Lopez,4,Draw
1855,54,82,1,King's Knight Opening,5,Black
1858,35,85,1,Ruy Lopez,6,White
1860,5,80,1,Sicilian Defense,7,Black
1861,4,99,1,Sicilian Defense,8,Draw
1863,25,51,1,Sicilian Defense,9,White
1866,78,58,1,Sicilian Defense,10,Black
1868,95,48,1,Nimzowitsch Defense,11,Black
1869,86,64,1,Scandinavian Defense,12,Black
1871,31,24,1,Ruy Lopez,13,White
1873,82,54,1,Ruy Lopez,14,Black
1876,40,143,1,Ruy Lopez,15,White
1877,74,32,1,Ruy Lopez,16,Black
1879,20,79,1,Ruy Lopez,17,White
1881,116,71,1,Sicilian Defense,18,White
1884,37,66,1,Ruy Lopez,19,Black
1886,127,43,1,Alekhine Defense,20,White
15518,6,63,1,Sicilian Defense,1,White
6362,296,49,1,Indian Game,1,Black
18141,319,49,1,Amar Opening,1,White
11180,32,43,1,Zukertort Opening,1,White
6079,275,73,1,Ruy Lopez,1,White
10072,167,37,1,Sicilian Defense,1,Black
19407,69,21,1,Scotch Game,1,White
7459,189,25,0,King's Knight Opening,1,White
17079,53,50,1,Blackmar-Diemer Gambit,1,Black
18302,324,16,1,Petrov's Defense,1,Black
4344,248,65,1,Horwitz Defense,1,White
18981,17,87,1,Queen's Indian Defense,2,Draw
2056,16,59,1,Scotch Game,1,White
20045,267,37,1,French Defense,1,White
19961,205,114,1,Nimzowitsch Defense,1,Black
18425,117,44,1,Italian Game,1,Black
18427,224,57,1,Philidor Defense,2,White
18428,261,54,1,English Opening,3,Black
18430,15,74,1,King's Pawn Game,4,Black
18432,73,62,1,Italian Game,5,Black
6060,436,81,1,King's Pawn Game,1,White
8304,158,61,1,Caro-Kann Defense,1,White
8029,228,50,0,Sicilian Defense,1,Black
13866,380,69,0,Sicilian Defense,1,White
13868,380,87,0,Zukertort Opening,2,White
596,66,65,0,Sicilian Defense,1,White
3788,48,76,0,Sicilian Defense,1,Black
18368,64,8,1,King's Pawn Game,1,White
15063,211,52,1,Sicilian Defense,1,Black
3513,25,28,1,Ruy Lopez,1,Black
5175,209,2,1,Blackmar-Diemer Gambit,1,Black
3458,219,27,0,Horwitz Defense,1,White
16325,219,27,0,Horwitz Defense,2,White
7234,109,71,1,Scandinavian Defense,1,White
1988,123,52,0,Scotch Game,1,Black
1990,123,61,0,Philidor Defense,2,White
1992,626,36,0,Indian Game,3,Black
1994,626,46,0,Sicilian Defense,4,Black
1995,626,110,0,Sicilian Defense,5,Black
1997,37,68,0,Italian Game,6,Black
1998,119,125,0,Italian Game,7,White
10985,277,175,0,King's Gambit,1,White
3863,22,94,1,Sicilian Defense,1,Black
5016,116,36,1,Scotch Game,2,Black
12260,60,34,1,French Defense,1,Black
17712,45,65,1,Sicilian Defense,2,White
2550,72,73,0,Zukertort Opening,1,White
9261,131,41,0,Van't Kruijs Opening,2,White
5844,10,46,0,Blackmar-Diemer Gambit,1,Black
5847,183,52,0,Blackmar-Diemer Gambit,2,Black
19447,176,68,0,Sicilian Defense,1,Black
14862,233,19,1,English Opening,1,Draw
14302,230,55,1,Pirc Defense,1,White
16407,166,82,1,Queen's Gambit,1,Black
15,47,31,0,Italian Game,1,White
17,47,52,0,Italian Game,2,Black
19,206,101,0,Philidor Defense,3,Black
21,582,14,0,Italian Game,4,Black
22,26,3,0,Horwitz Defense,5,White
25,310,13,1,Sicilian Defense,6,Black
26,141,69,1,Queen's Pawn Game,7,White
29,100,53,1,Slav Defense,8,Black
30,71,66,1,Queen's Gambit,9,Black
34,481,21,0,Queen's Gambit,10,Black
36,856,19,1,Robatsch (Modern) Defense,11,Black
38,522,22,0,Indian Game,12,Black
47,522,3,0,Scandinavian Defense,13,Black
51,522,5,0,French Defense,14,Black
53,522,53,0,Dutch Defense,15,White
12722,242,51,1,Scotch Game,1,White
255,101,38,1,Queen's Gambit,1,Black
19231,101,38,1,Queen's Gambit,2,Black
11555,46,349,1,Queen's Gambit,1,White
11556,40,157,1,Queen's Gambit,2,White
11558,224,64,1,Queen's Gambit,3,Black
11560,158,67,1,Queen's Gambit,4,Black
13860,46,349,1,Queen's Gambit,5,White
13861,40,157,1,Queen's Gambit,6,White
13863,224,64,1,Queen's Gambit,7,Black
13865,158,67,1,Queen's Gambit,8,Black
17533,159,81,1,Caro-Kann Defense,1,White
15153,54,19,1,Sicilian Defense,1,White
2921,239,113,1,Nimzowitsch Defense,1,White
15658,239,113,1,Nimzowitsch Defense,2,White
17684,29,78,1,Van't Kruijs Opening,1,Black
17687,9,62,1,English Opening,2,Black
17688,64,49,1,Nimzo-Larsen Attack,3,White
17691,38,38,1,Nimzo-Larsen Attack,4,Black
17693,41,41,1,Zukertort Opening,5,White
17694,84,62,1,Zukertort Opening,6,Black
17696,40,116,1,Van't Kruijs Opening,7,Black
17697,24,60,1,Benoni Defense,8,Black
17699,54,60,1,Zukertort Opening,9,Black
17700,29,74,1,Zukertort Opening,10,Black
17702,16,82,1,Dutch Defense,11,Black
17706,5,138,1,Benoni Defense,12,Black
17707,64,115,1,Zukertort Opening,13,White
17710,31,50,1,Queen's Pawn Game,14,Black
17713,19,66,1,Queen's Gambit,15,Black
17714,54,135,1,Nimzo-Larsen Attack,16,Draw
17717,31,96,1,Zukertort Opening,17,Black
3387,434,25,1,Italian Game,1,White
17889,138,65,1,Queen's Gambit,1,White
3560,117,106,1,Ruy Lopez,1,Black
14490,154,103,0,Nimzo-Indian Defense,1,White
10021,292,66,0,Queen's Pawn Game,1,Black
10026,337,49,1,Colle System,2,White
10029,235,102,1,Queen's Pawn Game,3,Black
3179,216,69,1,Van't Kruijs Opening,1,White
1228,89,40,1,King's Pawn Game,1,Black
8267,625,54,1,Four Knights Game,1,Black
3248,62,16,1,French Defense,1,Black
3250,119,78,1,Van't Kruijs Opening,2,Black
3252,187,59,1,Horwitz Defense,3,White
3254,133,15,1,Horwitz Defense,4,White
3257,8,46,0,Horwitz Defense,5,Black
11491,65,65,1,Blackmar-Diemer Gambit,1,White
8894,325,77,1,Nimzowitsch Defense,1,White
13284,75,37,1,Sicilian Defense,1,Black
4080,0,58,1,Sicilian Defense,1,Black
19578,166,54,1,French Defense,1,Black
6700,505,83,1,Queen's Pawn Game,1,White
7164,471,56,1,Vienna Game,1,Black
7645,273,57,1,Blackmar-Diemer Gambit,1,White
5723,38,59,1,French Defense,1,White
8840,39,47,1,Van't Kruijs Opening,1,White
3587,362,23,1,Scotch Game,1,White
9686,203,64,1,Robatsch (Modern) Defense,1,Black
2727,85,67,1,French Defense,1,White
8320,14,45,1,Queen's Gambit,1,White
6748,18,81,1,Pirc Defense,1,White
8505,124,50,1,Sicilian Defense,1,Black
11047,8,95,1,Nimzowitsch Defense,1,White
5606,402,44,0,Van't Kruijs Opening,1,Black
5896,24,7,1,King's Pawn Game,1,White
15065,221,78,1,Bird Opening,1,Black
9331,18,44,1,Queen's Pawn Game,1,Black
17970,165,121,1,Italian Game,1,White
3170,189,43,1,King's Knight Opening,1,White
3039,129,79,1,French Defense,1,White
7493,31,72,1,English Opening,1,Black
9330,4,67,1,Vienna Game,1,White
3083,33,21,1,Sicilian Defense,1,White
9306,94,32,1,Italian Game,1,Black
8616,225,133,1,Scandinavian Defense,1,White
8618,252,46,1,Scandinavian Defense,2,Black
4381,73,45,1,Sicilian Defense,1,White
4383,27,45,1,Sicilian Defense,2,White
4385,78,77,1,French Defense,3,White
4386,76,47,1,Zukertort Opening,4,White
4387,117,45,1,Semi-Slav Defense,5,White
4389,32,41,1,Sicilian Defense,6,White
4393,984,31,0,Semi-Bononi,7,White
4398,198,65,1,Queen's Gambit,8,White
4399,249,53,1,French Defense,9,White
4402,177,57,1,Caro-Kann Defense,10,White
4403,44,52,1,French Defense,11,White
4404,148,49,1,Gruenfeld Defense,12,White
4405,22,51,1,Caro-Kann Defense,13,White
9459,52,122,1,Pirc Defense,1,Draw
8129,18,16,1,Pirc Defense,1,White
2662,913,121,0,Queen's Pawn Game,1,White
19846,0,13,0,Slav Defense,1,Black
2912,73,54,1,King's Pawn Game,1,Black
7081,91,66,0,Bishop's Opening,1,Black
7083,91,128,0,Bishop's Opening,2,Black
16157,94,96,1,Ruy Lopez,1,Black
14381,32,21,1,Four Knights Game,1,White
17537,81,67,1,Bird Opening,1,White
18352,8,56,1,King's Gambit,1,White
8868,547,85,0,Blackmar-Diemer Gambit,1,White
481,168,60,1,Queen's Pawn Game,1,White
1316,232,57,0,Blackmar-Diemer Gambit,1,White
7398,42,47,0,Indian Game,2,White
2753,532,23,1,Caro-Kann Defense,1,White
15715,536,114,1,King's Pawn Game,1,Black
17549,345,77,1,Caro-Kann Defense,1,White
17551,330,101,1,Caro-Kann Defense,2,White
12625,104,74,1,King's Indian Defense,1,Black
19645,70,43,0,Indian Game,1,White
6116,287,61,1,English Opening,1,White
6118,219,154,1,Zukertort Opening,2,White
15412,165,109,1,Caro-Kann Defense,1,White
18465,266,93,1,Petrov's Defense,2,White
13520,165,94,1,Italian Game,1,Black
18755,16,29,1,Sicilian Defense,1,White
19435,282,57,0,Van't Kruijs Opening,1,White
10891,122,50,1,Sicilian Defense,1,Black
10304,38,65,1,King's Gambit,1,White
10306,16,79,1,Caro-Kann Defense,2,White
10308,20,41,1,King's Gambit,3,Black
13292,47,50,1,Scandinavian Defense,1,Black
10772,255,9,1,King's Knight Opening,1,White
12290,222,18,0,Sicilian Defense,1,Black
12292,222,105,0,Horwitz Defense,2,White
4527,35,53,1,Caro-Kann Defense,1,White
16487,4,88,1,Petrov's Defense,1,Black
6386,20,23,1,Zukertort Opening,1,White
2471,14,53,1,Bishop's Opening,1,White
4546,70,96,1,Caro-Kann Defense,1,Black
17451,35,180,1,Italian Game,1,Black
17511,16,36,1,Ruy Lopez,1,White
17512,7,10,1,Indian Game,2,White
7378,274,50,1,Sicilian Defense,1,Black
8378,276,89,1,Scandinavian Defense,1,White
1227,95,52,1,Queen's Pawn Game,1,Black
19923,43,159,1,Sicilian Defense,1,White
19020,42,54,1,English Opening,1,Black
2606,206,90,1,French Defense,1,Black
6895,19,5,0,Zukertort Opening,1,Black
6897,386,98,0,Neo-Gruenfeld Defense,2,White
2382,89,70,1,Indian Game,1,Black
14220,179,39,0,French Defense,1,White
11553,185,96,0,Sicilian Defense,1,Black
13858,185,96,0,Sicilian Defense,2,Black
7126,212,53,1,Horwitz Defense,1,White
565,146,58,1,Ruy Lopez,1,Black
15044,139,69,1,Caro-Kann Defense,1,White
15045,168,52,1,Horwitz Defense,2,Black
15047,192,99,1,King's Gambit,3,White
15052,102,44,1,Italian Game,4,Black
15053,85,43,1,Slav Defense,5,White
15055,120,16,1,King's Gambit,6,Black
15057,112,27,1,Queen's Gambit,7,White
15059,140,43,1,King's Gambit,8,White
15060,57,68,1,King's Gambit,9,Black
15066,174,54,1,King's Gambit,10,Black
15068,186,59,1,Scandinavian Defense,11,White
15071,215,32,1,King's Gambit,12,Black
15074,131,31,1,King's Gambit,13,White
15077,190,83,1,Scandinavian Defense,14,White
15080,182,77,1,Nimzowitsch Defense,15,White
12959,41,39,1,French Defense,1,White
18806,203,56,1,Van't Kruijs Opening,1,Black
7345,364,31,1,Ruy Lopez,1,White
7346,24,87,0,French Defense,2,White
19093,593,55,1,Horwitz Defense,1,White
10779,64,11,1,King's Knight Opening,1,White
16631,98,19,1,English Opening,1,White
6365,130,104,1,Indian Game,1,Black
6367,70,51,1,Sicilian Defense,2,White
4109,273,45,0,Bird Opening,1,White
18255,61,55,1,London System,1,White
12482,112,58,1,Ruy Lopez,1,Black
3713,21,25,1,Ruy Lopez,1,White
16067,15,105,1,Indian Game,1,White
16069,220,123,1,Queen's Gambit,2,White
16070,464,73,1,Horwitz Defense,3,White
16071,113,71,1,Queen's Gambit,4,White
15288,154,63,1,Bird Opening,1,White
569,227,4,1,Van't Kruijs Opening,1,Black
15194,89,53,0,Indian Game,1,White
9612,414,2,1,Scandinavian Defense,1,Black
3177,43,56,1,King's Knight Opening,1,Black
14445,171,39,1,Queen's Gambit,1,White
1864,163,69,1,Van't Kruijs Opening,1,White
1527,105,73,1,Nimzowitsch Defense,1,White
1528,594,80,1,Alekhine Defense,2,Black
1531,33,94,1,Sicilian Defense,3,Black
1532,136,63,1,King's Knight Opening,4,White
1533,86,80,1,King's Knight Opening,5,Black
1534,148,67,1,Ruy Lopez,6,Draw
1537,140,73,1,Ruy Lopez,7,White
1538,2,93,1,Sicilian Defense,8,White
1540,76,33,1,Caro-Kann Defense,9,White
1164,145,10,1,Nimzowitsch Defense,1,Black
1167,147,41,1,Ruy Lopez,2,White
1168,211,39,1,French Defense,3,White
1171,138,66,1,Caro-Kann Defense,4,White
1172,84,55,1,Scotch Game,5,White
1173,39,65,1,Sicilian Defense,6,White
1175,15,57,1,Scotch Game,7,White
1177,484,57,0,Philidor Defense,8,White
3037,63,22,1,French Defense,1,Black
11871,16,135,0,Van't Kruijs Opening,1,White
14824,28,5,0,Italian Game,1,White
10443,710,9,1,Van't Kruijs Opening,1,Black
10872,170,30,1,Scotch Game,1,Black
14575,28,52,1,Sicilian Defense,1,Black
4321,289,46,1,Scotch Game,1,Black
7363,12,101,1,King's Pawn Game,1,White
10442,326,23,1,Horwitz Defense,1,White
19891,139,60,1,King's Gambit,1,Black
1539,134,94,1,Slav Defense,1,Black
3043,520,39,1,French Defense,1,White
2836,202,107,0,King's Pawn Game,1,White
16045,136,45,0,Italian Game,1,White
16051,366,44,0,Italian Game,2,Black
16053,415,16,1,Pirc Defense,3,Black
12372,97,43,1,French Defense,1,White
15882,26,62,1,Van't Kruijs Opening,1,Black
1940,20,13,1,Philidor Defense,1,White
14988,107,23,1,King's Gambit,1,White
5102,295,62,1,Nimzowitsch Defense,1,Black
5103,277,111,0,Ruy Lopez,2,White
5104,545,64,0,Ruy Lopez,3,White
5105,545,116,0,Philidor Defense,4,Black
5106,17,66,0,French Defense,5,Black
5107,610,19,0,French Defense,6,White
5108,545,79,0,Pirc Defense,7,White
7315,56,62,1,Sicilian Defense,1,Black
2036,500,39,1,Horwitz Defense,1,White
15373,108,43,1,Sicilian Defense,1,White
7919,118,2,0,Blackmar-Diemer Gambit,1,Black
17959,286,66,1,Sicilian Defense,1,Black
5810,73,49,1,Sicilian Defense,1,White
17799,19,26,0,Queen's Gambit,1,Black
17800,41,57,0,Gruenfeld Defense,2,White
651,472,74,1,Gruenfeld Defense,1,Black
741,370,65,1,Philidor Defense,1,White
742,315,20,1,King's Knight Opening,2,Black
746,210,35,1,Sicilian Defense,3,White
747,548,23,1,Ruy Lopez,4,White
751,74,30,1,Nimzowitsch Defense,5,Black
752,31,59,1,Scandinavian Defense,6,White
754,21,76,1,Scandinavian Defense,7,Black
756,47,53,1,Ruy Lopez,8,Black
843,20,55,1,Scandinavian Defense,1,White
12320,20,55,1,Scandinavian Defense,2,White
5497,696,1,0,Nimzowitsch Defense,1,White
16851,107,35,1,Sicilian Defense,1,White
16852,74,43,1,Sicilian Defense,2,White
16856,169,59,1,Russian Game,3,Draw
8131,136,76,1,Petrov's Defense,1,Black
16049,108,3,1,King's Knight Opening,1,White
16050,108,3,0,King's Knight Opening,2,White
8465,70,40,1,French Defense,1,Black
3691,112,59,1,English Opening,1,White
2368,132,41,1,Pirc Defense,1,White
7361,109,83,1,Ruy Lopez,1,White
866,355,5,1,Van't Kruijs Opening,1,White
12298,355,5,1,Van't Kruijs Opening,2,White
14307,355,5,1,Van't Kruijs Opening,3,White
6685,554,56,1,Blackmar-Diemer Gambit,1,Black
6686,538,150,1,Blackmar-Diemer Gambit,2,Draw
6688,754,40,1,Indian Game,3,Black
6692,222,162,1,Colle System,4,Black
6694,286,132,1,Blackmar-Diemer Gambit,5,Black
6698,445,27,1,Nimzowitsch Defense,6,Black
15372,33,124,1,Pirc Defense,1,Black
15918,22,108,1,French Defense,2,Black
10603,230,46,0,Nimzowitsch Defense,1,Black
8558,522,23,1,Gruenfeld Defense,1,White
11531,105,56,1,Italian Game,1,Black
11040,49,51,1,Queen's Gambit,1,White
11041,870,73,1,Caro-Kann Defense,2,White
11042,314,81,1,English Opening,3,White
9932,496,53,1,English Opening,1,White
9934,583,63,1,English Opening,2,White
9935,127,134,1,Sicilian Defense,3,Black
9939,152,65,1,Sicilian Defense,4,White
9603,860,21,1,King's Gambit,1,White
4761,314,38,1,Van't Kruijs Opening,1,Black
3399,159,56,1,Queen's Pawn Game,1,White
3185,23,59,1,French Defense,1,White
7892,16,74,1,Italian Game,1,Black
14723,5,125,1,King's Knight Opening,1,White
14725,108,29,1,Italian Game,2,Black
14727,17,51,1,Philidor Defense,3,White
14729,389,43,0,King's Knight Opening,4,White
14730,92,87,1,Sicilian Defense,5,White
14732,229,62,1,King's Knight Opening,6,White
17842,210,55,1,Nimzo-Indian Defense,1,White
17846,461,16,1,Dutch Defense,2,White
17847,179,29,1,Zukertort Opening,3,White
17848,889,27,1,Nimzowitsch Defense,4,White
17852,494,53,1,Queen's Gambit,5,White
17854,482,21,1,Queen's Pawn Game,6,White
17857,592,61,1,Queen's Pawn Game,7,White
17858,351,19,1,Ruy Lopez,8,White
17860,533,45,1,Queen's Gambit,9,White
17863,319,43,1,King's Indian Defense,10,White
17865,1015,23,1,Mexican Defense,11,White
17866,548,41,1,Queen's Gambit,12,White
17868,362,58,1,Queen's Gambit,13,White
17871,442,51,1,Scandinavian Defense,14,White
17872,69,72,1,French Defense,15,Black
17873,109,69,1,Queen's Gambit,16,White
9028,7,18,1,Van't Kruijs Opening,1,White
11053,202,38,0,Sicilian Defense,1,Black
5187,165,15,1,Blackmar-Diemer Gambit,1,White
2755,719,43,1,Caro-Kann Defense,1,White
15804,359,30,1,Scotch Game,2,White
7656,31,67,1,French Defense,1,White
11175,447,21,1,French Defense,1,White
7833,24,17,1,Nimzowitsch Defense,1,White
18916,79,73,1,Sicilian Defense,1,White
14983,198,47,1,Italian Game,1,White
15798,151,32,1,Scotch Game,2,White
10398,169,47,1,King's Pawn Game,1,White
7151,182,74,1,Ruy Lopez,1,Black
4652,148,78,0,Scandinavian Defense,1,Black
606,271,35,0,Scandinavian Defense,1,White
608,271,46,0,Four Knights Game,2,White
609,737,52,0,Four Knights Game,3,Black
610,17,52,1,Ruy Lopez,4,Black
616,334,46,0,Queen's Pawn Game,5,Black
18407,412,119,0,Scotch Game,1,White
6343,4,93,1,Queen's Pawn Game,1,White
1979,531,2,1,Nimzo-Larsen Attack,1,White
1981,479,12,1,Van't Kruijs Opening,2,White
1983,389,73,1,Zukertort Opening,3,White
1984,309,3,1,Nimzo-Larsen Attack,4,White
1986,325,26,1,Benoni Defense,5,Draw
2700,531,2,1,Nimzo-Larsen Attack,6,White
2702,479,12,1,Van't Kruijs Opening,7,White
2704,389,73,1,Zukertort Opening,8,White
2705,309,3,1,Nimzo-Larsen Attack,9,White
2707,325,26,1,Benoni Defense,10,Draw
5549,239,58,0,Van't Kruijs Opening,1,Black
17728,408,77,1,Bishop's Opening,1,White
16361,288,33,1,English Opening,1,White
16363,296,9,1,English Opening,2,White
16365,92,49,1,English Opening,3,White
16367,84,79,1,English Opening,4,White
16368,190,16,1,English Opening,5,White
16371,25,65,1,English Opening,6,White
16373,162,59,1,English Opening,7,White
16374,104,37,1,English Opening,8,White
16375,437,22,1,English Opening,9,Black
16377,70,67,1,English Opening,10,White
16441,144,89,1,Van't Kruijs Opening,1,White
17886,21,46,1,Van't Kruijs Opening,1,Black
8128,68,43,1,French Defense,1,White
9887,375,29,1,Zukertort Opening,2,White
9893,260,13,1,Zukertort Opening,3,White
9895,40,13,1,Nimzowitsch Defense,4,White
10065,144,15,1,Nimzowitsch Defense,5,White
10343,87,22,1,Petrov's Defense,6,Black
6604,57,65,1,Queen's Gambit,1,White
2926,4,63,1,Nimzowitsch Defense,1,White
15663,4,63,1,Nimzowitsch Defense,2,White
8867,165,61,1,English Opening,1,White
7969,64,20,1,King's Pawn Game,1,Black
13869,11,45,1,Caro-Kann Defense,2,White
4839,158,76,1,King's Gambit,1,Black
10223,216,44,1,Slav Defense,1,Black
17885,42,95,1,Caro-Kann Defense,1,White
4104,50,44,1,Four Knights Game,1,Black
9057,103,84,1,London System,1,Black
14029,252,44,1,Philidor Defense,1,Black
11407,147,64,1,King's Pawn Game,1,Black
13734,147,64,1,King's Pawn Game,2,Black
19055,147,64,1,King's Pawn Game,3,Black
12358,272,37,1,Bird Opening,1,Draw
4074,15,117,1,Sicilian Defense,1,White
3737,123,64,0,Ruy Lopez,1,White
11615,95,16,0,Sicilian Defense,1,Black
11619,120,11,0,Italian Game,2,Black
11620,645,127,0,Italian Game,3,Draw
11622,645,42,0,Indian Game,4,Black
11624,645,48,0,Amar Opening,5,Black
11626,645,56,0,Nimzo-Larsen Attack,6,Black
11628,645,48,0,Amar Opening,7,Black
11630,372,44,0,King's Indian Defense,8,Black
11633,648,54,0,Nimzo-Larsen Attack,9,Black
11635,146,16,0,Zukertort Opening,10,White
11636,222,57,0,Amar Opening,11,White
11637,648,105,0,Nimzo-Larsen Attack,12,Black
11639,648,53,0,Nimzo-Larsen Attack,13,Black
11642,648,34,0,Zukertort Opening,14,Black
11644,648,86,0,Zukertort Opening,15,Black
11647,752,38,0,Nimzo-Larsen Attack,16,Black
11649,729,52,0,Nimzo-Larsen Attack,17,Black
11651,729,62,0,Nimzo-Larsen Attack,18,Black
5839,400,126,1,Robatsch (Modern) Defense,1,Black
5843,365,62,1,Nimzowitsch Defense,2,Black
8377,283,54,1,French Defense,1,Black
3531,120,62,1,Queen's Pawn Game,1,Black
3077,27,21,1,Sicilian Defense,1,White
3303,205,45,1,Queen's Gambit,1,White
582,36,45,1,Bird Opening,1,White
280,201,33,1,Queen's Gambit,1,White
4368,586,51,1,Nimzowitsch Defense,1,White
5741,146,71,1,King's Gambit,1,White
17470,84,102,1,Queen's Pawn Game,1,Black
5097,86,30,0,King's Pawn Game,1,Draw
19848,206,59,0,Four Knights Game,1,Black
19938,4,113,1,Sicilian Defense,1,Draw
19906,74,48,1,Philidor Defense,1,Black
16601,98,38,1,Philidor Defense,1,Black
16602,337,55,1,Italian Game,2,White
16608,265,49,1,Scandinavian Defense,3,White
16611,436,64,1,Nimzowitsch Defense,4,Black
16612,414,62,1,Petrov's Defense,5,Black
16614,215,41,1,Scotch Game,6,White
16615,165,45,1,Sicilian Defense,7,White
16617,414,99,1,Philidor Defense,8,White
16619,314,86,1,Nimzowitsch Defense,9,White
19307,59,56,1,Caro-Kann Defense,1,Black
7764,234,39,1,Nimzowitsch Defense,1,White
3899,36,53,1,Nimzowitsch Defense,1,White
11791,298,96,1,Sicilian Defense,1,Black
1069,74,92,1,Benoni Defense,1,Black
12651,74,92,1,Benoni Defense,2,Black
14518,74,92,1,Benoni Defense,3,Black
6771,54,69,1,Queen's Gambit,1,Black
1028,33,65,0,Nimzo-Larsen Attack,1,White
7321,149,46,1,Sicilian Defense,1,White
19767,18,56,1,Pirc Defense,2,Black
2197,93,86,1,Sicilian Defense,1,Black
17540,198,58,1,Caro-Kann Defense,2,White
15874,820,57,0,French Defense,1,White
15875,693,61,0,French Defense,2,White
9113,3,11,1,Petrov's Defense,1,White
1158,260,61,1,Four Knights Game,1,White
3451,113,41,1,Sicilian Defense,1,White
11395,200,31,1,Scandinavian Defense,1,White
14735,21,37,0,Sicilian Defense,1,White
7256,11,31,1,Scandinavian Defense,1,White
698,108,43,1,Sicilian Defense,1,White
4163,82,167,1,Caro-Kann Defense,1,White
13032,213,70,0,French Defense,1,Black
4954,43,115,1,Philidor Defense,1,White
4956,78,88,1,Ruy Lopez,2,Black
4959,147,17,1,King's Pawn Game,3,White
1043,396,70,0,Colle System,1,Black
19613,774,38,0,Italian Game,2,Black
6077,198,53,1,Vienna Game,1,White
19262,63,24,1,English Opening,1,White
12257,174,60,1,Horwitz Defense,1,Black
12264,199,3,0,French Defense,2,White
15553,405,57,1,Ruy Lopez,1,White
9365,110,16,1,Van't Kruijs Opening,1,Black
6784,297,44,1,Italian Game,1,White
2540,84,78,0,Scandinavian Defense,1,Black
2548,149,87,0,Scandinavian Defense,2,White
2553,421,56,0,Vienna Game,3,Black
2555,84,78,0,Scandinavian Defense,4,Black
2558,218,108,0,Scandinavian Defense,5,Black
7280,84,95,1,Robatsch (Modern) Defense,1,White
15865,11,17,0,Blackmar-Diemer Gambit,1,Black
18209,52,52,1,Van't Kruijs Opening,1,Black
19876,137,117,1,Petrov's Defense,1,White
10185,170,50,0,Sicilian Defense,1,Black
11905,424,81,1,Queen's Indian Defense,2,White
11496,166,7,0,Petrov's Defense,1,White
19244,166,7,0,Petrov's Defense,2,White
16082,79,127,1,Four Knights Game,1,White
8687,76,153,1,Scotch Game,1,White
14173,172,7,1,King's Pawn Game,1,White
5580,127,43,1,Indian Game,1,White
17130,139,70,1,Ruy Lopez,1,Black
19887,88,30,1,King's Pawn Game,1,Black
16281,180,52,1,Ruy Lopez,1,Black
18456,265,73,1,Four Knights Game,1,White
6799,23,32,1,King's Pawn Game,1,Black
319,2,51,1,Caro-Kann Defense,1,White
512,40,67,1,King's Pawn Game,1,White
5958,834,52,0,English Opening,1,Black
4156,84,37,1,Horwitz Defense,1,White
17765,158,96,1,Queen's Pawn Game,1,Black
13440,209,205,1,Queen's Pawn Game,1,Draw
19860,571,46,0,Van't Kruijs Opening,1,Black
389,499,59,1,Van't Kruijs Opening,1,Black
391,290,50,1,Van't Kruijs Opening,2,Black
394,93,52,1,Van't Kruijs Opening,3,Black
396,36,67,1,Philidor Defense,4,White
397,775,31,1,Sicilian Defense,5,Black
16933,420,51,1,King's Pawn Game,1,White
482,28,58,1,Horwitz Defense,1,Black
484,16,40,1,English Opening,2,White
19914,26,53,1,French Defense,1,White
19917,387,64,1,Blackmar-Diemer Gambit,2,Black
19918,86,45,1,Ruy Lopez,3,White
19921,58,51,1,Ruy Lopez,4,White
19924,141,104,1,Sicilian Defense,5,Black
19926,57,95,1,Ruy Lopez,6,White
19928,41,45,1,French Defense,7,White
19929,79,107,1,Sicilian Defense,8,White
19930,141,46,1,Ruy Lopez,9,Black
19932,10,107,1,Caro-Kann Defense,10,Draw
19934,53,39,1,Ruy Lopez,11,White
19935,55,119,1,Ruy Lopez,12,White
19936,79,84,1,French Defense,13,Black
19939,102,87,1,Sicilian Defense,14,White
19940,431,61,1,Ruy Lopez,15,White
19942,98,53,1,Robatsch (Modern) Defense,16,White
19946,112,61,1,French Defense,17,White
19948,118,142,1,Ruy Lopez,18,Black
19950,38,56,1,Ruy Lopez,19,White
19953,5,66,1,Ruy Lopez,20,Black
19955,46,67,1,Ruy Lopez,21,White
19957,41,101,1,Philidor Defense,22,White
19958,63,99,1,Philidor Defense,23,White
19959,195,51,1,Philidor Defense,24,White
9292,475,10,1,Scandinavian Defense,1,Black
9294,280,20,1,Van't Kruijs Opening,2,Black
17174,96,109,1,Scotch Game,1,White
7225,20,20,1,Blackmar-Diemer Gambit,1,Black
17876,50,94,0,English Opening,1,Black
11524,27,87,1,Queen's Pawn Game,1,White
6702,58,45,0,Philidor Defense,1,Draw
3599,100,83,1,Ruy Lopez,1,White
1058,9,49,1,French Defense,1,White
14934,56,78,1,Van't Kruijs Opening,1,Black
5848,173,75,0,King's Gambit,1,White
19677,294,45,1,Four Knights Game,1,White
7800,262,45,1,French Defense,1,White
1759,246,101,1,King's Gambit,1,Draw
18290,205,25,1,King's Knight Opening,1,Black
2866,26,147,1,Italian Game,1,Draw
5237,140,41,0,English Opening,1,White
15708,91,37,1,Queen's Indian Defense,1,White
9604,276,17,1,Nimzowitsch Defense,1,White
8561,411,107,1,Slav Defense,1,White
3253,19,55,1,Pirc Defense,1,White
5541,44,54,1,Sicilian Defense,1,Black
18964,364,71,1,Van't Kruijs Opening,1,Black
1559,159,45,0,Sicilian Defense,1,White
3357,82,100,1,Sicilian Defense,1,Black
10279,276,61,1,Petrov's Defense,1,White
11720,66,52,1,Caro-Kann Defense,1,Black
19343,66,52,1,Caro-Kann Defense,2,Black
15342,72,82,1,Sicilian Defense,1,Black
15343,11,65,1,London System,2,White
15344,93,62,1,Sicilian Defense,3,Black
15346,138,49,1,English Opening,4,White
15347,186,43,1,Zukertort Opening,5,White
15350,293,57,1,Scandinavian Defense,6,White
15351,611,127,1,Pirc Defense,7,White
15353,268,47,1,Italian Game,8,White
3743,22,44,1,French Defense,1,Black
13530,486,66,1,Four Knights Game,1,Black
13697,214,100,1,Ruy Lopez,2,Black
13705,268,102,1,Ruy Lopez,3,Black
11327,61,32,1,English Opening,1,Black
13598,61,32,1,English Opening,2,Black
1223,165,44,1,Blackmar-Diemer Gambit,1,Black
13787,158,106,0,Sicilian Defense,1,Black
773,332,28,1,Blackmar-Diemer Gambit,1,Black
19157,122,92,1,Horwitz Defense,1,Black
19158,100,75,1,Yusupov-Rubinstein System,2,White
19159,198,116,1,Horwitz Defense,3,Black
19160,30,70,1,East Indian Defense,4,White
19161,128,69,1,Queen's Pawn Game,5,White
19162,132,54,1,Queen's Pawn Game,6,White
19163,108,68,1,Queen's Pawn Game,7,Black
19164,164,58,1,Slav Defense,8,Black
19165,32,79,1,Horwitz Defense,9,White
19166,188,115,1,Colle System,10,White
19167,92,158,1,Horwitz Defense,11,Black
19168,31,131,1,Horwitz Defense,12,White
19169,143,65,1,Horwitz Defense,13,White
19170,97,77,1,Queen's Pawn Game,14,White
19171,160,108,1,Horwitz Defense,15,Draw
19172,64,43,1,Queen's Pawn Game,16,White
19173,129,87,1,Horwitz Defense,17,White
19174,115,29,1,Horwitz Defense,18,White
19175,174,64,1,Queen's Pawn Game,19,Black
19176,42,79,1,Horwitz Defense,20,White
19177,178,76,1,Queen's Pawn Game,21,Black
19178,178,59,1,Queen's Pawn Game,22,White
19179,102,80,1,Queen's Pawn Game,23,Black
19180,104,125,1,Queen's Pawn Game,24,White
19181,135,121,1,Queen's Pawn Game,25,White
19182,61,76,1,Yusupov-Rubinstein System,26,Black
19183,122,68,1,Queen's Pawn Game,27,Black
19184,128,64,1,Horwitz Defense,28,Black
19185,190,67,1,Horwitz Defense,29,White
19186,95,59,1,Horwitz Defense,30,White
19187,97,51,1,Queen's Pawn Game,31,White
19188,116,45,1,Horwitz Defense,32,White
19189,97,45,1,Queen's Pawn Game,33,White
19190,123,96,1,Queen's Pawn Game,34,White
19191,159,72,1,East Indian Defense,35,Black
19192,167,117,1,Queen's Pawn Game,36,White
19193,122,63,1,Queen's Pawn Game,37,White
19194,160,36,1,Queen's Pawn Game,38,Black
19195,4,81,1,Queen's Pawn Game,39,White
19196,18,72,1,Dutch Defense,40,Black
19197,95,104,1,Horwitz Defense,41,Black
19198,46,75,1,Queen's Pawn Game,42,White
19199,17,77,1,Horwitz Defense,43,White
19200,5,128,1,Benoni Defense,44,Black
19201,101,80,1,Queen's Pawn Game,45,Black
19202,46,76,1,Yusupov-Rubinstein System,46,Black
19203,50,73,1,Queen's Pawn Game,47,White
19204,85,71,1,Horwitz Defense,48,White
12337,52,25,1,Sicilian Defense,1,Black
1822,228,49,1,Vienna Game,1,White
15325,43,56,1,Blackmar-Diemer Gambit,1,Black
2522,56,82,1,Scandinavian Defense,1,Black
16561,416,99,1,Sicilian Defense,1,White
18983,97,38,1,French Defense,2,Black
14245,549,49,0,English Opening,1,White
5114,129,41,0,Scandinavian Defense,1,White
7458,171,47,1,French Defense,1,White
9475,285,62,0,Van't Kruijs Opening,1,Black
9476,153,56,1,King's Pawn Game,2,Black
17015,198,82,1,King's Knight Opening,1,Black
3633,66,56,1,Queen's Gambit,1,Black
12354,302,9,1,Van't Kruijs Opening,1,White
8678,344,37,1,Sicilian Defense,1,White
1317,396,53,0,Van't Kruijs Opening,1,White
699,72,60,1,Queen's Indian Defense,1,Black
17052,292,30,0,French Defense,1,Black
2453,63,65,1,King's Knight Opening,1,White
15978,118,35,1,Sicilian Defense,1,White
14950,222,74,1,Italian Game,1,Black
6267,369,42,1,Scotch Game,1,Black
3795,27,21,1,Sicilian Defense,1,White
3582,124,96,0,Four Knights Game,1,Black
14751,124,96,0,Four Knights Game,2,Black
16604,46,73,1,Center Game,1,White
15638,344,50,1,Queen's Gambit,1,White
7831,316,71,1,Philidor Defense,1,White
10892,68,23,1,Queen's Gambit,1,White
10895,75,48,1,Dutch Defense,2,White
10897,130,37,1,Slav Defense,3,White
10898,16,75,0,Blackmar-Diemer Gambit,4,White
10900,1,57,0,Pirc Defense,5,White
10904,71,48,0,Dutch Defense,6,White
5325,176,82,1,King's Gambit,1,Black
903,13,43,1,Sicilian Defense,1,White
8707,9,45,1,Sicilian Defense,1,White
3834,260,82,1,Budapest Defense,1,White
15536,155,54,1,Slav Defense,2,Black
10405,337,47,1,Zukertort Opening,1,White
13071,42,50,1,Caro-Kann Defense,1,Black
6905,51,105,1,Benoni Defense,1,White
17749,323,46,0,Scotch Game,1,Black
5808,37,57,1,Sicilian Defense,1,White
14235,385,62,1,Sicilian Defense,1,Black
14238,367,58,0,King's Pawn Game,2,Black
14239,605,56,1,Van't Kruijs Opening,3,Black
14240,428,24,0,King's Knight Opening,4,Black
14242,364,40,0,Sicilian Defense,5,Black
14244,263,40,1,Bishop's Opening,6,Black
14246,537,52,0,Four Knights Game,7,Black
14247,566,38,1,Philidor Defense,8,Black
14251,234,12,1,Petrov's Defense,9,Black
14255,294,44,1,French Defense,10,Black
14256,66,20,1,Van't Kruijs Opening,11,Black
3388,250,67,1,King's Gambit,1,White
43,522,30,0,Sicilian Defense,1,White
17752,95,76,0,Center Game,2,Black
18162,72,24,1,Sicilian Defense,1,Black
1049,184,52,0,Queen's Gambit,1,Black
14525,629,51,1,Ruy Lopez,1,White
14526,73,70,1,Queen's Pawn Game,2,Black
14528,64,42,1,Caro-Kann Defense,3,Black
14530,238,109,1,Ruy Lopez,4,White
14531,199,47,1,Ruy Lopez,5,White
15493,356,27,1,Italian Game,1,White
15675,70,64,1,Sicilian Defense,1,Black
16454,159,32,1,Sicilian Defense,2,Black
15354,265,59,0,Blackmar-Diemer Gambit,1,White
15356,182,45,0,Queen's Pawn Game,2,White
15358,182,19,0,Queen's Pawn Game,3,White
12383,524,89,1,French Defense,1,White
1976,811,37,0,Pirc Defense,1,White
13246,811,37,0,Pirc Defense,2,White
3846,209,32,1,Queen's Pawn Game,1,White
13082,129,76,0,Blackmar-Diemer Gambit,1,Black
7522,46,55,1,Petrov's Defense,1,Black
4464,73,118,1,Four Knights Game,1,Black
4465,129,49,1,Four Knights Game,2,White
4466,67,64,1,Philidor Defense,3,Black
13916,148,45,1,Four Knights Game,4,White
13917,73,118,1,Four Knights Game,5,Black
13918,129,49,1,Four Knights Game,6,White
13919,67,64,1,Philidor Defense,7,Black
5657,254,38,1,Bird Opening,1,Black
7366,35,119,1,Horwitz Defense,1,White
6375,119,30,1,Queen's Gambit,1,Black
3931,128,29,1,Queen's Pawn Game,1,Black
9871,134,47,0,Scandinavian Defense,1,White
12967,122,90,1,Van't Kruijs Opening,1,Black
19031,154,83,1,Van't Kruijs Opening,2,White
10149,34,83,1,Nimzowitsch Defense,1,White
18263,386,62,1,Blackmar-Diemer Gambit,1,Black
18265,97,36,1,Van't Kruijs Opening,2,Black
18266,179,62,1,Horwitz Defense,3,Black
18268,369,160,1,Van't Kruijs Opening,4,Black
18269,103,48,1,Blackmar-Diemer Gambit,5,Black
18273,342,58,1,Van't Kruijs Opening,6,Black
18274,324,126,1,Benoni Defense,7,Black
18275,19,98,1,Van't Kruijs Opening,8,Draw
18278,45,31,1,Blackmar-Diemer Gambit,9,White
18279,95,20,1,Van't Kruijs Opening,10,Black
18281,49,118,1,Blackmar-Diemer Gambit,11,Black
18283,444,32,1,Blackmar-Diemer Gambit,12,Black
18285,528,103,1,Van't Kruijs Opening,13,White
18286,28,111,1,Horwitz Defense,14,White
18288,378,86,1,Van't Kruijs Opening,15,Black
18289,427,83,1,Petrov's Defense,16,White
18291,282,114,1,Indian Game,17,Black
18292,216,123,1,Van't Kruijs Opening,18,White
18295,394,74,1,Van't Kruijs Opening,19,Black
18297,734,102,1,Van't Kruijs Opening,20,Black
18300,34,124,1,Blackmar-Diemer Gambit,21,Draw
3223,164,54,0,Ruy Lopez,1,Black
4148,48,57,1,Sicilian Defense,1,White
4535,20,45,1,Scotch Game,1,White
2392,22,65,1,Indian Game,1,White
10208,154,23,1,Queen's Gambit,2,White
528,259,25,1,Ruy Lopez,1,White
10988,27,52,0,King's Gambit,1,Black
8701,72,76,1,Queen's Gambit,1,Black
8675,193,65,1,Sicilian Defense,1,White
16808,103,25,1,Philidor Defense,1,White
13256,725,52,1,Sicilian Defense,1,White
8837,213,162,1,Robatsch (Modern) Defense,1,Black
6272,199,60,0,Nimzowitsch Defense,1,White
23,406,17,0,Sicilian Defense,1,White
5111,230,34,0,Scandinavian Defense,2,Black
4343,373,77,1,French Defense,1,White
19353,310,77,0,Queen's Gambit,1,White
11931,229,55,0,Petrov's Defense,1,White
11934,71,59,1,Horwitz Defense,2,White
11935,94,47,0,Blackmar-Diemer Gambit,3,White
16214,127,87,1,Bird Opening,1,White
6349,77,32,1,French Defense,1,Black
5685,1,69,1,Van't Kruijs Opening,1,White
16500,56,81,1,Van't Kruijs Opening,2,White
4953,189,37,1,Blackmar-Diemer Gambit,1,White
7038,256,80,1,Sicilian Defense,1,Black
17926,146,49,1,Nimzowitsch Defense,2,White
2744,54,67,1,Petrov's Defense,1,White
1048,384,16,0,Van't Kruijs Opening,1,Black
206,517,15,0,Scotch Game,1,White
211,517,66,0,Scotch Game,2,Black
11433,517,15,0,Scotch Game,3,White
11438,517,66,0,Scotch Game,4,Black
13760,517,15,0,Scotch Game,5,White
13765,517,66,0,Scotch Game,6,Black
19081,517,15,0,Scotch Game,7,White
19086,517,66,0,Scotch Game,8,Black
11062,62,86,1,King's Gambit,1,Black
19359,51,45,1,King's Gambit,1,White
13367,180,40,1,French Defense,1,Black
12181,13,111,1,Sicilian Defense,1,White
4366,564,79,1,Vienna Game,1,White
7451,245,11,1,Petrov's Defense,1,White
14906,135,59,1,Van't Kruijs Opening,1,White
13635,115,61,0,French Defense,1,White
18501,110,59,1,French Defense,1,White
14832,277,73,1,Queen's Pawn Game,1,White
14834,181,68,1,Slav Defense,2,Black
14837,253,143,1,Pirc Defense,3,White
14838,47,79,1,French Defense,4,White
14840,259,56,1,French Defense,5,Black
14842,238,97,1,Sicilian Defense,6,White
14843,121,50,1,Caro-Kann Defense,7,Black
14846,176,85,1,Sicilian Defense,8,White
14847,13,111,1,Ruy Lopez,9,Draw
14849,62,15,0,Scotch Game,10,White
14850,14,84,1,Sicilian Defense,11,Black
14851,8,70,0,French Defense,12,White
12973,158,72,1,French Defense,1,Black
18367,92,76,0,Petrov's Defense,1,Black
18369,364,39,1,Bishop's Opening,2,White
18371,309,46,0,Philidor Defense,3,Black
18373,441,60,0,Philidor Defense,4,Black
18374,0,53,1,Bishop's Opening,5,Black
4713,11,39,1,Nimzowitsch Defense,1,Black
4714,129,35,0,Sicilian Defense,2,Black
4715,135,33,0,Van't Kruijs Opening,3,Black
4716,22,119,0,Ruy Lopez,4,White
4717,332,37,0,Ruy Lopez,5,White
4718,373,53,0,King's Knight Opening,6,White
4720,348,95,0,Blackmar-Diemer Gambit,7,White
4721,348,81,0,Scandinavian Defense,8,White
8980,172,94,0,Caro-Kann Defense,1,Draw
8957,6,41,1,Philidor Defense,1,White
8959,143,56,1,Van't Kruijs Opening,2,Black
17465,553,38,1,French Defense,1,Black
18988,477,58,1,French Defense,2,Black
1217,12,17,1,Italian Game,1,White
11146,403,27,1,French Defense,1,White
8448,47,48,1,King's Knight Opening,1,Black
8450,74,53,1,King's Knight Opening,2,White
16552,7,82,1,Robatsch (Modern) Defense,1,Black
19937,1,47,1,Sicilian Defense,2,White
3329,81,118,1,English Opening,1,Black
5137,617,72,0,Van't Kruijs Opening,1,Black
12043,158,51,1,Scotch Game,1,Black
1974,534,69,1,Queen's Pawn,1,White
13244,534,69,1,Queen's Pawn,2,White
9682,16,120,1,Zukertort Opening,1,Black
9683,46,101,1,Zukertort Opening,2,White
9687,80,79,1,Zukertort Opening,3,White
9688,512,49,1,Zukertort Opening,4,White
9689,22,33,1,Zukertort Opening,5,White
9692,14,65,1,Zukertort Opening,6,White
9693,117,29,1,King's Indian Attack,7,Black
9695,98,130,1,Zukertort Opening,8,Black
9698,190,144,1,Zukertort Opening,9,Black
9701,159,61,1,Zukertort Opening,10,White
9702,36,49,1,English Opening,11,White
9703,233,48,1,King's Indian Attack,12,White
9704,97,73,1,Queen's Pawn Game,13,White
9706,61,19,1,King's Indian Attack,14,White
9707,121,33,1,King's Indian Attack,15,White
9711,152,13,1,King's Indian Attack,16,White
9712,69,59,1,Zukertort Opening,17,White
9713,135,33,1,King's Indian Attack,18,White
9715,175,30,1,English Opening,19,White
9716,44,69,1,Queen's Pawn Game,20,White
7221,11,11,1,Scandinavian Defense,1,White
8727,108,121,1,Sicilian Defense,1,White
19421,250,46,0,Italian Game,1,Black
5878,292,85,1,Scotch Game,1,White
12863,96,72,1,Sicilian Defense,1,Black
4635,366,33,0,Blackmar-Diemer Gambit,1,White
414,123,34,0,Nimzowitsch Defense,1,White
16717,78,75,1,Sicilian Defense,1,White
13007,313,83,1,Indian Game,1,White
14979,14,20,1,Tarrasch Defense,1,White
7119,287,57,1,Center Game,1,White
17254,38,63,1,Bishop's Opening,1,White
869,36,115,0,Blackmar-Diemer Gambit,1,Draw
12301,36,115,0,Blackmar-Diemer Gambit,2,Draw
14310,36,115,0,Blackmar-Diemer Gambit,3,Draw
16834,270,45,1,Zukertort Opening,1,White
5433,67,73,0,Queen's Gambit,1,White
18337,67,73,0,Queen's Gambit,2,White
8451,161,64,1,King's Knight Opening,1,Black
12930,113,49,1,French Defense,1,White
16653,341,74,1,Sicilian Defense,2,Black
6975,166,130,1,Ruy Lopez,1,Black
14622,82,100,1,Alekhine Defense,1,Black
15834,130,54,1,Sicilian Defense,1,Black
18341,9,183,1,Queen's Pawn Game,1,White
1068,11,141,1,Scotch Game,1,White
1070,67,64,1,Four Knights Game,2,Black
1072,517,70,1,Center Game,3,Black
1076,187,75,1,Four Knights Game,4,White
1078,261,102,1,English Opening,5,Black
1079,264,87,1,English Opening,6,White
1082,65,33,1,English Opening,7,White
12650,11,141,1,Scotch Game,8,White
12652,67,64,1,Four Knights Game,9,Black
12654,517,70,1,Center Game,10,Black
14517,11,141,1,Scotch Game,11,White
14519,67,64,1,Four Knights Game,12,Black
14521,517,70,1,Center Game,13,Black
682,130,72,1,Four Knights Game,1,Black
603,69,46,0,English Opening,1,Black
870,254,100,0,Nimzo-Indian Defense,1,Black
15693,123,37,1,Sicilian Defense,1,White
9739,254,2,1,King's Pawn Game,1,Black
7908,225,121,1,Four Knights Game,1,Draw
19304,38,42,1,Caro-Kann Defense,1,Black
2235,809,58,0,Sicilian Defense,1,Black
2237,809,70,0,Nimzo-Indian Defense,2,Black
2239,809,46,1,Caro-Kann Defense,3,Black
13712,53,57,1,Pirc Defense,1,White
19602,202,122,1,King's Indian Defense,1,Black
19963,24,54,1,Horwitz Defense,2,Black
7666,189,103,1,Ruy Lopez,1,White
2790,125,77,0,Blackmar-Diemer Gambit,1,White
16952,13,63,1,French Defense,1,White
6789,3,15,1,Italian Game,1,White
8684,58,57,1,Italian Game,1,White
16,47,43,0,Italian Game,1,Black
18,47,66,0,Italian Game,2,Black
127,73,120,1,Italian Game,3,Draw
7463,259,51,1,Queen's Pawn Game,1,White
18532,22,29,1,Blackmar-Diemer Gambit,1,White
17315,367,45,1,Vienna Game,1,White
2131,149,62,0,King's Pawn Game,1,Black
5868,162,172,0,King's Pawn Game,2,Black
12880,0,80,0,King's Pawn Game,3,Black
5415,16,115,1,Blackmar-Diemer Gambit,1,White
18319,16,115,1,Blackmar-Diemer Gambit,2,White
9625,243,27,1,Bishop's Opening,1,White
17397,79,21,1,Italian Game,2,White
19365,249,35,1,Scotch Game,1,White
19366,206,75,1,Scotch Game,2,White
17183,12,13,1,Queen's Gambit,1,White
4394,984,38,0,Van't Kruijs Opening,1,Black
15355,293,19,0,Caro-Kann Defense,1,Black
16659,83,138,1,Sicilian Defense,1,Draw
1962,122,2,1,King's Pawn Game,1,Black
1963,225,2,1,Van't Kruijs Opening,2,Black
1964,62,8,1,Van't Kruijs Opening,3,Black
1965,867,62,1,Van't Kruijs Opening,4,Black
1966,80,4,0,Van't Kruijs Opening,5,Black
1967,438,2,0,Van't Kruijs Opening,6,Black
1968,610,2,0,Van't Kruijs Opening,7,White
1969,409,2,0,Van't Kruijs Opening,8,Black
1972,14,26,1,Van't Kruijs Opening,9,Black
1973,443,38,1,Van't Kruijs Opening,10,Black
1975,137,44,1,Van't Kruijs Opening,11,Black
1977,242,64,1,Van't Kruijs Opening,12,Black
13232,122,2,1,King's Pawn Game,13,Black
13233,225,2,1,Van't Kruijs Opening,14,Black
13234,62,8,1,Van't Kruijs Opening,15,Black
13235,867,62,1,Van't Kruijs Opening,16,Black
13236,80,4,0,Van't Kruijs Opening,17,Black
13237,438,2,0,Van't Kruijs Opening,18,Black
13238,610,2,0,Van't Kruijs Opening,19,White
13239,409,2,0,Van't Kruijs Opening,20,Black
13242,14,26,1,Van't Kruijs Opening,21,Black
13243,443,38,1,Van't Kruijs Opening,22,Black
13245,137,44,1,Van't Kruijs Opening,23,Black
13247,242,64,1,Van't Kruijs Opening,24,Black
2448,105,110,1,Queen's Pawn Game,1,Black
6360,33,37,1,Sicilian Defense,1,White
19097,338,2,1,Alekhine Defense,1,Black
19098,324,2,1,Sicilian Defense,2,Black
19099,7,2,1,King's Pawn Game,3,Black
19102,351,2,1,King's Pawn Game,4,Black
19104,205,2,1,Van't Kruijs Opening,5,Black
19107,157,2,1,King's Pawn Game,6,Black
19108,212,2,1,Van't Kruijs Opening,7,Black
19110,101,2,1,Van't Kruijs Opening,8,Black
19112,74,3,1,Van't Kruijs Opening,9,Black
4397,149,92,1,Caro-Kann Defense,1,Black
8737,14,94,1,Sicilian Defense,1,Draw
9678,327,84,0,Queen's Gambit,1,White
3503,2,40,1,English Opening,1,Black
17658,92,138,0,Pirc Defense,1,Black
4612,506,39,1,King's Pawn Game,1,White
14077,8,19,1,Van't Kruijs Opening,1,White
14352,106,59,1,Scotch Game,1,White
7989,20,73,1,King's Pawn Game,1,White
6728,7,24,1,French Defense,1,Black
14939,62,46,1,Scotch Game,1,Black
12938,17,27,1,French Defense,1,White
7109,523,17,1,Italian Game,1,White
18248,366,51,1,Sicilian Defense,2,White
11590,520,3,0,Alekhine Defense,1,Black
13101,239,48,1,English Opening,1,Black
3703,141,41,1,Italian Game,1,Black
5454,88,66,1,Caro-Kann Defense,1,Black
15972,175,97,1,English Opening,1,White
18527,56,128,1,King's Pawn Game,1,Draw
2304,228,58,0,Sicilian Defense,1,Black
12780,121,63,0,Caro-Kann Defense,1,White
4310,173,70,1,Pirc Defense,1,Black
4313,282,80,1,King's Knight Opening,2,Black
4315,205,66,1,Scandinavian Defense,3,Black
4318,138,28,0,Nimzowitsch Defense,4,Black
4319,84,46,1,Slav Defense,5,Black
16267,50,59,1,King's Pawn Game,1,White
1097,264,76,1,Queen's Gambit,1,Black
14532,185,64,1,Four Knights Game,1,Black
6455,485,61,0,King's Pawn Game,1,White
6456,206,60,1,King's Pawn Game,2,Black
6459,94,41,1,Scandinavian Defense,3,White
11007,129,100,0,Vienna Game,1,Black
18377,659,48,1,French Defense,1,Black
15800,366,95,1,Italian Game,1,White
18461,166,74,1,Vienna Game,2,Black
1786,338,68,0,King's Pawn Game,1,Black
14019,67,73,1,Philidor Defense,1,Black
10743,28,3,1,King's Knight Opening,1,White
7138,114,97,1,King's Pawn Game,1,White
9054,184,77,1,Sicilian Defense,1,White
4135,240,64,1,Sicilian Defense,1,Draw
12756,76,42,1,King's Pawn Game,2,White
12758,38,23,1,Scandinavian Defense,3,White
18550,49,27,1,Bishop's Opening,1,White
6058,282,17,1,Sicilian Defense,1,White
7262,14,57,1,Pirc Defense,1,White
273,24,97,1,Italian Game,1,White
274,321,99,1,Caro-Kann Defense,2,White
277,25,77,1,French Defense,3,White
279,191,35,1,Nimzowitsch Defense,4,White
281,136,87,1,Scandinavian Defense,5,White
282,37,40,1,Robatsch (Modern) Defense,6,Black
285,5,21,1,King's Knight Opening,7,White
3678,50,138,1,Petrov's Defense,1,Black
5314,16,55,1,Caro-Kann Defense,1,White
1980,507,26,1,Horwitz Defense,1,Black
1982,441,14,1,Nimzo-Larsen Attack,2,Black
1985,153,6,1,French Defense,3,Black
1987,0,3,1,Horwitz Defense,4,Black
2701,507,26,1,Horwitz Defense,5,Black
2703,441,14,1,Nimzo-Larsen Attack,6,Black
2706,153,6,1,French Defense,7,Black
2708,0,3,1,Horwitz Defense,8,Black
15483,745,97,0,King's Indian Defense,1,White
15485,47,114,1,Horwitz Defense,2,Draw
5638,202,26,0,Indian Game,1,Black
18747,0,36,1,Blackmar-Diemer Gambit,1,White
3194,6,53,1,Petrov's Defense,1,White
7117,26,109,1,Scandinavian Defense,1,White
7125,98,83,1,Caro-Kann Defense,2,White
7127,68,44,1,Sicilian Defense,3,Black
7129,195,58,1,Nimzowitsch Defense,4,Black
7131,151,22,1,Petrov's Defense,5,Black
7134,9,130,1,Sicilian Defense,6,Black
7137,129,79,1,Vienna Game,7,Black
7139,236,76,1,Scandinavian Defense,8,Black
7140,108,125,1,French Defense,9,Black
7141,150,122,1,Italian Game,10,Black
7143,101,24,1,Italian Game,11,Black
7147,150,46,1,Italian Game,12,Black
7148,34,63,1,French Defense,13,White
7150,148,114,1,French Defense,14,Black
7155,312,18,1,Philidor Defense,15,Black
7158,136,53,1,Nimzowitsch Defense,16,White
7159,216,112,1,Scandinavian Defense,17,Black
7160,239,60,1,Nimzowitsch Defense,18,Black
9940,200,28,0,Van't Kruijs Opening,1,Black
1405,55,69,1,Horwitz Defense,1,Black
5312,38,13,1,Nimzowitsch Defense,1,White
6138,36,62,1,French Defense,1,Black
6140,351,40,0,Blackmar-Diemer Gambit,2,Black
6145,17,53,1,French Defense,3,White
8702,128,116,1,Scotch Game,1,Draw
13306,4,150,1,Blackmar-Diemer Gambit,1,Black
15076,162,50,1,Van't Kruijs Opening,2,Black
7884,50,64,1,English Opening,1,Black
16128,229,50,1,Nimzowitsch Defense,1,Black
16245,94,41,0,Petrov's Defense,1,Black
11897,503,30,1,Pirc Defense,1,Black
3321,55,38,1,Italian Game,1,Black
3323,112,26,1,King's Pawn Game,2,Black
7296,78,121,1,Horwitz Defense,1,White
17368,218,33,1,Queen's Gambit,1,White
8521,27,66,1,Sicilian Defense,1,White
2400,67,21,1,Scandinavian Defense,1,White
14433,309,86,1,Van't Kruijs Opening,1,Black
19661,366,48,0,Van't Kruijs Opening,1,Black
10739,95,93,1,Italian Game,1,Draw
6963,166,43,0,Sicilian Defense,1,White
6965,166,35,0,Sicilian Defense,2,White
6967,166,23,0,Sicilian Defense,3,White
6962,654,80,0,Caro-Kann Defense,1,Black
5405,217,136,1,Van't Kruijs Opening,1,Black
18309,217,136,1,Van't Kruijs Opening,2,Black
16674,7,96,1,Queen's Gambit,1,White
16675,32,54,1,Mexican Defense,2,Black
16677,57,150,1,Horwitz Defense,3,Black
16678,13,106,1,Nimzo-Indian Defense,4,Black
16680,54,53,1,Queen's Gambit,5,White
16683,4,113,1,Horwitz Defense,6,Draw
16684,19,29,1,Amar Opening,7,White
16686,87,205,1,Queen's Gambit,8,White
16689,28,17,1,Slav Defense,9,White
16690,79,37,1,Horwitz Defense,10,White
16692,38,153,1,Queen's Gambit,11,Draw
16694,19,61,1,Semi-Slav Defense,12,White
16697,1,48,1,Queen's Gambit,13,Black
16699,32,79,1,Horwitz Defense,14,White
16702,7,48,1,Queen's Gambit,15,Black
16703,89,54,1,Queen's Gambit,16,Black
16705,31,48,1,Queen's Gambit,17,Black
16708,72,45,1,Queen's Gambit,18,White
16709,1,54,1,Horwitz Defense,19,Black
8098,416,36,1,Italian Game,1,Black
15082,193,40,1,Sicilian Defense,1,Black
12165,161,146,0,English Opening,1,Black
12167,106,97,1,English Opening,2,White
12168,59,55,1,English Opening,3,White
12171,45,57,1,English Opening,4,White
12173,296,69,1,English Opening,5,White
12174,2,147,1,English Opening,6,White
12176,177,149,1,Sicilian Defense,7,White
12179,227,60,1,English Opening,8,Black
12180,218,138,1,English Opening,9,Black
12182,11,107,1,English Opening,10,White
12186,16,82,1,English Opening,11,Black
12188,237,71,1,Nimzo-Larsen Attack,12,Draw
12191,176,117,1,English Opening,13,White
12193,38,149,1,English Opening,14,White
12194,37,94,1,English Opening,15,Black
12195,551,47,1,Philidor Defense,16,White
12197,649,97,1,English Opening,17,White
18144,187,68,1,French Defense,1,Black
11071,618,63,1,Horwitz Defense,1,White
7450,163,81,1,Four Knights Game,1,White
3600,5,133,1,Ruy Lopez,1,White
2285,164,78,1,Sicilian Defense,1,Black
13563,63,44,1,Nimzo-Indian Defense,1,Black
193,16,124,0,Sicilian Defense,1,Black
197,12,10,1,French Defense,2,Black
201,173,38,0,Philidor Defense,3,Black
203,56,111,1,Caro-Kann Defense,4,White
204,819,28,1,Ruy Lopez,5,Black
207,22,42,0,Philidor Defense,6,White
209,195,34,0,Italian Game,7,Black
210,521,60,0,Sicilian Defense,8,Black
212,211,21,0,Philidor Defense,9,White
214,205,159,1,Italian Game,10,White
215,69,74,0,Scandinavian Defense,11,White
217,484,112,1,Philidor Defense,12,Black
218,166,104,1,Petrov's Defense,13,Black
220,260,44,1,Sicilian Defense,14,Black
221,404,150,1,Italian Game,15,Draw
223,196,37,1,French Defense,16,White
224,510,88,1,Sicilian Defense,17,Black
226,21,55,1,Petrov's Defense,18,White
11408,331,62,1,Ruy Lopez,19,Black
11409,252,47,1,Ruy Lopez,20,White
11411,77,24,1,Ruy Lopez,21,White
11414,230,12,0,King's Knight Opening,22,Black
11417,189,87,1,Alekhine Defense,23,White
11418,13,19,1,King's Knight Opening,24,White
11420,16,124,0,Sicilian Defense,25,Black
11424,12,10,1,French Defense,26,Black
11428,173,38,0,Philidor Defense,27,Black
11430,56,111,1,Caro-Kann Defense,28,White
11431,819,28,1,Ruy Lopez,29,Black
11434,22,42,0,Philidor Defense,30,White
11436,195,34,0,Italian Game,31,Black
11437,521,60,0,Sicilian Defense,32,Black
11439,211,21,0,Philidor Defense,33,White
11441,205,159,1,Italian Game,34,White
11442,69,74,0,Scandinavian Defense,35,White
11444,484,112,1,Philidor Defense,36,Black
13735,331,62,1,Ruy Lopez,37,Black
13736,252,47,1,Ruy Lopez,38,White
13738,77,24,1,Ruy Lopez,39,White
13741,230,12,0,King's Knight Opening,40,Black
13744,189,87,1,Alekhine Defense,41,White
13745,13,19,1,King's Knight Opening,42,White
13747,16,124,0,Sicilian Defense,43,Black
13751,12,10,1,French Defense,44,Black
13755,173,38,0,Philidor Defense,45,Black
13757,56,111,1,Caro-Kann Defense,46,White
13758,819,28,1,Ruy Lopez,47,Black
13761,22,42,0,Philidor Defense,48,White
13763,195,34,0,Italian Game,49,Black
13764,521,60,0,Sicilian Defense,50,Black
13766,211,21,0,Philidor Defense,51,White
13768,205,159,1,Italian Game,52,White
13769,69,74,0,Scandinavian Defense,53,White
13771,484,112,1,Philidor Defense,54,Black
19056,331,62,1,Ruy Lopez,55,Black
19057,252,47,1,Ruy Lopez,56,White
19059,77,24,1,Ruy Lopez,57,White
19062,230,12,0,King's Knight Opening,58,Black
19065,189,87,1,Alekhine Defense,59,White
19066,13,19,1,King's Knight Opening,60,White
19068,16,124,0,Sicilian Defense,61,Black
19072,12,10,1,French Defense,62,Black
19076,173,38,0,Philidor Defense,63,Black
19078,56,111,1,Caro-Kann Defense,64,White
19079,819,28,1,Ruy Lopez,65,Black
19082,22,42,0,Philidor Defense,66,White
19084,195,34,0,Italian Game,67,Black
19085,521,60,0,Sicilian Defense,68,Black
19087,211,21,0,Philidor Defense,69,White
19089,205,159,1,Italian Game,70,White
19090,69,74,0,Scandinavian Defense,71,White
19092,484,112,1,Philidor Defense,72,Black
4410,67,76,1,Queen's Pawn,1,Black
6384,46,57,1,Four Knights Game,1,White
4548,299,57,1,Queen's Gambit,1,White
359,251,32,1,Blumenfeld Countergambit,1,White
12848,6,25,1,Blackmar-Diemer Gambit,1,White
17438,148,47,1,Scotch Game,1,White
14976,156,42,1,Blackmar-Diemer Gambit,1,White
4257,95,141,1,Blackmar-Diemer Gambit,1,White
17941,204,41,0,Nimzowitsch Defense,1,White
813,56,43,1,Queen's Pawn Game,1,White
12248,56,43,1,Queen's Pawn Game,2,White
11540,27,38,1,King's Pawn Game,1,Black
5244,109,90,1,Sicilian Defense,1,Black
4058,88,90,1,Queen's Pawn Game,1,Black
2593,29,67,1,Sicilian Defense,1,Draw
15499,29,67,1,Sicilian Defense,2,Draw
78,141,48,1,French Defense,1,White
2006,835,73,1,English Opening,1,White
7199,92,81,1,Scandinavian Defense,1,White
7200,12,34,1,Scandinavian Defense,2,Black
7201,72,44,1,Blackmar-Diemer Gambit,3,Black
7203,12,28,1,Italian Game,4,Black
7205,90,51,1,Philidor Defense,5,White
12536,155,28,1,Nimzo-Indian Defense,1,Black
269,115,57,1,Italian Game,1,White
7300,17,58,1,Nimzowitsch Defense,2,Black
18847,117,67,1,Nimzo-Larsen Attack,1,White
19684,72,28,1,Scotch Game,2,Black
4467,15,42,1,Italian Game,1,Black
13920,15,42,1,Italian Game,2,Black
8831,132,74,1,Pirc Defense,1,White
6548,212,110,1,Ruy Lopez,1,Black
14949,97,47,0,Ruy Lopez,1,White
15964,543,39,1,King's Indian Attack,1,White
15966,535,33,1,Zukertort Opening,2,White
8590,440,57,1,Pirc Defense,1,White
737,445,125,1,English Opening,1,White
18854,118,65,1,Caro-Kann Defense,1,White
1914,349,73,1,Queen's Pawn Game,1,White
12212,850,23,0,Sicilian Defense,2,White
13573,162,67,1,Queen's Pawn Game,3,White
13138,102,69,1,Queen's Gambit,1,White
12435,44,19,0,Sicilian Defense,1,White
2793,311,101,0,Petrov's Defense,1,White
8605,491,86,1,French Defense,1,Draw
1194,360,56,0,King's Pawn Game,1,Black
19740,108,15,1,Scotch Game,1,White
14356,89,45,1,Van't Kruijs Opening,1,White
17371,270,35,1,Horwitz Defense,1,White
4709,70,16,1,Ruy Lopez,1,Black
9634,196,35,1,Queen's Pawn Game,2,White
7931,89,52,1,Ruy Lopez,1,White
2575,40,43,1,Italian Game,1,White
5869,230,64,1,Queen's Pawn Game,1,Black
7006,124,43,1,Sicilian Defense,1,White
17282,36,107,1,French Defense,1,White
4017,71,103,1,Italian Game,1,White
13064,224,19,1,Nimzo-Larsen Attack,1,White
16097,23,65,1,Center Game,1,White
16707,38,48,1,Indian Game,2,Black
4604,264,157,1,King's Pawn Game,1,White
4134,363,29,0,Nimzowitsch Defense,1,White
10330,122,84,1,Indian Game,1,Black
10332,91,124,1,Indian Game,2,Black
16076,238,46,1,Ruy Lopez,1,Black
16078,80,56,1,Ruy Lopez,2,Black
498,55,42,1,Slav Defense,1,Black
500,54,23,0,Queen's Gambit,2,Black
501,44,32,1,Queen's Gambit,3,Black
503,130,90,1,Queen's Gambit,4,Black
505,131,43,1,Queen's Gambit,5,White
507,77,41,1,Queen's Gambit,6,White
508,30,84,1,Queen's Gambit,7,Black
510,119,30,1,Queen's Gambit,8,Black
513,48,56,1,Queen's Gambit,9,Black
515,158,40,1,Queen's Gambit,10,Black
516,203,52,1,Queen's Gambit,11,Black
517,79,57,1,Queen's Gambit,12,Draw
519,250,39,1,Queen's Gambit,13,White
520,51,52,1,Queen's Gambit,14,Black
7017,4,79,1,Sicilian Defense,1,Black
14527,443,31,1,Queen's Gambit,1,White
1707,15,90,1,Ruy Lopez,1,Black
8018,34,131,1,Nimzowitsch Defense,1,White
12719,5,81,1,Vienna Game,1,White
9526,109,27,1,Sicilian Defense,1,Black
2660,38,57,0,Scotch Game,1,White
15568,74,135,1,Sicilian Defense,1,White
8113,563,62,1,Ruy Lopez,1,Black
3511,22,34,1,Philidor Defense,1,Black
10256,5,41,1,Blackmar-Diemer Gambit,1,White
5820,346,31,1,French Defense,1,White
2152,62,57,1,Caro-Kann Defense,1,White
17825,88,23,0,Italian Game,1,White
16250,243,22,1,Horwitz Defense,1,Draw
16251,7,73,1,French Defense,2,White
16252,50,28,1,Slav Defense,3,Black
16255,79,72,1,Queen's Gambit,4,Black
16256,76,13,1,Queen's Gambit,5,White
16258,27,37,1,Horwitz Defense,6,White
16259,26,78,1,Queen's Gambit,7,White
16260,86,78,1,Queen's Pawn Game,8,Black
16265,53,15,1,Queen's Gambit,9,White
16266,207,128,1,Slav Defense,10,Black
16269,40,40,1,Horwitz Defense,11,Black
16270,38,25,1,Slav Defense,12,Black
16271,173,22,1,Slav Defense,13,Black
16273,61,53,1,Queen's Gambit,14,White
16274,94,105,1,Queen's Gambit,15,White
16277,67,44,1,Queen's Gambit,16,Black
16278,30,15,1,Robatsch (Modern) Defense,17,White
16280,41,73,1,Benoni Defense,18,White
16282,105,28,1,Queen's Gambit,19,Black
16283,156,55,1,Queen's Gambit,20,Draw
16286,61,48,1,Queen's Gambit,21,Black
16287,2,87,1,Sicilian Defense,22,White
16290,75,47,1,Queen's Pawn Game,23,White
16292,29,42,1,Horwitz Defense,24,Black
16293,21,59,1,Queen's Gambit,25,White
16295,97,20,1,Queen's Gambit,26,White
16297,299,58,1,Slav Defense,27,Black
9570,0,2,0,Sicilian Defense,1,Black
3502,40,52,1,Four Knights Game,1,Black
4706,48,131,1,Four Knights Game,1,White
4949,307,41,1,Van't Kruijs Opening,1,White
9644,27,14,1,Nimzo-Larsen Attack,2,Black
320,9,48,1,French Defense,1,Draw
322,125,50,1,Sicilian Defense,2,Black
323,52,98,1,Philidor Defense,3,Black
325,2,19,1,Italian Game,4,White
328,53,69,1,Sicilian Defense,5,Black
330,4,40,1,Italian Game,6,Black
331,132,108,1,Italian Game,7,Black
333,21,63,1,Sicilian Defense,8,White
335,8,71,1,Italian Game,9,White
337,200,47,1,Italian Game,10,White
338,30,56,1,Petrov's Defense,11,Black
342,12,64,1,Sicilian Defense,12,Black
343,10,29,1,Italian Game,13,White
344,5,45,1,Italian Game,14,White
348,44,123,1,Italian Game,15,White
351,15,71,1,Italian Game,16,Draw
352,2,97,1,French Defense,17,White
355,141,38,1,Caro-Kann Defense,18,White
358,144,33,1,Philidor Defense,19,White
15590,28,44,1,Sicilian Defense,1,Black
18251,52,85,1,Pirc Defense,2,White
14916,184,43,1,Zukertort Opening,1,White
15276,55,25,1,Sicilian Defense,1,White
13323,137,66,1,Scotch Game,1,Black
16276,19,13,1,Ruy Lopez,2,White
5819,137,26,1,Zukertort Opening,1,Black
5821,317,36,1,Pirc Defense,2,Black
5824,33,24,1,King's Pawn Game,3,Black
2508,54,28,1,Scandinavian Defense,1,Black
7405,46,42,1,Benoni Defense,1,Black
7407,50,41,1,King's Pawn Game,2,White
7410,214,83,1,Blackmar-Diemer Gambit,3,White
7412,37,63,1,Blackmar-Diemer Gambit,4,Black
7413,10,57,1,Benoni Defense,5,Black
7414,88,57,1,French Defense,6,White
7418,35,86,1,Benoni Defense,7,Black
7419,56,99,1,Indian Game,8,White
7424,130,43,1,French Defense,9,Black
7426,59,53,1,French Defense,10,White
7427,224,43,1,Blackmar-Diemer Gambit,11,Black
7429,200,59,1,Pirc Defense,12,White
7431,194,77,1,Blackmar-Diemer Gambit,13,White
7435,32,80,1,Queen's Pawn,14,Black
7436,87,132,1,Blackmar-Diemer Gambit,15,Black
7437,64,43,1,Dutch Defense,16,White
7439,24,47,1,Dutch Defense,17,White
7440,205,7,1,Horwitz Defense,18,White
7444,6,64,1,Blackmar-Diemer Gambit,19,Black
7447,305,59,1,Blackmar-Diemer Gambit,20,White
7449,6,52,1,Blackmar-Diemer Gambit,21,Black
16042,189,33,1,Queen's Gambit,1,White
5665,62,54,1,Italian Game,1,Black
1669,109,11,1,Scandinavian Defense,1,White
9493,44,68,0,French Defense,1,Black
15549,6,18,1,Queen's Gambit,2,Black
16032,394,51,1,Queen's Gambit,3,White
18241,355,76,1,Pirc Defense,4,Black
19100,48,2,1,Van't Kruijs Opening,1,White
7115,372,87,0,Van't Kruijs Opening,1,White
17578,61,50,1,Indian Game,1,Black
7718,28,56,1,Queen's Gambit,1,Black
1865,5,106,1,Sicilian Defense,1,Black
4210,57,12,1,Scandinavian Defense,1,Black
11966,253,2,1,Blackmar-Diemer Gambit,1,Black
11968,342,57,1,Sicilian Defense,2,Black
11970,83,50,1,Ruy Lopez,3,Black
11972,431,35,1,Scandinavian Defense,4,White
11974,1013,83,0,Sicilian Defense,5,White
3818,218,15,1,Zukertort Opening,1,White
2762,608,45,1,Four Knights Game,1,White
4947,74,108,1,Nimzo-Larsen Attack,1,Black
4948,666,38,1,Van't Kruijs Opening,2,Black
4950,219,36,1,Van't Kruijs Opening,3,Black
4952,194,10,1,Nimzo-Larsen Attack,4,Black
1571,28,53,0,Scotch Game,1,White
1573,9,52,1,Philidor Defense,2,Black
6394,172,10,1,Bird Opening,1,Black
6395,356,58,1,Horwitz Defense,2,Black
3030,694,41,1,Scotch Game,1,Black
726,151,62,1,Queen's Pawn Game,1,Black
727,175,104,0,Ruy Lopez,2,Black
728,409,65,1,Queen's Pawn Game,3,White
730,285,50,1,Queen's Pawn Game,4,Black
734,386,18,1,Petrov's Defense,5,Black
735,33,43,1,Queen's Pawn Game,6,White
739,56,29,0,Queen's Pawn Game,7,White
1925,68,39,1,Horwitz Defense,1,Black
572,54,101,0,English Opening,1,White
574,54,54,0,English Opening,2,Black
17312,196,111,1,English Opening,3,White
19116,82,23,0,French Defense,4,Black
19117,82,7,0,English Opening,5,White
19118,82,10,0,English Opening,6,White
19119,82,2,0,Van't Kruijs Opening,7,White
19124,92,36,0,French Defense,8,Black
19126,92,33,0,Zukertort Opening,9,Black
19128,92,31,0,French Defense,10,White
19129,92,2,0,English Opening,11,Black
19131,92,37,0,English Opening,12,Black
19136,163,60,0,Ruy Lopez,13,Black
19138,163,54,0,Italian Game,14,Black
19140,163,57,0,Ruy Lopez,15,Draw
19141,163,11,0,Ruy Lopez,16,White
19143,163,39,0,English Opening,17,Black
19144,163,11,0,English Opening,18,White
19145,163,15,0,Dutch Defense,19,White
19147,163,31,0,Van't Kruijs Opening,20,White
19148,163,41,0,Caro-Kann Defense,21,Draw
19149,163,35,0,French Defense,22,White
19150,163,30,0,French Defense,23,Black
19151,163,26,0,English Opening,24,White
19152,163,23,0,English Opening,25,White
19671,811,93,0,Sicilian Defense,26,White
19673,811,43,0,Ruy Lopez,27,White
19675,811,35,0,Sicilian Defense,28,White
19678,806,28,0,Sicilian Defense,29,White
18680,431,45,0,Sicilian Defense,1,White
18682,431,59,0,English Opening,2,White
18693,296,24,0,English Opening,3,Black
1738,407,29,1,King's Pawn Game,1,White
1778,115,41,1,King's Pawn Game,2,White
2711,274,35,1,French Defense,3,White
19557,176,56,1,French Defense,1,Black
10638,630,2,1,Blackmar-Diemer Gambit,1,Black
10641,919,2,1,Blackmar-Diemer Gambit,2,Black
10643,532,2,1,Horwitz Defense,3,Black
10645,521,2,1,Horwitz Defense,4,Black
10647,510,2,1,Horwitz Defense,5,Black
10649,496,2,1,Horwitz Defense,6,Black
10651,483,2,1,Horwitz Defense,7,Black
10653,467,2,1,Horwitz Defense,8,Black
10655,449,2,1,King's Pawn Game,9,Black
10657,428,2,1,Blackmar-Diemer Gambit,10,Black
10659,403,2,1,Blackmar-Diemer Gambit,11,Black
10661,373,2,1,King's Pawn Game,12,Black
10663,354,2,1,Blackmar-Diemer Gambit,13,Black
10665,303,2,1,Blackmar-Diemer Gambit,14,Black
10667,213,2,1,Blackmar-Diemer Gambit,15,Black
10669,115,2,1,Van't Kruijs Opening,16,Black
14301,65,126,1,Pirc Defense,1,Black
4440,92,154,1,Sicilian Defense,1,Black
2488,161,98,0,King's Pawn Game,1,Black
2492,136,55,0,Petrov's Defense,2,White
7073,424,36,0,Van't Kruijs Opening,1,Black
7075,104,37,1,Van't Kruijs Opening,2,Black
10073,127,55,1,Queen's Gambit,1,White
10074,84,53,1,Horwitz Defense,2,White
10075,5,75,1,Ruy Lopez,3,White
10076,24,67,1,Bird Opening,4,White
10077,111,65,1,Nimzo-Larsen Attack,5,White
10079,76,39,1,Sicilian Defense,6,White
10080,136,87,1,Van't Kruijs Opening,7,White
10081,391,66,1,Zukertort Opening,8,Black
4825,395,41,1,Scotch Game,1,White
13996,72,50,1,King's Pawn Game,1,Black
11582,89,97,0,Scandinavian Defense,1,White
11583,524,117,0,French Defense,2,Draw
11586,323,101,0,Queen's Pawn Game,3,White
11587,276,69,0,Zukertort Opening,4,White
11588,62,55,0,Italian Game,5,White
11589,54,32,0,Queen's Pawn Game,6,Black
11592,145,17,0,Italian Game,7,White
11595,180,72,0,Horwitz Defense,8,Black
6705,189,74,0,Scandinavian Defense,1,Black
6709,318,27,1,French Defense,2,White
6711,271,102,1,Vienna Game,3,Black
6712,478,69,1,Scandinavian Defense,4,White
15309,354,80,0,Ruy Lopez,1,Draw
15310,354,106,0,Italian Game,2,Black
13642,77,93,1,Indian Game,1,White
1345,173,32,0,Benoni Defense,1,Black
7785,443,62,1,French Defense,1,Black
12990,178,131,1,English Opening,1,White
18711,255,23,0,Slav Defense,1,Draw
14796,604,16,0,Pirc Defense,1,Black
14799,150,32,0,Bishop's Opening,2,White
14801,537,46,0,Italian Game,3,Black
14803,452,37,0,French Defense,4,White
14806,516,40,0,Italian Game,5,Black
14811,233,29,0,Bishop's Opening,6,White
14812,50,19,0,King's Knight Opening,7,White
14813,345,27,0,Bishop's Opening,8,Black
14815,491,22,0,Bishop's Opening,9,White
14817,491,76,0,Van't Kruijs Opening,10,Black
14819,491,50,0,Van't Kruijs Opening,11,Black
14821,601,43,0,Scotch Game,12,White
14823,601,34,0,Van't Kruijs Opening,13,Black
17075,227,80,1,Zukertort Opening,1,Black
17077,91,18,1,English Opening,2,Black
17080,69,48,1,Zukertort Opening,3,Black
17084,25,27,1,Sicilian Defense,4,White
17085,57,149,1,English Opening,5,White
17086,114,73,1,Zukertort Opening,6,Black
17087,61,66,1,King's Indian Attack,7,Black
17089,18,74,1,Zukertort Opening,8,Black
17092,88,105,1,English Opening,9,White
17094,268,41,1,English Opening,10,Black
17095,139,2,1,English Opening,11,Black
17096,290,77,1,Semi-Bononi,12,White
17100,99,45,1,Pirc Defense,13,Black
17101,82,70,1,King's Pawn Game,14,Black
4643,137,20,1,Queen's Pawn Game,1,Black
4644,83,26,1,Horwitz Defense,2,Black
4646,468,17,0,Queen's Pawn,3,White
4651,148,102,0,Horwitz Defense,4,Black
4653,143,48,1,Queen's Pawn Game,5,Black
4656,93,68,1,Queen's Pawn Game,6,Black
4657,99,38,1,Pirc Defense,7,Black
4659,400,141,0,Queen's Pawn Game,8,White
4660,556,43,0,Queen's Pawn Game,9,White
4662,120,71,1,Colle System,10,White
4664,330,52,0,Queen's Pawn Game,11,Black
4665,13,150,1,Indian Game,12,Black
4668,117,87,1,Caro-Kann Defense,13,White
4669,6,77,1,Caro-Kann Defense,14,White
4673,161,47,1,Queen's Pawn Game,15,White
4674,42,105,1,Queen's Pawn Game,16,Draw
4675,75,85,1,Blackmar-Diemer Gambit,17,White
4677,60,62,1,Indian Game,18,Black
230,59,33,0,Pirc Defense,1,Black
231,119,29,0,Zukertort Opening,2,Black
232,566,55,0,Zukertort Opening,3,Black
233,128,91,1,Scandinavian Defense,4,White
235,17,49,1,Philidor Defense,5,White
237,49,20,1,Sicilian Defense,6,Black
238,1,87,1,Petrov's Defense,7,White
240,46,110,1,Nimzowitsch Defense,8,Draw
243,60,81,1,Ruy Lopez,9,White
245,26,103,1,Philidor Defense,10,White
246,50,29,1,King's Knight Opening,11,Black
247,11,22,0,Philidor Defense,12,Black
250,113,23,1,Ruy Lopez,13,White
251,28,31,1,Nimzowitsch Defense,14,White
254,137,31,1,Italian Game,15,White
256,247,43,0,Italian Game,16,White
257,49,105,1,King's Indian Attack,17,White
19206,59,33,0,Pirc Defense,18,Black
19207,119,29,0,Zukertort Opening,19,Black
19208,566,55,0,Zukertort Opening,20,Black
19209,128,91,1,Scandinavian Defense,21,White
19211,17,49,1,Philidor Defense,22,White
19213,49,20,1,Sicilian Defense,23,Black
19214,1,87,1,Petrov's Defense,24,White
19216,46,110,1,Nimzowitsch Defense,25,Draw
19219,60,81,1,Ruy Lopez,26,White
19221,26,103,1,Philidor Defense,27,White
19222,50,29,1,King's Knight Opening,28,Black
19223,11,22,0,Philidor Defense,29,Black
19226,113,23,1,Ruy Lopez,30,White
19227,28,31,1,Nimzowitsch Defense,31,White
19230,137,31,1,Italian Game,32,White
19232,247,43,0,Italian Game,33,White
19233,49,105,1,King's Indian Attack,34,White
19305,475,47,1,Caro-Kann Defense,1,White
6449,97,159,1,Scandinavian Defense,1,White
5504,12,41,1,Horwitz Defense,1,Black
5505,40,77,1,Blackmar-Diemer Gambit,2,White
5509,25,45,1,Blackmar-Diemer Gambit,3,White
5511,64,66,1,Indian Game,4,Black
5512,37,104,1,Dutch Defense,5,Draw
5514,207,24,1,Dutch Defense,6,Black
5515,75,86,1,Horwitz Defense,7,Black
5517,32,37,1,Horwitz Defense,8,Black
5521,96,117,1,Indian Game,9,White
5522,292,84,1,Horwitz Defense,10,Black
5523,6,63,1,Blackmar-Diemer Gambit,11,Black
5524,35,96,1,Queen's Pawn,12,Black
5527,63,60,1,Horwitz Defense,13,Black
5530,1,47,1,Indian Game,14,White
5532,9,40,1,Indian Game,15,Black
5533,34,53,1,Horwitz Defense,16,White
5535,42,131,1,Blackmar-Diemer Gambit,17,White
5537,76,48,1,Blackmar-Diemer Gambit,18,Black
5538,106,113,1,Horwitz Defense,19,White
5542,24,31,1,Horwitz Defense,20,White
5544,37,61,1,Horwitz Defense,21,White
5545,37,34,1,Blackmar-Diemer Gambit,22,Black
6412,144,44,1,French Defense,1,Black
9014,93,102,1,Horwitz Defense,1,Black
9016,144,49,1,Benoni Defense,2,White
9017,505,49,1,Horwitz Defense,3,White
9018,61,47,1,Horwitz Defense,4,White
9019,280,62,1,Blackmar-Diemer Gambit,5,Black
9020,164,66,1,Indian Game,6,Black
9021,26,90,1,Indian Game,7,Black
9022,108,44,1,Horwitz Defense,8,Black
14167,327,188,0,English Opening,1,Black
4400,269,22,1,Scandinavian Defense,1,Black
2971,202,31,1,Italian Game,1,White
9174,219,62,1,English Opening,1,Black
9175,5,78,1,Nimzowitsch Defense,2,Black
9176,457,78,1,Italian Game,3,Black
9178,8,58,1,King's Pawn Game,4,Black
9179,110,40,1,Horwitz Defense,5,Black
9182,213,24,1,Alekhine Defense,6,Black
9184,170,56,1,King's Pawn Game,7,Black
241,22,24,1,Van't Kruijs Opening,1,White
19217,22,24,1,Van't Kruijs Opening,2,White
8382,295,34,1,French Defense,1,White
8293,279,70,1,Caro-Kann Defense,1,Black
639,17,50,1,Sicilian Defense,1,Black
1566,14,74,1,King's Knight Opening,2,White
15979,14,74,1,King's Knight Opening,3,White
1337,0,52,1,French Defense,1,Draw
1339,96,98,0,King's Knight Opening,2,Black
1341,163,52,0,Four Knights Game,3,Black
1343,64,39,0,Sicilian Defense,4,White
1346,47,97,1,Four Knights Game,5,White
1349,187,38,0,Bishop's Opening,6,Black
1352,187,9,0,Petrov's Defense,7,White
1354,74,33,0,Scandinavian Defense,8,White
1355,187,56,0,French Defense,9,Black
1357,235,73,0,Philidor Defense,10,White
1359,187,30,0,Sicilian Defense,11,Black
1360,86,27,0,Four Knights Game,12,White
1363,93,30,1,Sicilian Defense,13,Black
1365,45,43,0,Sicilian Defense,14,White
1367,45,36,0,Sicilian Defense,15,Black
9066,160,22,1,Four Knights Game,1,White
1356,115,17,0,Sicilian Defense,1,White
5700,22,38,1,Van't Kruijs Opening,1,Black
11691,13,65,1,Van't Kruijs Opening,1,White
17498,8,64,1,King's Indian Defense,1,Black
18785,51,29,1,Sicilian Defense,1,White
738,322,104,1,Ruy Lopez,1,Black
9094,254,45,1,Sicilian Defense,1,White
3514,144,31,1,Van't Kruijs Opening,1,White
5995,220,72,0,French Defense,1,White
3950,52,43,1,Scandinavian Defense,1,White
3951,234,14,1,Scotch Game,2,Black
3952,143,12,1,French Defense,3,Black
3953,57,143,1,Philidor Defense,4,White
3957,36,30,1,Petrov's Defense,5,Black
3959,54,52,1,Scandinavian Defense,6,Black
3962,179,47,1,Scotch Game,7,White
3963,13,34,1,Pirc Defense,8,Black
3965,120,86,1,Philidor Defense,9,Black
3968,99,23,1,Caro-Kann Defense,10,Black
7243,184,38,1,French Defense,1,Black
7244,382,32,1,Scandinavian Defense,2,Black
7245,504,108,1,Scandinavian Defense,3,Black
7248,421,113,0,King's Knight Opening,4,White
7249,45,82,1,French Defense,5,Draw
7250,13,23,1,Philidor Defense,6,Black
7252,120,11,1,Philidor Defense,7,White
7253,32,55,1,King's Knight Opening,8,White
7255,63,52,1,Italian Game,9,Black
19028,752,41,0,Alekhine Defense,1,White
10341,214,79,1,Four Knights Game,1,White
10342,181,118,1,Sicilian Defense,2,Black
10345,55,33,1,Four Knights Game,3,White
10348,105,47,1,Vienna Game,4,White
10352,82,39,1,French Defense,5,White
10353,293,23,1,Four Knights Game,6,White
10355,296,39,1,Sicilian Defense,7,White
16216,124,61,1,Horwitz Defense,1,White
324,0,106,1,Ruy Lopez,1,Black
4785,94,37,1,French Defense,1,White
4787,58,31,1,French Defense,2,White
5575,77,66,1,Sicilian Defense,3,Black
6753,57,69,1,French Defense,1,White
6755,80,57,1,French Defense,2,White
6757,122,39,1,French Defense,3,White
10878,122,66,1,King's Pawn Game,1,Black
11318,117,116,1,King's Pawn Game,1,Black
14492,520,67,0,Alekhine Defense,1,White
10768,28,8,1,King's Pawn Game,1,Draw
17492,62,37,1,Sicilian Defense,1,White
2651,178,5,0,King's Pawn Game,1,White
11937,108,103,1,Sicilian Defense,1,White
3894,303,70,1,Nimzowitsch Defense,1,Black
18654,303,70,1,Nimzowitsch Defense,2,Black
2001,493,119,0,Vienna Game,1,White
2141,230,100,0,Sicilian Defense,2,Draw
4070,6,132,1,Sicilian Defense,3,Black
8995,177,121,0,Van't Kruijs Opening,1,Draw
9867,392,10,0,Van't Kruijs Opening,1,Black
8463,118,38,1,Ruy Lopez,1,White
14367,31,22,1,King's Pawn Game,1,Black
12661,409,69,1,Ruy Lopez,1,White
14538,409,69,1,Ruy Lopez,2,White
15228,60,41,1,King's Indian Defense,1,White
1804,326,69,1,Van't Kruijs Opening,1,White
16599,190,56,1,Slav Defense,1,Black
13182,660,58,0,Horwitz Defense,1,Black
5200,100,93,1,Nimzowitsch Defense,1,White
10862,217,33,1,King's Knight Opening,1,White
8283,62,45,1,Caro-Kann Defense,1,White
675,297,100,1,Sicilian Defense,1,Black
676,281,10,1,Sicilian Defense,2,Black
677,262,49,1,Sicilian Defense,3,Black
678,241,100,1,Sicilian Defense,4,Black
8829,236,110,1,Queen's Pawn,1,Black
13178,18,51,0,Ruy Lopez,1,White
7733,19,154,1,Sicilian Defense,1,Draw
10253,72,66,1,Sicilian Defense,1,Black
14013,356,53,1,Zukertort Opening,1,White
3692,130,41,1,Zukertort Opening,1,White
10027,28,78,1,Sicilian Defense,1,Black
7098,254,30,1,King's Pawn Game,1,Black
11956,259,69,1,Italian Game,1,Draw
10709,6,58,1,Scandinavian Defense,1,Black
10710,298,105,1,Pirc Defense,2,Draw
6718,94,95,1,French Defense,1,White
5585,22,56,1,French Defense,1,Black
5587,24,24,1,French Defense,2,Black
16868,84,53,0,Ruy Lopez,1,White
16870,84,135,1,Sicilian Defense,2,White
6056,67,71,1,Sicilian Defense,1,White
8403,491,45,0,Queen's Gambit,1,White
8813,17,39,0,Scandinavian Defense,1,Black
8818,393,24,0,Caro-Kann Defense,2,Black
8820,12,24,0,Sicilian Defense,3,Black
8822,77,16,0,Scotch Game,4,Black
8823,407,29,0,Caro-Kann Defense,5,Black
8827,9,68,1,Philidor Defense,6,Black
8828,85,62,1,Scotch Game,7,Black
8830,17,49,1,Philidor Defense,8,Black
8832,99,68,1,French Defense,9,Draw
8833,13,39,1,Scotch Game,10,Black
8836,15,8,1,Nimzowitsch Defense,11,White
8839,15,55,1,Caro-Kann Defense,12,Black
8841,108,73,1,French Defense,13,White
8843,7,48,1,Scandinavian Defense,14,Black
8844,156,77,1,Philidor Defense,15,Black
8845,37,38,1,Caro-Kann Defense,16,Black
8846,3,48,1,Robatsch (Modern) Defense,17,Black
8848,52,35,1,Scotch Game,18,Black
8849,36,119,1,Scotch Game,19,White
8852,23,39,1,Scotch Game,20,White
8854,69,107,1,King's Knight Opening,21,White
19635,55,132,0,Indian Game,1,Black
361,189,92,1,Zukertort Opening,1,Draw
364,68,85,1,Reti Opening,2,White
11676,50,53,1,Philidor Defense,1,White
8955,293,59,1,Ruy Lopez,1,White
7767,272,19,1,Robatsch (Modern) Defense,1,White
18228,100,52,1,Alekhine Defense,1,Black
3804,69,153,1,Nimzo-Indian Defense,1,White
17398,35,30,1,Philidor Defense,1,Black
17400,36,47,1,Scotch Game,2,White
19738,188,47,1,Bishop's Opening,1,White
8683,98,52,1,Italian Game,1,Black
14719,75,29,1,Queen's Gambit,1,White
15129,288,22,1,Blackmar-Diemer Gambit,1,Draw
15206,54,105,0,Ruy Lopez,1,White
6080,103,3,1,Nimzowitsch Defense,1,White
16891,343,57,1,French Defense,1,White
16893,252,130,1,French Defense,2,Black
16894,174,66,0,Queen's Gambit,3,Black
16897,34,80,0,King's Knight Opening,4,Black
927,309,95,1,Blackmar-Diemer Gambit,1,White
18524,7,133,1,Four Knights Game,1,White
19393,178,52,1,English Opening,1,Black
12875,84,135,1,Italian Game,1,White
16815,82,24,1,King's Pawn Game,1,Black
10231,114,12,1,Nimzowitsch Defense,1,Black
7587,93,32,0,Van't Kruijs Opening,1,Black
9515,171,92,1,Sicilian Defense,1,Draw
1740,315,95,1,Philidor Defense,1,White
9433,42,48,1,Sicilian Defense,1,Black
9435,29,79,1,Pirc Defense,2,White
9437,507,28,1,Four Knights Game,3,Black
9439,236,48,1,Scandinavian Defense,4,Black
9441,146,84,1,Scandinavian Defense,5,Black
9442,49,51,1,Sicilian Defense,6,Black
5412,204,118,1,Slav Defense,1,Draw
18316,204,118,1,Slav Defense,2,Draw
14090,85,65,1,Horwitz Defense,1,White
15416,286,134,1,Van't Kruijs Opening,2,Black
7834,213,67,0,Blackmar-Diemer Gambit,1,Black
19889,6,30,1,Zukertort Opening,1,White
6044,973,30,0,Scandinavian Defense,1,White
14210,973,31,0,Ruy Lopez,2,White
14025,54,75,1,Philidor Defense,1,White
5280,166,37,0,King's Pawn Game,1,White
14620,191,58,1,Bird Opening,1,Black
15822,716,43,1,Ruy Lopez,1,White
15823,188,59,1,Sicilian Defense,2,White
13040,286,36,1,Van't Kruijs Opening,1,White
10217,79,46,1,Vienna Game,1,Black
5744,27,95,1,Philidor Defense,1,White
5101,526,42,0,Queen's Gambit,1,Black
16402,6,31,1,Scotch Game,1,Black
3858,58,26,1,Scandinavian Defense,1,Black
16954,353,73,1,French Defense,1,White
16173,92,42,1,Petrov's Defense,1,Black
10181,49,93,1,King's Knight Opening,1,White
19590,90,78,1,King's Indian Defense,1,Black
19966,175,100,1,Horwitz Defense,2,Black
1181,214,68,1,Van't Kruijs Opening,1,Black
3345,29,30,1,Sicilian Defense,1,White
14138,1,75,1,Sicilian Defense,1,White
14140,1,64,1,Sicilian Defense,2,Black
13274,62,78,1,Semi-Slav Defense,1,Black
7600,327,103,1,Semi-Slav Defense,1,White
14476,57,107,1,Indian Game,1,White
14479,77,91,1,Ruy Lopez,2,White
14480,48,35,1,Queen's Gambit,3,Black
14482,14,85,1,Sicilian Defense,4,Black
14483,110,59,1,Queen's Gambit,5,White
11382,518,108,1,Sicilian Defense,1,Black
13473,518,108,1,Sicilian Defense,2,Black
9729,150,3,1,French Defense,1,White
4099,93,17,0,Nimzowitsch Defense,1,White
13928,42,70,1,English Opening,1,Black
13930,33,53,1,English Opening,2,White
13932,69,80,1,English Opening,3,Black
13933,40,53,1,English Opening,4,White
13934,78,111,1,English Opening,5,Draw
13937,15,83,1,English Opening,6,White
13938,11,109,1,English Opening,7,White
13939,74,61,1,English Opening,8,White
13941,21,63,1,English Opening,9,White
13942,22,43,1,Queen's Gambit,10,White
13944,139,98,1,Queen's Gambit,11,Black
13946,25,94,1,Queen's Gambit,12,Black
13948,61,31,1,Queen's Gambit,13,White
13951,85,88,1,Queen's Gambit,14,Draw
13953,1,75,1,Queen's Gambit,15,White
13955,15,52,1,Queen's Gambit,16,Black
13958,6,83,1,Horwitz Defense,17,White
13959,116,66,1,Horwitz Defense,18,Black
13961,239,52,1,Semi-Slav Defense,19,Black
13965,15,132,1,Dutch Defense,20,Draw
13966,140,126,1,Queen's Pawn Game,21,Black
13967,215,82,1,Queen's Pawn Game,22,Black
164,20,70,1,Sicilian Defense,1,Black
19284,162,25,1,Ruy Lopez,1,White
12254,119,40,1,Philidor Defense,1,White
12255,62,54,1,Nimzowitsch Defense,2,Black
12258,181,35,1,French Defense,3,White
12259,54,54,1,King's Knight Opening,4,Black
12261,179,64,1,Ruy Lopez,5,White
12262,80,37,1,Italian Game,6,Black
12266,199,99,1,Ruy Lopez,7,White
12268,21,43,1,Ruy Lopez,8,White
12269,67,80,1,Nimzowitsch Defense,9,Black
12270,146,51,1,Philidor Defense,10,White
12273,135,77,1,Ruy Lopez,11,Draw
12276,80,94,1,French Defense,12,White
12278,89,127,1,King's Knight Opening,13,White
10539,42,85,1,French Defense,1,White
11248,42,85,1,French Defense,2,White
11774,196,70,1,Indian Game,1,Black
16839,157,55,1,Queen's Gambit,1,White
14839,244,32,0,Italian Game,1,Black
578,22,56,1,Scandinavian Defense,1,Draw
9187,636,63,1,Nimzowitsch Defense,2,White
16770,44,65,1,Horwitz Defense,1,White
7046,37,56,0,King's Gambit,1,Draw
4441,85,48,1,Sicilian Defense,1,Black
13536,354,48,1,Nimzo-Indian Defense,1,Black
19405,46,164,1,Queen's Gambit,2,Black
16603,135,58,1,Sicilian Defense,1,Black
15148,406,47,1,Queen's Pawn Game,1,White
12609,109,117,1,Ruy Lopez,1,White
6595,7,33,1,Italian Game,1,White
963,135,30,0,Sicilian Defense,1,Black
12425,135,30,0,Sicilian Defense,2,Black
14416,135,30,0,Sicilian Defense,3,Black
12599,19,52,1,King's Gambit,1,Black
7524,166,63,1,Italian Game,1,White
16024,289,81,0,French Defense,1,White
923,713,29,1,Scandinavian Defense,1,White
9927,248,14,0,Caro-Kann Defense,1,Black
1348,355,26,0,Sicilian Defense,1,White
5850,130,65,0,King's Pawn Game,1,Draw
5851,130,70,0,King's Pawn Game,2,Draw
5854,130,96,0,King's Pawn Game,3,Black
5855,130,88,0,Scandinavian Defense,4,Black
5858,130,44,0,Alekhine Defense,5,Black
5860,130,44,0,King's Pawn Game,6,Black
4593,431,41,1,King's Pawn Game,1,White
541,76,40,1,Italian Game,1,Black
19687,180,49,1,Sicilian Defense,1,White
8986,293,53,0,Slav Defense,1,White
17556,172,32,1,Bird Opening,1,Black
6637,132,27,0,Bird Opening,1,White
10102,34,69,1,Queen's Pawn,1,White
3384,145,33,1,Zukertort Opening,1,White
2394,97,68,1,Nimzo-Indian Defense,1,Black
2396,668,75,1,Horwitz Defense,2,White
2402,267,43,1,French Defense,3,White
2404,299,16,1,Budapest Defense,4,Black
2405,54,57,1,Semi-Slav Defense,5,Draw
2406,801,75,1,Queen's Gambit,6,White
2407,5,48,1,Queen's Gambit,7,Black
2408,99,41,1,Benoni Defense,8,White
2412,344,57,1,Horwitz Defense,9,White
2413,243,22,1,Queen's Gambit,10,White
2415,323,53,1,Queen's Gambit,11,White
2417,208,95,1,Queen's Pawn Game,12,White
2418,164,89,1,Semi-Slav Defense,13,White
2419,0,58,1,Queen's Gambit,14,Black
2420,712,74,1,Queen's Gambit,15,Black
2421,230,73,1,Queen's Gambit,16,White
2424,149,45,1,Horwitz Defense,17,White
2426,449,27,1,Queen's Gambit,18,White
2427,119,67,1,Dutch Defense,19,White
2428,248,55,1,Queen's Gambit,20,White
2429,237,29,1,Queen's Gambit,21,White
3555,1045,3,0,King's Knight Opening,1,White
15297,18,101,1,Sicilian Defense,1,White
12728,54,17,1,Italian Game,1,White
9539,82,42,1,Ruy Lopez,1,Black
9194,56,65,1,Bishop's Opening,1,White
9195,9,64,1,Bishop's Opening,2,White
10629,445,63,1,Bishop's Opening,3,White
334,46,31,1,Scotch Game,1,White
1080,188,90,1,Sicilian Defense,1,Black
2690,302,69,1,Scotch Game,2,White
14392,555,150,1,King's Indian Defense,3,Black
10951,30,49,1,Sicilian Defense,1,White
6667,128,107,1,Nimzowitsch Defense,1,White
6668,86,38,1,French Defense,2,White
6670,104,111,1,Italian Game,3,White
6674,108,90,1,Italian Game,4,Draw
6677,235,119,1,Sicilian Defense,5,White
6682,272,41,1,Italian Game,6,White
8093,417,86,1,King's Indian Defense,1,Black
8094,42,29,1,Queen's Gambit,2,White
8095,195,83,1,Queen's Pawn,3,White
8096,134,68,0,Horwitz Defense,4,Black
8097,550,38,1,Gruenfeld Defense,5,Black
8103,312,80,1,French Defense,6,Black
8106,612,24,1,Queen's Pawn Game,7,Black
13706,129,62,1,Italian Game,1,Black
8624,87,45,1,Indian Game,1,White
11572,255,52,0,Van't Kruijs Opening,1,Black
1370,585,44,0,Vienna Game,1,Black
8174,60,50,1,Sicilian Defense,1,Black
3287,528,99,0,Center Game,1,Black
10504,195,58,1,Caro-Kann Defense,1,Black
10507,18,113,1,Sicilian Defense,2,White
10508,166,149,1,Philidor Defense,3,White
10510,268,59,1,Caro-Kann Defense,4,White
10512,337,47,1,Alekhine Defense,5,White
10514,15,30,1,Sicilian Defense,6,Black
10515,36,59,1,Robatsch (Modern) Defense,7,White
10516,124,117,1,Scotch Game,8,White
10517,193,31,0,Four Knights Game,9,White
10519,134,67,1,Scotch Game,10,White
10522,75,53,1,Scotch Game,11,White
10523,378,52,1,Scotch Game,12,White
11213,195,58,1,Caro-Kann Defense,13,Black
11216,18,113,1,Sicilian Defense,14,White
11217,166,149,1,Philidor Defense,15,White
11219,268,59,1,Caro-Kann Defense,16,White
11221,337,47,1,Alekhine Defense,17,White
11223,15,30,1,Sicilian Defense,18,Black
11224,36,59,1,Robatsch (Modern) Defense,19,White
11225,124,117,1,Scotch Game,20,White
11226,193,31,0,Four Knights Game,21,White
11228,134,67,1,Scotch Game,22,White
11231,75,53,1,Scotch Game,23,White
11232,378,52,1,Scotch Game,24,White
10801,140,61,1,Petrov's Defense,1,White
10459,326,107,0,King's Pawn Game,1,White
4013,91,27,1,Italian Game,1,White
820,49,78,1,Nimzowitsch Defense,1,Black
8859,149,70,1,Zukertort Opening,1,Black
18580,109,27,1,King's Pawn Game,1,White
3208,121,71,0,Four Knights Game,1,White
5179,182,93,1,Scandinavian Defense,1,White
12500,81,31,1,French Defense,1,White
8270,699,114,1,Amar Opening,1,Black
4626,366,3,0,Sicilian Defense,1,Black
17738,119,25,0,Italian Game,2,White
14741,730,66,0,Yusupov-Rubinstein System,1,Black
14743,730,72,0,Sicilian Defense,2,Black
9535,74,49,1,Blackmar-Diemer Gambit,1,White
5884,260,102,1,Van't Kruijs Opening,1,Black
16593,34,46,1,King's Gambit,1,Black
16804,185,48,1,Ruy Lopez,1,Draw
597,423,62,0,Zukertort Opening,1,Black
599,423,42,0,Zukertort Opening,2,Black
602,198,31,0,Scandinavian Defense,3,White
604,69,20,0,Caro-Kann Defense,4,Black
19375,135,28,1,Sicilian Defense,1,Black
18217,68,66,1,French Defense,1,Black
15984,122,87,0,French Defense,1,White
15986,154,107,0,Italian Game,2,White
15987,55,55,0,Robatsch (Modern) Defense,3,White
15988,17,89,1,Ruy Lopez,4,Draw
15990,5,113,1,King's Knight Opening,5,White
15992,47,87,1,Pirc Defense,6,White
15993,74,58,1,French Defense,7,Black
15996,73,10,1,Petrov's Defense,8,Black
15997,54,80,1,Philidor Defense,9,Black
15998,258,154,1,Ruy Lopez,10,Black
16002,142,55,1,Caro-Kann Defense,11,White
16004,17,17,1,Ruy Lopez,12,White
16005,372,34,1,Ruy Lopez,13,Black
16007,160,58,1,Ruy Lopez,14,Black
16010,87,119,1,Ruy Lopez,15,White
16012,35,81,1,French Defense,16,White
16013,126,62,1,Petrov's Defense,17,Black
16016,223,45,0,Philidor Defense,18,White
16017,193,103,0,Ruy Lopez,19,White
16018,206,41,0,Sicilian Defense,20,White
16020,206,60,0,Sicilian Defense,21,Black
16022,162,84,0,Ruy Lopez,22,Black
16023,99,29,0,Petrov's Defense,23,Black
16029,254,46,0,Ruy Lopez,24,White
3649,211,25,1,Indian Game,1,White
2437,119,25,1,Italian Game,1,White
108,29,91,1,Queen's Gambit,1,White
10907,103,113,1,King's Pawn Game,1,White
10908,6,55,1,Bird Opening,2,White
10910,163,78,1,French Defense,3,Black
10912,206,62,1,Scotch Game,4,Black
10913,289,48,1,Van't Kruijs Opening,5,Black
10916,189,62,1,Scotch Game,6,Black
10918,50,39,1,Queen's Indian Defense,7,White
10921,90,6,1,Scandinavian Defense,8,Black
10922,502,68,1,King's Gambit,9,Black
10923,153,55,1,Van't Kruijs Opening,10,White
10925,335,34,1,Sicilian Defense,11,Black
10927,26,82,1,King's Pawn Game,12,Black
10930,150,13,1,English Opening,13,White
1046,68,39,0,Nimzo-Indian Defense,1,White
13018,184,68,1,Philidor Defense,1,Black
10753,717,13,1,Queen's Pawn Game,1,Draw
10755,234,35,0,Horwitz Defense,2,White
10756,97,20,0,Philidor Defense,3,Black
9069,90,92,1,Italian Game,1,Black
16117,3,60,1,Blackmar-Diemer Gambit,1,Black
4901,304,36,0,Bishop's Opening,1,White
18479,94,37,1,French Defense,1,White
9497,128,34,0,Van't Kruijs Opening,1,Black
12838,606,78,1,Pirc Defense,1,Black
8483,441,25,1,Sicilian Defense,1,White
8484,446,51,1,Horwitz Defense,2,White
8485,199,45,1,Sicilian Defense,3,White
8487,307,42,1,Sicilian Defense,4,White
8489,394,57,1,King's Indian Defense,5,White
8490,152,59,1,Caro-Kann Defense,6,White
8492,219,54,1,Semi-Slav Defense,7,White
8493,362,45,1,Sicilian Defense,8,White
8494,255,43,1,Reti Opening,9,White
8495,233,87,1,Horwitz Defense,10,White
8496,225,63,1,Queen's Gambit,11,White
8497,102,128,1,King's Indian Attack,12,White
8498,114,41,1,Old Indian Defense,13,White
8499,86,110,0,Petrov's Defense,14,Black
8501,57,107,0,Petrov's Defense,15,Draw
8503,191,29,1,Nimzo-Indian Defense,16,White
8504,264,51,1,Caro-Kann Defense,17,White
8507,296,26,1,Nimzo-Indian Defense,18,Black
8509,228,77,1,English Opening,19,White
8510,267,57,0,English Opening,20,White
8511,334,60,1,Queen's Pawn Game,21,White
8512,53,23,1,Queen's Gambit,22,White
8513,175,59,1,Benoni Defense,23,White
8514,293,51,1,Sicilian Defense,24,White
11063,197,118,1,Caro-Kann Defense,1,Draw
12446,598,81,0,Indian Game,1,Draw
12447,602,32,0,Indian Game,2,Draw
8266,5,88,1,Indian Game,1,Black
14506,566,39,0,King's Gambit,2,White
20002,141,46,1,Pirc Defense,1,Black
18521,31,62,1,Van't Kruijs Opening,1,Black
2060,15,25,1,Nimzowitsch Defense,1,Black
16153,14,60,1,French Defense,1,Black
19475,35,49,1,French Defense,2,White
4645,89,101,1,Queen's Pawn Game,1,Draw
15700,106,75,1,Nimzo-Indian Defense,1,White
10714,174,59,1,Italian Game,1,White
5778,42,120,1,Slav Defense,1,Black
5781,43,34,1,Sicilian Defense,2,Black
5783,0,39,1,English Opening,3,White
5784,0,18,1,Sicilian Defense,4,Draw
5786,5,22,1,Slav Defense,5,Black
558,42,50,1,Van't Kruijs Opening,1,Black
3359,104,36,1,King's Gambit,1,Black
1322,395,43,0,Bishop's Opening,1,White
2614,25,105,1,Sicilian Defense,1,White
2887,43,67,1,King's Pawn Game,1,White
15636,45,132,1,Philidor Defense,1,White
15639,57,51,1,Philidor Defense,2,White
12733,42,27,1,Sicilian Defense,1,Black
10393,57,23,1,Pirc Defense,1,White
15115,475,41,1,Philidor Defense,1,White
11973,9,104,1,King's Knight Opening,1,Black
8407,16,94,1,Queen's Gambit,1,Draw
17737,339,90,1,English Opening,1,Black
7433,72,31,1,Sicilian Defense,1,White
10708,252,122,1,King's Knight Opening,1,Black
6,248,5,0,Sicilian Defense,1,Draw
132,144,24,1,Queen's Gambit,2,Black
856,42,20,1,Scandinavian Defense,1,Black
12333,42,20,1,Scandinavian Defense,2,Black
11807,147,73,1,Sicilian Defense,1,White
13091,113,45,1,Indian Game,1,White
4461,104,91,1,English Opening,1,White
4462,114,125,1,English Opening,2,White
2380,65,25,1,Pirc Defense,1,White
10467,55,104,1,Scandinavian Defense,1,Black
10468,81,21,1,Philidor Defense,2,White
10469,13,12,1,Philidor Defense,3,White
10470,38,35,1,Sicilian Defense,4,White
10471,26,64,1,French Defense,5,Black
10472,13,47,1,King's Knight Opening,6,White
10475,1,91,1,Indian Game,7,White
10476,93,81,1,Philidor Defense,8,White
10477,54,193,1,Nimzowitsch Defense,9,White
10478,213,112,1,Four Knights Game,10,Black
10479,163,69,1,Scotch Game,11,White
10480,2,119,1,Philidor Defense,12,White
10481,82,123,1,Scotch Game,13,White
10482,97,26,1,Four Knights Game,14,Black
10483,189,128,1,Vienna Game,15,Black
10484,137,96,1,Queen's Pawn Game,16,Black
10485,402,29,1,Vienna Game,17,White
10486,76,135,1,Van't Kruijs Opening,18,White
10487,94,47,1,Queen's Gambit,19,White
10488,227,23,1,Queen's Gambit,20,White
10489,39,77,1,Queen's Gambit,21,White
10490,11,47,1,Horwitz Defense,22,White
10492,32,39,1,Indian Game,23,White
10493,34,31,1,Horwitz Defense,24,Black
10495,88,46,1,Horwitz Defense,25,White
10498,184,32,1,Queen's Gambit,26,Black
10499,233,50,1,Old Indian Defense,27,Black
10501,138,27,0,Slav Defense,28,White
10502,217,57,1,Horwitz Defense,29,White
13854,40,104,1,Sicilian Defense,1,Black
10856,65,27,1,Philidor Defense,1,White
10857,160,40,1,Scotch Game,2,White
10860,25,84,1,Ruy Lopez,3,Black
10861,418,55,0,Petrov's Defense,4,White
10864,69,32,1,Philidor Defense,5,Black
10866,78,52,1,French Defense,6,Black
10868,137,69,1,Ruy Lopez,7,White
10876,34,51,1,Scandinavian Defense,8,White
10877,111,73,1,Scandinavian Defense,9,White
10880,46,46,1,Philidor Defense,10,Black
10881,174,85,1,King's Knight Opening,11,White
10883,60,51,1,Philidor Defense,12,White
10884,22,93,1,French Defense,13,White
10885,15,31,1,Philidor Defense,14,White
13145,23,36,1,Four Knights Game,1,White
14763,23,36,1,Four Knights Game,2,White
15752,43,44,1,King's Knight Opening,1,Black
7101,235,20,1,King's Pawn Game,1,Black
10674,27,37,1,Italian Game,1,White
18293,398,65,1,Horwitz Defense,1,White
16471,271,168,1,Indian Game,1,Black
6133,374,47,0,Queen's Gambit,1,White
6135,374,65,0,Queen's Gambit,2,White
9307,132,56,1,King's Pawn Game,1,Black
15185,35,44,0,Italian Game,1,Black
17811,310,35,0,Ruy Lopez,1,White
15452,93,96,0,Ruy Lopez,1,Black
11678,18,37,1,Queen's Pawn Game,1,White
13120,88,40,0,Philidor Defense,1,Draw
222,376,60,1,Queen's Pawn Game,1,Black
6358,108,53,0,Benko Gambit,1,White
17987,372,107,1,Petrov's Defense,1,White
17989,204,85,1,Italian Game,2,White
17991,203,93,0,Italian Game,3,White
17993,203,79,0,Petrov's Defense,4,White
17996,592,23,1,Italian Game,5,White
4759,57,48,1,French Defense,1,Black
1448,66,39,0,English Opening,1,White
1449,187,29,0,Zukertort Opening,2,Draw
1451,851,68,0,King's Indian Attack,3,Black
1452,12,62,1,Zukertort Opening,4,Black
1455,265,52,1,King's Indian Attack,5,White
1456,1,57,1,Zukertort Opening,6,White
1458,3,56,1,Zukertort Opening,7,Black
1461,74,39,0,Sicilian Defense,8,White
1463,219,50,0,King's Indian Attack,9,White
1466,87,39,0,King's Pawn Game,10,White
1468,87,58,0,Indian Game,11,Black
1472,52,26,0,Queen's Gambit,12,Black
6232,566,14,1,Van't Kruijs Opening,1,Black
6233,33,93,1,Van't Kruijs Opening,2,White
6236,145,32,1,Zukertort Opening,3,Black
6237,593,12,1,Zukertort Opening,4,Black
8467,295,33,1,Nimzowitsch Defense,1,White
11998,432,66,1,Queen's Gambit,1,Black
5385,97,25,0,Nimzowitsch Defense,1,White
4361,186,48,1,Van't Kruijs Opening,1,Draw
10142,113,52,1,Alekhine Defense,1,Black
2067,370,145,1,Scandinavian Defense,1,White
3159,32,56,1,French Defense,1,Black
18447,209,53,1,Van't Kruijs Opening,1,White
9898,466,3,0,Sicilian Defense,1,Black
9899,647,25,1,Pirc Defense,2,Black
9901,520,55,0,Van't Kruijs Opening,3,White
9903,520,43,0,Van't Kruijs Opening,4,Black
9904,520,2,0,Dutch Defense,5,Black
9905,523,46,0,Blackmar-Diemer Gambit,6,Black
9907,523,28,0,Van't Kruijs Opening,7,Black
9909,523,2,0,Scandinavian Defense,8,Black
9911,523,17,0,Blackmar-Diemer Gambit,9,Black
9913,523,62,0,Slav Defense,10,Black
9914,427,25,1,Blackmar-Diemer Gambit,11,Black
9915,518,47,1,French Defense,12,White
8936,234,102,1,Four Knights Game,1,Black
19822,0,65,0,Ruy Lopez,1,White
17685,3,47,1,Sicilian Defense,1,White
1366,45,60,0,Sicilian Defense,1,Black
11032,221,81,1,French Defense,1,White
15601,35,53,1,Sicilian Defense,1,White
2148,184,54,1,Nimzo-Larsen Attack,1,Black
14853,49,92,0,Sicilian Defense,1,White
19910,84,42,1,English Opening,1,Black
19913,85,53,1,English Opening,2,White
17832,303,9,1,King's Pawn Game,1,White
16685,15,113,1,Sicilian Defense,1,White
3860,85,42,1,Amar Opening,1,White
3201,6,23,1,Ruy Lopez,1,White
5730,319,55,1,Four Knights Game,1,White
17449,253,63,1,King's Gambit,1,White
6877,84,50,1,Italian Game,1,Black
18623,84,50,1,Italian Game,2,Black
3073,17,96,1,Sicilian Defense,1,White
7054,12,59,1,Sicilian Defense,1,White
5942,1,13,1,Four Knights Game,1,White
10608,339,7,1,French Defense,1,White
10871,55,126,1,Van't Kruijs Opening,2,Black
10320,14,29,1,Nimzowitsch Defense,1,White
2513,12,49,1,Queen's Pawn Game,1,White
17495,34,45,1,Sicilian Defense,1,Black
17499,31,54,1,Sicilian Defense,2,Black
17501,3,73,1,Nimzowitsch Defense,3,White
17502,102,51,1,Sicilian Defense,4,White
17505,255,45,1,Caro-Kann Defense,5,Black
17509,85,71,1,Pirc Defense,6,White
17510,8,64,1,Ruy Lopez,7,Black
17513,46,3,1,Bird Opening,8,Draw
17514,2,65,1,Sicilian Defense,9,White
17516,13,42,1,Blackmar-Diemer Gambit,10,Black
17520,105,140,1,Sicilian Defense,11,Black
17522,83,78,1,Nimzo-Indian Defense,12,Black
17523,61,37,1,French Defense,13,White
17527,34,31,1,Italian Game,14,White
7806,167,61,1,French Defense,1,White
7809,199,101,1,French Defense,2,White
4200,328,31,1,Philidor Defense,1,White
12738,27,35,0,Yusupov-Rubinstein System,1,White
6693,545,23,1,Philidor Defense,1,White
5969,537,19,1,Pirc Defense,1,White
6359,83,76,1,Amar Opening,1,Black
8101,290,41,1,Queen's Gambit,1,White
4581,315,81,1,Alekhine Defense,1,White
952,241,40,0,Sicilian Defense,1,Black
12414,241,40,0,Sicilian Defense,2,Black
14405,241,40,0,Sicilian Defense,3,Black
18105,19,45,1,Neo-Gruenfeld Defense,1,Draw
19376,106,64,1,Sicilian Defense,1,White
8474,130,82,1,Queen's Gambit,1,Black
19772,73,59,1,Dutch Defense,1,White
17524,190,79,1,Dutch Defense,1,White
1259,84,55,0,Ruy Lopez,1,White
261,101,110,1,French Defense,1,Black
5750,159,46,1,Philidor Defense,2,Black
5766,26,64,1,Philidor Defense,3,Black
5767,6,40,1,Philidor Defense,4,Black
15119,178,39,1,Philidor Defense,5,White
2489,161,79,0,King's Knight Opening,1,White
13822,36,85,0,Alekhine Defense,1,White
13825,56,36,0,Italian Game,2,Black
13826,36,144,0,Philidor Defense,3,Black
13828,122,45,0,King's Knight Opening,4,White
13830,36,30,0,French Defense,5,Black
13831,36,23,0,Scandinavian Defense,6,White
13833,36,59,0,Philidor Defense,7,White
13834,36,61,0,Italian Game,8,White
13835,36,58,0,Sicilian Defense,9,Black
13838,53,55,0,Sicilian Defense,10,White
13840,67,62,0,Nimzowitsch Defense,11,Black
13841,111,74,0,King's Knight Opening,12,Black
13842,14,134,0,French Defense,13,Black
13844,14,54,0,English Opening,14,Black
13846,14,66,0,French Defense,15,Black
13848,36,58,0,Italian Game,16,Black
13849,21,21,0,French Defense,17,Black
13851,6,43,0,King's Knight Opening,18,White
13853,6,103,0,Nimzowitsch Defense,19,White
15831,175,51,1,Sicilian Defense,1,Draw
10322,16,48,0,Ruy Lopez,1,Black
9669,63,56,0,Blackmar-Diemer Gambit,1,Black
8347,232,30,1,King's Indian Defense,1,Black
12835,22,93,0,Scotch Game,1,White
12789,273,29,0,Semi-Bononi,1,White
12791,273,14,0,Gruenfeld Defense,2,White
12793,273,14,0,Sicilian Defense,3,White
9624,799,2,1,Scandinavian Defense,1,Black
5619,303,111,1,Sicilian Defense,1,White
15267,213,35,1,Sicilian Defense,1,White
5905,368,47,0,Italian Game,1,White
10842,580,87,0,Nimzowitsch Defense,1,White
17981,141,90,1,Italian Game,1,Black
8130,189,99,1,Italian Game,1,White
6480,34,85,0,Horwitz Defense,1,White
2435,55,22,1,Scandinavian Defense,1,Black
6534,133,47,1,Scotch Game,1,White
2880,221,95,1,Queen's Gambit,1,White
13856,717,31,1,King's Indian Attack,1,White
18537,74,30,1,Scotch Game,1,Black
16093,5,46,1,Queen's Gambit,1,Black
17346,240,34,0,Sicilian Defense,1,Black
4246,70,54,1,Nimzowitsch Defense,1,Black
10932,13,35,1,Old Indian,1,White
17109,127,20,0,Ruy Lopez,1,White
18689,135,66,0,Sicilian Defense,1,Black
2506,0,54,1,Scandinavian Defense,1,Black
18742,64,32,1,Ruy Lopez,1,Black
15484,6,88,1,Sicilian Defense,1,Black
7099,280,54,1,Scotch Game,1,Black
6554,266,64,1,English Opening,1,Black
8654,20,58,1,Yusupov-Rubinstein System,1,Black
14585,55,14,1,East Indian Defense,2,White
16164,113,89,1,Petrov's Defense,1,White
4819,544,22,1,English Opening,1,Black
14740,551,38,0,Sicilian Defense,1,Black
17657,6,37,1,French Defense,1,White
20027,50,80,1,Sicilian Defense,1,Black
15797,201,114,1,Blackmar-Diemer Gambit,1,Black
11731,310,116,0,Bishop's Opening,1,Black
1735,296,105,1,French Defense,1,Draw
8220,289,150,1,Blackmar-Diemer Gambit,1,Black
8234,270,98,1,Vienna Game,2,Black
1002,161,90,0,Italian Game,1,Black
12553,64,56,1,Sicilian Defense,1,Black
14889,103,77,1,Van't Kruijs Opening,1,White
10182,805,78,0,Sicilian Defense,1,Draw
10183,805,19,0,Sicilian Defense,2,White
11460,1290,97,0,Sicilian Defense,3,White
18129,148,53,1,Horwitz Defense,1,White
13505,33,112,1,Indian Game,1,Black
6393,246,105,1,Pirc Defense,1,White
5275,669,15,1,Nimzowitsch Defense,1,White
18002,153,37,1,Ruy Lopez,1,White
18003,41,63,1,Caro-Kann Defense,2,White
18004,127,52,1,Sicilian Defense,3,Black
18005,101,53,1,Italian Game,4,White
18007,138,81,1,Italian Game,5,White
18009,98,23,1,Scandinavian Defense,6,White
18011,11,23,1,Bishop's Opening,7,White
18015,30,122,1,Italian Game,8,Draw
18017,123,87,1,Robatsch (Modern) Defense,9,Black
18022,11,70,1,Sicilian Defense,10,Black
18024,11,94,1,Sicilian Defense,11,Black
18026,64,21,1,Sicilian Defense,12,White
18027,17,42,1,Italian Game,13,White
18028,59,89,1,Italian Game,14,White
18030,31,73,1,Philidor Defense,15,White
18031,59,53,1,Philidor Defense,16,White
18032,7,74,1,French Defense,17,Black
18034,78,93,1,Sicilian Defense,18,Draw
18036,19,82,1,Italian Game,19,Black
18037,107,63,1,Sicilian Defense,20,White
18039,45,61,1,Sicilian Defense,21,White
18040,7,92,1,Italian Game,22,Black
18041,61,34,1,Alekhine Defense,23,White
18043,16,70,1,Italian Game,24,White
18045,221,19,1,Pirc Defense,25,White
6568,78,99,1,Vienna Game,1,White
15755,71,62,1,Queen's Gambit,1,Black
10987,32,47,0,Queen's Gambit,1,White
10258,327,65,1,King's Indian,1,White
9452,213,88,1,Queen's Gambit,1,Black
9454,153,35,1,Tarrasch Defense,2,Black
9455,14,43,1,Horwitz Defense,3,Black
9457,202,101,1,Horwitz Defense,4,White
9460,93,78,1,Slav Defense,5,Black
9462,325,73,1,Queen's Pawn,6,White
9466,203,17,1,Queen's Gambit,7,White
9467,44,69,1,Benoni Defense,8,Black
9468,38,82,1,Blackmar-Diemer Gambit,9,Black
9471,410,54,1,Blackmar-Diemer Gambit,10,Black
9472,15,55,1,Blackmar-Diemer Gambit,11,White
16168,18,67,1,Petrov's Defense,1,White
17434,90,27,1,Italian Game,2,White
17793,326,20,1,French Defense,1,Black
18187,113,65,1,Van't Kruijs Opening,1,White
3892,221,30,1,Nimzowitsch Defense,1,Black
18652,221,30,1,Nimzowitsch Defense,2,Black
4170,422,59,1,Caro-Kann Defense,1,White
18700,208,36,1,Italian Game,1,Black
4001,8,85,1,Ruy Lopez,1,White
1457,3,105,1,Indian Game,1,White
16009,232,135,1,French Defense,1,White
5827,181,56,1,Ruy Lopez,1,Black
14678,26,55,1,Sicilian Defense,1,White
10136,335,47,1,Scandinavian Defense,1,White
5907,921,27,1,Bird Opening,1,White
8784,143,29,1,French Defense,2,White
8785,127,55,1,French Defense,3,White
7549,323,46,0,Blumenfeld Countergambit,1,Black
7551,323,44,0,Amar Opening,2,Black
19701,95,36,1,Italian Game,1,Black
6006,231,30,1,Horwitz Defense,1,Black
6008,319,61,1,Horwitz Defense,2,White
11211,526,72,1,Indian Game,1,Black
6088,164,128,1,Ruy Lopez,1,Black
8920,180,89,1,King's Pawn Game,1,White
3701,400,68,1,Queen's Gambit,1,Black
4513,23,9,1,King's Gambit,1,White
4515,49,100,1,Nimzowitsch Defense,2,Black
4519,2,132,1,Sicilian Defense,3,Black
4520,11,58,1,Scandinavian Defense,4,Black
4522,54,22,1,Scandinavian Defense,5,Black
4525,0,55,1,King's Gambit,6,White
4526,19,112,1,Sicilian Defense,7,Black
4529,5,11,1,King's Gambit,8,White
4530,71,101,1,Vienna Game,9,White
4532,0,28,1,Scandinavian Defense,10,Black
4534,19,101,1,King's Gambit,11,Black
4536,1,76,1,Nimzowitsch Defense,12,Black
4540,63,37,1,Sicilian Defense,13,White
4541,34,61,1,King's Gambit,14,White
4545,34,45,1,Scandinavian Defense,15,White
10222,570,51,1,Slav Defense,1,White
11568,47,41,0,Sicilian Defense,1,Draw
2644,126,64,1,Sicilian Defense,1,Black
8931,219,53,1,Queen's Pawn Game,1,White
1671,112,13,1,Scandinavian Defense,1,White
16778,35,64,0,French Defense,1,Black
8151,233,33,0,Italian Game,1,White
9593,5,33,0,Blackmar-Diemer Gambit,1,White
16288,57,51,1,Center Game,1,White
3404,31,109,1,Scotch Game,1,Black
3405,31,84,1,French Defense,2,Black
3407,406,65,1,Scotch Game,3,White
3409,86,13,1,Scotch Game,4,Black
3410,359,66,1,Scotch Game,5,Black
15331,35,55,1,Sicilian Defense,6,White
15333,31,109,1,Scotch Game,7,Black
15334,31,84,1,French Defense,8,Black
15336,406,65,1,Scotch Game,9,White
15338,86,13,1,Scotch Game,10,Black
15339,359,66,1,Scotch Game,11,Black
18133,102,105,1,French Defense,1,White
18135,126,17,1,French Defense,2,White
18411,251,36,0,Ruy Lopez,1,Black
3835,134,44,1,Sicilian Defense,1,Black
9798,178,99,1,Pirc Defense,2,White
17010,302,36,1,Philidor Defense,3,White
12164,389,52,1,Queen's Pawn,1,Black
17336,42,20,1,Bishop's Opening,1,Black
17480,1,88,1,Nimzowitsch Defense,1,Black
7184,785,48,1,Queen's Pawn Game,1,Black
10198,355,39,1,King's Pawn Game,1,White
20000,309,50,1,Queen's Pawn Game,1,Black
3123,149,87,1,Queen's Gambit,1,Black
15142,172,51,1,English Opening,1,White
4131,176,71,1,Blackmar-Diemer Gambit,1,White
8631,43,31,1,Scandinavian Defense,1,Black
3463,341,16,0,Nimzowitsch Defense,1,White
16330,341,16,0,Nimzowitsch Defense,2,White
7212,64,95,1,Ruy Lopez,1,Draw
13947,39,86,1,Caro-Kann Defense,1,Black
9171,0,37,1,King's Pawn Game,1,White
15909,83,72,1,Indian Game,1,White
18760,132,133,1,Sicilian Defense,1,White
19694,193,86,1,Italian Game,2,Black
18502,14,40,1,French Defense,1,Black
7774,469,7,1,Sicilian Defense,1,White
7776,521,23,1,Sicilian Defense,2,White
17817,287,7,1,King's Pawn Game,1,White
1699,0,31,1,King's Gambit,1,White
17476,100,100,1,Pirc Defense,1,Draw
17258,237,62,1,Italian Game,1,Black
3736,87,85,0,Ruy Lopez,1,White
11349,479,64,1,Sicilian Defense,1,Black
888,344,32,1,Petrov's Defense,1,Black
2192,168,19,1,Italian Game,1,White
2196,168,45,1,English Opening,2,White
8803,135,3,1,Queen's Pawn Game,3,White
3251,432,25,1,Horwitz Defense,1,White
4234,304,109,1,French Defense,1,White
12129,458,92,1,Italian Game,1,Black
14699,281,70,1,Sicilian Defense,1,Black
14707,289,27,1,Queen's Pawn Game,2,Draw
14709,270,34,1,King's Pawn Game,3,Black
14711,249,14,1,Queen's Pawn Game,4,Black
16388,95,101,1,English Opening,1,White
3411,160,79,1,Pirc Defense,1,White
15340,160,79,1,Pirc Defense,2,White
363,148,10,1,King's Gambit,1,Black
3984,430,43,1,Nimzowitsch Defense,2,White
17321,262,29,1,King's Gambit,3,White
19735,72,33,1,King's Gambit,4,White
10174,381,52,1,Sicilian Defense,1,White
9933,624,96,1,English Opening,1,Black
1198,73,64,1,Center Game,1,Black
15729,230,8,0,Sicilian Defense,1,Black
4469,407,67,1,Sicilian Defense,1,White
4470,257,63,1,Sicilian Defense,2,White
4471,257,71,0,English Opening,3,White
13034,17,34,0,King's Pawn Game,1,Black
17224,255,39,1,Ruy Lopez,1,Black
17297,335,36,1,King's Pawn Game,1,Black
4053,68,45,1,Nimzo-Larsen Attack,1,White
15132,398,41,1,King's Knight Opening,1,White
18510,155,46,1,Van't Kruijs Opening,1,Black
7182,555,74,1,Van't Kruijs Opening,1,Black
16127,110,82,1,King's Indian Attack,2,Black
16129,24,35,1,Zukertort Opening,3,White
16131,111,28,1,King's Indian Attack,4,Black
16133,107,52,1,Zukertort Opening,5,Black
16134,2,59,1,Queen's Pawn Game,6,White
16135,187,76,1,Van't Kruijs Opening,7,Black
16137,103,94,1,Zukertort Opening,8,Black
16138,26,91,1,Zukertort Opening,9,White
16141,246,19,1,Zukertort Opening,10,White
17047,446,104,0,Sicilian Defense,1,Black
17049,533,50,0,King's Gambit,2,Black
17051,514,40,0,Nimzowitsch Defense,3,Black
17054,178,34,0,King's Gambit,4,Black
17055,560,37,0,Sicilian Defense,5,White
17058,128,95,0,Caro-Kann Defense,6,White
17059,306,37,0,King's Gambit,7,White
17062,421,54,0,King's Gambit,8,Black
18695,26,76,1,Van't Kruijs Opening,1,Draw
18697,54,47,1,Horwitz Defense,2,White
17718,58,144,1,Caro-Kann Defense,1,Black
4442,73,38,0,Sicilian Defense,1,Black
5440,7,66,1,Caro-Kann Defense,1,Black
1470,187,48,1,Ruy Lopez,1,Black
14095,358,36,1,Caro-Kann Defense,1,Black
3729,25,35,1,Alekhine Defense,1,Draw
19796,148,53,0,Zukertort Opening,1,White
19797,36,78,1,English Opening,2,Black
19800,25,114,0,Zukertort Opening,3,Black
19801,51,107,1,Zukertort Opening,4,Draw
19803,48,95,1,Zukertort Opening,5,White
19808,33,88,1,Queen's Pawn Game,6,Black
19809,103,52,1,Queen's Pawn Game,7,Black
19812,11,92,0,Zukertort Opening,8,Black
19813,35,33,1,English Opening,9,White
19815,133,41,1,French Defense,10,White
19817,11,50,1,Queen's Pawn Game,11,Black
19819,89,74,1,Sicilian Defense,12,Black
19820,279,155,0,Queen's Pawn Game,13,White
14262,22,21,1,Dutch Defense,1,Black
2852,19,23,1,Italian Game,1,White
19415,251,19,1,Queen's Gambit,1,White
4864,254,33,1,Scandinavian Defense,1,White
5386,63,51,1,London System,1,White
5395,25,60,1,Van't Kruijs Opening,2,Black
2693,46,94,1,Ruy Lopez,1,Black
6528,223,99,1,Ruy Lopez,2,White
18471,211,95,1,Petrov's Defense,3,White
6141,301,41,1,Sicilian Defense,1,Black
14106,59,31,1,Scotch Game,1,White
14389,285,78,1,Sicilian Defense,1,Black
7071,538,32,0,Sicilian Defense,1,Black
2087,25,43,1,Ruy Lopez,1,White
8749,118,25,1,Sicilian Defense,2,White
8240,117,45,0,Sicilian Defense,1,White
972,74,73,1,Italian Game,1,White
15592,67,111,1,Sicilian Defense,1,White
11337,6,39,1,Queen's Pawn Game,1,White
13608,6,39,1,Queen's Pawn Game,2,White
5083,63,104,0,King's Pawn Game,1,Black
8422,105,43,1,King's Pawn Game,1,White
2200,326,42,0,Slav Defense,1,Black
16011,30,59,1,Gruenfeld Defense,2,White
6000,118,57,1,English Opening,1,White
11514,2,88,1,English Opening,2,Black
9305,207,38,1,Queen's Pawn Game,1,Black
1930,52,48,1,Queen's Pawn Game,1,Black
650,443,28,1,Zukertort Opening,1,Black
8759,289,56,1,Sicilian Defense,2,Black
8761,295,42,1,Zukertort Opening,3,Black
8762,119,80,1,French Defense,4,Black
8764,87,112,1,Queen's Pawn Game,5,Black
8765,203,44,1,Zukertort Opening,6,Black
8769,12,82,1,Zukertort Opening,7,Black
8770,23,61,1,Zukertort Opening,8,White
8771,49,59,1,Zukertort Opening,9,White
8773,75,20,1,Zukertort Opening,10,Black
8775,21,98,1,Sicilian Defense,11,Black
8779,57,97,1,Zukertort Opening,12,White
8782,119,68,1,Zukertort Opening,13,Black
8786,106,60,1,Zukertort Opening,14,Black
8788,91,65,1,Zukertort Opening,15,White
8789,167,50,1,Zukertort Opening,16,Black
8790,48,16,1,Zukertort Opening,17,Black
8791,46,39,1,Zukertort Opening,18,White
8795,73,71,1,Zukertort Opening,19,White
8798,116,155,1,Zukertort Opening,20,White
17935,231,66,0,French Defense,1,Black
17936,39,29,0,Sicilian Defense,2,Black
17938,39,82,0,Queen's Pawn Game,3,Black
17940,106,58,0,Vienna Game,4,Black
17943,193,86,0,Four Knights Game,5,Black
11755,120,75,1,King's Indian Defense,1,White
1862,9,100,1,Queen's Pawn Game,1,Black
4419,234,88,1,Queen's Pawn,2,Black
16687,6,62,1,Sicilian Defense,1,Black
16688,50,49,1,Sicilian Defense,2,White
12368,301,99,0,Caro-Kann Defense,1,White
18441,390,33,1,Dutch Defense,1,White
5079,242,69,0,Blackmar-Diemer Gambit,1,White
15398,20,76,1,Nimzowitsch Defense,1,Black
4155,32,91,1,King's Pawn Game,1,White
9136,28,45,1,Sicilian Defense,1,White
702,11,56,1,Nimzo-Larsen Attack,1,Black
17705,16,66,1,Horwitz Defense,2,Black
2775,77,32,1,Italian Game,1,Black
1885,50,59,1,Sicilian Defense,1,Black
14890,173,81,1,Slav Defense,1,White
1178,391,21,1,Ruy Lopez,1,White
4921,408,54,1,French Defense,1,White
2276,42,37,1,King's Indian Defense,1,White
13710,40,72,1,Semi-Slav Defense,2,Black
19463,55,65,1,French Defense,3,White
5087,86,123,0,Four Knights Game,1,White
16650,422,59,1,Sicilian Defense,1,White
16652,247,93,1,Nimzowitsch Defense,2,White
16654,333,62,1,Philidor Defense,3,White
16656,171,57,1,Sicilian Defense,4,White
16657,577,27,1,Italian Game,5,White
16661,652,37,1,French Defense,6,White
16662,118,106,1,King's Knight Opening,7,Black
16664,58,29,1,Sicilian Defense,8,White
16665,77,47,1,Italian Game,9,White
16666,144,53,1,Sicilian Defense,10,White
16667,78,57,1,Nimzo-Indian Defense,11,White
16669,70,43,1,Scandinavian Defense,12,White
16671,64,57,1,Scandinavian Defense,13,White
14822,601,32,0,Indian Game,1,White
13415,830,74,1,Sicilian Defense,1,Black
19922,771,54,1,Sicilian Defense,2,Black
2312,346,29,0,Sicilian Defense,1,White
4781,95,65,1,French Defense,1,White
4783,107,49,1,French Defense,2,White
10766,413,46,1,Horwitz Defense,1,White
17411,124,52,1,Philidor Defense,1,Black
2356,57,100,1,Slav Defense,1,Black
2359,49,43,1,Queen's Gambit,2,White
2360,75,35,1,Slav Defense,3,White
2361,96,32,1,Tarrasch Defense,4,White
2364,8,34,1,Horwitz Defense,5,White
2366,185,25,1,Queen's Gambit,6,White
2367,12,15,1,Horwitz Defense,7,White
2369,10,49,1,Queen's Gambit,8,White
2371,67,51,1,Queen's Gambit,9,White
2372,19,50,1,Mexican Defense,10,Black
2374,156,92,1,Budapest Defense,11,Black
2377,156,54,1,Nimzo-Indian Defense,12,Black
2378,4,45,1,Queen's Gambit,13,White
2381,69,45,1,Queen's Pawn Game,14,White
2383,188,136,1,Nimzo-Indian Defense,15,Black
2387,186,52,1,Old Indian,16,Black
2388,118,74,1,Slav Defense,17,Black
2391,2,85,1,Tarrasch Defense,18,White
2393,3,81,1,Slav Defense,19,White
17053,184,95,0,French Defense,1,White
16139,488,93,1,Horwitz Defense,1,White
4311,78,9,1,Scotch Game,1,White
19838,483,62,0,King's Pawn Game,1,Black
16857,408,88,1,Italian Game,1,Black
11653,36,23,1,Italian Game,1,White
15843,31,44,0,Italian Game,2,Black
15845,25,164,1,Italian Game,3,Black
15846,92,42,1,Sicilian Defense,4,White
15847,110,107,1,Philidor Defense,5,Draw
15849,36,23,1,Italian Game,6,White
15850,35,20,1,Robatsch (Modern) Defense,7,Black
15853,117,58,1,Alekhine Defense,8,Draw
15854,2,17,1,Philidor Defense,9,White
15855,12,37,1,Philidor Defense,10,White
15856,3,81,1,King's Knight Opening,11,White
15858,111,19,1,Italian Game,12,White
15859,22,46,0,Italian Game,13,White
15862,78,28,0,French Defense,14,Black
15863,77,21,0,King's Knight Opening,15,White
15866,22,35,0,Pirc Defense,16,Black
15867,4,72,1,Italian Game,17,Black
15868,12,9,0,Scandinavian Defense,18,White
15872,4,67,1,Italian Game,19,White
18889,8,96,1,Slav Defense,1,Black
5968,16,104,1,Sicilian Defense,1,Black
8926,287,68,1,Italian Game,1,White
5450,265,83,1,Caro-Kann Defense,1,White
10969,13,35,0,Horwitz Defense,1,White
8355,199,54,0,Nimzowitsch Defense,1,Black
5691,177,48,1,French Defense,1,Black
17222,81,118,1,Ruy Lopez,1,Black
4799,691,64,1,Italian Game,1,White
12135,533,77,1,Bird Opening,1,White
1544,311,6,0,Queen's Pawn,1,White
16510,32,63,1,Pirc Defense,1,White
16511,117,54,1,Queen's Gambit,2,Black
16514,138,54,1,Sicilian Defense,3,Black
16516,157,50,1,Sicilian Defense,4,Black
16518,129,48,1,Sicilian Defense,5,Black
18267,184,75,1,Scotch Game,1,White
9144,113,62,1,Pirc Defense,1,White
1742,223,46,1,Center Game,1,Black
16197,46,64,1,Caro-Kann Defense,1,White
12754,95,57,1,Italian Game,1,White
12757,58,22,1,King's Knight Opening,2,Black
12760,68,92,1,Philidor Defense,3,Black
12762,12,17,1,Italian Game,4,White
12763,122,67,0,Nimzowitsch Defense,5,White
12764,87,52,1,King's Knight Opening,6,Black
1730,104,73,1,Sicilian Defense,1,White
13129,173,34,1,Pirc Defense,1,Black
33,184,54,1,Sicilian Defense,1,White
8767,22,97,1,Philidor Defense,1,White
11465,342,76,1,Sicilian Defense,1,Black
2864,22,114,1,English Opening,1,Black
10541,15,38,1,Slav Defense,1,Black
11250,15,38,1,Slav Defense,2,Black
19915,90,116,1,Sicilian Defense,1,Black
15667,126,25,1,Sicilian Defense,1,White
4867,68,62,1,Van't Kruijs Opening,1,Black
16786,33,90,1,French Defense,1,Black
17869,53,43,0,Sicilian Defense,1,Black
17104,163,52,0,Nimzowitsch Defense,1,Black
17107,23,48,0,Sicilian Defense,2,Black
17108,76,29,0,Caro-Kann Defense,3,White
17113,114,53,1,Ruy Lopez,4,White
17114,154,20,1,Italian Game,5,Black
17117,45,81,1,Four Knights Game,6,White
17119,311,110,1,Ruy Lopez,7,Black
17120,58,49,1,French Defense,8,Black
17122,178,81,1,Four Knights Game,9,White
17123,90,66,1,Alekhine Defense,10,Black
17125,133,87,1,Scandinavian Defense,11,White
17127,66,36,1,King's Knight Opening,12,Black
17128,114,16,1,Four Knights Game,13,Black
17131,101,27,1,Four Knights Game,14,Draw
17133,208,66,1,Philidor Defense,15,Black
17134,43,2,1,Sicilian Defense,16,Black
17135,101,78,1,Philidor Defense,17,Black
17138,185,20,1,French Defense,18,Black
4889,136,84,1,Caro-Kann Defense,1,Black
11788,138,48,1,King's Indian Defense,1,Black
11844,23,53,1,Caro-Kann Defense,1,White
8022,276,34,1,Caro-Kann Defense,1,Black
3908,114,132,1,Van't Kruijs Opening,1,Black
15820,367,52,1,Van't Kruijs Opening,2,Black
13648,125,37,1,Scandinavian Defense,1,White
10428,85,101,1,Philidor Defense,1,White
329,17,34,1,Italian Game,1,Black
14190,109,91,1,Alekhine Defense,2,White
14192,28,68,1,Alekhine Defense,3,Black
611,188,70,1,Sicilian Defense,1,Black
17169,148,44,1,King's Pawn Game,1,Black
17530,161,52,1,King's Pawn Game,2,White
17531,146,61,1,Caro-Kann Defense,3,White
19821,81,127,1,King's Pawn Game,4,White
7679,59,92,1,Sicilian Defense,1,Black
11771,117,31,1,Sicilian Defense,2,White
19716,6,46,1,Italian Game,3,Black
4616,16,23,1,Reti Opening,1,White
15612,153,107,1,Philidor Defense,1,White
11863,22,60,1,Caro-Kann Defense,1,Black
19956,15,54,1,Sicilian Defense,1,Black
9567,169,35,0,Blackmar-Diemer Gambit,1,White
18795,421,47,1,Blackmar-Diemer Gambit,1,White
3413,1,70,0,Blackmar-Diemer Gambit,1,Black
3415,1,5,0,Nimzo-Larsen Attack,2,White
3417,1,60,0,King's Gambit,3,Black
3419,1,53,0,King's Indian Attack,4,White
3424,1,102,0,Semi-Slav Defense,5,Black
3425,1,15,0,Bird Opening,6,White
16059,220,102,0,Pirc Defense,1,Black
3435,366,11,0,Indian Game,1,White
10718,13,19,1,Italian Game,1,White
536,268,79,1,Ruy Lopez,1,White
16187,388,66,1,Italian Game,1,Black
16188,231,61,1,Italian Game,2,White
17945,340,44,1,Blackmar-Diemer Gambit,1,Black
6180,38,125,1,Blackmar-Diemer Gambit,1,Draw
6148,131,43,1,Blackmar-Diemer Gambit,1,White
1051,88,43,1,Slav Defense,1,White
1053,41,41,1,English Opening,2,White
1054,43,30,1,English Opening,3,Black
1056,17,16,1,English Opening,4,White
1059,37,59,1,English Opening,5,White
1060,191,86,1,English Opening,6,Black
1061,27,52,1,English Opening,7,Black
1064,4,69,1,English Opening,8,White
1065,47,40,1,English Opening,9,Black
8406,8,71,1,Ruy Lopez,1,White
8409,125,104,1,Sicilian Defense,2,Black
8410,131,69,1,Scandinavian Defense,3,White
8413,329,72,1,Philidor Defense,4,Black
16162,15,74,1,Scotch Game,1,Black
19259,9,24,1,Italian Game,1,Black
19261,281,122,1,Sicilian Defense,2,Black
19264,449,64,1,Philidor Defense,3,Black
19266,74,22,1,Sicilian Defense,4,Black
19267,126,48,1,Scandinavian Defense,5,Black
19269,38,32,1,Four Knights Game,6,Black
19271,114,46,1,Four Knights Game,7,Black
19273,226,58,1,Sicilian Defense,8,Black
19276,56,12,1,Nimzowitsch Defense,9,Black
19277,92,23,1,Italian Game,10,White
19279,74,44,1,King's Knight Opening,11,Black
19281,353,40,1,Sicilian Defense,12,Black
19283,155,37,1,King's Knight Opening,13,White
19285,406,26,1,Sicilian Defense,14,Black
19288,448,54,1,Four Knights Game,15,White
19289,478,31,1,Sicilian Defense,16,Black
19291,171,53,1,Philidor Defense,17,White
19294,190,51,1,King's Knight Opening,18,Black
19295,87,29,1,Philidor Defense,19,White
19296,78,49,1,King's Knight Opening,20,Black
19299,327,28,1,Zukertort Opening,21,Black
19302,389,24,1,Italian Game,22,Black
10513,74,117,1,Queen's Pawn Game,1,White
11222,74,117,1,Queen's Pawn Game,2,White
17701,37,43,1,English Opening,1,White
17703,5,119,1,English Opening,2,White
18658,270,48,1,East Indian Defense,1,Black
17139,4,74,1,Van't Kruijs Opening,1,Black
9208,229,57,1,Sicilian Defense,1,White
2185,399,35,1,Sicilian Defense,1,White
11375,233,91,1,Sicilian Defense,2,White
13352,399,35,1,Sicilian Defense,3,White
13466,233,91,1,Sicilian Defense,4,White
14429,572,27,1,Ruy Lopez,5,White
4670,409,50,1,Van't Kruijs Opening,1,Black
13633,481,81,1,Scandinavian Defense,1,White
10274,4,21,1,Nimzowitsch Defense,1,White
7897,66,31,0,Blackmar-Diemer Gambit,1,White
18683,40,92,0,Blackmar-Diemer Gambit,2,Black
7360,39,72,1,Yusupov-Rubinstein System,1,Black
7362,74,70,1,Van't Kruijs Opening,2,Black
7365,17,48,1,Four Knights Game,3,Black
7367,0,106,0,Bishop's Opening,4,Black
7369,0,57,0,Scandinavian Defense,5,White
7371,0,79,0,Sicilian Defense,6,White
7372,0,46,0,Van't Kruijs Opening,7,Black
9710,64,114,1,Indian Game,1,Black
16219,239,101,1,King's Pawn Game,1,White
2375,77,70,1,Blackmar-Diemer Gambit,1,Black
722,133,78,1,Vienna Game,1,Black
1577,26,19,1,King's Gambit,2,Black
1580,47,102,1,Queen's Gambit,3,Black
12210,133,78,1,Vienna Game,4,Black
13151,26,19,1,King's Gambit,5,Black
13154,47,102,1,Queen's Gambit,6,Black
14769,26,19,1,King's Gambit,7,Black
14772,47,102,1,Queen's Gambit,8,Black
17380,84,32,1,Italian Game,9,Black
14826,31,33,1,Queen's Gambit,1,White
7402,74,108,0,English Opening,1,Black
17118,197,95,1,Queen's Pawn Game,1,White
11519,43,43,1,Italian Game,1,Black
3295,261,153,1,Blackmar-Diemer Gambit,1,White
11160,39,71,1,French Defense,1,White
1387,14,98,1,Blackmar-Diemer Gambit,1,Black
1392,25,168,1,Blackmar-Diemer Gambit,2,Black
8992,164,164,1,Horwitz Defense,3,Draw
17076,156,73,1,Sicilian Defense,1,White
2370,131,68,1,Pirc Defense,1,White
10527,58,43,1,Robatsch (Modern) Defense,1,White
10528,43,85,1,Ruy Lopez,2,Black
10532,64,87,1,Horwitz Defense,3,Black
10533,179,114,1,Queen's Gambit,4,Black
10536,81,49,1,Slav Defense,5,White
10538,216,86,1,Philidor Defense,6,White
10545,4,113,1,Italian Game,7,White
10546,10,13,1,Sicilian Defense,8,White
10549,7,59,1,French Defense,9,White
10555,57,73,1,King's Gambit,10,White
10556,77,34,1,Scotch Game,11,Black
10557,128,66,1,Italian Game,12,Black
10558,61,22,0,Ruy Lopez,13,Black
10560,156,25,1,Scandinavian Defense,14,White
10564,167,102,1,Nimzowitsch Defense,15,Black
10565,110,35,1,Petrov's Defense,16,White
10568,12,117,1,Ruy Lopez,17,White
10574,108,97,1,King's Knight Opening,18,White
11236,58,43,1,Robatsch (Modern) Defense,19,White
11237,43,85,1,Ruy Lopez,20,Black
11241,64,87,1,Horwitz Defense,21,Black
11242,179,114,1,Queen's Gambit,22,Black
11245,81,49,1,Slav Defense,23,White
11247,216,86,1,Philidor Defense,24,White
11254,4,113,1,Italian Game,25,White
11255,10,13,1,Sicilian Defense,26,White
11258,7,59,1,French Defense,27,White
11264,57,73,1,King's Gambit,28,White
11265,77,34,1,Scotch Game,29,Black
11266,128,66,1,Italian Game,30,Black
11267,61,22,0,Ruy Lopez,31,Black
11269,156,25,1,Scandinavian Defense,32,White
11273,167,102,1,Nimzowitsch Defense,33,Black
11274,110,35,1,Petrov's Defense,34,White
11277,12,117,1,Ruy Lopez,35,White
11283,108,97,1,King's Knight Opening,36,White
13528,140,102,1,English Opening,1,Black
9946,15,53,1,Scotch Game,1,Black
4251,36,27,1,Nimzowitsch Defense,1,White
6639,196,89,0,French Defense,1,White
9295,34,43,1,Horwitz Defense,1,White
11054,38,85,1,Horwitz Defense,2,White
2476,49,17,0,King's Pawn Game,1,White
16193,400,103,0,Sicilian Defense,1,White
18388,266,98,1,Bishop's Opening,1,Draw
5230,82,52,0,Sicilian Defense,1,Black
5232,82,48,0,Sicilian Defense,2,Black
13781,297,37,1,Sicilian Defense,1,White
14486,78,38,1,Sicilian Defense,1,Black
5880,446,57,1,Blackmar-Diemer Gambit,1,White
2975,525,41,1,King's Knight Opening,1,White
15067,139,54,1,Sicilian Defense,1,Black
7297,156,93,1,Scotch Game,1,White
17617,14,32,1,French Defense,2,White
2162,71,64,1,Sicilian Defense,1,White
15527,322,51,1,Blackmar-Diemer Gambit,1,White
19843,0,171,0,King's Pawn Game,1,White
8077,27,36,1,Queen's Gambit,1,Black
19474,32,123,1,Queen's Gambit,2,White
15017,161,43,1,Van't Kruijs Opening,1,White
3160,430,105,1,French Defense,1,White
9542,56,51,1,Bishop's Opening,1,White
6537,106,45,0,Four Knights Game,1,White
15133,356,72,1,King's Knight Opening,1,Black
10315,329,18,0,Robatsch (Modern) Defense,1,Black
10116,178,83,1,Zukertort Opening,1,White
10117,113,23,1,Zukertort Opening,2,Black
10119,55,35,1,Zukertort Opening,3,White
10124,23,39,1,Zukertort Opening,4,White
10126,122,47,1,Zukertort Opening,5,White
10129,292,25,1,Zukertort Opening,6,Black
10131,47,60,1,Zukertort Opening,7,White
10133,59,3,1,Zukertort Opening,8,White
10134,130,23,1,Zukertort Opening,9,White
10141,108,57,1,Zukertort Opening,10,White
12274,91,66,1,Horwitz Defense,1,Black
13519,402,54,1,Queen's Pawn Game,1,Black
17082,71,65,1,Sicilian Defense,1,White
6011,213,79,1,Slav Defense,1,White
9031,387,59,0,Sicilian Defense,1,White
6279,252,18,1,Italian Game,1,White
8242,58,40,1,Ruy Lopez,1,Black
17396,114,12,1,King's Pawn Game,1,Black
10995,60,56,1,Queen's Gambit,1,White
10996,191,37,1,Philidor Defense,2,Black
10998,250,36,1,King's Knight Opening,3,Black
10999,181,23,1,Scotch Game,4,White
11000,94,40,1,French Defense,5,Black
11001,22,85,1,Alekhine Defense,6,White
11002,440,48,1,Nimzowitsch Defense,7,White
11003,304,7,1,Scandinavian Defense,8,White
11004,244,35,1,Scotch Game,9,White
11005,163,19,1,Scotch Game,10,Black
11006,259,56,1,Scotch Game,11,White
11008,129,46,0,Scotch Game,12,Black
11009,256,65,1,Philidor Defense,13,White
11010,14,48,1,Sicilian Defense,14,Black
11011,10,25,1,Scotch Game,15,White
11012,373,39,1,Scotch Game,16,White
11013,216,177,1,Philidor Defense,17,Draw
11014,130,88,1,Sicilian Defense,18,Black
11015,49,53,1,French Defense,19,White
11016,9,16,1,King's Knight Opening,20,Black
11017,100,29,1,Nimzowitsch Defense,21,White
11018,150,28,1,Scotch Game,22,Black
11019,5,56,1,French Defense,23,Black
11020,52,73,1,Pirc Defense,24,Black
11021,144,70,1,Scotch Game,25,Black
11022,78,49,1,Scotch Game,26,White
11023,135,7,1,Scandinavian Defense,27,White
11024,61,44,1,Sicilian Defense,28,Black
11025,29,98,1,Scotch Game,29,Draw
11026,49,61,1,Petrov's Defense,30,Black
11027,221,50,1,King's Knight Opening,31,Black
11028,190,57,1,Scotch Game,32,White
11029,371,39,1,Nimzowitsch Defense,33,White
11030,273,42,1,Sicilian Defense,34,Black
11031,98,28,1,Philidor Defense,35,Black
18482,15,37,1,Blackmar-Diemer Gambit,1,White
12088,45,46,1,French Defense,1,Black
7941,166,46,1,Horwitz Defense,1,Black
289,27,62,1,English Opening,1,Black
16434,292,102,1,Van't Kruijs Opening,1,Black
8330,80,56,1,Ruy Lopez,1,Black
13957,29,59,1,Caro-Kann Defense,1,White
11805,431,25,0,Scotch Game,1,Black
19238,431,25,0,Scotch Game,2,Black
7558,10,93,1,Sicilian Defense,1,White
15852,157,57,1,Blackmar-Diemer Gambit,1,White
18177,56,119,1,Blackmar-Diemer Gambit,1,Draw
16086,3,89,1,Petrov's Defense,1,White
15095,21,27,1,Ruy Lopez,1,White
18186,66,60,1,French Defense,1,Black
18864,182,67,1,Sicilian Defense,1,White
13488,46,84,1,Caro-Kann Defense,1,Black
4010,52,41,1,King's Gambit,1,White
9428,64,84,0,Sicilian Defense,1,Black
4857,60,41,1,Old Indian,1,White
1022,0,66,0,Scotch Game,1,White
1024,0,129,0,Van't Kruijs Opening,2,Draw
2801,4,58,0,Blackmar-Diemer Gambit,1,Black
2803,4,38,0,Blackmar-Diemer Gambit,2,Black
5546,420,116,0,Sicilian Defense,1,Black
10946,12,122,1,Sicilian Defense,1,Draw
10444,208,13,1,Pirc Defense,1,White
14102,61,36,1,Caro-Kann Defense,1,Black
7640,237,69,1,French Defense,1,White
13801,219,113,1,Sicilian Defense,1,White
8193,261,42,1,Sicilian Defense,1,Black
10975,81,86,1,Sicilian Defense,1,Black
14794,34,14,0,Nimzowitsch Defense,2,White
9260,25,90,0,Center Game,1,Black
9264,85,63,0,King's Pawn Game,2,White
9265,57,69,1,Caro-Kann Defense,3,White
9267,17,68,1,Sicilian Defense,4,Draw
9268,168,47,1,French Defense,5,White
9271,152,51,1,Philidor Defense,6,White
9273,144,38,1,Center Game,7,Black
9275,164,48,1,Sicilian Defense,8,Black
9277,153,70,1,Center Game,9,Black
9279,88,66,0,Nimzowitsch Defense,10,Black
9281,385,28,0,Scandinavian Defense,11,White
9282,88,111,0,Pirc Defense,12,White
750,46,4,1,Indian Game,1,White
10154,87,59,1,King's Pawn Game,1,White
18412,110,38,1,King's Indian Defense,1,Black
18538,284,129,1,Queen's Gambit,2,White
10937,95,59,1,Sicilian Defense,1,White
17390,209,62,1,Horwitz Defense,1,Black
321,13,20,1,Van't Kruijs Opening,1,Black
4000,53,52,1,Queen's Gambit,1,Black
19723,2,65,1,Petrov's Defense,1,White
6884,499,103,1,Queen's Gambit,1,White
18630,499,103,1,Queen's Gambit,2,White
4615,48,89,1,Italian Game,1,White
7146,103,11,0,Pirc Defense,1,Black
12170,24,60,1,Van't Kruijs Opening,1,Black
490,292,60,1,French Defense,1,Black
5438,211,84,1,King's Indian Defense,1,Black
17238,63,49,1,Sicilian Defense,1,White
5318,86,69,1,Scotch Game,1,White
12736,37,2,1,French Defense,1,Black
858,120,42,1,English Opening,1,Black
860,139,70,1,Bird Opening,2,Black
12335,120,42,1,English Opening,3,Black
14691,71,46,1,Sicilian Defense,1,Black
14100,182,53,1,Caro-Kann Defense,1,White
11562,319,48,0,Sicilian Defense,1,Black
15032,52,42,1,Bogo-Indian Defense,1,Black
20016,52,42,1,Bogo-Indian Defense,2,Black
2697,119,41,1,King's Pawn Game,1,White
5693,79,125,1,French Defense,1,White
6544,19,80,1,Nimzowitsch Defense,1,Black
16408,442,11,1,Van't Kruijs Opening,1,Black
964,81,62,1,Queen's Gambit,1,Black
966,26,89,1,King's Knight Opening,2,Black
9642,197,75,1,Bishop's Opening,1,White
6251,560,86,0,Van't Kruijs Opening,1,White
8201,340,76,1,Van't Kruijs Opening,1,Black
7051,126,31,0,Van't Kruijs Opening,1,White
8412,162,58,1,King's Pawn Game,1,Black
13373,133,73,1,English Opening,1,White
8531,59,125,1,Sicilian Defense,1,White
13554,76,15,1,Caro-Kann Defense,1,White
1604,164,45,1,Blackmar-Diemer Gambit,1,White
19536,30,38,1,King's Gambit,1,Black
14383,33,36,1,Sicilian Defense,1,Black
2075,199,60,1,Center Game,1,Black
8695,77,4,1,Scotch Game,1,Black
2788,138,56,0,Zukertort Opening,1,Black
17488,180,72,1,French Defense,1,Black
17489,154,89,1,Sicilian Defense,2,White
6676,72,2,0,King's Pawn Game,1,Black
14630,11,127,1,Scotch Game,2,White
17497,41,66,1,Colle System,3,Black
7430,14,72,1,Van't Kruijs Opening,1,Black
14334,32,111,1,Bird Opening,1,White
4317,329,69,0,Alekhine Defense,1,White
1498,100,129,1,Zukertort Opening,1,White
7921,65,52,1,French Defense,1,Black
7924,103,55,1,Sicilian Defense,2,White
7925,17,86,1,French Defense,3,Black
7927,85,70,1,French Defense,4,Black
7928,297,41,1,Scandinavian Defense,5,White
7929,378,50,0,Italian Game,6,Draw
7934,64,29,1,Italian Game,7,Draw
7935,30,40,1,Italian Game,8,White
7936,19,65,1,Scotch Game,9,Black
7940,43,23,1,Scotch Game,10,White
7942,299,40,0,Italian Game,11,Black
7944,299,33,0,Philidor Defense,12,White
7945,5,45,1,Caro-Kann Defense,13,White
7948,719,56,0,Caro-Kann Defense,14,Black
7950,41,60,0,Italian Game,15,White
7951,102,67,0,Petrov's Defense,16,White
7955,114,120,1,Philidor Defense,17,Black
3581,115,41,1,Horwitz Defense,1,White
14439,69,129,1,Italian Game,1,White
17078,54,33,1,Nimzowitsch Defense,1,White
9527,175,37,1,Indian Game,1,Black
14896,295,117,1,Van't Kruijs Opening,1,Draw
17675,455,37,1,Sicilian Defense,1,White
17677,529,35,1,Sicilian Defense,2,White
17681,70,55,1,Sicilian Defense,3,White
6197,17,143,1,French Defense,1,White
6806,59,83,1,Blackmar-Diemer Gambit,1,White
5157,67,43,1,English Opening,1,White
5159,24,59,1,English Opening,2,White
16812,236,17,1,Sicilian Defense,1,White
7804,112,22,1,French Defense,1,Black
4996,63,57,1,Dutch Defense,1,White
3486,44,40,0,Nimzowitsch Defense,1,Black
3541,219,28,0,Van't Kruijs Opening,2,Black
16353,44,40,0,Nimzowitsch Defense,3,Black
18905,33,50,1,Pirc Defense,1,Black
7343,10,69,0,Vienna Game,1,White
6173,361,68,1,French Defense,1,Black
5760,98,96,0,Philidor Defense,1,Black
4591,441,59,1,Queen's Gambit,1,White
41,229,32,0,Sicilian Defense,1,Draw
6600,479,23,1,Vienna Game,1,White
967,81,119,1,Sicilian Defense,1,White
18463,10,62,1,Four Knights Game,2,Black
4175,409,91,1,King's Pawn Game,1,White
1100,74,26,1,French Defense,1,Black
8488,404,39,1,Nimzo-Larsen Attack,1,Black
7662,126,14,1,French Defense,1,Draw
13251,131,77,1,English Opening,1,White
13252,322,53,1,King's Indian Attack,2,White
13254,195,93,1,King's Indian Attack,3,White
10311,0,19,0,King's Knight Opening,1,White
10312,217,33,0,Ruy Lopez,2,Draw
10314,228,49,0,Zukertort Opening,3,White
10316,219,25,0,Van't Kruijs Opening,4,White
1209,27,62,1,Van't Kruijs Opening,1,Black
19640,101,62,0,Van't Kruijs Opening,2,Black
19627,188,44,0,Indian Game,1,Black
1601,73,49,1,King's Pawn Game,1,White
8728,19,63,1,Indian Game,1,White
713,33,54,1,Queen's Gambit,1,Black
717,3,51,1,Semi-Slav Defense,2,White
718,374,62,1,Italian Game,3,Black
720,9,79,1,Caro-Kann Defense,4,White
721,12,32,1,Queen's Pawn Game,5,Black
12199,119,16,1,Philidor Defense,6,Black
12200,62,44,1,Queen's Gambit,7,Black
12201,33,54,1,Queen's Gambit,8,Black
12205,3,51,1,Semi-Slav Defense,9,White
12206,374,62,1,Italian Game,10,Black
12208,9,79,1,Caro-Kann Defense,11,White
12209,12,32,1,Queen's Pawn Game,12,Black
1125,218,80,1,Benoni Defense,1,Black
6964,166,54,0,Ruy Lopez,2,Black
6966,166,50,0,Ruy Lopez,3,Black
6968,166,50,0,Nimzo-Indian Defense,4,Black
15374,86,37,1,Sicilian Defense,1,White
15375,54,53,1,Ruy Lopez,2,White
15378,11,109,1,Ruy Lopez,3,Draw
15380,59,43,1,Alekhine Defense,4,White
1710,259,101,1,Bishop's Opening,1,White
19515,128,68,1,Scotch Game,2,Black
16380,44,100,1,Petrov's Defense,1,Black
8198,21,66,1,Sicilian Defense,1,Black
16231,451,31,0,Queen's Gambit,1,White
16233,516,23,0,Queen's Gambit,2,White
16235,451,27,0,Horwitz Defense,3,White
16236,76,54,0,Indian Game,4,Black
16237,103,51,0,Dutch Defense,5,Black
16239,272,29,0,Queen's Gambit,6,White
16241,438,97,0,Slav Defense,7,White
16243,476,73,0,Queen's Gambit,8,White
693,168,89,1,Horwitz Defense,1,White
6020,396,70,1,Blackmar-Diemer Gambit,2,Black
12582,52,92,1,King's Pawn Game,1,Black
7271,255,128,1,Nimzowitsch Defense,1,Black
701,53,49,1,Nimzowitsch Defense,1,White
2653,33,43,1,Italian Game,1,White
2654,14,33,1,French Defense,2,White
2657,48,38,1,Petrov's Defense,3,White
2658,94,75,1,Scandinavian Defense,4,White
2659,250,32,0,Ruy Lopez,5,Black
18728,239,55,1,Pirc Defense,1,Black
5201,274,121,1,Alekhine Defense,1,White
12606,4,52,1,Four Knights Game,1,Black
4685,0,51,0,Sicilian Defense,1,White
4687,0,35,0,Ruy Lopez,2,White
4689,0,11,0,Ruy Lopez,3,White
11656,16,119,0,Queen's Pawn Game,1,White
11657,16,49,0,Van't Kruijs Opening,2,White
11660,52,67,1,Blackmar-Diemer Gambit,3,White
7339,5,67,1,Sicilian Defense,1,White
7642,542,34,1,Center Game,1,Black
7647,32,27,1,Blackmar-Diemer Gambit,2,White
7649,610,26,1,Queen's Pawn Game,3,Black
7650,73,55,1,English Opening,4,White
7652,5,4,0,Queen's Pawn Game,5,Draw
8146,240,58,1,Philidor Defense,1,Black
7552,44,98,1,Ruy Lopez,1,Black
7555,19,100,1,French Defense,2,Black
7557,63,77,1,Sicilian Defense,3,White
7559,43,68,1,Sicilian Defense,4,Draw
7562,3,55,1,Alekhine Defense,5,White
7564,82,52,1,Sicilian Defense,6,Black
4504,40,110,1,Nimzowitsch Defense,1,Black
55,359,8,1,Zukertort Opening,1,White
5426,41,120,1,Philidor Defense,1,Black
18330,41,120,1,Philidor Defense,2,Black
5932,109,56,1,King's Pawn Game,1,Black
5934,206,49,1,King's Knight Opening,2,White
3897,52,5,0,King's Knight Opening,1,White
3898,194,41,0,Sicilian Defense,2,White
3900,132,30,1,Van't Kruijs Opening,3,Black
3901,212,153,1,French Defense,4,Black
3905,46,56,1,King's Pawn Game,5,Black
3013,406,60,1,Queen's Pawn Game,1,Black
12740,274,131,1,Queen's Pawn,1,White
13533,298,62,1,Ruy Lopez,1,Black
8453,7,103,0,French Defense,1,White
8455,170,76,0,Philidor Defense,2,Black
8458,22,68,1,Four Knights Game,3,Black
8462,89,44,0,King's Knight Opening,4,Black
8464,76,75,1,French Defense,5,Draw
19603,117,32,1,London System,1,Black
1744,237,69,1,Vienna Game,1,Black
7520,378,23,1,King's Gambit,1,White
6203,292,25,1,Petrov's Defense,1,Black
14962,33,113,1,French Defense,1,Black
14964,145,43,1,Sicilian Defense,2,White
14966,300,138,1,Italian Game,3,Black
14967,16,47,1,Italian Game,4,White
14970,68,49,1,Italian Game,5,White
14971,4,33,1,Italian Game,6,Black
14973,41,41,1,Sicilian Defense,7,White
14974,7,55,1,Italian Game,8,White
14977,179,24,1,Italian Game,9,Black
14980,63,72,1,Queen's Gambit,10,Black
14985,81,31,1,Dutch Defense,11,Black
14987,126,28,1,Semi-Slav Defense,12,Black
14990,101,20,1,Queen's Gambit,13,Black
14994,81,42,1,King's Knight Opening,14,Black
14997,10,61,1,Queen's Gambit,15,White
14998,23,60,1,Indian Game,16,Black
14999,49,36,1,Queen's Gambit,17,Black
15003,110,74,1,Sicilian Defense,18,Black
15004,58,124,1,French Defense,19,Black
14199,251,95,0,Zukertort Opening,1,White
4028,296,39,1,French Defense,1,White
4031,18,32,1,King's Knight Opening,2,Black
19436,49,74,1,Sicilian Defense,1,Black
1906,65,62,1,Italian Game,1,Black
805,124,77,1,Scotch Game,1,Black
12240,124,77,1,Scotch Game,2,Black
15210,409,31,0,Nimzowitsch Defense,1,White
5773,548,104,0,Van't Kruijs Opening,1,Black
5775,548,5,0,Alekhine Defense,2,White
5776,548,26,0,Indian Game,3,Black
561,219,45,1,Four Knights Game,1,White
2946,381,46,0,Sicilian Defense,2,Black
14202,95,86,1,Alekhine Defense,1,Black
15426,390,43,1,Blackmar-Diemer Gambit,1,White
15851,11,62,1,Caro-Kann Defense,1,White
9135,148,30,1,Ruy Lopez,1,Black
9138,153,71,1,Ruy Lopez,2,White
9139,134,29,1,Ruy Lopez,3,White
9140,320,115,1,Scotch Game,4,White
9142,311,36,1,Ruy Lopez,5,Black
9143,215,55,1,Sicilian Defense,6,Black
9145,70,52,1,Philidor Defense,7,Black
9147,113,36,1,French Defense,8,Black
9149,119,50,1,Nimzowitsch Defense,9,Black
9150,307,34,1,Philidor Defense,10,Black
9151,6,30,1,Petrov's Defense,11,Black
9154,160,22,1,Sicilian Defense,12,Black
9158,92,99,1,Scandinavian Defense,13,White
9160,118,78,1,Scotch Game,14,Black
9161,135,81,1,Nimzowitsch Defense,15,Black
9162,84,115,1,Philidor Defense,16,White
9165,160,54,1,French Defense,17,Black
16192,255,52,1,Queen's Pawn Game,1,Black
15349,379,91,1,Queen's Gambit,1,White
9505,128,75,0,Zukertort Opening,1,White
2061,36,86,1,Queen's Pawn Game,1,Black
59,163,44,1,Scotch Game,1,Black
9003,373,77,0,Bird Opening,1,White
11083,82,46,1,King's Knight Opening,1,Black
17782,64,77,1,Van't Kruijs Opening,1,White
19761,42,42,1,Pirc Defense,2,Black
16360,63,31,1,French Defense,1,Black
14931,148,28,1,Scotch Game,1,Black
14754,76,13,1,Indian Game,1,Black
2209,208,137,1,Scandinavian Defense,1,White
13329,142,96,1,Van't Kruijs Opening,1,Black
19825,194,44,0,Slav Defense,1,Black
12824,57,124,1,French Defense,1,Black
7821,450,73,1,French Defense,1,White
7823,434,60,1,French Defense,2,Black
14315,454,52,1,Queen's Gambit,1,Black
19301,128,127,1,Queen's Gambit,2,White
7031,43,86,1,Sicilian Defense,1,Black
17827,48,9,1,Queen's Gambit,1,White
9617,921,2,1,Nimzo-Larsen Attack,1,Black
9620,827,2,1,Nimzo-Larsen Attack,2,Black
9623,814,2,1,Nimzo-Larsen Attack,3,Black
2572,16,50,1,Sicilian Defense,1,Black
9266,330,103,1,Petrov's Defense,1,White
14899,108,24,1,Van't Kruijs Opening,1,Draw
9082,304,5,0,Van't Kruijs Opening,1,White
5647,158,111,0,Nimzo-Indian Defense,1,White
9555,132,66,0,Van't Kruijs Opening,1,Black
18423,54,51,1,Sicilian Defense,1,White
8148,126,49,1,Horwitz Defense,1,White
7763,145,13,1,Scotch Game,1,Black
7766,169,58,1,French Defense,2,Black
7768,207,21,1,Four Knights Game,3,Black
7769,323,14,1,Four Knights Game,4,Black
7770,416,45,1,Italian Game,5,Black
7773,32,27,1,King's Knight Opening,6,Black
7775,524,49,1,Four Knights Game,7,White
7777,250,28,1,King's Gambit,8,Black
7780,187,48,0,Scandinavian Defense,9,Black
7783,111,69,1,French Defense,10,White
5818,186,27,1,Pirc Defense,1,White
3964,7,42,1,Blackmar-Diemer Gambit,1,Black
10867,6,49,1,Van't Kruijs Opening,1,White
202,201,59,1,Ruy Lopez,1,White
11429,201,59,1,Ruy Lopez,2,White
13756,201,59,1,Ruy Lopez,3,White
19077,201,59,1,Ruy Lopez,4,White
7156,305,17,1,Philidor Defense,1,White
8662,286,17,1,Italian Game,2,White
9164,336,32,1,Sicilian Defense,1,Black
5518,294,36,1,Sicilian Defense,1,Black
17427,201,31,1,Queen's Gambit,1,White
18096,33,88,1,Sicilian Defense,1,Black
10942,66,88,1,Sicilian Defense,1,Black
4678,798,36,1,Philidor Defense,1,Black
4679,471,28,1,Scandinavian Defense,2,Black
4681,658,63,1,Nimzowitsch Defense,3,Black
4682,490,22,1,Sicilian Defense,4,Black
4683,514,57,1,Italian Game,5,Black
4297,503,38,0,Queen's Pawn Game,1,Black
4304,448,60,0,French Defense,2,Black
4306,448,20,0,Bishop's Opening,3,Black
4307,448,14,0,Zukertort Opening,4,Black
12600,22,47,1,Ruy Lopez,1,White
10758,138,56,0,Italian Game,1,Black
13375,76,20,1,French Defense,1,Black
9731,393,63,1,King's Gambit,1,White
15075,146,68,1,Sicilian Defense,1,Black
5215,197,25,0,Bird Opening,1,White
7946,91,116,1,Slav Defense,1,Black
4414,142,112,1,Pirc Defense,1,Black
6414,218,34,1,Queen's Gambit,2,Black
7397,202,13,0,King's Pawn Game,1,Black
2828,0,78,0,King's Pawn Game,1,Black
5712,64,92,1,French Defense,1,Black
8551,37,95,1,Nimzo-Indian Defense,2,White
19991,41,142,1,Pirc Defense,1,Black
5829,162,16,1,King's Gambit,1,Black
9189,96,58,1,King's Pawn Game,1,Black
9190,78,74,1,Sicilian Defense,2,Black
9192,10,85,1,Caro-Kann Defense,3,White
9197,16,45,1,Four Knights Game,4,White
9201,10,119,1,French Defense,5,White
9202,238,79,1,Scotch Game,6,White
9205,175,114,1,Four Knights Game,7,Black
19427,215,59,0,Sicilian Defense,1,White
15607,159,101,1,Sicilian Defense,1,White
15269,29,74,1,Queen's Pawn Game,1,Black
12855,150,30,0,Sicilian Defense,1,White
13619,254,130,0,Sicilian Defense,2,Black
9166,409,18,0,Philidor Defense,1,White
9168,285,11,0,Ruy Lopez,2,White
9169,188,96,0,Ruy Lopez,3,Black
16404,114,37,1,Ruy Lopez,1,White
15070,220,54,1,Sicilian Defense,1,Black
8901,233,39,1,Robatsch (Modern) Defense,1,White
6071,50,61,1,Queen's Gambit,1,White
11203,283,99,1,Horwitz Defense,1,White
12428,533,41,0,Blackmar-Diemer Gambit,1,White
12429,466,75,0,Horwitz Defense,2,White
12430,533,59,0,Blackmar-Diemer Gambit,3,White
10473,16,68,1,Van't Kruijs Opening,1,Black
18957,177,115,1,Indian Game,1,Draw
4119,40,48,1,King's Pawn Game,1,Black
4120,49,7,1,Sicilian Defense,2,White
19610,263,47,1,Indian Game,1,White
4907,107,25,1,Sicilian Defense,1,Black
14116,48,69,1,Scotch Game,1,White
14117,83,57,1,Nimzowitsch Defense,2,Draw
14119,0,86,1,French Defense,3,Black
5873,42,62,1,King's Pawn Game,1,Black
13134,29,38,1,Philidor Defense,1,Black
13136,169,35,0,Italian Game,2,White
4623,137,30,0,Sicilian Defense,1,White
4625,366,2,0,King's Pawn Game,2,White
4627,356,39,0,Sicilian Defense,3,White
4628,400,38,0,Philidor Defense,4,Black
4631,310,9,0,Sicilian Defense,5,White
4633,366,19,0,King's Knight Opening,6,White
4634,428,13,0,Italian Game,7,White
4636,366,81,0,Petrov's Defense,8,White
4639,370,69,0,Sicilian Defense,9,White
4641,352,31,0,Italian Game,10,White
1207,45,120,1,Benoni Defense,1,Black
15703,13,69,1,Horwitz Defense,1,White
13651,136,45,1,Scandinavian Defense,1,White
13652,99,49,1,Scandinavian Defense,2,White
13823,54,45,0,Queen's Gambit,1,White
8676,333,69,1,Sicilian Defense,1,White
18948,266,102,1,Italian Game,2,Black
18100,7,34,1,French Defense,1,Black
18101,82,110,0,Scandinavian Defense,2,Draw
11577,331,30,1,Blackmar-Diemer Gambit,1,Black
5100,156,16,1,Queen's Gambit,1,Black
10796,193,53,1,Indian Game,2,White
13305,15,45,1,Queen's Pawn Game,3,White
17154,71,54,1,Horwitz Defense,4,Black
11679,64,45,1,Blackmar-Diemer Gambit,1,White
19971,53,73,1,Sicilian Defense,1,White
10724,71,19,1,Slav Defense,1,White
15625,274,209,1,Philidor Defense,1,White
4141,68,32,1,Sicilian Defense,1,Black
6013,187,41,1,King's Knight Opening,1,White
6980,834,70,1,Scandinavian Defense,1,Black
5135,308,36,0,Van't Kruijs Opening,1,Black
356,276,111,1,Scotch Game,1,White
11070,42,45,1,King's Knight Opening,1,White
3099,330,103,1,Robatsch (Modern) Defense,1,White
19729,333,52,0,Sicilian Defense,1,Black
16116,2,72,1,Vienna Game,1,Black
2132,342,23,0,Bird Opening,1,White
17861,733,44,1,Van't Kruijs Opening,1,Black
12710,65,58,1,French Defense,1,Black
6381,54,87,1,Indian Game,1,White
14856,299,72,1,Van't Kruijs Opening,1,Black
17679,274,42,1,Petrov's Defense,1,Black
11069,86,75,1,Caro-Kann Defense,1,Black
12815,0,62,1,French Defense,1,Black
1436,91,125,0,Philidor Defense,1,White
3832,177,59,0,Sicilian Defense,1,White
10850,14,39,1,Italian Game,1,White
16154,113,88,0,Robatsch (Modern) Defense,1,Black
16159,160,52,1,Center Game,2,Black
16160,171,33,0,Scandinavian Defense,3,White
16165,128,15,1,Center Game,4,White
16167,6,66,1,Queen's Pawn Game,5,White
16169,43,32,1,Sicilian Defense,6,Black
16174,15,83,1,Center Game,7,White
16176,37,69,1,French Defense,8,White
16177,156,51,1,Center Game,9,White
16179,96,33,1,Center Game,10,White
16182,169,95,1,Queen's Gambit,11,White
16185,98,88,1,Queen's Gambit,12,Black
5071,76,25,0,Four Knights Game,1,White
16847,6,58,1,King's Pawn Game,1,Black
882,598,38,0,Blackmar-Diemer Gambit,1,Black
18856,122,24,1,Slav Defense,1,Black
6731,130,57,1,Nimzowitsch Defense,1,White
12115,74,87,1,Bishop's Opening,1,White
16210,100,128,1,Petrov's Defense,1,Black
15219,45,51,1,Benoni Defense,1,White
15220,24,103,1,Queen's Gambit,2,White
15222,154,96,1,Slav Defense,3,Black
15225,11,64,1,Horwitz Defense,4,Black
15229,63,57,1,King's Indian Defense,5,White
15231,102,36,1,Queen's Gambit,6,White
15232,53,79,1,King's Indian Defense,7,White
15234,347,58,1,Queen's Gambit,8,Black
15236,69,48,1,King's Indian Defense,9,Black
15237,62,75,1,Queen's Pawn,10,White
15239,8,69,1,King's Indian Defense,11,White
15242,47,74,1,King's Indian Defense,12,Black
15244,547,88,1,Queen's Gambit,13,Black
15245,44,40,1,Gruenfeld Defense,14,Black
15247,298,81,1,Slav Defense,15,White
15249,378,37,1,Dutch Defense,16,White
15252,38,80,1,King's Indian Defense,17,Black
15253,411,95,1,Horwitz Defense,18,White
15256,33,54,1,Queen's Indian Defense,19,Black
15259,128,39,1,Horwitz Defense,20,White
15261,341,63,1,Queen's Gambit,21,White
15262,163,63,1,Horwitz Defense,22,White
15263,477,59,1,Horwitz Defense,23,White
15265,207,28,1,King's Indian Defense,24,Black
12751,666,29,0,Scandinavian Defense,1,White
13989,13,47,1,Philidor Defense,1,Black
1895,430,33,1,King's Gambit,1,White
7382,91,55,1,French Defense,1,White
7384,166,79,0,Four Knights Game,2,White
17647,102,70,0,French Defense,1,Black
19895,468,54,1,Bishop's Opening,1,Black
9606,77,71,1,Sicilian Defense,1,White
9608,428,68,1,Center Game,2,Black
9609,184,2,1,Scandinavian Defense,3,Black
9610,23,4,1,Bird Opening,4,Black
9611,659,2,1,Scandinavian Defense,5,Black
9615,165,23,1,Four Knights Game,6,White
3881,18,52,1,Van't Kruijs Opening,1,Black
2354,97,47,1,Pirc Defense,1,White
2355,78,30,1,Pirc Defense,2,Black
6909,120,63,0,Sicilian Defense,1,White
13813,103,49,1,Dutch Defense,1,Black
4026,25,85,0,Zukertort Opening,1,White
15678,83,41,1,Blackmar-Diemer Gambit,1,White
2717,50,39,1,French Defense,1,White
15548,147,55,1,Bishop's Opening,1,White
8149,210,54,1,French Defense,1,Black
8150,34,67,1,Nimzowitsch Defense,2,White
8153,80,91,1,King's Pawn Game,3,White
8154,78,30,1,Nimzowitsch Defense,4,Black
8156,38,66,1,Sicilian Defense,5,Black
8157,208,78,0,Philidor Defense,6,Black
8158,16,62,1,Sicilian Defense,7,Black
8160,17,75,1,Sicilian Defense,8,White
8161,84,56,0,Ruy Lopez,9,Black
3782,143,111,1,Indian Game,1,White
18398,341,63,1,Italian Game,1,White
3241,179,22,0,Vienna Game,1,Black
10030,367,38,0,Horwitz Defense,1,White
3989,372,101,1,Queen's Gambit,1,White
3990,367,40,1,Queen's Gambit,2,White
3991,360,46,1,Tarrasch Defense,3,White
10220,157,47,1,English Opening,1,White
504,33,41,1,Sicilian Defense,1,White
16246,164,81,0,Four Knights Game,1,White
16215,11,53,1,Petrov's Defense,1,White
2026,468,13,1,King's Gambit,1,White
17768,407,63,1,King's Gambit,2,White
19899,146,71,1,King's Gambit,3,White
9048,41,69,1,Pirc Defense,1,White
9050,55,66,1,English Opening,2,Black
17780,197,38,1,French Defense,1,Black
14132,4,54,1,Ruy Lopez,1,Black
14134,29,46,1,Ruy Lopez,2,Draw
14135,31,60,1,Ruy Lopez,3,Black
14136,25,67,1,Ruy Lopez,4,White
14139,23,76,1,King's Knight Opening,5,Black
14142,181,48,1,Philidor Defense,6,White
14143,16,52,1,Ruy Lopez,7,Black
14145,44,36,1,Philidor Defense,8,Black
14148,127,36,1,Scandinavian Defense,9,Black
14150,372,70,0,Petrov's Defense,10,Black
14153,92,19,1,King's Knight Opening,11,White
14155,24,68,1,Nimzowitsch Defense,12,Black
14156,1,68,1,Four Knights Game,13,Black
14158,175,56,1,Caro-Kann Defense,14,Black
14160,19,65,1,Nimzowitsch Defense,15,White
14161,10,47,1,Philidor Defense,16,White
15669,99,56,1,Sicilian Defense,1,Black
1093,50,74,0,Scotch Game,1,Black
1094,95,33,1,Scandinavian Defense,2,White
1096,188,85,1,King's Knight Opening,3,White
5774,548,11,0,Pirc Defense,1,White
12124,2,75,1,Scotch Game,1,White
14656,107,144,1,Sicilian Defense,2,Black
12714,23,90,1,Scotch Game,1,Black
12715,9,69,1,Nimzowitsch Defense,2,White
8361,167,44,0,King's Indian Defense,1,Black
8363,228,60,1,Nimzo-Indian Defense,2,Black
8365,194,119,1,English Opening,3,White
8366,397,25,1,Italian Game,4,White
8367,698,39,1,English Opening,5,White
8371,321,46,1,Sicilian Defense,6,White
8373,632,101,1,English Opening,7,White
8376,237,39,1,King's Gambit,8,White
8379,380,83,1,Nimzowitsch Defense,9,White
8380,840,7,1,Scandinavian Defense,10,White
8383,453,52,1,English Opening,11,Black
8385,657,49,1,French Defense,12,White
8386,597,3,1,King's Knight Opening,13,White
8388,384,122,1,English Opening,14,Draw
8390,225,7,1,English Opening,15,White
8392,245,54,1,English Opening,16,White
8394,95,49,1,English Opening,17,White
8396,412,37,1,Caro-Kann Defense,18,White
12976,13,44,1,Italian Game,1,Black
12977,25,40,1,Queen's Gambit,2,Black
12980,40,28,1,King's Knight Opening,3,Black
12982,277,56,1,Sicilian Defense,4,Black
12984,487,51,1,Queen's Gambit,5,White
12985,147,20,1,Italian Game,6,Black
12986,277,57,1,Sicilian Defense,7,White
12988,0,43,1,Philidor Defense,8,White
12992,88,42,1,Scandinavian Defense,9,Black
12994,176,152,1,Sicilian Defense,10,Draw
12995,309,34,1,Sicilian Defense,11,Black
12998,107,73,1,Slav Defense,12,Black
13001,546,84,1,Benoni Defense,13,Black
13002,270,57,1,Italian Game,14,White
13003,12,106,1,Ruy Lopez,15,Black
13005,129,107,1,Italian Game,16,White
13006,12,118,1,Caro-Kann Defense,17,Black
13008,15,101,1,King's Indian Defense,18,White
13013,93,100,1,Italian Game,19,Black
13014,424,30,1,Robatsch (Modern) Defense,20,Black
13016,274,42,1,Queen's Gambit,21,Black
14924,95,83,1,Ruy Lopez,1,White
8661,497,54,1,Dutch Defense,1,Black
18597,33,40,1,Italian Game,1,Black
10713,58,63,1,King's Pawn Game,1,White
13321,83,93,1,Scotch Game,1,White
4248,401,39,0,King's Pawn Game,1,White
18970,167,74,1,Sicilian Defense,1,Black
5488,111,58,1,Robatsch (Modern) Defense,1,Black
5491,233,124,0,King's Pawn Game,2,Black
5492,92,30,0,King's Pawn Game,3,White
5494,63,92,0,Nimzowitsch Defense,4,White
16830,70,115,1,Philidor Defense,1,White
8909,262,48,1,Van't Kruijs Opening,1,Black
15264,76,122,1,Caro-Kann Defense,1,Draw
5014,211,24,1,Italian Game,1,Black
15890,133,34,1,Yusupov-Rubinstein System,1,Black
5633,137,55,0,French Defense,1,White
9276,40,40,1,Bishop's Opening,1,Black
17093,28,88,1,Sicilian Defense,1,Draw
8777,61,58,1,Philidor Defense,1,Black
1814,462,124,0,King's Pawn Game,1,Black
7561,20,71,1,Sicilian Defense,1,White
11971,77,55,1,Scotch Game,1,White
18245,40,117,1,Pirc Defense,2,White
8763,103,51,1,Philidor Defense,1,White
9367,76,79,1,Nimzowitsch Defense,1,White
8792,56,40,1,Vienna Game,1,Black
8793,37,23,1,Philidor Defense,2,White
6843,34,79,1,Queen's Pawn,1,White
16512,101,30,1,Sicilian Defense,1,White
16513,152,48,1,Philidor Defense,2,Black
16515,170,42,1,Scotch Game,3,Black
16517,143,29,1,Philidor Defense,4,White
16519,160,78,1,Sicilian Defense,5,Black
2110,16,75,0,Blackmar-Diemer Gambit,1,Black
10008,241,103,1,Slav Defense,1,White
4247,76,56,1,Nimzowitsch Defense,1,Black
11783,88,33,1,Sicilian Defense,1,White
5213,168,36,0,Sicilian Defense,1,Draw
7103,152,115,1,Italian Game,1,White
11703,770,58,0,Slav Defense,1,Black
19326,770,58,0,Slav Defense,2,Black
18298,179,25,1,King's Pawn Game,1,White
13428,69,37,1,Sicilian Defense,1,White
19736,320,69,1,Queen's Pawn Game,1,White
10550,136,79,1,French Defense,1,White
11259,136,79,1,French Defense,2,White
16456,220,68,1,Pirc Defense,1,Black
13092,266,69,1,Yusupov-Rubinstein System,1,White
7448,1,81,1,Philidor Defense,1,White
15954,109,70,1,Scotch Game,2,Black
15956,77,42,1,Italian Game,3,Black
9658,389,39,1,Italian Game,1,White
4897,168,63,0,Pirc Defense,1,White
14107,5,111,1,Scotch Game,1,White
16309,25,32,1,Philidor Defense,1,Black
16310,178,23,1,Pirc Defense,2,White
16312,463,96,1,Caro-Kann Defense,3,Black
16314,304,94,1,Ruy Lopez,4,Black
16315,179,47,1,Scotch Game,5,Black
16318,282,77,1,Philidor Defense,6,White
8757,319,26,1,Van't Kruijs Opening,1,Black
5938,158,21,0,English Opening,1,White
14056,30,139,1,Pirc Defense,1,White
14207,537,12,1,French Defense,1,White
14208,535,108,0,Sicilian Defense,2,Black
14209,625,48,0,Sicilian Defense,3,Black
14211,395,52,1,French Defense,4,Black
11510,30,92,1,Petrov's Defense,1,Black
19258,30,92,1,Petrov's Defense,2,Black
5129,146,46,1,Blackmar-Diemer Gambit,1,White
6744,64,82,1,French Defense,1,Black
4006,87,149,1,Bird Opening,1,White
4165,60,70,1,Caro-Kann Defense,1,Black
2778,62,52,1,Petrov's Defense,1,Black
17381,73,19,1,Italian Game,1,White
17383,114,83,1,Petrov's Defense,2,White
17384,204,85,1,Italian Game,3,White
17386,189,79,1,Caro-Kann Defense,4,White
17387,319,74,1,Italian Game,5,Black
17389,203,101,0,Ruy Lopez,6,White
17391,3,65,1,Italian Game,7,White
17395,16,73,1,Four Knights Game,8,White
5462,549,7,1,Nimzowitsch Defense,1,White
5463,541,7,1,Nimzowitsch Defense,2,White
5465,469,7,1,Nimzowitsch Defense,3,White
4595,151,4,1,King's Pawn Game,1,Black
9579,271,25,1,Scandinavian Defense,1,White
16124,137,34,1,Petrov's Defense,1,Black
17141,156,16,1,Sicilian Defense,2,Black
17142,30,56,1,Scotch Game,3,Black
17143,73,90,1,Robatsch (Modern) Defense,4,Black
17146,3,115,1,Scandinavian Defense,5,Draw
17147,130,85,1,Scotch Game,6,White
17149,121,212,1,Sicilian Defense,7,Draw
17151,20,32,1,Sicilian Defense,8,Black
17156,162,42,1,King's Knight Opening,9,Black
17157,38,129,1,Sicilian Defense,10,White
17159,154,33,0,Sicilian Defense,11,Black
17161,46,36,0,Scotch Game,12,Black
17163,96,57,0,Scotch Game,13,White
17164,13,120,0,Scotch Game,14,Black
17166,15,41,1,Scotch Game,15,White
17170,108,30,1,Philidor Defense,16,Black
17171,42,114,1,Sicilian Defense,17,Black
17173,117,133,1,Scotch Game,18,Draw
17175,143,65,1,French Defense,19,White
17177,76,127,1,Nimzowitsch Defense,20,White
17179,180,32,1,Scotch Game,21,Black
17182,169,20,1,French Defense,22,Black
17184,2,28,1,Scotch Game,23,Black
17185,58,77,1,Scotch Game,24,Black
17186,81,36,1,Four Knights Game,25,Black
16854,114,47,1,Italian Game,1,White
8288,171,105,1,Sicilian Defense,1,White
15975,143,49,1,Sicilian Defense,1,White
10177,249,80,1,Dutch Defense,1,Black
16147,68,46,1,French Defense,1,Black
4861,408,31,1,Van't Kruijs Opening,1,White
15614,201,33,1,Queen's Pawn Game,1,White
18930,69,111,1,Dutch Defense,1,White
19538,95,58,1,Ruy Lopez,1,Black
10283,640,47,1,Philidor Defense,1,White
10285,433,35,1,Ruy Lopez,2,Black
10286,138,65,1,Sicilian Defense,3,White
10288,500,79,1,Robatsch (Modern) Defense,4,White
10290,303,66,1,Sicilian Defense,5,Black
10292,569,50,0,Ruy Lopez,6,Black
9576,480,17,1,Ruy Lopez,1,White
3958,230,61,1,Four Knights Game,1,White
10273,545,53,1,Nimzowitsch Defense,1,White
833,321,66,0,Blackmar-Diemer Gambit,1,Black
12310,321,66,0,Blackmar-Diemer Gambit,2,Black
8656,91,44,1,Van't Kruijs Opening,1,Black
9605,130,45,1,Nimzo-Larsen Attack,1,White
7653,9,26,0,Alekhine Defense,1,White
7380,211,11,1,Ruy Lopez,1,White
13133,49,57,1,Van't Kruijs Opening,1,White
7381,43,21,1,Petrov's Defense,1,White
17933,3,42,1,Ruy Lopez,1,Black
6260,159,82,1,Queen's Gambit,1,Black
9456,482,37,1,Van't Kruijs Opening,1,White
19823,0,42,0,Italian Game,1,Black
19826,0,145,0,Italian Game,2,Draw
19828,114,14,0,Petrov's Defense,3,Black
19829,0,68,0,Italian Game,4,Black
19832,0,57,0,Philidor Defense,5,White
19834,166,41,0,Philidor Defense,6,White
19835,95,37,0,King's Knight Opening,7,Draw
19836,0,45,0,Sicilian Defense,8,White
19840,270,60,0,Italian Game,9,Draw
19842,0,66,0,French Defense,10,Black
19844,271,3,0,King's Knight Opening,11,White
19845,0,126,0,Italian Game,12,Black
19847,0,49,0,King's Knight Opening,13,Black
19850,0,66,0,Petrov's Defense,14,Black
19851,322,59,0,Sicilian Defense,15,White
19852,0,98,0,Philidor Defense,16,Black
19854,405,43,0,Sicilian Defense,17,White
19855,51,29,0,Sicilian Defense,18,White
19856,0,30,0,French Defense,19,Black
19857,460,54,0,Philidor Defense,20,Draw
19861,57,59,0,Caro-Kann Defense,21,White
19864,142,11,0,Petrov's Defense,22,White
19865,0,98,0,French Defense,23,Black
19866,356,31,0,Italian Game,24,Draw
12484,173,76,1,Sicilian Defense,1,Black
18953,8,69,1,Sicilian Defense,2,Draw
16450,196,41,1,Pirc Defense,1,White
19410,230,34,1,Italian Game,1,White
10627,161,24,1,King's Pawn Game,1,Black
6102,179,164,1,King's Pawn Game,1,Black
4553,535,46,0,Nimzo-Indian Defense,1,Black
10500,189,57,1,Blackmar-Diemer Gambit,1,White
10612,397,39,1,Pirc Defense,2,White
12617,178,41,0,Horwitz Defense,1,White
17150,38,16,1,Queen's Gambit,1,White
5155,249,10,1,Queen's Pawn Game,1,Black
4637,366,28,0,Sicilian Defense,1,Black
16605,48,36,1,Horwitz Defense,1,White
12590,7,78,1,Italian Game,1,Black
19394,162,91,1,Sicilian Defense,1,White
19395,23,29,1,Sicilian Defense,2,White
11515,30,112,1,Queen's Gambit,1,Black
11516,8,39,1,Tarrasch Defense,2,White
11518,26,35,1,Slav Defense,3,White
11520,16,120,1,Queen's Gambit,4,Black
11522,6,90,1,King's Indian Defense,5,Black
11523,68,29,1,Gruenfeld Defense,6,White
11526,18,53,1,Nimzo-Indian Defense,7,White
11527,55,83,1,Horwitz Defense,8,White
11529,51,94,1,Mexican Defense,9,Black
11532,103,35,1,French Defense,10,White
11533,10,84,1,Horwitz Defense,11,Black
11535,25,120,1,Budapest Defense,12,Black
11537,13,91,1,Nimzo-Indian Defense,13,White
11539,70,114,1,Queen's Gambit,14,Black
11541,36,106,1,Sicilian Defense,15,Black
11544,16,59,1,Italian Game,16,White
11546,42,122,1,Queen's Gambit,17,Draw
11548,46,77,1,Queen's Gambit,18,White
11550,6,102,1,Queen's Gambit,19,Black
11551,31,112,1,Horwitz Defense,20,Black
11552,25,38,1,Horwitz Defense,21,Black
16673,149,35,1,Indian Game,1,White
13404,324,61,0,Sicilian Defense,1,White
13405,324,47,0,Four Knights Game,2,White
13406,436,61,1,Sicilian Defense,3,White
13407,322,59,0,Four Knights Game,4,White
13408,322,26,0,Four Knights Game,5,Black
13409,322,44,0,Four Knights Game,6,Black
13410,322,59,0,Sicilian Defense,7,White
13411,322,39,0,Sicilian Defense,8,White
13412,322,47,0,Sicilian Defense,9,White
13413,322,53,0,Sicilian Defense,10,White
13414,322,50,0,Sicilian Defense,11,Black
13416,314,49,1,French Defense,12,White
13417,26,78,1,Nimzowitsch Defense,13,Black
13418,325,45,0,Nimzowitsch Defense,14,White
13419,325,55,0,Nimzowitsch Defense,15,Black
13421,325,24,0,French Defense,16,White
13423,36,72,1,Sicilian Defense,17,Black
8181,171,58,1,Blackmar-Diemer Gambit,1,Black
16261,15,17,1,Queen's Pawn,1,White
11804,267,2,0,Sicilian Defense,1,White
19237,267,2,0,Sicilian Defense,2,White
17561,125,58,1,Sicilian Defense,1,Black
5822,236,11,1,Nimzowitsch Defense,1,White
13556,45,216,1,Queen's Gambit,1,Draw
1166,40,50,1,Dutch Defense,1,Draw
4690,763,57,0,English Opening,1,White
4692,763,79,0,Zukertort Opening,2,White
11377,107,29,1,Sicilian Defense,1,White
13468,107,29,1,Sicilian Defense,2,White
11875,124,164,1,Indian Game,1,Draw
13805,73,47,1,Dutch Defense,2,White
13807,33,143,1,Dutch Defense,3,White
10178,210,40,1,King's Knight Opening,1,Black
15522,101,54,1,Van't Kruijs Opening,1,White
5360,341,41,0,Queen's Pawn Game,1,White
17709,22,51,1,Sicilian Defense,1,White
7857,54,69,1,Nimzo-Larsen Attack,1,White
7858,4,25,1,Nimzo-Larsen Attack,2,White
7860,50,45,1,Nimzo-Larsen Attack,3,White
7861,44,49,1,Nimzo-Larsen Attack,4,White
7862,52,36,1,Nimzo-Larsen Attack,5,White
7863,20,89,1,King's Pawn Game,6,White
7864,39,45,1,English Opening,7,White
7865,275,57,1,King's Pawn Game,8,White
7866,106,79,1,Sicilian Defense,9,White
7867,173,56,1,English Opening,10,Black
7868,68,22,1,Sicilian Defense,11,Black
7869,71,143,1,Philidor Defense,12,Draw
17382,24,174,1,Van't Kruijs Opening,1,Draw
1484,265,57,1,Queen's Pawn Game,1,White
1486,302,98,1,Queen's Pawn Game,2,Black
1487,242,35,1,Queen's Pawn Game,3,White
1488,199,41,0,Ruy Lopez,4,White
1489,45,75,1,Queen's Pawn Game,5,White
13094,265,57,1,Queen's Pawn Game,6,White
13096,302,98,1,Queen's Pawn Game,7,Black
13097,242,35,1,Queen's Pawn Game,8,White
13098,199,41,0,Ruy Lopez,9,White
13099,45,75,1,Queen's Pawn Game,10,White
7917,345,98,1,Van't Kruijs Opening,1,Black
7911,246,70,1,Scandinavian Defense,1,Black
4747,209,41,1,Queen's Gambit,1,Black
12303,48,66,0,Scandinavian Defense,1,Black
8287,378,37,1,Sicilian Defense,1,White
7352,404,149,1,Philidor Defense,1,White
16710,549,34,0,Sicilian Defense,1,Black
7351,151,115,1,Horwitz Defense,1,White
4577,467,60,0,Zukertort Opening,1,Black
4578,568,10,1,Van't Kruijs Opening,2,Black
4579,617,56,1,Zukertort Opening,3,Black
4582,305,36,1,Van't Kruijs Opening,4,Black
4583,206,18,0,Zukertort Opening,5,Draw
4585,206,29,0,Zukertort Opening,6,Draw
4587,260,50,1,Zukertort Opening,7,Black
4588,554,50,1,Zukertort Opening,8,Black
4590,709,6,0,Van't Kruijs Opening,9,Draw
4592,366,10,1,Zukertort Opening,10,Black
4594,559,9,1,Van't Kruijs Opening,11,Black
4596,673,20,1,Van't Kruijs Opening,12,Black
4599,304,18,1,Zukertort Opening,13,Black
17508,8,55,1,Amar Opening,1,White
19882,245,55,1,Horwitz Defense,1,White
19466,136,135,1,French Defense,1,White
16199,56,48,1,Van't Kruijs Opening,1,Black
4914,30,42,1,Indian Game,1,Black
8104,24,52,1,Nimzowitsch Defense,1,Black
2297,95,151,1,Sicilian Defense,1,White
3915,113,67,1,Sicilian Defense,1,White
9839,177,161,1,Blackmar-Diemer Gambit,1,Draw
11920,20,138,1,Queen's Gambit,1,Black
6216,298,23,1,Scotch Game,1,White
80,208,64,1,French Defense,1,Black
4872,35,122,1,Caro-Kann Defense,1,Draw
4877,14,64,1,Indian Game,2,Black
4879,8,87,1,Italian Game,3,White
4881,10,110,1,Indian Game,4,Black
4883,14,157,1,Ruy Lopez,5,Draw
4885,47,64,1,Indian Game,6,White
4886,50,2,1,Indian Game,7,Draw
9041,131,44,1,Caro-Kann Defense,1,Black
9327,134,60,1,Italian Game,2,White
3861,260,119,1,Indian Game,1,White
1071,511,90,1,Zukertort Opening,1,Black
12653,511,90,1,Zukertort Opening,2,Black
14520,511,90,1,Zukertort Opening,3,Black
11850,77,50,1,Nimzowitsch Defense,1,Black
165,20,34,1,Sicilian Defense,1,White
14981,56,51,1,Van't Kruijs Opening,1,White
17257,38,37,1,Van't Kruijs Opening,2,Black
16540,38,164,0,Sicilian Defense,1,Draw
16541,92,79,0,Nimzowitsch Defense,2,White
16558,19,57,0,Van't Kruijs Opening,3,White
16559,19,93,0,Sicilian Defense,4,White
8810,289,44,1,Alekhine Defense,1,Black
7526,281,49,1,Bishop's Opening,1,White
7085,269,42,1,King's Pawn Game,1,Black
4740,290,33,1,King's Pawn Game,1,White
16766,97,71,1,French Defense,2,White
6634,167,81,0,French Defense,1,Draw
740,683,48,0,Sicilian Defense,1,Black
12449,233,10,0,Caro-Kann Defense,2,White
17726,488,83,0,Scotch Game,1,White
18097,6,45,1,Sicilian Defense,1,White
18763,98,58,1,Sicilian Defense,1,Black
2315,293,78,0,Gruenfeld Defense,1,Black
7937,64,72,1,Blackmar-Diemer Gambit,1,Black
1453,142,58,1,Indian Game,1,Black
1098,223,52,1,French Defense,1,Black
11188,217,142,1,Horwitz Defense,1,Black
9099,165,65,0,Sicilian Defense,1,White
15673,124,33,1,French Defense,1,White
2571,176,59,1,Nimzowitsch Defense,1,White
13971,57,98,1,Philidor Defense,1,Black
10396,82,103,1,Sicilian Defense,1,White
10397,280,87,1,Caro-Kann Defense,2,White
10400,67,63,0,Sicilian Defense,3,White
10401,349,43,1,Caro-Kann Defense,4,White
4722,348,22,0,Italian Game,1,White
17215,13,26,1,King's Pawn Game,1,White
14972,62,63,1,Italian Game,1,White
19205,125,70,1,Ruy Lopez,1,Black
