game_id,player,turns,game_turn_rank
10139,--jim--,78,1
9799,-l-_jedi_knight_-l-,138,1
9791,-l-_jedi_knight_-l-,112,2
9789,-l-_jedi_knight_-l-,93,3
9795,-l-_jedi_knight_-l-,73,4
9788,-l-_jedi_knight_-l-,35,5
9793,-l-_jedi_knight_-l-,28,6
10031,-mati-,3,1
10054,-pavel-,43,1
11091,1063314,141,1
9036,1111112222,122,1
10893,1111112222,56,2
9813,1240100948,140,1
9823,1240100948,134,2
9829,1240100948,127,3
9844,1240100948,107,4
9845,1240100948,101,5
9837,1240100948,99,6
9806,1240100948,94,7
9833,1240100948,90,8
9832,1240100948,89,9
9817,1240100948,88,10
9816,1240100948,87,11
9826,1240100948,83,12
9804,1240100948,81,13
9835,1240100948,81,13
9828,1240100948,80,15
9838,1240100948,79,16
9820,1240100948,78,17
9825,1240100948,78,17
9800,1240100948,70,19
9802,1240100948,64,20
9834,1240100948,64,20
9827,1240100948,60,22
9842,1240100948,60,22
9808,1240100948,57,24
9801,1240100948,56,25
9809,1240100948,56,25
9836,1240100948,55,27
9805,1240100948,54,28
9810,1240100948,54,28
9840,1240100948,48,30
9807,1240100948,46,31
9831,1240100948,46,31
9811,1240100948,45,33
9830,1240100948,43,34
9843,1240100948,40,35
9818,1240100948,39,36
9821,1240100948,32,37
9815,1240100948,27,38
3657,12ss34,69,1
19830,18-Mar,58,1
19831,18-Mar,25,2
10269,20200,121,1
19106,222222,2,1
15447,2700172,183,1
10520,2700172,82,2
11229,2700172,82,2
12867,2700172,54,4
3626,29rus,53,1
11097,2vincent2,124,1
9666,5b2013jonathan,34,1
9667,5b2013jonathan,33,2
10347,5meodipt,58,1
10263,79165333785,85,1
18730,Jan-90,89,1
10846,Mar-45,3,1
2,a-00,16,1
9052,a-maniac-hell,88,1
11113,a-mb,34,1
10175,a1s2d3,17,1
5807,a2520,93,1
16319,a3o,119,1
6509,a55s72,149,1
6507,a55s72,2,2
704,a7twen,60,1
18898,a87144434784,68,1
7265,a99mimon,125,1
6525,a_arda_y,5,1
1583,a_p_t_e_m_u_u,130,1
13157,a_p_t_e_m_u_u,130,1
14775,a_p_t_e_m_u_u,130,1
1575,a_p_t_e_m_u_u,111,4
13149,a_p_t_e_m_u_u,111,4
14767,a_p_t_e_m_u_u,111,4
13147,a_p_t_e_m_u_u,87,7
14765,a_p_t_e_m_u_u,87,7
1605,a_p_t_e_m_u_u,64,9
1581,a_p_t_e_m_u_u,60,10
13155,a_p_t_e_m_u_u,60,10
14773,a_p_t_e_m_u_u,60,10
1595,a_p_t_e_m_u_u,57,13
13169,a_p_t_e_m_u_u,57,13
14787,a_p_t_e_m_u_u,57,13
1606,a_p_t_e_m_u_u,51,16
1586,a_p_t_e_m_u_u,50,17
13160,a_p_t_e_m_u_u,50,17
14778,a_p_t_e_m_u_u,50,17
13144,a_p_t_e_m_u_u,45,20
14762,a_p_t_e_m_u_u,45,20
1602,a_p_t_e_m_u_u,40,22
1600,a_p_t_e_m_u_u,39,23
1588,a_p_t_e_m_u_u,33,24
13162,a_p_t_e_m_u_u,33,24
14780,a_p_t_e_m_u_u,33,24
1590,a_p_t_e_m_u_u,32,27
13164,a_p_t_e_m_u_u,32,27
14782,a_p_t_e_m_u_u,32,27
1576,a_p_t_e_m_u_u,27,30
1578,a_p_t_e_m_u_u,27,30
13150,a_p_t_e_m_u_u,27,30
13152,a_p_t_e_m_u_u,27,30
14768,a_p_t_e_m_u_u,27,30
14770,a_p_t_e_m_u_u,27,30
1579,a_p_t_e_m_u_u,25,36
1593,a_p_t_e_m_u_u,25,36
13153,a_p_t_e_m_u_u,25,36
13167,a_p_t_e_m_u_u,25,36
14771,a_p_t_e_m_u_u,25,36
14785,a_p_t_e_m_u_u,25,36
1599,a_p_t_e_m_u_u,24,42
13141,a_p_t_e_m_u_u,18,43
13142,a_p_t_e_m_u_u,18,43
14759,a_p_t_e_m_u_u,18,43
14760,a_p_t_e_m_u_u,18,43
1597,a_p_t_e_m_u_u,17,47
13171,a_p_t_e_m_u_u,17,47
14789,a_p_t_e_m_u_u,17,47
607,a_raccoon,71,1
1092,a_sonnadjoshi,54,1
12520,aa2009,121,1
8209,aaa_1,103,1
12960,aaaaaaaddd,152,1
12964,aaaaaaaddd,117,2
12975,aaaaaaaddd,100,3
12965,aaaaaaaddd,92,4
12932,aaaaaaaddd,75,5
12968,aaaaaaaddd,57,6
12969,aaaaaaaddd,56,7
12974,aaaaaaaddd,43,8
12962,aaaaaaaddd,34,9
12950,aaaaaaaddd,28,10
12931,aaaaaaaddd,26,11
12957,aaaaaaaddd,24,12
12958,aaaaaaaddd,14,13
12934,aaaaaaaddd,2,14
12936,aaaaaaaddd,2,14
12937,aaaaaaaddd,2,14
12941,aaaaaaaddd,2,14
12942,aaaaaaaddd,2,14
12943,aaaaaaaddd,2,14
12944,aaaaaaaddd,2,14
12946,aaaaaaaddd,2,14
12948,aaaaaaaddd,2,14
12951,aaaaaaaddd,2,14
12952,aaaaaaaddd,2,14
12954,aaaaaaaddd,2,14
12955,aaaaaaaddd,2,14
10511,aalmeida,74,1
11220,aalmeida,74,1
15130,aanady,31,1
15319,aarush_shukla,43,1
15088,aarya143,40,1
2763,ab2,96,1
6172,ab_elkholy,64,1
12799,abaraba,39,1
12802,abaraba,34,2
12797,abaraba,27,3
2278,abbas25865,149,1
14855,abbedreza,46,1
8635,abcd0987,118,1
8636,abcd0987,19,2
8014,abdallah993,23,1
6479,abdallah_t_mahmoud,128,1
7291,abdallahsweden,41,1
8982,abdel19,3,1
8360,abdelkaben,64,1
5266,abdelkadeer,34,1
17669,abdiellopez4,118,1
17670,abdiellopez4,66,2
6142,abdito,62,1
8282,abdolvhab,114,1
6318,abdoulrhman,27,1
8658,abdouorabi,118,1
7548,abdullah116,33,1
267,abel4865,114,1
7623,abhay2188,46,1
14650,abhi07,37,1
7810,abhijeet24,99,1
16218,abhinandan46698,54,1
14954,abhinandan46698,37,2
8185,abhishek1981,104,1
13491,abhradeep,44,1
12830,abidazad,42,1
17487,abikhoshnavaz,66,1
7217,abirray,45,1
916,abischabi,75,1
11775,abja40,72,1
16544,abm-1302,80,1
13249,abnormalchess,108,1
11943,abo7amdo,115,1
9343,aboadbau,43,1
5887,abofaz,37,1
2773,abohadi15,68,1
12896,abohadi15,42,2
12768,abolfaz14,45,1
864,abolfazl1386,54,1
12296,abolfazl1386,54,1
14305,abolfazl1386,54,1
16161,abomarzouk,83,1
18694,aboud,168,1
18678,aboud,121,2
18690,aboud,98,3
18670,aboud,91,4
18659,aboud,69,5
18672,aboud,69,5
18665,aboud,68,7
18663,aboud,56,8
18667,aboud,45,9
18687,aboud,39,10
18692,aboud,38,11
18676,aboud,37,12
18691,aboud,33,13
18671,aboud,32,14
18679,aboud,19,15
18684,aboud,19,15
18494,abs1985,66,1
12518,abstract1972,39,1
11669,abujssar,36,1
11666,abujssar,29,2
8787,abuzeen-300,55,1
1832,ac80,38,1
16975,ac85,111,1
646,aca021,48,1
1555,academicninja99,59,1
14828,academicninja99,59,1
14098,acahn,59,1
60,acahn,29,2
16120,acalkins,54,1
8681,accesspror4,65,1
8692,accesspror4,47,2
15138,accghjms,41,1
14034,aceituna,68,1
3171,acer987,73,1
13294,achibbi8,90,1
4967,achikotetunashvili,104,1
16289,achter,27,1
16211,acidinsomnia,167,1
6215,acidkat930,64,1
6202,acidkat930,60,2
6210,acidkat930,55,3
6208,acidkat930,54,4
6214,acidkat930,32,5
12478,acidrain1613,48,1
11044,acidus,46,1
8102,acoffee,35,1
5355,acostadamaia,27,1
6998,acpok,41,1
1654,acrossimpact,105,1
7812,acrux,44,1
2632,activeguard,60,1
1933,acustic,67,1
6055,acutefluffycrab,49,1
16754,acyang,45,1
15157,adabriwala,109,1
2373,adaert,45,1
8254,adam0001,14,1
2804,adamadem,61,1
3906,adamsandler,42,1
9177,adamsmith316,35,1
5727,adamstrong,25,1
4153,adamzhorzhevych,20,1
6331,adatene,92,1
6310,adatene,89,2
6326,adatene,86,3
6322,adatene,84,4
6320,adatene,71,5
6309,adatene,69,6
6342,adatene,66,7
6316,adatene,63,8
6333,adatene,61,9
6302,adatene,56,10
6315,adatene,56,10
6338,adatene,50,12
6337,adatene,49,13
6306,adatene,47,14
6312,adatene,46,15
6313,adatene,42,16
6324,adatene,41,17
6305,adatene,36,18
6330,adatene,36,18
6325,adatene,25,20
6303,adatene,24,21
6339,adatene,24,21
6341,adatene,23,23
420,adcz,14,1
19352,adcz,2,2
16507,addict51,73,1
17205,adelko,61,1
1073,adenildo,68,1
12655,adenildo,68,1
14522,adenildo,68,1
9664,aderbalco,55,1
19044,adgofe,63,1
469,adhen,85,1
467,adhen,74,2
13908,adhonay,43,1
7513,adi_tiwari,111,1
6076,adictochesser,46,1
6078,adictochesser,22,2
11163,adictus11,45,1
8863,adilsonconciani,58,1
8224,admin_skom,70,1
15357,admx,42,1
48,adnanraj,7,1
4406,adonaiadan,20,1
19920,adorna,101,1
17994,adriahikmal,37,1
10071,adrian-xt,91,1
13011,adrianomasson,63,1
909,adrianovidiu1980,96,1
18592,adriansywu,167,1
18599,adriansywu,118,2
18596,adriansywu,100,3
18581,adriansywu,95,4
18590,adriansywu,81,5
18595,adriansywu,70,6
18593,adriansywu,43,7
18587,adriansywu,41,8
18585,adriansywu,36,9
18600,adriansywu,25,10
18584,adriansywu,1,11
8772,adsoargento,146,1
16497,adzi22,51,1
11711,ae_mat,44,1
19334,ae_mat,44,1
8269,aeilnrst,115,1
8276,aeilnrst,113,2
8271,aeilnrst,94,3
8272,aeilnrst,82,4
8273,aeilnrst,69,5
8274,aeilnrst,41,6
8278,aeilnrst,38,7
8279,aeilnrst,30,8
7938,aekacab,31,1
16648,aelent,78,1
7190,aerdna87,74,1
6940,aerdna87,48,2
7188,aerdna87,26,3
17761,aerive,35,1
6721,afberretta,79,1
15953,afc1224,88,1
10044,afify1976,57,1
11493,afndina,100,1
19241,afndina,100,1
6835,afredoford,61,1
2291,afrisham-iran,135,1
9607,afshin135,81,1
7314,afshin1970,38,1
3933,afshinhajari,109,1
15806,afshinoo7,123,1
12776,aftandil,51,1
12778,aftandil,45,2
13055,aga41_mail-ru,151,1
13053,aga41_mail-ru,83,2
403,agabek1948,116,1
545,agarahman,73,1
3200,agatonsax,46,1
14925,agayet,53,1
10255,agazamiseh,107,1
17064,aggelos81,46,1
17479,aggelospaok,42,1
13995,aggrusb,43,1
18153,agimymeri1,52,1
1561,agmur,88,1
1560,agmur,10,2
8639,agonistes,87,1
16119,agonz,100,1
11940,agonz,38,2
14560,agr_ymb,140,1
3930,agri1989,132,1
3932,agri1989,115,2
3937,agri1989,89,3
3934,agri1989,86,4
3936,agri1989,64,5
2898,agsgags,67,1
7154,aguschaza123,63,1
16362,agustin015933,8,1
5411,agustin1974,108,1
18315,agustin1974,108,1
7335,agustin1974,78,3
19286,agustin_chess,97,1
17482,agusws,93,1
16779,aha95666,30,1
15770,ahanuchess,46,1
2494,ahiyad,47,1
13679,ahmad909,166,1
12908,ahmad909,134,2
9238,ahmad94,39,1
12426,ahmadirr,56,1
2672,ahmadliaydin,27,1
5499,ahmadmz,43,1
17591,ahmadn42,109,1
429,ahmadsan,38,1
15437,ahmed112200,43,1
17630,ahmed6083,54,1
4258,ahmed_chess11,61,1
10457,ahmed_hisham,14,1
15931,ahmedalieldeep,78,1
1077,ahmedbakeer,94,1
1075,ahmedbakeer,63,2
6464,ahmedgomez,141,1
6474,ahmedgomez,105,2
6465,ahmedgomez,93,3
6477,ahmedgomez,80,4
6498,ahmedgomez,80,4
6462,ahmedgomez,65,6
6466,ahmedgomez,48,7
6500,ahmedgomez,48,7
6495,ahmedgomez,42,9
6468,ahmedgomez,40,10
6467,ahmedgomez,30,11
6472,ahmedgomez,28,12
6463,ahmedgomez,25,13
400,ahmedham,76,1
5195,ahmet_c,37,1
13015,ahmet_kose,40,1
8082,ahmeth,136,1
11659,ahmetoda,69,1
10237,ahmetrasay,40,1
5924,ahmettas98,20,1
9259,ahoover8,53,1
1689,ahras,39,1
7197,ahtym11ahtym11,75,1
16991,ahtym11ahtym11,73,2
970,ahuang,50,1
968,ahuang,21,2
7024,ahura10,58,1
16296,aibiyke,51,1
13713,aidarboss,37,1
1011,aidenleahycrooks,77,1
998,aidenleahycrooks,66,2
992,aidenleahycrooks,58,3
995,aidenleahycrooks,56,4
986,aidenleahycrooks,55,5
984,aidenleahycrooks,54,6
999,aidenleahycrooks,45,7
975,aidenleahycrooks,38,8
991,aidenleahycrooks,36,9
1008,aidenleahycrooks,36,9
980,aidenleahycrooks,34,11
1004,aidenleahycrooks,34,11
982,aidenleahycrooks,27,13
977,aidenleahycrooks,26,14
996,aidenleahycrooks,24,15
1006,aidenleahycrooks,24,15
1001,aidenleahycrooks,18,17
1007,aidenleahycrooks,18,17
7576,aident69,38,1
11147,aiex-1,81,1
8191,aifel,109,1
523,aig7,58,1
15054,aimzzz,82,1
10570,airblade92,62,1
11279,airblade92,62,1
14487,airph,32,1
14489,airph,22,2
9358,airyneon,81,1
9366,airyneon,69,2
9362,airyneon,64,3
9363,airyneon,46,4
9357,airyneon,37,5
8794,aiutoooooooo,46,1
4021,aivotulehdus,37,1
5688,ajacfull,24,1
3128,ajagab2466,25,1
8633,ajaysharma261253,65,1
11131,ajji58,23,1
15414,ajkhsh78,55,1
3583,ajm37,60,1
5259,ajp,45,1
4274,ajps17,70,1
4238,ajps17,68,2
4244,ajps17,68,2
12693,ajswag,138,1
15123,ak0706,45,1
6508,ak6664,182,1
6505,ak6664,67,2
6506,ak6664,30,3
18495,aka121,120,1
18508,aka121,110,2
18492,aka121,109,3
18489,aka121,98,4
18486,aka121,91,5
18500,aka121,86,6
18476,aka121,78,7
18506,aka121,71,8
18498,aka121,68,9
18490,aka121,62,10
18504,aka121,59,11
18497,aka121,55,12
18477,aka121,52,13
18484,aka121,48,14
18509,aka121,44,15
18503,aka121,40,16
18483,aka121,30,17
18478,aka121,15,18
1547,akaish,78,1
4181,akamil1982,10,1
9584,akao,23,1
11612,akbar,80,1
14141,akdrews,54,1
11177,akel61,40,1
6238,akhmedov10,57,1
19784,akmar,81,1
1875,aksell,77,1
9543,akssada,56,1
8714,akul23,40,1
628,akutt52y,24,1
17091,akvik75,103,1
7041,aky94536,92,1
4866,aky94536,63,2
5947,aky94536,51,3
15018,aky94536,17,4
9626,al-ol-da55,19,1
18020,al1974,34,1
16386,alaa_haifawi,37,1
2365,alaibek,38,1
588,alaindubleu,34,1
2147,alakard,127,1
2145,alakard,87,2
2142,alakard,70,3
2143,alakard,52,4
2144,alakard,50,5
15869,alameldine,76,1
9465,alamsyahwk,72,1
13583,alamsyahwk,16,2
11781,alan09,33,1
2525,alan4ik,38,1
15885,alanav,31,1
11119,alandeejay,44,1
11124,alandeejay,44,1
17566,alankarajallo,64,1
5710,alanogier,118,1
3044,alanoytoro,53,1
12878,alanreygadas,44,1
15423,alavizenna,166,1
4517,alba92,57,1
6642,albatz59,75,1
14062,albeepach,27,1
17494,albertlai431,113,1
17493,albertlai431,47,2
17491,albertlai431,32,3
12146,alberto1983,62,1
14014,alberto1983,41,2
3465,albertocdj,106,1
16332,albertocdj,106,1
1676,albertocuevasalcocer,33,1
2832,albertomhr,22,1
15171,albi83,76,1
362,albinas,64,1
18253,albyrani,126,1
5539,alcarax,43,1
15081,alcenero,84,1
6840,alcinocorreia,55,1
14276,alco0727,15,1
15716,alda5,53,1
17660,aldaarqt,121,1
4736,aldaarqt,55,2
19349,aldali,37,1
12912,aldarisvet,43,1
4780,aldo002,21,1
16424,aldoraine,61,1
11766,alecsis2013,51,1
6440,alejandr,50,1
10257,alejandrobr,51,1
10092,alejol,44,1
19598,alekc31,100,1
12476,alekhine_rose,30,1
4015,aleks1963,47,1
17878,aleks_17,77,1
6630,aleks_1969,53,1
10275,aleksandar,43,1
13283,aleksander10032007,121,1
13288,aleksander10032007,106,2
13286,aleksander10032007,84,3
13285,aleksander10032007,68,4
13282,aleksander10032007,29,5
13280,aleksander10032007,17,6
6022,aleksander123,116,1
12494,aleksandr160276,70,1
7605,aleksandr160276,20,2
17374,aleksandrfrankevich,87,1
8372,aleksandrfrankevich,72,2
12051,aleksandrs79,78,1
19814,aleksandrs79,20,2
10535,aleksey-2014,34,1
11244,aleksey-2014,34,1
11800,aleksey-sharov,64,1
9556,alemiha,49,1
4820,alemiha,12,2
802,alenea,51,1
12237,alenea,51,1
14159,aleph00,103,1
14151,aleph00,67,2
14149,aleph00,65,3
14163,aleph00,37,4
14318,aleph6,88,1
14324,aleph6,86,2
14333,aleph6,84,3
14335,aleph6,83,4
14331,aleph6,76,5
14327,aleph6,74,6
14338,aleph6,74,6
14337,aleph6,73,8
14328,aleph6,69,9
14339,aleph6,63,10
14323,aleph6,51,11
14313,aleph6,49,12
14329,aleph6,44,13
14321,aleph6,41,14
14319,aleph6,39,15
14314,aleph6,31,16
14342,aleph6,24,17
14316,aleph6,14,18
11995,alequine,56,1
2298,alequis1991,71,1
8419,aleroniponi,56,1
8416,aleroniponi,44,2
8420,aleroniponi,34,3
8414,aleroniponi,30,4
8908,alesansil,63,1
14501,alex-f87,39,1
8776,alex-kaminskii,41,1
981,alex0404,38,1
18206,alex16pet,48,1
5558,alex236,52,1
6072,alex28195,69,1
5675,alex28195,26,2
5677,alex28195,17,3
13261,alex52100,32,1
16046,alex9222,46,1
9220,alex945,114,1
3759,alex_1396,130,1
16764,alex_1396,51,2
8877,alex_22,3,1
17978,alex_anaua,132,1
17980,alex_anaua,39,2
4340,alex_cos,97,1
3495,alex_renegade,42,1
16428,alex_z,30,1
16311,alexamer,66,1
8007,alexandergon,21,1
16679,alexanderkutepov,40,1
11530,alexandr-l,137,1
3544,alexandr-l,21,2
20028,alexandre789,47,1
3093,alexandre_silva,76,1
3095,alexandre_silva,61,2
8991,alexandro33,45,1
2390,alexandro75,88,1
12475,alexandros64,76,1
5937,alexandrov8511,34,1
11687,alexandrp2009,64,1
12079,alexandrsolodovnik,104,1
15932,alexang,57,1
12876,alexblc,98,1
15517,alexcicocico,52,1
17242,alexcl,35,1
3183,alexeus1,27,1
18455,alexey2005,33,1
7511,alexeyd,11,1
8570,alexeyshimanbezprogi,31,1
15917,alexeyz,32,1
8429,alexfernando,104,1
15293,alexkel,76,1
6192,alexkhan021,76,1
8225,alexmalando,151,1
8221,alexmalando,107,2
8204,alexmalando,104,3
8215,alexmalando,101,4
8210,alexmalando,96,5
8217,alexmalando,93,6
8223,alexmalando,91,7
8232,alexmalando,77,8
8235,alexmalando,75,9
8205,alexmalando,69,10
8233,alexmalando,68,11
8222,alexmalando,63,12
8237,alexmalando,41,13
8230,alexmalando,39,14
8207,alexmalando,33,15
4003,alexmlg,80,1
3874,alexmorato,87,1
16457,alexmorato,87,1
3877,alexmorato,80,3
16460,alexmorato,80,3
3878,alexmorato,66,5
16461,alexmorato,66,5
18117,alexmoscow,9,1
8577,alexnanna,64,1
5651,alexp1986,74,1
7192,alexpazzaglia,29,1
5227,alexsandr1985-13,40,1
5898,alexspeed,13,1
17263,alextezin,57,1
1971,alexx1999,15,1
13241,alexx1999,15,1
16189,alf02,41,1
17922,alf65,40,1
12177,alf_22,37,1
5092,alfachess,93,1
13718,alfdl,97,1
987,alfdl,67,2
13715,alfdl,6,3
8698,alferedo,78,1
18726,alfierelebez,83,1
3386,alfilx,65,1
6411,alfka1,117,1
3391,alfonso573,102,1
19356,alfonso74,51,1
18001,alfred1959,50,1
1409,alfredgjoncari,74,1
16592,alfredgjoncari,65,2
11840,alfredo17,76,1
12189,alfuadi,23,1
16452,algerialazhar,81,1
10585,alhshah,58,1
11294,alhshah,58,1
15035,alhurtado,56,1
8668,ali125,135,1
9252,ali1384,101,1
8747,ali3234,85,1
4906,ali4901,87,1
18366,ali_1079,185,1
8899,ali_barcelona,105,1
8902,ali_barcelona,73,2
8893,ali_barcelona,60,3
8903,ali_barcelona,59,4
8904,ali_barcelona,53,5
8907,ali_barcelona,49,6
8900,ali_barcelona,45,7
8897,ali_barcelona,43,8
8895,ali_barcelona,35,9
8905,ali_barcelona,23,10
8259,ali_zarrabi,7,1
9364,alia,43,1
1629,aliagha18,41,1
1145,aliakbarshareh,36,1
14599,aliakbarshareh,36,1
19947,aliamaireh,46,1
9676,aliamini,113,1
9670,aliamini,29,2
9673,aliamini,23,3
10245,alibaba2014,88,1
4854,alibahadori,118,1
11867,alibasim1995,108,1
3100,alichess68,163,1
3103,alichess68,71,2
3097,alichess68,59,3
3102,alichess68,53,4
3101,alichess68,19,5
16918,alien_grey,104,1
2482,alienbrayn,25,1
4837,alifarahi,51,1
17099,alihamzeh,79,1
613,alihasanzadeh,75,1
15441,alik2003alik,66,1
15957,alikozzz,16,1
2139,aliozzzz,89,1
12685,aliph,56,1
19691,aliquantus,82,1
12849,alireza3737,62,1
1874,alireza5848,66,1
18743,alirezasm,96,1
14369,alish13,52,1
19372,alishameli1380,127,1
12840,aliulusoy,126,1
11916,alivalizadeh,94,1
2611,aliwooolf,36,1
10503,alizarei,89,1
15295,aljabo,41,1
15258,aljopeljhan,58,1
17421,alkanna,37,1
620,alkeal,64,1
618,alkeal,52,2
9173,alkhane,53,1
84,allahdeweswin,58,1
19818,allan725,155,1
14282,allan_dias,92,1
16206,allancore,65,1
4224,alle915,4,1
10032,allende,65,1
4969,alleryn,51,1
10435,alliekatxoxo1,92,1
10577,alliekatxoxo1,82,2
11286,alliekatxoxo1,82,2
10576,alliekatxoxo1,24,4
11285,alliekatxoxo1,24,4
6570,allknightythen,112,1
12460,allmight87,37,1
11723,allmight87,2,2
5070,allstache,34,1
552,allstar321,12,1
17960,allwind,34,1
17962,allwind,26,2
6919,almachess,44,1
6921,almachess,9,2
18913,almal316,39,1
7856,almazzen,69,1
12486,almostmastermind,127,1
11661,almovadar,35,1
13525,alnkar,74,1
19863,alodra,35,1
466,aloe78,116,1
924,alonxo,27,1
10675,aloxe-corton,48,1
10234,alpay,134,1
10236,alpay,80,2
2486,alperkocatepe,38,1
8669,alpervsmagnus,72,1
8672,alpervsmagnus,52,2
8677,alpervsmagnus,47,3
8671,alpervsmagnus,29,4
8666,alpervsmagnus,16,5
8667,alpervsmagnus,2,6
18134,alpha3031,157,1
18121,alpha3031,91,2
18118,alpha3031,86,3
18124,alpha3031,77,4
18132,alpha3031,66,5
18119,alpha3031,52,6
18123,alpha3031,27,7
18140,alpha3031,24,8
18128,alpha3031,22,9
18130,alpha3031,22,9
18138,alpha3031,16,11
18126,alpha3031,8,12
18137,alpha3031,6,13
6374,alphalimaindia,124,1
10816,alpiste,21,1
15727,alsabr,50,1
15942,alsam,108,1
7423,alsander,123,1
19760,alsing,122,1
11521,alstef56,71,1
8047,alstn,34,1
6369,alt300,59,1
4849,altimkings,29,1
10924,alty,101,1
18920,alvaro1033,58,1
13982,alvaro1995,46,1
18189,alvarovix,151,1
12883,alvin_cruz,96,1
12889,alvin_cruz,51,2
12892,alvin_cruz,51,2
12894,alvin_cruz,45,4
12890,alvin_cruz,39,5
12888,alvin_cruz,35,6
12886,alvin_cruz,19,7
7195,always100fc,61,1
2161,alwayscheckmated,71,1
2157,alwayscheckmated,63,2
2158,alwayscheckmated,55,3
8214,alwi,118,1
8216,alwi,82,2
15540,alxr,37,1
1811,am21f,19,1
13300,amadofranco2016,55,1
17716,amadofranco2016,48,2
19507,amaks,91,1
19428,amaljohn090,48,1
16783,amanan,166,1
16774,amanan,111,2
16762,amanan,65,3
16765,amanan,61,4
16796,amanan,60,5
16767,amanan,57,6
16788,amanan,52,7
16757,amanan,35,8
16794,amanan,35,8
16775,amanan,25,10
16790,amanan,23,11
16792,amanan,15,12
749,amando_s,68,1
10790,amanezcan,64,1
1516,amanitacaesarea,48,1
3761,amaozinhadotemer,44,1
3763,amaozinhadotemer,22,2
95,amary33,62,1
15465,amateur07,75,1
4081,amateur_pawn_star,104,1
4083,amateur_pawn_star,97,2
4066,amateur_pawn_star,85,3
4087,amateur_pawn_star,79,4
4057,amateur_pawn_star,75,5
4054,amateur_pawn_star,69,6
4067,amateur_pawn_star,64,7
4085,amateur_pawn_star,63,8
4063,amateur_pawn_star,54,9
4061,amateur_pawn_star,52,10
4084,amateur_pawn_star,51,11
4069,amateur_pawn_star,40,12
4078,amateur_pawn_star,39,13
4095,amateur_pawn_star,39,13
4073,amateur_pawn_star,37,15
18431,amateur_pawn_star,37,15
4093,amateur_pawn_star,29,17
4079,amateur_pawn_star,26,18
4091,amateur_pawn_star,17,19
4059,amateur_pawn_star,14,20
4076,amateur_pawn_star,14,20
4089,amateur_pawn_star,11,22
10335,amayak,136,1
10329,amayak,77,2
10333,amayak,62,3
10326,amayak,52,4
10331,amayak,43,5
4463,amayak,41,6
10328,amayak,41,6
10325,amayak,30,8
10334,amayak,21,9
10056,amazing-grace,2,1
10058,amazing-grace,2,1
10060,amazing-grace,2,1
9746,amazingdiamonds1,123,1
9747,amazingdiamonds1,68,2
9744,amazingdiamonds1,3,3
9918,amazingdiesel,22,1
9679,amazingdragon,102,1
9917,amazingdragon,102,1
9919,amazingownage,92,1
9745,amazingownage,50,2
776,amazo,98,1
15811,amazoniagaston,92,1
3500,ambassador1,50,1
18349,ambitious,39,1
15706,amboy24,73,1
14055,amchor,45,1
824,ameenthedestroyer,35,1
5831,amema,42,1
8645,amezkyta,65,1
19528,amgoun,36,1
14221,amid99,100,1
4112,amigoajedrez,85,1
11694,amigodan,127,1
3304,amin-s,62,1
10387,amin13,44,1
11610,amin1376,33,1
73,aminox,54,1
15098,aminshirzadfar,45,1
9495,amir021021021,94,1
770,amir2002zzz,153,1
768,amir2002zzz,99,2
758,amir2002zzz,91,3
763,amir2002zzz,71,4
774,amir2002zzz,65,5
766,amir2002zzz,63,6
759,amir2002zzz,57,7
772,amir2002zzz,39,8
762,amir2002zzz,33,9
15697,amira12,71,1
15695,amira12,47,2
3262,amiraliyosefi,51,1
6612,amirhossein2014,106,1
6609,amirhossein2014,103,2
6611,amirhossein2014,89,3
6617,amirhossein2014,82,4
6619,amirhossein2014,82,4
6640,amirhossein2014,78,6
6638,amirhossein2014,73,7
6627,amirhossein2014,71,8
6614,amirhossein2014,70,9
6608,amirhossein2014,63,10
6633,amirhossein2014,61,11
6606,amirhossein2014,57,12
6624,amirhossein2014,53,13
6615,amirhossein2014,49,14
6625,amirhossein2014,45,15
6629,amirhossein2014,37,16
6631,amirhossein2014,37,16
6621,amirhossein2014,34,18
6635,amirhossein2014,26,19
6607,amirhossein2014,19,20
12281,amiriali,88,1
2483,amirrezagod,55,1
12529,amirrr1991,30,1
15283,amitbera,39,1
11684,amithchess,155,1
11671,amithchess,137,2
11690,amithchess,107,3
11692,amithchess,104,4
11680,amithchess,92,5
11675,amithchess,90,6
11695,amithchess,88,7
11683,amithchess,81,8
11689,amithchess,72,9
11686,amithchess,68,10
11693,amithchess,66,11
11670,amithchess,63,12
11699,amithchess,59,13
11672,amithchess,54,14
11668,amithchess,52,15
11697,amithchess,51,16
11688,amithchess,48,17
11665,amithchess,38,18
11673,amithchess,32,19
18657,amitpande,123,1
4878,ammanian,150,1
4873,ammanian,143,2
4893,ammanian,143,2
4874,ammanian,132,4
4882,ammanian,107,5
4890,ammanian,67,6
4880,ammanian,52,7
4884,ammanian,49,8
4876,ammanian,41,9
4887,ammanian,33,10
4875,ammanian,30,11
19703,amo_0,122,1
12704,amo_0,87,2
12702,amo_0,43,3
4958,amocci,26,1
4225,amoranguzman,44,1
15569,amorena,55,1
6235,amorim,7,1
12113,amr92,110,1
8375,amr_alhadek,43,1
14425,amran1996,73,1
1471,amro15,48,1
10078,amron,2,1
4765,amsou,97,1
4767,amsou,36,2
17071,amv13,67,1
16378,amyron,50,1
7110,ana92,31,1
18914,anakbaikhati,58,1
6881,anakgreget,173,1
18627,anakgreget,173,1
6863,anakgreget,120,3
18609,anakgreget,120,3
6887,anakgreget,107,5
18633,anakgreget,107,5
6891,anakgreget,100,7
18637,anakgreget,100,7
6880,anakgreget,90,9
18626,anakgreget,90,9
6883,anakgreget,66,11
6893,anakgreget,66,11
18629,anakgreget,66,11
18639,anakgreget,66,11
6862,anakgreget,62,15
18608,anakgreget,62,15
6873,anakgreget,58,17
18619,anakgreget,58,17
6878,anakgreget,57,19
18624,anakgreget,57,19
6874,anakgreget,55,21
18620,anakgreget,55,21
6864,anakgreget,49,23
18610,anakgreget,49,23
6859,anakgreget,46,25
18605,anakgreget,46,25
6875,anakgreget,38,27
18621,anakgreget,38,27
6866,anakgreget,35,29
18612,anakgreget,35,29
6888,anakgreget,34,31
18634,anakgreget,34,31
6871,anakgreget,25,33
18617,anakgreget,25,33
6867,anakgreget,14,35
18613,anakgreget,14,35
6868,anakgreget,11,37
18614,anakgreget,11,37
18342,anakonda50,88,1
4993,anand888,33,1
18992,anandacheese,32,1
11962,anandrao,42,1
15144,anangharisman,69,1
17126,anarious,49,1
19894,anastasia2009,156,1
19883,anastasia2009,146,2
19880,anastasia2009,130,3
19877,anastasia2009,113,4
19874,anastasia2009,110,5
19900,anastasia2009,105,6
19871,anastasia2009,92,7
19896,anastasia2009,86,8
19901,anastasia2009,72,9
19868,anastasia2009,70,10
19911,anastasia2009,69,11
19886,anastasia2009,66,12
19897,anastasia2009,59,13
19885,anastasia2009,57,14
19908,anastasia2009,56,15
19904,anastasia2009,52,16
19892,anastasia2009,51,17
19912,anastasia2009,50,18
18467,anastasia2009,48,19
19890,anastasia2009,48,19
19881,anastasia2009,47,21
19873,anastasia2009,43,22
19905,anastasia2009,40,23
19888,anastasia2009,38,24
19878,anastasia2009,29,25
4446,anatolii76,59,1
9461,anatolii76,56,2
11976,anatolii777,120,1
17379,anatolinozka,88,1
5180,ancestorturk,23,1
8294,anchal,61,1
6584,and29rey,34,1
8187,and59,62,1
14354,andacassian,44,1
5571,andalb2,83,1
4847,andarie,71,1
2089,andeng87,60,1
5986,andersonbarros,124,1
1445,andersonru,23,1
17829,andertal,80,1
12636,andiandiemacht,18,1
15216,andizzz,56,1
6490,andolo,60,1
7132,andradedavi,41,1
252,andre94,51,1
19228,andre94,51,1
3347,andrea45,65,1
413,andrea78,37,1
8855,andrea_reig,39,1
11154,andreas00,92,1
11145,andreas00,76,2
11136,andreas00,68,3
11173,andreas00,60,4
11133,andreas00,56,5
11135,andreas00,52,6
11148,andreas00,50,7
11144,andreas00,45,8
11162,andreas00,40,9
11140,andreas00,38,10
11150,andreas00,38,10
11164,andreas00,35,12
11149,andreas00,27,13
11171,andreas00,12,14
11152,andreas00,7,15
11137,andreas00,2,16
16244,andreastorch,70,1
17704,andreatorre,45,1
16606,andrebs,90,1
16566,andrei07,61,1
13447,andrei70ster,102,1
13445,andrei70ster,85,2
13443,andrei70ster,62,3
14661,andrei80,79,1
4811,andreschil,134,1
4824,andreschil,107,2
4818,andreschil,62,3
4816,andreschil,60,4
4801,andreschil,51,5
4831,andreschil,47,6
4822,andreschil,40,7
4814,andreschil,33,8
4828,andreschil,30,9
4800,andreschil,26,10
4805,andreschil,25,11
4815,andreschil,22,12
4806,andreschil,20,13
4809,andreschil,19,14
17392,andresv21,83,1
15235,andrew117,65,1
6182,andrewbonomi,79,1
14326,andrewbutov,71,1
14668,andrewbutov,37,2
9414,andrewmoar,49,1
6870,andreworel,62,1
18616,andreworel,62,1
7377,andrey-03,27,1
1872,andrey2014,123,1
4145,andrey33,18,1
5809,andreybaunov,106,1
3360,andreybaunov,26,2
14929,andreykor,71,1
16756,andreykoss,26,1
12716,andreykul,120,1
17441,andreyssky,63,1
15650,andrian,61,1
13905,andrian9,54,1
15707,andro296,31,1
8321,andro4002,148,1
8323,andro4002,66,2
10899,andro79,34,1
3031,andry69,50,1
15732,andsam,84,1
10145,andy_fresh,118,1
10146,andy_fresh,74,2
11709,andybar,56,1
19332,andybar,56,1
2481,andybar,43,3
792,andyfi,118,1
12227,andyfi,118,1
18924,andyfi,59,3
2795,andyman,47,1
7540,andyrock,67,1
3910,anejbegunje,178,1
3911,anejbegunje,130,2
3918,anejbegunje,116,3
3928,anejbegunje,100,4
3916,anejbegunje,79,5
3923,anejbegunje,74,6
3925,anejbegunje,67,7
3924,anejbegunje,65,8
3921,anejbegunje,59,9
3913,anejbegunje,56,10
3927,anejbegunje,51,11
13191,anejbegunje,45,12
3909,anejbegunje,42,13
3907,anejbegunje,35,14
3920,anejbegunje,35,14
11759,anenemouhammad,65,1
12956,aneuksawang,37,1
8804,anfaenger80,21,1
5840,anferneemcgrady,16,1
19274,anfield8,26,1
6445,angborxley,131,1
1319,angel1156,51,1
644,angel2006,84,1
7876,angel2006,7,2
13371,angel_negro,76,1
3614,angeldq,123,1
7145,angelkiss,14,1
4077,angelmufato,59,1
8876,angelo2,48,1
15039,angelokzx,77,1
15036,angelokzx,20,2
15041,angelokzx,3,3
18826,angelsanchez,45,1
3482,angrymolerat,31,1
16349,angrymolerat,31,1
17003,angstgegner,63,1
12676,aniamai,139,1
14553,aniamai,139,1
18350,anirban007,43,1
3559,anirbanplus,30,1
6250,aniruddha,50,1
10051,anithadoha,100,1
1921,anjumskhan,67,1
7374,ankachess,52,1
3130,ankit_007,73,1
18416,anmas45,76,1
10774,anna1992,21,1
4694,anna6666,23,1
249,annael88,46,1
19225,annael88,46,1
3009,annanutella09,53,1
18259,annapurnai,85,1
17973,annarachel12,24,1
9029,annat84chess,155,1
12519,anohinvs,31,1
17404,anonimato,96,1
7165,anonkenyan,56,1
9851,anonyaus123456789,116,1
9857,anonyaus123456789,67,2
9854,anonyaus123456789,65,3
9853,anonyaus123456789,57,4
9849,anonyaus123456789,49,5
9850,anonyaus123456789,37,6
11599,anonymous_enemy,97,1
11602,anonymous_enemy,86,2
11598,anonymous_enemy,52,3
11600,anonymous_enemy,52,3
7626,anoona,52,1
15001,anopiloric,68,1
522,anotherchessplayer1,33,1
524,anotherchessplayer1,31,2
1726,anra_d,103,1
1724,anra_d,57,2
5177,anrietta,49,1
58,anrk,30,1
18761,ansar-2017,65,1
6632,antagui,28,1
3255,antalyalieto07,75,1
17187,antar1,69,1
12897,antaraz,37,1
12157,anthony1104,137,1
7619,antigonus,49,1
18737,antioche,56,1
7771,antipova92,24,1
8847,antipu,49,1
719,antitexnik,30,1
12207,antitexnik,30,1
15436,antitheist01,123,1
15233,antitheist01,79,2
1681,antman724,6,1
16303,antnishu,92,1
16301,antnishu,76,2
16305,antnishu,60,3
4647,anton1989,40,1
7047,anton2406,67,1
9797,anton2406,36,2
16110,anton919,52,1
13927,antonate,37,1
13922,antonate,34,2
13923,antonate,25,3
13925,antonate,20,4
14166,antonchess29,80,1
12090,antonio45,75,1
1563,antonio45,69,2
626,antonio48,61,1
9412,antonio50,82,1
15302,antonio_89,56,1
14936,antoniogallero,67,1
5305,antonios,59,1
18236,antonios,59,1
6684,antoniusblockk,25,1
11726,antons,143,1
11737,antons,125,2
11727,antons,100,3
11729,antons,88,4
11739,antons,72,5
11734,antons,54,6
11736,antons,51,7
11740,antons,45,8
7629,antonzyryanov,32,1
18919,antvik,28,1
8446,anudeep_nani1501,159,1
8430,anudeep_nani1501,141,2
8443,anudeep_nani1501,99,3
8441,anudeep_nani1501,98,4
8449,anudeep_nani1501,85,5
8439,anudeep_nani1501,58,6
8434,anudeep_nani1501,57,7
8435,anudeep_nani1501,57,7
8444,anudeep_nani1501,57,7
8427,anudeep_nani1501,40,10
8431,anudeep_nani1501,40,10
8425,anudeep_nani1501,34,12
8445,anudeep_nani1501,2,13
7841,anuj-8,118,1
7840,anuj-8,76,2
5534,anukumar,41,1
11156,anxoec,12,1
15330,anz17,34,1
978,anzourbakez,35,1
11353,aog_44,78,1
17474,aogorek,68,1
10748,apac1234,37,1
13489,apalin,109,1
13481,apalin,91,2
13499,apalin,85,3
13502,apalin,82,4
13490,apalin,69,5
13500,apalin,67,6
13483,apalin,55,7
13504,apalin,54,8
13487,apalin,50,9
13495,apalin,46,10
13493,apalin,45,11
13486,apalin,41,12
2409,apap,54,1
17689,apashe,108,1
4610,apchess,33,1
1258,apervaiz,8,1
11578,apfelschalen,111,1
11564,apfelschalen,100,2
11576,apfelschalen,90,3
11574,apfelschalen,71,4
11563,apfelschalen,43,5
11573,apfelschalen,39,6
11569,apfelschalen,36,7
11571,apfelschalen,13,8
11567,apfelschalen,3,9
8440,aphte,27,1
19632,api62,53,1
5023,apicots,6,1
8183,apis11,196,1
8179,apis11,145,2
8180,apis11,118,3
8173,apis11,91,4
8190,apis11,84,5
8163,apis11,80,6
8202,apis11,79,7
8199,apis11,73,8
8162,apis11,66,9
8200,apis11,61,10
8172,apis11,58,11
8175,apis11,55,12
8195,apis11,53,13
8170,apis11,51,14
8192,apis11,51,14
8176,apis11,47,16
8168,apis11,45,17
8182,apis11,39,18
8186,apis11,37,19
8166,apis11,35,20
8178,apis11,35,20
8194,apis11,29,22
8188,apis11,27,23
7306,apis16,47,1
13075,aplause,118,1
19567,aplause,60,2
15290,apoline,27,1
19350,apostheosis,118,1
5428,appanov,45,1
18332,appanov,45,1
8961,aqua-z,89,1
12285,aquinas,60,1
12287,aquinas,57,2
12284,aquinas,20,3
6978,aqwert,131,1
6970,aqwert,115,2
6974,aqwert,87,3
6972,aqwert,77,4
6971,aqwert,69,5
6979,aqwert,63,6
6991,aqwert,61,7
6988,aqwert,51,8
6987,aqwert,47,9
6984,aqwert,34,10
17564,ar7m1nd,44,1
15848,ara9000,58,1
6160,arabian1knight,31,1
14704,aradov,46,1
14705,aradov,30,2
16387,aragon26,259,1
16390,aragon26,120,2
16385,aragon26,107,3
16392,aragon26,82,4
16383,aragon26,66,5
16381,aragon26,63,6
16389,aragon26,21,7
16393,aragon26,19,8
11191,aragorn1915,72,1
9315,aran09,66,1
9329,aran09,62,2
9323,aran09,61,3
9312,aran09,60,4
9316,aran09,53,5
9297,aran09,34,6
9324,aran09,30,7
9317,aran09,29,8
9313,aran09,19,9
7859,arash3822,62,1
19656,arashdara,72,1
7122,araujo123,26,1
4294,arbal,94,1
9127,arbitrarylogic,31,1
11658,arbizu95,129,1
3320,arbuke,62,1
1435,arcann01,124,1
8972,arcann01,110,2
3476,archibaldy,15,1
16343,archibaldy,15,1
10775,archizavr,13,1
15513,arda0000000,27,1
15515,arda0000000,16,2
3158,arda2828,91,1
3165,arda2828,70,2
3162,arda2828,67,3
3163,arda2828,64,4
3168,arda2828,56,5
3166,arda2828,53,6
954,arda2828,30,7
12416,arda2828,30,7
14407,arda2828,30,7
15765,arda9601,48,1
16758,ardedtidan123,63,1
16394,ardoon,75,1
11939,area11,63,1
11938,area11,53,2
6340,aref1234,57,1
8074,areknisorwet,30,1
1746,ares_zzz,108,1
9289,arfhan,50,1
9291,arfhan,50,1
9550,arganon,20,1
15481,argas19,101,1
6110,arghh,43,1
7215,argoscacchi,100,1
11038,argot000,85,1
12105,argueta_cortez,48,1
15888,aridaybordon,175,1
15908,aridaybordon,132,2
15887,aridaybordon,110,3
15898,aridaybordon,107,4
15902,aridaybordon,100,5
15879,aridaybordon,91,6
15921,aridaybordon,90,7
15907,aridaybordon,87,8
15920,aridaybordon,79,9
15883,aridaybordon,73,10
15913,aridaybordon,73,10
15892,aridaybordon,51,12
15919,aridaybordon,51,12
15914,aridaybordon,50,14
15894,aridaybordon,48,15
15904,aridaybordon,41,16
15911,aridaybordon,41,16
15899,aridaybordon,40,18
15896,aridaybordon,33,19
15912,aridaybordon,30,20
15891,aridaybordon,28,21
15884,aridaybordon,18,22
15880,aridaybordon,14,23
7802,arielmendezp,85,1
17158,arielomorov,79,1
12981,arimilan,86,1
14196,arishikesh,88,1
14203,arishikesh,70,2
14193,arishikesh,68,3
14191,arishikesh,53,4
14197,arishikesh,43,5
8588,arisilan,61,1
3224,arissa,71,1
7916,aristokrat2192,101,1
7918,aristokrat2192,39,2
7915,aristokrat2192,38,3
7909,aristokrat2192,31,4
7912,aristokrat2192,27,5
7914,aristokrat2192,12,6
5631,aristophanes,62,1
7417,aristotepythagore,48,1
2349,aritzlapazarious,19,1
10163,arj,46,1
14109,arjan1967,85,1
5601,arjanschoonen,77,1
19396,arjeh,22,1
19297,arjenf,84,1
18749,arjunppp,162,1
16895,arkady00,76,1
15474,arkan1212,110,1
14069,arkasza11fu,17,1
7786,arken,55,1
7790,arken,41,2
19482,arketip,90,1
15757,armaan_2002,56,1
18304,armangoli,69,1
17269,armawansyah7,31,1
16840,armkav,56,1
2770,arnchess,93,1
5043,arniepye_in_the_sky,107,1
6665,arnomass,118,1
6654,arnomass,79,2
6652,arnomass,58,3
6648,arnomass,54,4
6660,arnomass,48,5
6664,arnomass,46,6
6658,arnomass,40,7
6645,arnomass,36,8
6656,arnomass,31,9
6646,arnomass,18,10
12031,aronus,17,1
10717,arp-valois,14,1
18440,arpadanolenat,26,1
3243,arpan1101,35,1
8063,arquerosolo,66,1
12881,arrami01,45,1
8913,arras2016,24,1
18929,arras2016,15,2
17745,arrchess,121,1
1037,arrchess,72,2
244,arrigo,34,1
19220,arrigo,34,1
7999,ars54321,96,1
15995,arsenaa81,64,1
1749,arsenelupin1620,111,1
1764,arsenelupin1620,99,2
1756,arsenelupin1620,87,3
1760,arsenelupin1620,80,4
1741,arsenelupin1620,79,5
1745,arsenelupin1620,76,6
1747,arsenelupin1620,75,7
1761,arsenelupin1620,71,8
1758,arsenelupin1620,63,9
1751,arsenelupin1620,60,10
1754,arsenelupin1620,60,10
1739,arsenelupin1620,41,12
1750,arsenelupin1620,40,13
1737,arsenelupin1620,35,14
17069,arseniydubrovin,62,1
14243,arseniyz,45,1
12701,arshansaeed,108,1
6661,arslan1992,129,1
18044,arsti,50,1
3731,arsy,59,1
12699,art10,43,1
18396,art1988,46,1
4891,art55ark,62,1
13929,artagadan,60,1
10829,artem1986,78,1
8722,artem35,97,1
5427,artem555,147,1
18331,artem555,147,1
5413,artem555,109,3
18317,artem555,109,3
5434,artem555,107,5
18338,artem555,107,5
5417,artem555,100,7
18321,artem555,100,7
5409,artem555,95,9
18313,artem555,95,9
5422,artem555,92,11
18326,artem555,92,11
5424,artem555,83,13
18328,artem555,83,13
5406,artem555,74,15
18310,artem555,74,15
5429,artem555,63,17
18333,artem555,63,17
5421,artem555,59,19
18325,artem555,59,19
5414,artem555,55,21
18318,artem555,55,21
5408,artem555,50,23
18312,artem555,50,23
5416,artem555,43,25
18320,artem555,43,25
5432,artem555,40,27
18336,artem555,40,27
5418,artem555,39,29
18322,artem555,39,29
7310,artemkov,64,1
18025,artesano08,51,1
18023,artesano08,48,2
13004,artgalai11,98,1
6231,artgalai11,90,2
2607,artgalai11,49,3
2024,artgalai11,19,4
929,arthurmd,27,1
13140,arthurrr,198,1
14758,arthurrr,198,1
4902,arthurrr,117,3
5239,arthuryaschenko,40,1
7837,artificialreality,57,1
3917,artisom_2017,190,1
4068,artmanua,9,1
12190,artsew,45,1
13128,artur129,169,1
16359,artur129,66,2
8083,artur5555,126,1
16163,artur576,2,1
13335,arturfritz,88,1
13327,arturfritz,81,2
13325,arturfritz,67,3
13328,arturfritz,63,4
13333,arturfritz,47,5
13332,arturfritz,44,6
13320,arturfritz,39,7
13322,arturfritz,29,8
1245,arturo666,29,1
1989,arturopalacio,68,1
1459,arturoperez,53,1
16268,artvs,145,1
19715,artykom,129,1
19702,artykom,118,2
19711,artykom,107,3
19696,artykom,102,4
19708,artykom,101,5
19705,artykom,90,6
19695,artykom,86,7
19713,artykom,83,8
19704,artykom,75,9
19710,artykom,66,10
19700,artykom,62,11
19709,artykom,62,11
19706,artykom,57,13
19698,artykom,54,14
19717,artykom,46,15
19719,artykom,45,16
19693,artykom,42,17
16030,artykwolf,95,1
2760,artyom_belyaev,31,1
11593,arunava,47,1
6538,arunava10,133,1
6540,arunava10,39,2
6541,arunava10,39,2
6546,arunava10,39,2
6539,arunava10,34,5
6543,arunava10,31,6
15446,arunchess,31,1
1281,arunmaiyad,27,1
6364,arya55,18,1
16015,as1973,71,1
18775,asad432,88,1
12388,asaf_givon,65,1
19403,asafyan,41,1
9207,asars,75,1
9568,ascarllsiul,64,1
9585,ascarllsiul,17,2
16306,asd2112,55,1
8296,asdf988,51,1
17574,aseman-aseman,40,1
18598,asenssio,114,1
11049,asgar,58,1
10506,ashilov,54,1
11215,ashilov,54,1
14284,ashishagg70,28,1
118,ashishbarda,90,1
13727,ashishbarda,90,1
1271,ashishv,94,1
1269,ashishv,51,2
11045,ashman,94,1
13033,ashok-arora,79,1
13029,ashok-arora,77,2
13031,ashok-arora,53,3
13036,ashok-arora,51,4
13024,ashok-arora,49,5
13026,ashok-arora,43,6
13035,ashok-arora,40,7
13043,ashok-arora,37,8
13039,ashok-arora,33,9
13021,ashok-arora,23,10
13019,ashok-arora,15,11
15750,ashokvsaste,61,1
19293,ashpak,116,1
12097,ashraf-libyaa,89,1
1816,ashrafahadi,13,1
18287,ashu_john,57,1
13425,asia_01,57,1
6372,asianindahouse,99,1
6371,asianindahouse,82,2
6376,asianindahouse,72,3
6383,asianindahouse,61,4
6388,asianindahouse,58,5
6373,asianindahouse,56,6
6379,asianindahouse,54,7
6378,asianindahouse,50,8
6377,asianindahouse,49,9
6382,asianindahouse,47,10
6385,asianindahouse,40,11
6390,asianindahouse,23,12
6387,asianindahouse,16,13
5270,asimshn,68,1
2093,asinusumut,102,1
11314,askar11111,47,1
11412,aslan737373,20,1
13739,aslan737373,20,1
19060,aslan737373,20,1
13553,aslanmax1,22,1
12280,asoola2009,78,1
9157,assalti,37,1
12384,assasin_creep,88,1
12380,assasin_creep,54,2
12382,assasin_creep,48,3
9591,asskicker135,43,1
1630,astana001,77,1
2505,asterakis,29,1
10040,astronautearl101,31,1
10033,astronautearl101,30,2
10035,astronautearl101,12,3
5611,astueven7,90,1
5618,astueven7,84,2
5617,astueven7,80,3
5608,astueven7,48,4
5612,astueven7,48,4
5615,astueven7,33,6
5620,astueven7,26,7
5610,astueven7,24,8
5609,astueven7,16,9
5613,astueven7,13,10
1567,aswer,161,1
15980,aswer,161,1
14529,aszilagyi,90,1
8842,atabey2010,105,1
8835,atabey2010,50,2
9470,atacante,93,1
5540,atakan0016,40,1
15240,atakule,82,1
17377,atalay,59,1
12804,ataozguner,64,1
8878,ataque-kamikaze,61,1
19795,atarasenko,58,1
14384,atchayam,85,1
14387,atchayam,69,2
14388,atchayam,41,3
14394,atchayam,40,4
14395,atchayam,37,5
14390,atchayam,25,6
5865,athanna,43,1
10120,athena1234,139,1
10121,athena1234,3,2
6547,athrye,114,1
6557,athrye,28,2
10289,atilioss,74,1
317,atilioss,45,2
17939,atlantiss23,169,1
1818,atmriz,25,1
10012,atoc,61,1
19049,atoz123,50,1
18999,atreblabo,51,1
18870,atrophied,77,1
17914,atrophied,59,2
5669,atrophied,23,3
14736,attee,8,1
9578,atz,29,1
266,au118,177,1
5164,aubb,25,1
10441,audi-razborka,17,1
18224,audrys,115,1
310,augustbecarre,27,1
6204,augustegloire,116,1
9091,augusto64,127,1
18306,auraknight,37,1
1266,aurarestrepo,74,1
1852,aurelking,45,1
12574,aurstoikos,84,1
13884,ausfux,31,1
5562,austevoo,90,1
10611,austindecoder,44,1
10617,austindecoder,44,1
10607,austindecoder,34,3
13303,ausuhov,120,1
2480,autofire1,59,1
12746,ava32,37,1
9078,avdi38,97,1
11960,avefenix1970,27,1
109,avelez8,137,1
99,avelez8,113,2
104,avelez8,81,3
102,avelez8,75,4
100,avelez8,62,5
105,avelez8,46,6
112,avelez8,28,7
111,avelez8,18,8
17747,aveniner,30,1
11984,avi224,42,1
2153,avichal,133,1
2150,avichal,43,2
2155,avichal,36,3
17102,avodh,31,1
16232,awalvie,44,1
2241,awangkoteng,38,1
18261,awdesq12,48,1
9199,awersome,77,1
6082,awesomegurl,11,1
6453,awesomegurl,11,1
9451,awesomenessrichard,80,1
2165,awrankin,73,1
14332,awsms10,44,1
853,axela,124,1
12330,axela,124,1
12857,axela,32,3
1253,axelpro446,137,1
1267,axelpro446,130,2
1292,axelpro446,94,3
1291,axelpro446,90,4
1285,axelpro446,87,5
1255,axelpro446,83,6
1260,axelpro446,67,7
1257,axelpro446,65,8
1287,axelpro446,63,9
1265,axelpro446,50,10
1282,axelpro446,50,10
1286,axelpro446,45,12
1276,axelpro446,30,13
1264,axelpro446,27,14
1261,axelpro446,26,15
1270,axelpro446,24,16
1272,axelpro446,24,16
1283,axelpro446,20,18
1278,axelpro446,18,19
1268,axelpro446,14,20
1290,axelpro446,8,21
1280,axelpro446,7,22
10631,axes,92,1
10634,axes,57,2
18863,axim188,141,1
18857,axim188,119,2
18861,axim188,117,3
18860,axim188,86,4
18851,axim188,85,5
18855,axim188,56,6
18853,axim188,55,7
18858,axim188,54,8
18849,axim188,32,9
18865,axim188,28,10
2586,axmn312,20,1
15366,axmn312,20,1
6690,axouu,98,1
6749,axouu,80,2
4516,ayan4you,60,1
2332,ayax5000,51,1
15384,ayax5000,51,1
18589,ayitsfishy,84,1
10909,aykalugin,75,1
18019,ayman78,152,1
18029,ayman78,78,2
8092,aymaney10,150,1
3336,aymanzayat123,99,1
6977,aynaz22,90,1
6981,aynaz22,58,2
2854,aynurr08,95,1
6706,aysallinn,77,1
5403,ayush7211,35,1
15606,ayxan_aze,70,1
15795,az_99,168,1
15802,az_99,149,2
15805,az_99,144,3
8268,az_99,126,4
15799,az_99,126,4
15812,az_99,109,6
15816,az_99,95,7
15803,az_99,83,8
15793,az_99,48,9
15796,az_99,46,10
15818,az_99,46,10
15807,az_99,41,12
15810,az_99,39,13
15791,az_99,27,14
15809,az_99,24,15
17018,aza888,53,1
15814,aza_eco,49,1
4506,azamat63,62,1
7578,azamat_shev,87,1
174,azcatdave,40,1
14684,azdek,41,1
9319,azelis,20,1
5081,azer21,78,1
12119,azfath,36,1
5900,azimut818,27,1
1273,azisdoank,57,1
10053,azizbayram,34,1
11528,azizhoca,67,1
14297,azomio,111,1
14291,azomio,107,2
14265,azomio,73,3
14281,azomio,64,4
14270,azomio,61,5
14266,azomio,57,6
14280,azomio,51,7
14299,azomio,51,7
14286,azomio,48,9
14275,azomio,42,10
14300,azomio,42,10
14287,azomio,40,12
14279,azomio,37,13
14295,azomio,33,14
14264,azomio,29,15
14293,azomio,29,15
14273,azomio,27,17
14269,azomio,20,18
14283,azomio,19,19
14289,azomio,15,20
15808,aztecking35,104,1
10069,azuaga,122,1
10346,azzohha,64,1
10313,azzohha,11,2
3136,b-max211,87,1
3140,b-max211,79,2
3135,b-max211,78,3
3142,b-max211,63,4
3137,b-max211,54,5
3147,b-max211,52,6
3138,b-max211,17,7
3574,b0nes,9,1
900,b12denis,61,1
2566,b1vrn,120,1
16995,b25270,44,1
13223,b2g4gotu,125,1
13214,b2g4gotu,115,2
13218,b2g4gotu,69,3
13216,b2g4gotu,57,4
13221,b2g4gotu,55,5
13219,b2g4gotu,4,6
4965,b412s,96,1
16478,b42,20,1
8797,b4rb,68,1
7748,b6a8h,125,1
7739,b6a8h,88,2
7741,b6a8h,87,3
7740,b6a8h,77,4
7737,b6a8h,72,5
7736,b6a8h,70,6
7743,b6a8h,50,7
7751,b6a8h,39,8
7742,b6a8h,38,9
7745,b6a8h,30,10
7734,b6a8h,8,11
7735,b6a8h,8,11
15630,baaarca,77,1
10395,baba1335,37,1
15254,babadzhanov____94,64,1
17639,babbage,27,1
17746,babblingboy,130,1
17740,babblingboy,127,2
17763,babblingboy,106,3
17748,babblingboy,76,4
17741,babblingboy,72,5
17736,babblingboy,64,6
17767,babblingboy,60,7
17760,babblingboy,54,8
17744,babblingboy,52,9
17757,babblingboy,47,10
17754,babblingboy,45,11
17743,babblingboy,44,12
17764,babblingboy,33,13
17766,babblingboy,23,14
17755,babblingboy,20,15
17751,babblingboy,18,16
18674,babele,49,1
16308,babelhal,39,1
6737,baburao,56,1
18035,babyboyplayer,111,1
17106,babypuppy09,58,1
6845,back_space,47,1
6847,back_space,31,2
15830,bad-able,71,1
13540,bad_boy_021,96,1
16503,badd_sneakers,44,1
13990,baddies,96,1
13992,baddies,11,2
18876,badplayer_cm,69,1
11618,badpuppy,119,1
2302,badpuppy,63,2
19361,badpuppy,43,3
3738,badpuppy,39,4
2495,baebraham,74,1
10573,bageryan,113,1
11282,bageryan,113,1
17132,bagoez,52,1
3585,bagremsky,98,1
18722,bahaback,101,1
16574,bahakz_32,60,1
17444,bahram5596,48,1
926,bajablast,68,1
9296,bakaliechrom,29,1
9590,bakkara,89,1
13839,balaa,55,1
9298,balage77,40,1
4564,balajenh,88,1
8743,balan,79,1
4796,balan,5,2
18496,balash,80,1
3800,balash,28,2
19773,balikoevsd,96,1
19413,balikoevsd,61,2
2487,ballado_2239,16,1
18401,ballamut,156,1
1254,bamarillobiller,81,1
1252,bamarillobiller,54,2
8731,banananajoe,65,1
5940,banananajoe,46,2
9023,banand,89,1
4115,bananobama,78,1
19986,bandessz,102,1
13596,bandit01,82,1
18262,banditos,65,1
9694,banga,152,1
6914,banyak_alasan,17,1
11525,baobaob,52,1
4283,barack01,77,1
8552,baranornarli,152,1
8530,baranornarli,123,2
8520,baranornarli,117,3
8535,baranornarli,115,4
8536,baranornarli,109,5
8529,baranornarli,94,6
8523,baranornarli,82,7
8547,baranornarli,80,8
8548,baranornarli,79,9
8541,baranornarli,77,10
8553,baranornarli,71,11
8539,baranornarli,69,12
8532,baranornarli,65,13
8534,baranornarli,64,14
8526,baranornarli,61,15
8544,baranornarli,56,16
8546,baranornarli,56,16
8542,baranornarli,49,18
8524,baranornarli,38,19
8522,baranornarli,35,20
15735,barashkov,45,1
4648,barbacued,67,1
4649,barbacued,17,2
6662,barbaram,20,1
17394,barbiejelic,44,1
2533,barhayot1987,13,1
12143,baris4747,70,1
11416,barker1964,82,1
13743,barker1964,82,1
19064,barker1964,82,1
6526,barneystinsonking,24,1
4325,barobeyi,68,1
5178,baron-1977,77,1
11513,barreira,102,1
15574,barrigaverde,18,1
1825,barrow-wight,137,1
1828,barrow-wight,44,2
1834,barrow-wight,37,3
1840,barrow-wight,31,4
1826,barrow-wight,14,5
17417,barryseal767,64,1
3016,bart123454352435,68,1
16811,bart_simpson,36,1
13893,bartonar,151,1
5313,baruc456,11,1
7699,baruchizi,43,1
7781,bas9840,25,1
18393,basakcesur,187,1
18395,basakcesur,170,2
18420,basakcesur,144,3
18397,basakcesur,134,4
18409,basakcesur,120,5
18406,basakcesur,118,6
18417,basakcesur,103,7
18410,basakcesur,95,8
18399,basakcesur,89,9
18418,basakcesur,81,10
18413,basakcesur,63,11
18389,basakcesur,33,12
18402,basakcesur,26,13
18419,basakcesur,20,14
14845,basar-raja,58,1
15397,bash0707,153,1
16065,basharat,15,1
14349,bashmachkin,56,1
9499,bashscript,67,1
5722,basico,61,1
6454,basila,26,1
17347,basilis,3,1
1454,basilou,115,1
3840,basis,37,1
4492,bason,134,1
14651,baspa20000,36,1
3879,bassboy,89,1
16462,bassboy,89,1
11468,bassboy,2,3
3288,bassem8866,54,1
527,bassim,45,1
13522,bastianmunz,93,1
2434,bastille114,8,1
8071,bastou14078,71,1
12725,bat_of_doom,51,1
14739,bat_of_doom,49,2
14345,batagueiredo,18,1
16962,batanov0949,121,1
12765,batforever,36,1
5592,batigol5,23,1
15741,batmanlively,91,1
14481,batmanwws,124,1
14975,batmanwws,15,2
18226,battal44,53,1
11125,batusai809,116,1
11127,batusai809,80,2
11128,batusai809,46,3
3949,bauerl95,35,1
11706,bauss54,68,1
19329,bauss54,68,1
2357,bavorak15,71,1
15274,bawer234,40,1
4795,bayaman,61,1
2996,bayaw,29,1
10138,baybars,16,1
3677,bazarmalikmaulana,53,1
16914,baze,93,1
8640,bbh,60,1
3436,bbkingo,77,1
18277,bboritz,48,1
14961,bbsd,47,1
10828,bc56,131,1
9080,bdeathkiller,20,1
9081,bdeathkiller,18,2
9084,bdeathkiller,5,3
660,bdoq,72,1
18966,be0wulf,161,1
18965,be0wulf,139,2
18972,be0wulf,131,3
18969,be0wulf,51,4
18971,be0wulf,48,5
18967,be0wulf,44,6
11714,beamall,98,1
19337,beamall,98,1
11716,beamall,57,3
19339,beamall,57,3
13883,bear789,109,1
13904,bear789,107,2
13888,bear789,89,3
13901,bear789,88,4
13897,bear789,82,5
13873,bear789,78,6
13891,bear789,77,7
13880,bear789,73,8
13898,bear789,71,9
13879,bear789,63,10
13912,bear789,63,10
13882,bear789,51,12
13867,bear789,50,13
13877,bear789,47,14
13903,bear789,45,15
13894,bear789,42,16
13885,bear789,39,17
13910,bear789,39,17
13909,bear789,35,19
13892,bear789,34,20
13906,bear789,34,20
13872,bear789,32,22
13871,bear789,25,23
13890,bear789,14,24
10832,beastly,22,1
10836,beastly,16,2
10838,beastly,10,3
10841,beastly,4,4
17742,beatenthebishop,9,1
16553,beatpoet,36,1
18215,beaugency,67,1
6916,bebano,142,1
7226,bedeelf,47,1
10737,bedo77,26,1
12566,bee7400,9,1
531,beef_cake,59,1
11609,beepbeepimajeep,105,1
13278,beepbeepimajeep,93,2
11948,beepbeepimajeep,38,3
18210,beezeman1,61,1
8350,beginner-online,38,1
10093,beginner74,71,1
1743,beginneresque,81,1
1911,behrooz36tehran,111,1
1913,behrooz36tehran,108,2
1916,behrooz36tehran,77,3
1901,behrooz36tehran,76,4
1905,behrooz36tehran,72,5
1907,behrooz36tehran,69,6
1904,behrooz36tehran,66,7
1919,behrooz36tehran,62,8
1909,behrooz36tehran,56,9
16000,bek666,19,1
10990,beka66,147,1
17287,bekely,36,1
15507,bekita,78,1
5706,beks3335,37,1
1150,bekzodjon,135,1
14604,bekzodjon,135,1
1153,bekzodjon,114,3
14607,bekzodjon,114,3
1142,bekzodjon,107,5
14596,bekzodjon,107,5
1143,bekzodjon,92,7
14597,bekzodjon,92,7
1151,bekzodjon,78,9
14605,bekzodjon,78,9
1146,bekzodjon,55,11
14600,bekzodjon,55,11
11652,belal85,142,1
15813,belaya_ovtsa,70,1
20054,belcolt,24,1
17948,belekor,82,1
18906,belja,91,1
16520,bellovese,90,1
3631,belo123,29,1
15312,bembeng87,33,1
1483,bemonk,122,1
1481,bemonk,23,2
11324,ben2016,98,1
14436,ben2018,77,1
17217,ben2018,61,2
5253,benallal,72,1
9863,bendikzen,102,1
19595,benedictine,43,1
19593,benedictine,30,2
18842,benedictnishantha,59,1
2096,benemar,41,1
3606,benev82,47,1
7465,benisio2011,17,1
8930,benitares,49,1
11857,benjack,95,1
8652,benjack,86,2
8808,benjack,66,3
17529,benjamin1365,62,1
8533,benjapercu,85,1
11107,benjito,73,1
9112,benjor,59,1
17348,benjor,54,2
5367,benjor,47,3
10474,bensk,100,1
11362,benuard,94,1
13453,benuard,94,1
1411,benuard,60,3
8089,benuard,55,4
5966,beppe65,34,1
6241,berder,65,1
6243,berder,44,2
6239,berder,42,3
6244,berder,35,4
68,berejokserg,78,1
14162,bergamasco,80,1
4454,berguenlouis,55,1
925,beril2009,57,1
12024,berk1161,64,1
5274,berke_uyar,27,1
11114,bernabe,67,1
11108,bernabe,58,2
11116,bernabe,25,3
1084,bernec,62,1
10305,bero,55,1
11451,bert-w,12,1
4829,bert-w,1,2
4676,bert9999,97,1
11142,berti,74,1
6074,bertuol,44,1
9796,best,88,1
8258,best,73,2
11101,bestgame,116,1
11099,bestgame,89,2
13494,bestman225,27,1
15174,bet,115,1
10110,bet,82,2
3445,betelgeuse1,7,1
19094,beto53,52,1
2603,betweentwopawns,164,1
2598,betweentwopawns,107,2
2605,betweentwopawns,95,3
2610,betweentwopawns,89,4
2602,betweentwopawns,81,5
2604,betweentwopawns,52,6
2601,betweentwopawns,44,7
12196,bezar98,115,1
8236,bezimani,83,1
1377,bflz,73,1
10115,bgd_crew,36,1
4367,bharatt,9,1
19996,bhirghu,58,1
17618,bibou95,35,1
5168,bicerim,47,1
11778,bichara,41,1
10362,bidar,170,1
6854,bigbigbiigchiken,38,1
5731,bigbiscuit599,176,1
5728,bigbiscuit599,40,2
5726,bigbiscuit599,17,3
7118,bigbonghits,44,1
2877,bigbossiokepa,90,1
2879,bigbossiokepa,10,2
14359,bigbrother101,207,1
14380,bigbrother101,103,2
14353,bigbrother101,95,3
14351,bigbrother101,94,4
14366,bigbrother101,92,5
14371,bigbrother101,88,6
14375,bigbrother101,87,7
14343,bigbrother101,80,8
14344,bigbrother101,77,9
14368,bigbrother101,72,10
14693,bigbrother101,65,11
14363,bigbrother101,64,12
14374,bigbrother101,49,13
14358,bigbrother101,40,14
14382,bigbrother101,39,15
14378,bigbrother101,36,16
14355,bigbrother101,33,17
14348,bigbrother101,25,18
14347,bigbrother101,11,19
14360,bigbrother101,9,20
9547,bigfish5,33,1
10360,bigkingamir,10,1
11899,bigmonster4,73,1
11900,bigmonster4,40,2
7958,bigmurphx,41,1
12525,bignoob1409,170,1
12535,bignoob1409,170,1
12530,bignoob1409,130,3
12528,bignoob1409,116,4
12531,bignoob1409,105,5
12526,bignoob1409,81,6
12523,bignoob1409,30,7
12533,bignoob1409,27,8
15120,bigpapaslice,27,1
12570,bigprof8,47,1
19502,bijay,128,1
12144,bikkel,75,1
372,bilabrin,95,1
5359,bilalbilal,85,1
3648,bilalbilal,69,2
1625,bilbobaggins999,100,1
1628,bilbobaggins999,71,2
1627,bilbobaggins999,53,3
1621,bilbobaggins999,32,4
9500,bilel16,59,1
17285,billionofstars,53,1
10542,billooji,46,1
11251,billooji,46,1
19651,billy01,189,1
9592,bilrost,61,1
9491,bimi,75,1
3577,binder47,54,1
3575,binder47,31,2
16809,biniek,46,1
2174,binoxmen,21,1
13341,binoxmen,21,1
13089,binthaily,154,1
13093,binthaily,129,2
13088,binthaily,73,3
13087,binthaily,43,4
13086,binthaily,42,5
13084,binthaily,11,6
1512,bip5,50,1
17220,bird88,18,1
8057,birdplane,36,1
2756,bischopscup,109,1
2769,bischopscup,104,2
2746,bischopscup,86,3
2750,bischopscup,70,4
2766,bischopscup,58,5
2771,bischopscup,55,6
2764,bischopscup,52,7
2758,bischopscup,46,8
2759,bischopscup,40,9
2749,bischopscup,38,10
2772,bischopscup,38,10
2747,bischopscup,36,12
2761,bischopscup,32,13
2754,bischopscup,19,14
13975,biscione,43,1
16506,bisekenov,80,1
5341,bishada,94,1
327,bishopkerry01,114,1
5448,bishopson,132,1
5457,bishopson,99,2
5444,bishopson,89,3
5441,bishopson,82,4
5455,bishopson,82,4
5452,bishopson,75,6
5446,bishopson,74,7
5439,bishopson,71,8
5451,bishopson,63,9
5437,bishopson,45,10
5459,bishopson,41,11
5442,bishopson,39,12
5449,bishopson,36,13
5902,bishupknitexiii,27,1
31,biyanivedant01,64,1
12100,bjarne27,24,1
17453,blabluba,52,1
4415,black_slonik,46,1
13972,blackbandana,95,1
7579,blackdragon07,103,1
8576,blackforce,54,1
5600,blackgian96,50,1
17116,blackphish,92,1
14496,blackshelter,54,1
1047,blacktundro,58,1
8573,blade57,101,1
10215,blagoma,47,1
3291,blajvasile,73,1
208,blassterkal,118,1
11435,blassterkal,118,1
13762,blassterkal,118,1
19083,blassterkal,118,1
205,blassterkal,101,5
11432,blassterkal,101,5
13759,blassterkal,101,5
19080,blassterkal,101,5
5568,blayzee27,53,1
15251,blaz58,79,1
12532,blaz58,70,2
3833,blazingdragon,122,1
3841,blazingdragon,101,2
3827,blazingdragon,89,3
3851,blazingdragon,87,4
3817,blazingdragon,85,5
3825,blazingdragon,85,5
3842,blazingdragon,81,7
3823,blazingdragon,72,8
3862,blazingdragon,64,9
3830,blazingdragon,56,10
3854,blazingdragon,55,11
3847,blazingdragon,44,12
3836,blazingdragon,41,13
3819,blazingdragon,40,14
3831,blazingdragon,39,15
3848,blazingdragon,39,15
3821,blazingdragon,36,17
3856,blazingdragon,36,17
3855,blazingdragon,26,19
3865,blazingdragon,24,20
3844,blazingdragon,15,21
19724,blazingheart,154,1
19898,blazingheart,64,2
1596,blazingheart,43,3
13170,blazingheart,43,3
14788,blazingheart,43,3
715,blazingheart,34,6
12203,blazingheart,34,6
15555,blazingheart,29,8
9072,blck-knight,23,1
6198,blearner,49,1
18059,bleda,209,1
18047,bleda,196,2
18075,bleda,167,3
18063,bleda,165,4
18092,bleda,156,5
18082,bleda,144,6
18066,bleda,142,7
18048,bleda,138,8
18051,bleda,135,9
18085,bleda,132,10
18074,bleda,130,11
18072,bleda,120,12
18060,bleda,118,13
18049,bleda,114,14
18050,bleda,111,15
18083,bleda,110,16
18055,bleda,104,17
18079,bleda,104,17
18065,bleda,102,19
18087,bleda,100,20
18061,bleda,94,21
18073,bleda,94,21
18062,bleda,89,23
18058,bleda,86,24
18088,bleda,85,25
18057,bleda,84,26
18067,bleda,80,27
18078,bleda,80,27
18089,bleda,80,27
18076,bleda,76,30
18077,bleda,72,31
18093,bleda,72,31
18056,bleda,70,33
18071,bleda,68,34
18046,bleda,65,35
18070,bleda,58,36
18054,bleda,54,37
18086,bleda,53,38
18064,bleda,48,39
18080,bleda,48,39
18068,bleda,46,41
18052,bleda,45,42
18084,bleda,44,43
18069,bleda,38,44
18081,bleda,36,45
18090,bleda,36,45
18053,bleda,35,47
18091,bleda,25,48
11393,blessedup,93,1
11397,blessedup,71,2
11391,blessedup,68,3
11398,blessedup,64,4
11392,blessedup,28,5
18792,blforzainter,70,1
10809,blikk,104,1
526,blinskey,32,1
10148,blitzbullet,149,1
8127,blitzfofun,102,1
8126,blitzfofun,56,2
8133,blitzfofun,54,3
8138,blitzfofun,45,4
8137,blitzfofun,37,5
8135,blitzfofun,25,6
4928,blog,56,1
5194,blokh1n,116,1
5181,blokh1n,104,2
5197,blokh1n,104,2
5174,blokh1n,101,4
5184,blokh1n,72,5
5173,blokh1n,71,6
5186,blokh1n,70,7
5191,blokh1n,61,8
5189,blokh1n,58,9
5202,blokh1n,56,10
5182,blokh1n,44,11
5167,blokh1n,43,12
5170,blokh1n,41,13
5166,blokh1n,38,14
5199,blokh1n,33,15
5188,blokh1n,32,16
5203,blokh1n,32,16
5192,blokh1n,19,18
14694,blongdongsilver,69,1
709,bloonfreakster,91,1
706,bloonfreakster,83,2
703,bloonfreakster,77,3
711,bloonfreakster,59,4
710,bloonfreakster,34,5
705,bloonfreakster,33,6
708,bloonfreakster,29,7
7502,blueavocado,102,1
5526,bluefish1007,71,1
7842,bluejaymo,137,1
17999,bluejaymo,137,1
7672,bluejesse,50,1
19156,blues_drifter,10,1
15698,blumfilter,71,1
17586,blumirror,63,1
17588,blumirror,54,2
19520,blunderkoning,118,1
2721,bmai,49,1
4957,bmankidd195,39,1
4697,bmayem,29,1
9012,bmonteiro,14,1
5076,bnbnswa,39,1
7563,bnd,90,1
3845,board2016,71,1
7962,boardman,35,1
9087,bob_the_bunny,97,1
9085,bob_the_bunny,71,2
9086,bob_the_bunny,13,3
15962,bobadah,77,1
15268,bobasper,34,1
17200,bobbky,74,1
18705,bobblehead9898,67,1
18707,bobblehead9898,36,2
18829,bobby_wite,24,1
4728,bobbyevans,112,1
4727,bobbyevans,96,2
4730,bobbyevans,71,3
4735,bobbyevans,68,4
4733,bobbyevans,61,5
4725,bobbyevans,39,6
855,bobbytal,66,1
12332,bobbytal,66,1
2280,bobc,158,1
2261,bobc,145,2
2275,bobc,130,3
2266,bobc,113,4
2292,bobc,110,5
2296,bobc,109,6
2277,bobc,108,7
2259,bobc,99,8
2286,bobc,81,9
1205,bobc,80,10
2283,bobc,80,10
2299,bobc,77,12
2272,bobc,73,13
2281,bobc,70,14
2268,bobc,57,15
2257,bobc,55,16
2301,bobc,53,17
2256,bobc,46,18
2289,bobc,39,19
2264,bobc,35,20
2294,bobc,29,21
2269,bobc,21,22
2288,bobc,17,23
6282,bobcricket01,112,1
8874,bobcricket01,64,2
11885,boberarena,82,1
5975,boberarena,51,2
6770,bobficher1981,53,1
12979,bobi43,60,1
4072,bobo2709,50,1
16081,bobocugri,111,1
5684,bobrik11,41,1
7694,bocadagod,96,1
7706,bocadagod,89,2
7693,bocadagod,84,3
7702,bocadagod,84,3
7717,bocadagod,73,5
7716,bocadagod,71,6
7731,bocadagod,65,7
7704,bocadagod,62,8
7722,bocadagod,57,9
7727,bocadagod,55,10
7714,bocadagod,54,11
7719,bocadagod,50,12
7726,bocadagod,50,12
7708,bocadagod,49,14
7696,bocadagod,45,15
7721,bocadagod,41,16
7732,bocadagod,38,17
7710,bocadagod,19,18
7698,bocadagod,12,19
3058,bocs,91,1
19389,bodc,67,1
3156,bogazsemih,33,1
6404,bogdan2006,106,1
14895,bogdansah,44,1
12044,boho,94,1
9748,bojana92kw,51,1
2573,bokushi-san,53,1
10047,bolillon,94,1
9680,bolillon,63,2
7478,bolivonv,121,1
4518,bollard,137,1
14254,bolokurowo,23,1
10759,bolsasexpectadores,75,1
10760,bolsasexpectadores,36,2
350,bomardan,120,1
19545,bombburperz,23,1
5389,bondarenko_a,39,1
16391,bondik46,69,1
15551,bono62,109,1
11839,bontakriks,173,1
11864,bontakriks,137,2
11841,bontakriks,118,3
11860,bontakriks,117,4
11852,bontakriks,106,5
11861,bontakriks,85,6
11845,bontakriks,63,7
11866,bontakriks,60,8
11847,bontakriks,59,9
11849,bontakriks,57,10
11851,bontakriks,55,11
11848,bontakriks,49,12
11859,bontakriks,24,13
11843,bontakriks,20,14
11856,bontakriks,10,15
3373,bonusminus,19,1
9846,boo82,51,1
12027,booker13,74,1
12025,booker13,68,2
12302,booknote1937,26,1
19749,boomerismydog,129,1
3479,booool,18,1
16346,booool,18,1
8125,boord,46,1
9994,boord,43,2
9993,boord,9,3
19260,boosterpack32,32,1
6403,bootsforcats,38,1
10870,boratkazak,114,1
12472,borazgani,27,1
19785,boreddonquixote,48,1
5506,borgerasm,56,1
6644,borhen,30,1
9318,boria,93,1
4012,borisba,53,1
8256,borisguiller,22,1
15857,borisow1970,72,1
10604,borntexan,172,1
10602,borntexan,86,2
5216,boro-i-ramiz,84,1
17525,boro-i-ramiz,80,2
16855,boro-i-ramiz,51,3
4299,borreebuckets,114,1
4300,borreebuckets,70,2
4302,borreebuckets,62,3
17517,bortemerr,57,1
11910,bosboy,74,1
16395,bosi01,134,1
3052,bosi01,83,2
17115,bosi01,56,3
4358,bosi01,37,4
7304,bosko1,99,1
4444,bosko1,44,2
9654,bosko1,42,3
17902,bosspotato,161,1
17879,bosspotato,133,2
17884,bosspotato,119,3
17892,bosspotato,105,4
17899,bosspotato,102,5
17895,bosspotato,89,6
17916,bosspotato,89,6
17898,bosspotato,83,8
17904,bosspotato,81,9
17918,bosspotato,74,10
17913,bosspotato,71,11
17883,bosspotato,68,12
17881,bosspotato,67,13
17900,bosspotato,66,14
17903,bosspotato,62,15
7556,bosspotato,61,16
17890,bosspotato,61,16
13113,bosspotato,58,18
17896,bosspotato,55,19
17910,bosspotato,53,20
17905,bosspotato,52,21
17887,bosspotato,47,22
17915,bosspotato,44,23
17893,bosspotato,43,24
17908,bosspotato,27,25
8421,bottero,61,1
11579,bouguerrou,32,1
8167,boulawi,37,1
14021,boulgour,25,1
7981,boumattar,27,1
1,bourgris,13,1
7461,bouvard,51,1
4702,bouyahia,53,1
19982,boviced,44,1
4911,bowa14,106,1
8019,bowwow,136,1
8009,bowwow,111,2
8030,bowwow,87,3
8041,bowwow,73,4
8027,bowwow,72,5
8015,bowwow,64,6
8028,bowwow,55,7
8032,bowwow,53,8
8012,bowwow,52,9
8024,bowwow,46,10
8008,bowwow,44,11
8023,bowwow,43,12
8037,bowwow,41,13
8026,bowwow,37,14
8035,bowwow,37,14
8013,bowwow,15,16
8020,bowwow,13,17
12737,box-t,44,1
8956,boxer123,73,1
18563,boy-12-iran,88,1
14472,boy_100,32,1
16749,boyte11,18,1
16763,bozho,40,1
10720,bozorgmehrha,49,1
14584,bpgbcg,140,1
14578,bpgbcg,98,2
14581,bpgbcg,81,3
14590,bpgbcg,61,4
14570,bpgbcg,56,5
14582,bpgbcg,55,6
14569,bpgbcg,50,7
14594,bpgbcg,49,8
14588,bpgbcg,45,9
14574,bpgbcg,37,10
14576,bpgbcg,32,11
14580,bpgbcg,29,12
14586,bpgbcg,28,13
14589,bpgbcg,15,14
9257,bqfun,3,1
7094,br2504,30,1
17673,braca15,75,1
2740,bradley_s,95,1
10465,brahim_mkr,36,1
9518,brainstorm1994,38,1
3781,brainwave57,46,1
1793,brainwizard,98,1
16171,bramikjem,75,1
14249,bramikjem,33,2
9580,brancaleonenorcia,27,1
12491,branconi,62,1
3236,brandonbos,141,1
3229,brandonbos,108,2
3205,brandonbos,87,3
3204,brandonbos,77,4
3219,brandonbos,77,4
3238,brandonbos,63,6
3220,brandonbos,59,7
3244,brandonbos,59,7
3237,brandonbos,58,9
3231,brandonbos,57,10
3225,brandonbos,55,11
3242,brandonbos,55,11
3232,brandonbos,51,13
3212,brandonbos,49,14
3247,brandonbos,49,14
3207,brandonbos,44,16
3222,brandonbos,40,17
3215,brandonbos,38,18
3216,brandonbos,35,19
3218,brandonbos,35,19
3230,brandonbos,25,21
3210,brandonbos,23,22
3245,brandonbos,6,23
4280,brane1974,33,1
9717,branebrane,110,1
9573,braneee,60,1
4962,brannflakes,34,1
2119,branxo15,55,1
7320,brapops77,76,1
19907,brapops77,55,2
16791,brasid,35,1
16789,brasid,31,2
17901,bratancb,45,1
8227,bratyo,55,1
10418,brauliobd947717,62,1
10928,braunshveiygskiy,51,1
15769,bravechicken,107,1
10978,bravegamer123,62,1
10981,bravegamer123,32,2
1000,brazil01,50,1
11370,breizhmasters,75,1
13461,breizhmasters,75,1
14377,breno_giannini,30,1
2242,briant123,64,1
10917,brichess,44,1
15784,bridgebg,18,1
17911,bringue,70,1
4544,bripage511,17,1
6566,briseidalinnankivi,62,1
6564,briseidalinnankivi,43,2
7060,britos777,44,1
4778,brix7,75,1
15631,brko61,78,1
7611,brko61,46,2
6839,brko61,26,3
7415,broblake18,29,1
16596,broderschess,118,1
12504,brodskay,116,1
570,brodskay,58,2
9524,brodski,36,1
14259,bronyaurstomp,41,1
1950,brorael357,95,1
1960,brorael357,81,2
1923,brorael357,77,3
1924,brorael357,70,4
1926,brorael357,63,5
1948,brorael357,49,6
1934,brorael357,48,7
1938,brorael357,48,7
1932,brorael357,46,9
1955,brorael357,41,10
1931,brorael357,38,11
1942,brorael357,38,11
1945,brorael357,36,13
1946,brorael357,36,13
1937,brorael357,30,15
1928,brorael357,29,16
1939,brorael357,18,17
1951,brorael357,17,18
1956,brorael357,16,19
1935,brorael357,12,20
1954,brorael357,12,20
1957,brorael357,2,22
14188,brotback,22,1
11477,brotherbilal,2,1
11189,bruce7x7,99,1
17809,brucewayne100,19,1
17807,brucewayne100,9,2
19511,brujito,82,1
19101,brujo77,2,1
9336,brujodeflandes,66,1
3760,brun0,11,1
19747,bruno510,5,1
6311,bruno707,78,1
14688,brunodecarry,104,1
14696,brunodecarry,61,2
1722,brunomarcal,60,1
15303,brunomig,106,1
5365,brunonicolas,77,1
745,brunozaurus,70,1
3852,brunozaurus,16,2
11093,bryanbegu,82,1
17364,bsaao,106,1
673,bshma,66,1
5198,btbtho11,25,1
7654,btdgod123,33,1
3309,bu-bu,16,1
9340,bu11d0zer,55,1
9346,bu11d0zer,52,2
9339,bu11d0zer,40,3
18033,bubamara693,43,1
5628,bubba83,121,1
5629,bubba83,85,2
5622,bubba83,79,3
5626,bubba83,74,4
5623,bubba83,43,5
5621,bubba83,38,6
5625,bubba83,29,7
5627,bubba83,21,8
13580,buch99,50,1
18185,bucheraar,111,1
456,bud4la,42,1
454,bud4la,38,2
3448,budaman,79,1
5291,buddashand,64,1
748,buddel13,76,1
17129,budissa,76,1
15676,budun67867,17,1
3935,buffo,57,1
14294,buffo,42,2
16768,bugghe,51,1
5876,buglkraxnseppl,1,1
960,bugzzila,41,1
12422,bugzzila,41,1
14413,bugzzila,41,1
5404,buliran,53,1
3149,bulldogfan1998,107,1
3155,bulldogfan1998,75,2
3148,bulldogfan1998,74,3
3152,bulldogfan1998,73,4
3150,bulldogfan1998,62,5
3153,bulldogfan1998,45,6
1589,bulletlover,17,1
13163,bulletlover,17,1
14781,bulletlover,17,1
9474,bumf,77,1
2397,bunbury,14,1
16964,burdenofdreams,43,1
13546,burekovic_123,38,1
908,burkhab,88,1
5358,burks,80,1
5364,burks,64,2
5356,burks,54,3
5368,burks,54,3
5375,burks,48,5
5373,burks,46,6
5374,burks,40,7
5361,burks,36,8
5366,burks,3,9
5377,burks,2,10
12565,burne,74,1
15731,burningpast,86,1
3792,burovik,63,1
2897,businessman47,115,1
2910,businessman47,101,2
2906,businessman47,100,3
2905,businessman47,99,4
2889,businessman47,97,5
2883,businessman47,91,6
2908,businessman47,90,7
2911,businessman47,80,8
2884,businessman47,78,9
2895,businessman47,73,10
2896,businessman47,62,11
2899,businessman47,62,11
2892,businessman47,60,13
2900,businessman47,60,13
2902,businessman47,48,15
2904,businessman47,42,16
2891,businessman47,40,17
2914,businessman47,38,18
2888,businessman47,29,19
2882,businessman47,22,20
2903,businessman47,22,20
2885,businessman47,13,22
2916,businessman47,7,23
7388,busy,49,1
7387,busy,15,2
3446,butledge,74,1
3449,butledge,70,2
3439,butledge,58,3
3430,butledge,45,4
3437,butledge,42,5
3431,butledge,36,6
3432,butledge,31,7
3434,butledge,29,8
3452,butledge,21,9
3438,butledge,16,10
3441,butledge,16,10
3443,butledge,10,12
3444,butledge,6,13
12843,butofcourshh,50,1
1649,butterlandz,117,1
1643,butterlandz,104,2
1645,butterlandz,73,3
1641,butterlandz,65,4
1637,butterlandz,60,5
1648,butterlandz,45,6
1651,butterlandz,45,6
1642,butterlandz,33,8
1639,butterlandz,28,9
316,bwalmer,81,1
318,bwalmer,52,2
11455,bz,97,1
12683,bzez,44,1
13821,bzzottin,61,1
632,ca-va-lier,49,1
12002,ca-va-lier,49,1
7037,caballodemarfil,69,1
1244,cabritas,84,1
3139,cachocarpi,136,1
15038,cacholo2015,62,1
15037,cacholo2015,43,2
11748,cad29,14,1
15719,cadaca1,63,1
8856,cadaver56,70,1
1013,caddy,61,1
10778,caddy,16,2
8527,cadelino,55,1
605,caernarfon,73,1
612,caernarfon,49,2
615,caernarfon,41,3
14610,caesar1377,125,1
12373,cafeinanojutsu,48,1
407,cagliostro97,110,1
408,cagliostro97,67,2
409,cagliostro97,17,3
17870,cahityilmaz,66,1
8766,caissaekv,61,1
3340,caje,118,1
18991,cak_imam80,36,1
10547,cakmakfevzi2012,46,1
11256,cakmakfevzi2012,46,1
7043,cal-fournier,30,1
4630,caladunum,94,1
11396,calamitychess,89,1
18745,calcioscacchi,38,1
7409,cald-or11,47,1
2966,caleb554,57,1
17260,calebl,35,1
6144,calicoder,36,1
4738,caligarigsf,104,1
13940,calimbo,61,1
15821,calinette,58,1
16411,call-me-your-higness,13,1
6224,call2jas,104,1
12999,callumrival,33,1
15489,calmageddon,72,1
14298,calvelame,67,1
548,calvelame,11,2
4016,calypso13,33,1
7542,cam999,37,1
8265,camelclutcher,65,1
8263,camelclutcher,57,2
5643,cameronl86,90,1
5637,cameronl86,86,2
5648,cameronl86,73,3
5654,cameronl86,72,4
5639,cameronl86,58,5
5649,cameronl86,54,6
5653,cameronl86,49,7
5650,cameronl86,44,8
5652,cameronl86,39,9
5636,cameronl86,26,10
5640,cameronl86,14,11
5645,cameronl86,14,11
6814,camiui,42,1
7400,campax,35,1
8062,campbell12,28,1
4871,campenter1974,150,1
14003,campeon2004,102,1
2223,campionesv,52,1
2225,campionesv,50,2
13077,camposf,49,1
17783,camus_1,32,1
5891,can182,40,1
3006,can_haz_kitteh,70,1
17070,can_ozdogan,29,1
10318,canabidiol,6,1
11174,canaboy,35,1
10830,canada84,58,1
8486,canadiancenter,22,1
2321,cancankara,52,1
1294,canexd,98,1
1299,canexd,94,2
1305,canexd,82,3
1295,canexd,74,4
1297,canexd,74,4
1301,canexd,68,6
1312,canexd,64,7
1307,canexd,63,8
1308,canexd,58,9
1302,canexd,50,10
1318,canexd,42,11
1303,canexd,38,12
1296,canexd,37,13
1300,canexd,29,14
1304,canexd,28,15
1306,canexd,18,16
1298,canexd,6,17
884,canibalchess,82,1
12834,caniche7,128,1
12828,caniche7,73,2
12833,caniche7,57,3
12832,caniche7,35,4
11806,cankose35,22,1
19239,cankose35,22,1
13250,canomoisesdejujuy,93,1
19945,canopy,32,1
15977,canossa1954,43,1
1918,cantaloop,97,1
3558,cantona85,91,1
16155,cantona85,69,2
16156,cantona85,49,3
6900,canttestwonttest,81,1
15496,caos1968,51,1
7,capa_jr,33,1
14441,capablanca13,53,1
18515,capablanca171,77,1
8914,capablanca62,25,1
19532,capablanca93,64,1
8543,capablanca93,51,2
17672,capadoc,81,1
15069,capadoc,63,2
2386,capadoc,58,3
17223,capadoc,12,4
19811,capasuzan,68,1
8758,cape217,100,1
8723,cape217,75,2
8741,cape217,56,3
8744,cape217,55,4
8756,cape217,48,5
8724,cape217,16,6
18493,capitainemeuh,101,1
3228,capocapocapo,50,1
4589,capper90,23,1
11979,capricornwon,52,1
17343,capsaicin1,55,1
6659,capt74,83,1
8781,carabantius,31,1
16039,caracarton,42,1
18146,carachecity,14,1
10082,caramba,74,1
17057,caramelo1948,43,1
3869,caramelo1948,31,2
56,caramiecho72,3,1
6793,caratheodory,125,1
636,carbon752,11,1
12006,carbon752,11,1
1187,care_404,128,1
10919,carelessmotion,94,1
10920,carelessmotion,41,2
4963,carioca10,29,1
11837,carlettodelcep,39,1
17862,carlo_rossi,38,1
16143,carlos-balchieni,34,1
17442,carlos4a,63,1
4211,carlosamadorsanchez,55,1
4218,carlosamadorsanchez,54,2
4213,carlosamadorsanchez,50,3
4228,carlosamadorsanchez,50,3
4214,carlosamadorsanchez,46,5
4216,carlosamadorsanchez,27,6
4226,carlosamadorsanchez,22,7
4209,carlosamadorsanchez,15,8
4223,carlosamadorsanchez,12,9
4207,carlosamadorsanchez,10,10
4222,carlosamadorsanchez,10,10
4217,carlosamadorsanchez,2,12
11997,carlosbarreto,54,1
2765,carloscarballod,69,1
7299,carlosdenmark,45,1
6065,carlosestr,69,1
6066,carlosestr,7,2
4277,carlosgodot,31,1
5764,carloshpb,80,1
19681,carloshvrt,76,1
12376,carloshvrt,63,2
2645,carloshvrt,62,3
5109,carlosperez,77,1
3259,carlosperez,39,2
7784,carlosz,53,1
6410,carlosz,32,2
19634,carman20,124,1
14152,carpiov_14,100,1
5050,carrillo,32,1
1144,carrotop,63,1
14598,carrotop,63,1
6120,carson_wells,188,1
6119,carson_wells,120,2
6121,carson_wells,117,3
6136,carson_wells,98,4
6125,carson_wells,65,5
6117,carson_wells,62,6
6132,carson_wells,55,7
6130,carson_wells,51,8
6127,carson_wells,44,9
6134,carson_wells,37,10
6123,carson_wells,26,11
5790,carterlockwood,61,1
5791,carterlockwood,61,1
2968,carvaflu,35,1
5085,carviribolis,26,1
4658,caryakin,53,1
5768,carzar,94,1
9303,casas,93,1
4870,casipierdo,29,1
17585,casondaboss,54,1
13895,caspa_br,24,1
6486,casparon,42,1
2221,casparow,37,1
10153,casper-212,53,1
3956,casta73,13,1
17976,catafalque,104,1
9512,catalanswanttovote,53,1
10140,cataloniafree,65,1
4263,catire25,115,1
4265,catire25,75,2
4275,catire25,38,3
15790,cavaleirobranco,76,1
9691,cavalov,40,1
5789,cavery129,49,1
3256,cawfree,5,1
12126,cb2x40k,60,1
10945,cbalzereit,77,1
4456,cboss446,90,1
4452,cboss446,46,2
13114,cccvvv,95,1
19731,cchand,64,1
117,cdvh,90,1
13726,cdvh,90,1
122,cdvh,59,3
13731,cdvh,59,3
120,cdvh,49,5
13729,cdvh,49,5
113,cdvh,40,7
13722,cdvh,40,7
116,cdvh,33,9
13725,cdvh,33,9
7539,cdwood44,104,1
4539,cebri101,63,1
8881,cecill,115,1
8042,cederick,67,1
4458,cedley1969,91,1
19048,cedrus,80,1
1105,celestialteapot,50,1
17615,celinadia,52,1
19384,celkil01,91,1
17864,celot,14,1
3683,celtica,119,1
17645,celtica,79,2
14959,cemalsertdemir,67,1
6002,cementeriodepeones,77,1
5407,cemki22,45,1
18311,cemki22,45,1
16400,cengiz_yildiz,44,1
18391,cengozhan,62,1
5983,cenkulas,35,1
5977,cenkulas,29,2
13508,centrolenidae,119,1
14091,centrolenidae,51,2
17275,centu,37,1
4748,cerdilia,15,1
5336,cerete,56,1
8584,cerseisminge,114,1
8563,cerseisminge,96,2
8566,cerseisminge,95,3
8586,cerseisminge,92,4
8578,cerseisminge,78,5
8575,cerseisminge,71,6
8580,cerseisminge,64,7
8582,cerseisminge,49,8
8569,cerseisminge,43,9
8567,cerseisminge,41,10
8583,cerseisminge,39,11
8571,cerseisminge,37,12
8572,cerseisminge,35,13
8565,cerseisminge,12,14
7375,cesar1945,107,1
199,cesar1945,18,2
11426,cesar1945,18,2
13753,cesar1945,18,2
19074,cesar1945,18,2
2350,cesarauguste42,21,1
2490,cesartgl,68,1
1808,cesarvampi7,81,1
1180,cesc7046,49,1
19988,ceslaus_front,48,1
8065,cesp62,106,1
17964,cessanz06,60,1
17965,cessanz06,37,2
15285,cevat,31,1
9244,ceve,76,1
4666,cexercisse,20,1
19412,ceyelan,53,1
12933,cfc52,2,1
12935,cfc52,2,1
12940,cfc52,2,1
12945,cfc52,2,1
12947,cfc52,2,1
12949,cfc52,2,1
12953,cfc52,2,1
5110,cfvjujy,120,1
14241,cfvjujy,16,2
4417,ch111,80,1
5962,ch7130156,76,1
9110,chadi,45,1
7152,chadley,48,1
5985,chahvarz2010,34,1
14680,chaittanya,18,1
10242,chalomaria,102,1
18783,chaose,81,1
18781,chaose,77,2
18784,chaose,59,3
18790,chaose,55,4
18789,chaose,50,5
16948,chapess,40,1
10905,chapson,75,1
7116,charkie,3,1
7135,charlesturner,26,1
14461,charlesvilar,49,1
15104,charlouu,40,1
9269,charlycharly,60,1
13135,charlysr3,54,1
12443,charlytb,67,1
12717,charzi,109,1
12720,charzi,85,2
12730,charzi,78,3
12726,charzi,69,4
12718,charzi,53,5
12723,charzi,43,6
12729,charzi,39,7
12734,charzi,36,8
9602,chases,20,1
9601,chases,15,2
9188,chasesims,52,1
3694,chatochess,16,1
13949,chaton_31,133,1
11183,chavosh63,91,1
4980,chean63,137,1
16008,cheapsteve,150,1
10818,cheateralert,91,1
6657,cheateralert,67,2
694,cheateralert,65,3
6885,check-masta,40,1
18631,check-masta,40,1
10769,check-mate95,33,1
8660,check__mate,67,1
2730,checkcheckcheckmate,37,1
3617,checkers-network,101,1
14112,checkerssux,106,1
7411,checkerssux,14,2
9083,checkmate-777,40,1
11457,checkmate3141,70,1
1440,checkortreats,30,1
19683,checkthenmate,29,1
4249,chees29,121,1
4264,chees29,100,2
4269,chees29,85,3
4255,chees29,78,4
4273,chees29,74,5
4259,chees29,64,6
4270,chees29,64,6
4278,chees29,56,8
4279,chees29,47,9
4250,chees29,44,10
4276,chees29,40,11
4268,chees29,36,12
4252,chees29,35,13
4281,chees29,32,14
4261,chees29,26,15
4254,chees29,20,16
4267,chees29,14,17
10070,cheesseburger,66,1
13402,cheezylester,34,1
6010,chefe7,72,1
19778,cheflodi,44,1
7641,chelis1,31,1
15945,chelovochek,56,1
17942,chemdiablo666,48,1
13812,chemvell,54,1
12665,chenla,109,1
14542,chenla,109,1
12667,chenla,47,3
14544,chenla,47,3
19569,chennis,136,1
1801,cheron,33,1
11046,chery,85,1
6353,cheshirekat,61,1
5578,chess-baby1,34,1
14731,chess-bob,73,1
949,chess-brahs,112,1
12411,chess-brahs,112,1
14402,chess-brahs,112,1
945,chess-brahs,78,4
12407,chess-brahs,78,4
14398,chess-brahs,78,4
950,chess-brahs,70,7
12412,chess-brahs,70,7
14403,chess-brahs,70,7
959,chess-brahs,67,10
12421,chess-brahs,67,10
14412,chess-brahs,67,10
948,chess-brahs,66,13
12410,chess-brahs,66,13
14401,chess-brahs,66,13
947,chess-brahs,65,16
12409,chess-brahs,65,16
14400,chess-brahs,65,16
943,chess-brahs,55,19
12405,chess-brahs,55,19
14396,chess-brahs,55,19
955,chess-brahs,53,22
12417,chess-brahs,53,22
14408,chess-brahs,53,22
962,chess-brahs,52,25
12424,chess-brahs,52,25
14415,chess-brahs,52,25
121,chess-brahs,50,28
951,chess-brahs,50,28
12413,chess-brahs,50,28
13730,chess-brahs,50,28
14404,chess-brahs,50,28
944,chess-brahs,49,33
12406,chess-brahs,49,33
14397,chess-brahs,49,33
953,chess-brahs,33,36
12415,chess-brahs,33,36
14406,chess-brahs,33,36
956,chess-brahs,30,39
12418,chess-brahs,30,39
14409,chess-brahs,30,39
946,chess-brahs,29,42
12408,chess-brahs,29,42
14399,chess-brahs,29,42
961,chess-brahs,28,45
12423,chess-brahs,28,45
14414,chess-brahs,28,45
957,chess-brahs,11,48
12419,chess-brahs,11,48
14410,chess-brahs,11,48
958,chess-brahs,3,51
12420,chess-brahs,3,51
14411,chess-brahs,3,51
10083,chess-network,109,1
16494,chess-player001,104,1
15893,chess-player001,74,2
15665,chess-player001,24,3
12466,chess-stat,95,1
16158,chess-wander,95,1
1375,chess0158,137,1
14446,chess0158,133,2
16221,chess100000,135,1
19358,chess12377,38,1
4334,chess7127,28,1
3871,chess965,72,1
1438,chess_bros123,42,1
1439,chess_bros123,38,2
4451,chess_guru_99,21,1
2316,chess_king3,145,1
2313,chess_king3,90,2
2309,chess_king3,65,3
2305,chess_king3,46,4
2303,chess_king3,31,5
2314,chess_king3,27,6
580,chess_legend_rus,37,1
12810,chess_mechess100,82,1
846,chess_pro_107,98,1
12323,chess_pro_107,98,1
16693,chessamura,30,1
9299,chessastur,63,1
10180,chessastur,58,2
10337,chessatwar_99,8,1
6613,chessaurio,130,1
18108,chessbro47,73,1
18112,chessbro47,73,1
18104,chessbro47,65,3
18111,chessbro47,59,4
18114,chessbro47,57,5
18110,chessbro47,45,6
18106,chessbro47,28,7
18109,chessbro47,23,8
13442,chessbuzz17,207,1
13439,chessbuzz17,111,2
13446,chessbuzz17,106,3
13441,chessbuzz17,61,4
13438,chessbuzz17,45,5
13444,chessbuzz17,5,6
667,chesscarl,83,1
666,chesscarl,70,2
654,chesscarl,61,3
668,chesscarl,57,4
659,chesscarl,55,5
674,chesscarl,52,6
642,chesscarl,49,7
664,chesscarl,49,7
653,chesscarl,45,9
643,chesscarl,43,10
645,chesscarl,41,11
649,chesscarl,41,11
657,chesscarl,41,11
641,chesscarl,39,14
672,chesscarl,31,15
652,chesscarl,29,16
681,chesscarl,27,17
655,chesscarl,19,18
16850,chesschamp100,51,1
72,chesschumpchamp,87,1
5024,chesscoach,62,1
10057,chessderek,2,1
10059,chessderek,2,1
2432,chessderp51,52,1
2431,chessderp51,50,2
2433,chessderp51,28,3
12112,chessdude88,39,1
16803,chessed321,60,1
16805,chessed321,41,2
2160,chessfailurenoob,87,1
2159,chessfailurenoob,40,2
13000,chessfan1,31,1
11315,chessfishers,119,1
11319,chessfishers,99,2
11326,chessfishers,95,3
11317,chessfishers,81,4
11321,chessfishers,81,4
11313,chessfishers,59,6
7560,chessfrois,164,1
4098,chessgal2003,34,1
4102,chessgal2003,18,2
4206,chessgeorge,2,1
778,chessgoals,68,1
777,chessgoals,31,2
9447,chessguy60,20,1
3887,chessguy9001,120,1
18647,chessguy9001,120,1
3896,chessguy9001,80,3
18656,chessguy9001,80,3
3888,chessguy9001,73,5
18648,chessguy9001,73,5
3890,chessguy9001,66,7
18650,chessguy9001,66,7
3886,chessguy9001,53,9
18646,chessguy9001,53,9
3893,chessguy9001,49,11
18653,chessguy9001,49,11
3884,chessguy9001,40,13
18644,chessguy9001,40,13
3883,chessguy9001,35,15
18643,chessguy9001,35,15
3889,chessguy9001,22,17
18649,chessguy9001,22,17
3895,chessguy9001,19,19
18655,chessguy9001,19,19
3885,chessguy9001,8,21
18645,chessguy9001,8,21
5595,chesshair94,53,1
18901,chesshedron,93,1
18903,chesshedron,75,2
18899,chesshedron,5,3
16784,chessinnocent,73,1
4260,chessinprogress,19,1
6301,chessirecat,19,1
18127,chessist920,77,1
16100,chesskhovtsev,132,1
16118,chesskhovtsev,129,2
16103,chesskhovtsev,104,3
16080,chesskhovtsev,101,4
16107,chesskhovtsev,93,5
16095,chesskhovtsev,89,6
16084,chesskhovtsev,88,7
16105,chesskhovtsev,74,8
16125,chesskhovtsev,73,9
16087,chesskhovtsev,60,10
16115,chesskhovtsev,59,11
16090,chesskhovtsev,58,12
16094,chesskhovtsev,52,13
16083,chesskhovtsev,46,14
16088,chesskhovtsev,45,15
16109,chesskhovtsev,41,16
16121,chesskhovtsev,41,16
16113,chesskhovtsev,40,18
16096,chesskhovtsev,35,19
16122,chesskhovtsev,34,20
16102,chesskhovtsev,30,21
16092,chesskhovtsev,12,22
15377,chesskingpawn,91,1
8557,chessknight797,83,1
8559,chessknight797,82,2
8560,chessknight797,67,3
8555,chessknight797,64,4
16738,chesslearningpro,115,1
16745,chesslearningpro,79,2
16747,chesslearningpro,73,3
16740,chesslearningpro,69,4
16735,chesslearningpro,67,5
16731,chesslearningpro,63,6
16742,chesslearningpro,54,7
16724,chesslearningpro,49,8
16752,chesslearningpro,42,9
16727,chesslearningpro,35,10
16733,chesslearningpro,22,11
16722,chesslearningpro,8,12
10358,chesslife,30,1
2964,chesslover2016,97,1
12178,chesslover779,41,1
19006,chessmageddon,158,1
19001,chessmageddon,137,2
18996,chessmageddon,124,3
19011,chessmageddon,91,4
18993,chessmageddon,77,5
19002,chessmageddon,72,6
19005,chessmageddon,71,7
18998,chessmageddon,67,8
18997,chessmageddon,57,9
19010,chessmageddon,38,10
12213,chessmageddon,28,11
8549,chessman2017gpj,83,1
5553,chessmania1999,31,1
3523,chessmaster987,4,1
8834,chessmasterxxx,44,1
8452,chessmaxster1,165,1
6004,chessmolester,119,1
6016,chessmolester,113,2
5999,chessmolester,90,3
6012,chessmolester,71,4
6018,chessmolester,71,4
6007,chessmolester,70,6
6001,chessmolester,69,7
6009,chessmolester,63,8
5996,chessmolester,59,9
6019,chessmolester,52,10
6023,chessmolester,51,11
6021,chessmolester,43,12
6024,chessmolester,39,13
6003,chessmolester,35,14
6014,chessmolester,3,15
8587,chessnbreasts,83,1
8574,chessnbreasts,70,2
8581,chessnbreasts,31,3
1705,chessnickname,41,1
12436,chessninja48,79,1
11949,chessninja48,69,2
4691,chessninja6,146,1
4693,chessninja6,98,2
9027,chessomuchka,59,1
9534,chessonline128,90,1
19802,chessosition13,54,1
8780,chesspap,35,1
16863,chesspatzeruk,43,1
12151,chesspatzeruk-twitch,32,1
17274,chesspina,29,1
16622,chesspirate421,107,1
4424,chesspirate421,64,2
15427,chessplay77,103,1
4970,chesspolio,20,1
4973,chesspolio,4,2
19537,chesspopper88,131,1
19527,chesspopper88,129,2
19534,chesspopper88,108,3
19521,chesspopper88,65,4
19540,chesspopper88,63,5
19519,chesspopper88,51,6
19523,chesspopper88,45,7
19516,chesspopper88,34,8
19535,chesspopper88,34,8
19530,chesspopper88,32,10
19526,chesspopper88,31,11
19524,chesspopper88,30,12
19531,chesspopper88,28,13
19518,chesspopper88,26,14
19514,chesspopper88,25,15
19539,chesspopper88,24,16
11594,chessprincess12,85,1
965,chesspurity,35,1
8436,chessqs,47,1
12774,chessreaperz,51,1
19402,chessreaperz,51,1
8081,chessrgood,116,1
13913,chessrookie16,40,1
13924,chessrookie16,40,1
11193,chessssehc,61,1
15567,chesster36,104,1
2066,chesster_nut,54,1
3739,chesstime107,157,1
1200,chessvariants,75,1
14675,chessvariants,75,1
14147,chessvictory,93,1
8189,chessvip,56,1
1887,chesswhiz,91,1
13631,chesswith666,82,1
13649,chesswith666,80,2
13641,chesswith666,70,3
13634,chesswith666,66,4
13636,chesswith666,66,4
13640,chesswith666,61,6
13653,chesswith666,60,7
13638,chesswith666,57,8
13647,chesswith666,55,9
13632,chesswith666,54,10
13645,chesswith666,53,11
13646,chesswith666,52,12
13650,chesswith666,50,13
13639,chesswith666,41,14
13656,chesswith666,18,15
13429,chesswithcoach,122,1
5347,chesswithmom,57,1
18358,chesswithmom,57,1
5346,chesswithmom,41,3
18357,chesswithmom,41,3
5349,chesswithmom,39,5
18360,chesswithmom,39,5
5344,chesswithmom,35,7
5352,chesswithmom,35,7
18355,chesswithmom,35,7
18363,chesswithmom,35,7
5351,chesswithmom,19,11
18362,chesswithmom,19,11
5354,chesswithmom,9,13
18365,chesswithmom,9,13
17882,chessxixona,80,1
13962,chessy_7,90,1
17211,chessyannich,47,1
1582,chetelozuro,62,1
13156,chetelozuro,62,1
14774,chetelozuro,62,1
10384,chetirekonia,29,1
16447,chetkiy,39,1
3687,cheussr,35,1
16057,chevere17,55,1
16055,chevere17,32,2
7224,chez91,112,1
7236,chez91,107,2
7218,chez91,99,3
7232,chez91,96,4
7229,chez91,67,5
7216,chez91,66,6
7238,chez91,58,7
7231,chez91,48,8
7237,chez91,40,9
7220,chez91,32,10
7222,chez91,28,11
7235,chez91,28,11
7223,chez91,18,13
15024,chgreg,76,1
20008,chgreg,76,1
10137,chhavi,39,1
2028,chicago_chess,94,1
2045,chicago_chess,76,2
2034,chicago_chess,66,3
2030,chicago_chess,64,4
2057,chicago_chess,61,5
2020,chicago_chess,60,6
2033,chicago_chess,58,7
2044,chicago_chess,58,7
2041,chicago_chess,56,9
2021,chicago_chess,52,10
2040,chicago_chess,50,11
2050,chicago_chess,50,11
2058,chicago_chess,45,13
2049,chicago_chess,44,14
2037,chicago_chess,37,15
2047,chicago_chess,36,16
2054,chicago_chess,35,17
2025,chicago_chess,34,18
2043,chicago_chess,34,18
2018,chicago_chess,31,20
2027,chicago_chess,30,21
2051,chicago_chess,14,22
13199,chief88,101,1
19029,chiefjab,142,1
19032,chiefjab,100,2
19034,chiefjab,29,3
3665,chien11110,25,1
3982,chiesu,13,1
9991,chiggen,18,1
9968,chiggen,3,2
9972,chiggen,3,2
9975,chiggen,3,2
9976,chiggen,3,2
9977,chiggen,3,2
9978,chiggen,3,2
9980,chiggen,3,2
9985,chiggen,3,2
9969,chiggen,2,10
9973,chiggen,2,10
9982,chiggen,2,10
9983,chiggen,2,10
9987,chiggen,2,10
9988,chiggen,2,10
9989,chiggen,2,10
18271,chilamhirakani,71,1
637,chilon,86,1
14687,chinastefan,142,1
6217,chineseboy42,113,1
6219,chineseboy42,26,2
3468,ching_wong,95,1
16335,ching_wong,95,1
13899,chingis-han,51,1
4123,chingisl,2,1
5381,chipmell,71,1
5378,chipmell,48,2
5380,chipmell,26,3
19275,chippintory,50,1
5980,chippy,99,1
5988,chippy,63,2
5979,chippy,60,3
5984,chippy,52,4
5982,chippy,45,5
5978,chippy,44,6
5976,chippy,30,7
5987,chippy,16,8
2608,chippy2,35,1
8299,chisola,97,1
18529,chistiybyk,39,1
8341,chita,132,1
8318,chita,130,2
8325,chita,130,2
8319,chita,121,4
8345,chita,117,5
8331,chita,107,6
8315,chita,93,7
8334,chita,91,8
8322,chita,77,9
8317,chita,64,10
8336,chita,60,11
8346,chita,52,12
8324,chita,51,13
8337,chita,50,14
8342,chita,46,15
8332,chita,43,16
8344,chita,33,17
8328,chita,25,18
8335,chita,23,19
8316,chita,22,20
8313,chita,20,21
8329,chita,18,22
8428,chitrapram,61,1
3914,chittari,61,1
9185,chiv-is-beast6969,12,1
17063,chligou,72,1
11130,chocochess,15,1
14991,choklev,18,1
12644,cholapat,53,1
935,chondrolli,15,1
6699,chopinesque,50,1
4774,chotchito,96,1
10540,chp-3,70,1
11249,chp-3,70,1
8739,chpsuso,86,1
15043,chris003,63,1
8951,chris17,50,1
15497,chrisca408,118,1
2595,chrisca408,101,2
15501,chrisca408,101,2
15494,chrisca408,50,4
2594,chrisca408,31,5
15500,chrisca408,31,5
2202,chrisgist89,54,1
16294,chrisspring,36,1
11158,christiancosta,110,1
872,christina-a-11,125,1
871,christina-a-11,113,2
889,christina-a-11,90,3
881,christina-a-11,61,4
873,christina-a-11,51,5
891,christina-a-11,51,5
883,christina-a-11,47,7
885,christina-a-11,47,7
877,christina-a-11,43,9
892,christina-a-11,41,10
890,christina-a-11,38,11
895,christina-a-11,33,12
875,christina-a-11,29,13
887,christina-a-11,27,14
893,christina-a-11,5,15
16190,christkaps,104,1
16195,christkaps,96,2
16191,christkaps,28,3
5458,christos22,70,1
7272,chrochrorigolo,40,1
6678,chstrhck6161,184,1
11095,chu128,46,1
12490,chuckcha,52,1
7752,chuckcj,88,1
5659,chuckrh,124,1
5655,chuckrh,72,2
5658,chuckrh,19,3
5656,chuckrh,17,4
14559,chudoyudo,76,1
8384,chuko,66,1
18881,chukodiman,38,1
18791,chulic,154,1
10566,chulic,33,2
11275,chulic,33,2
17992,chummers249,142,1
17988,chummers249,64,2
17032,chunchuchess,53,1
10118,chunkymonkey,86,1
8426,chunkymonkey,48,2
10135,chunkymonkey,45,3
16646,chunnev,226,1
3385,chupa16,139,1
4650,chupa16,127,2
3627,chuy0707,43,1
12771,chytrycygan,50,1
1892,chyvak,23,1
8594,cian1709,119,1
1159,cicuta,59,1
19580,ciji,23,1
12041,ciklop777,57,1
1850,cilensio,48,1
3757,cilentano002,27,1
5066,cilentano002,19,2
17219,cimi,61,1
12921,cimtolga,49,1
13887,cincinnatus99,10,1
5154,cinta,39,1
7142,cipriand,86,1
2320,cipriand74,93,1
6396,circuitbreaker,27,1
8550,citricacid13,45,1
7470,citrus,44,1
1996,citrus2014,138,1
5124,civata,112,1
7452,civata,9,2
15736,cjajr,46,1
15738,cjajr,45,2
18668,cjmccaffrey,28,1
16052,cjpribanic,65,1
383,ck666,71,1
3873,claner,30,1
14672,claner,30,1
19371,claner,30,1
2699,clarkkent89,85,1
1978,clarkkent89,1,2
12014,clash_royale,105,1
12021,clash_royale,81,2
12013,clash_royale,79,3
12023,clash_royale,71,4
12011,clash_royale,25,5
12019,clash_royale,23,6
12018,clash_royale,15,7
12007,clash_royale,7,8
15976,clashq,185,1
11072,classis,75,1
7013,claudelap,60,1
12732,claujas,49,1
17045,clausovitsch,62,1
8239,claymes,57,1
15626,clemenceau,89,1
9668,cleoplatre,105,1
5410,cleverhero,154,1
18314,cleverhero,154,1
19477,clevesandcheese69,62,1
158,cliff_walker,73,1
11607,cliff_walker,28,2
19397,clinton,69,1
16108,cliotineet,111,1
4370,cliward132,94,1
4362,cliward132,73,2
4374,cliward132,70,3
4355,cliward132,62,4
4375,cliward132,60,5
4356,cliward132,54,6
4365,cliward132,48,7
4369,cliward132,33,8
4359,cliward132,29,9
4373,cliward132,11,10
8958,clod76,112,1
13850,clodius,148,1
13083,closed_guard,98,1
5557,clousems,105,1
5556,clousems,103,2
5554,clousems,83,3
5555,clousems,49,4
192,clown_with_a_knife,136,1
2046,clownish,28,1
16760,clunia,84,1
5964,clydefrog,76,1
5967,clydefrog,39,2
3610,clzwlx,53,1
5725,cmxcapablanca,76,1
15197,cmys,62,1
13106,cnnfoxmsn1,49,1
4560,cnopm,107,1
4568,cnopm,96,2
4562,cnopm,89,3
4570,cnopm,85,4
4574,cnopm,83,5
4572,cnopm,65,6
4567,cnopm,63,7
4561,cnopm,59,8
4573,cnopm,58,9
4575,cnopm,45,10
4565,cnopm,43,11
4558,cnopm,29,12
4566,cnopm,23,13
9419,cnv,15,1
8812,coachaleks,4,1
9937,coachlam,80,1
17563,cocal1949,53,1
15640,coccia1,45,1
1698,coco2000,79,1
474,coco31,64,1
478,coco31,48,2
476,coco31,40,3
6291,cocomo,42,1
10449,cocoronco123,3,1
13585,cocororo,65,1
13584,cocororo,64,2
13586,cocororo,28,3
13582,cocororo,19,4
10934,codagirl,144,1
10955,codagirl,110,2
10967,codagirl,110,2
10933,codagirl,108,4
10940,codagirl,104,5
10976,codagirl,77,6
10963,codagirl,75,7
10944,codagirl,73,8
10961,codagirl,72,9
10972,codagirl,71,10
10943,codagirl,61,11
10974,codagirl,60,12
10962,codagirl,58,13
10960,codagirl,55,14
10968,codagirl,54,15
10935,codagirl,53,16
10936,codagirl,52,17
10950,codagirl,50,18
10956,codagirl,46,19
10970,codagirl,37,20
10952,codagirl,33,21
10949,codagirl,23,22
17044,code89,84,1
3143,codh,133,1
19548,cohiba_313,21,1
17849,coldbound,74,1
8327,colig,48,1
8751,colo63,84,1
13196,colombiaeddy,33,1
4455,colorlace,63,1
17137,comm74ru,17,1
3774,comm74ru,8,2
5495,commodore,72,1
5496,commodore,18,2
18018,commonerror,58,1
671,comped,46,1
1120,comtur,78,1
8055,conanwong,145,1
14491,conanwong,115,2
6103,concentrado,17,1
16793,coni,28,1
16104,conlon,75,1
6352,connor1,68,1
1425,conormac,108,1
1427,conormac,79,2
10719,consilius,116,1
5837,constancero,52,1
8556,constantaa,94,1
6796,constantchange,55,1
1406,contagemmg,74,1
18951,contempt0,59,1
16663,conwycastle,114,1
12537,conwycastle,57,2
9528,cookie11,49,1
901,cookieblake,123,1
911,cookieblake,111,2
913,cookieblake,93,3
902,cookieblake,89,4
906,cookieblake,55,5
915,cookieblake,54,6
904,cookieblake,44,7
896,cookieblake,41,8
899,cookieblake,28,9
2351,cooldude1200,65,1
2345,cooldude1200,38,2
2344,cooldude1200,34,3
2346,cooldude1200,23,4
2347,cooldude1200,6,5
9186,coolfan4545,9,1
7124,cooltool,75,1
3637,copaa,76,1
10399,copeica,55,1
10606,coraumou,84,1
8039,corey5010,73,1
16316,corga1,85,1
7627,corgih,51,1
10813,corilus1,41,1
3603,cormooo,46,1
16858,cormorankr,68,1
13330,cornely,8,1
13107,corol,20,1
14503,corol,20,1
5598,corruptbishop,110,1
5599,corruptbishop,57,2
5596,corruptbishop,33,3
10447,corshun,23,1
1331,corteswwr,66,1
16262,cortomaltesian,33,1
16672,corvete,156,1
14969,corvete,19,2
297,corvusossifragus,59,1
6015,cosmicalternator,116,1
5147,cosqun588,42,1
5145,cosqun588,32,2
9929,costag,44,1
2951,costarica89,38,1
12137,cothraige,59,1
12580,couch_x_warrior,43,1
8746,counter-check,42,1
6053,countmustachio,22,1
15934,country47it,116,1
5510,country47it,57,2
8537,coway,20,1
13314,cowcowcuw123,99,1
13313,cowcowcuw123,86,2
13310,cowcowcuw123,76,3
13317,cowcowcuw123,59,4
13316,cowcowcuw123,52,5
13318,cowcowcuw123,52,5
13319,cowcowcuw123,34,7
13311,cowcowcuw123,26,8
13315,cowcowcuw123,26,8
2212,cowcowcuw123,19,10
3919,cozychess,79,1
10450,cptobvious,31,1
11106,cqfd00,50,1
18296,cr2015,51,1
17239,cr2015,36,2
13290,cr7isco,44,1
1248,crabcake,110,1
19409,craciun05,115,1
19404,craciun05,99,2
19417,craciun05,91,3
19419,craciun05,85,4
19416,craciun05,83,5
19414,craciun05,79,6
19406,craciun05,40,7
19411,craciun05,20,8
3422,cracking12345,146,1
3423,cracking12345,113,2
3414,cracking12345,105,3
3420,cracking12345,55,4
3418,cracking12345,54,5
3416,cracking12345,8,6
3715,craigi70,32,1
5801,crajr1966,95,1
1691,crameshnayak,80,1
10105,crapbandit,33,1
1703,crax_is_bax,148,1
1723,crax_is_bax,141,2
1702,crax_is_bax,140,3
1712,crax_is_bax,132,4
1725,crax_is_bax,127,5
1711,crax_is_bax,108,6
1690,crax_is_bax,105,7
1697,crax_is_bax,103,8
1709,crax_is_bax,97,9
1693,crax_is_bax,90,10
1718,crax_is_bax,61,11
1721,crax_is_bax,54,12
1708,crax_is_bax,47,13
1714,crax_is_bax,43,14
1694,crax_is_bax,41,15
1716,crax_is_bax,41,15
1720,crax_is_bax,33,17
1700,crax_is_bax,25,18
8948,crazycheckmate77,75,1
15491,crazymove,68,1
11454,crazyscientist1,115,1
11463,crazyscientist1,101,2
11462,crazyscientist1,69,3
11490,crazyscientist1,66,4
11464,crazyscientist1,57,5
11456,crazyscientist1,54,6
11458,crazyscientist1,31,7
11461,crazyscientist1,22,8
11467,crazyscientist1,2,9
11471,crazyscientist1,2,9
11472,crazyscientist1,2,9
11473,crazyscientist1,2,9
11475,crazyscientist1,2,9
11478,crazyscientist1,2,9
11479,crazyscientist1,2,9
11482,crazyscientist1,2,9
11483,crazyscientist1,2,9
11487,crazyscientist1,2,9
10184,crazyscientist2,122,1
7406,cresento,46,1
5584,cretinowski,73,1
796,cris36,56,1
12231,cris36,56,1
798,cris36,48,3
12233,cris36,48,3
370,cris865,11,1
11480,criscola,3,1
16658,crissam,64,1
5912,cristiancito34,43,1
7214,cristiankings,30,1
4230,cristianoconcurseiro,41,1
16263,cristianopires1,24,1
5372,cristoballan,32,1
12028,critico-82,90,1
11964,critico-82,1,2
15008,critico-82,1,2
6725,crixin,130,1
6747,crixin,123,2
6741,crixin,96,3
6727,crixin,82,4
6752,crixin,69,5
6756,crixin,65,6
6754,crixin,63,7
6730,crixin,62,8
6758,crixin,62,8
6740,crixin,60,10
6717,crixin,56,11
6750,crixin,56,11
6720,crixin,50,13
6715,crixin,45,14
6734,crixin,42,15
6735,crixin,35,16
6736,crixin,30,17
6743,crixin,22,18
6732,crixin,15,19
17932,crizstill,47,1
12847,cro_chess_fan,89,1
12866,cro_chess_fan,76,2
12851,cro_chess_fan,67,3
12865,cro_chess_fan,67,3
12844,cro_chess_fan,57,5
12869,cro_chess_fan,57,5
12860,cro_chess_fan,56,7
12856,cro_chess_fan,55,8
12845,cro_chess_fan,52,9
12858,cro_chess_fan,49,10
12862,cro_chess_fan,41,11
12870,cro_chess_fan,39,12
12864,cro_chess_fan,23,13
12853,cro_chess_fan,21,14
14960,croatiaqueen,80,1
10426,cropsy,36,1
6722,crosshair,82,1
6723,crosshair,69,2
6724,crosshair,60,3
5099,croyd,74,1
19133,crraii,73,1
19123,crraii,71,2
19130,crraii,57,3
19122,crraii,55,4
19135,crraii,55,4
19134,crraii,53,6
19120,crraii,48,7
19115,crraii,43,8
19139,crraii,38,9
19127,crraii,32,10
19142,crraii,28,11
19146,crraii,27,12
19153,crraii,24,13
19155,crraii,24,13
19125,crraii,18,15
19132,crraii,15,16
19137,crraii,14,17
8132,cruising,15,1
4542,crunchyslime,137,1
9035,crusova_35,87,1
9034,crusova_35,69,2
9039,crusova_35,62,3
9033,crusova_35,58,4
1340,csc1963,68,1
6592,csekebeni,24,1
19725,cselhu3,53,1
19721,cselhu3,47,2
19726,cselhu3,19,3
19722,cselhu3,9,4
15305,cseszo,14,1
8716,csslider,36,1
2171,ctetxam,50,1
13338,ctetxam,50,1
3105,cuatos,140,1
4505,cuazar,156,1
4510,cuazar,75,2
4503,cuazar,73,3
4508,cuazar,64,4
1944,cuello,49,1
7646,cullarvega,114,1
4180,cullarvega,103,2
7758,cullarvega,44,3
2466,cunha25,15,1
4756,cunha25,9,2
1460,currobau,91,1
12402,curry117,113,1
12399,curry117,89,2
12389,curry117,73,3
12390,curry117,57,4
12404,curry117,55,5
12398,curry117,53,6
12393,curry117,38,7
12392,curry117,29,8
12396,curry117,24,9
12400,curry117,22,10
4752,curry117,11,11
12879,curseofthesadmonk,93,1
6663,curseofthesadmonk,67,2
3394,cursoexadep,100,1
11403,curvyhat,45,1
12534,custelinha,44,1
17304,custommods,55,1
17331,custommods,32,2
15643,custommods,26,3
3294,cutemano,40,1
18351,cutiepanda,169,1
18353,cutiepanda,154,2
18345,cutiepanda,74,3
18347,cutiepanda,59,4
18346,cutiepanda,25,5
5946,cuwer1234,32,1
1067,cuxhaven,63,1
12649,cuxhaven,63,1
14516,cuxhaven,63,1
6836,cuyanamente,50,1
10254,cuzinvinny,85,1
5834,cv1a,44,1
19398,cvl,33,1
8734,cwill246,59,1
19026,cyborgassassin47,143,1
19025,cyborgassassin47,98,2
19024,cyborgassassin47,57,3
11575,cyborgx7,106,1
6212,cyclone123,53,1
4371,cymon,47,1
509,czarek77,56,1
13575,czeslaw62,142,1
1569,czteacherman,39,1
557,czungun,53,1
15328,d-daniljev,50,1
11052,d35tr0y3r,48,1
15401,d3f1n3d,81,1
6918,d3rp,95,1
18195,d8336,79,1
11924,d_aparicio,75,1
12647,d_mekro,29,1
14514,d_mekro,29,1
5335,d_war,115,1
5319,d_war,112,2
5315,d_war,94,3
5330,d_war,89,4
5323,d_war,83,5
5333,d_war,78,6
5339,d_war,67,7
5327,d_war,66,8
5337,d_war,64,9
5321,d_war,41,10
5332,d_war,37,11
5317,d_war,28,12
5326,d_war,24,13
19872,da19,59,1
4858,daaaaaaaark,48,1
6187,dac23,80,1
17356,dac23,66,2
5040,dadt505,141,1
5055,dadt505,120,2
5035,dadt505,109,3
5052,dadt505,108,4
5030,dadt505,100,5
5058,dadt505,98,6
5042,dadt505,95,7
5056,dadt505,85,8
5034,dadt505,82,9
5044,dadt505,77,10
5046,dadt505,68,11
5036,dadt505,67,12
5049,dadt505,61,13
5057,dadt505,58,14
5037,dadt505,57,15
5027,dadt505,56,16
5059,dadt505,54,17
5033,dadt505,47,18
5028,dadt505,46,19
5039,dadt505,41,20
5041,dadt505,41,20
5054,dadt505,36,22
5029,dadt505,20,23
5047,dadt505,19,24
3071,daduke,63,1
8351,daerka,52,1
8353,daerka,49,2
8356,daerka,48,3
8358,daerka,31,4
3961,daesh001,44,1
15782,dafuqamidoing,113,1
11332,dagobertzeiler,42,1
13603,dagobertzeiler,42,1
3273,dahabi,141,1
3280,dahabi,126,2
3283,dahabi,114,3
3286,dahabi,112,4
3268,dahabi,84,5
3274,dahabi,68,6
3278,dahabi,68,6
3272,dahabi,66,8
3276,dahabi,56,9
3281,dahabi,56,9
3284,dahabi,36,11
3285,dahabi,3,12
19752,dahdah,51,1
2974,daiodd,19,1
10017,dajazzyman,119,1
9598,dakotar,86,1
9599,dakotar,30,2
9997,dakotarain,95,1
9998,dakotarain,76,2
9996,dakotarain,63,3
10000,dakotarain,44,4
9995,dakotarain,43,5
9992,dakotarain,34,6
3719,damian910801,27,1
5064,damiano50,107,1
11081,damiselablanca,74,1
10379,dan00b,44,1
15571,dana1971,62,1
7695,dandarie,36,1
354,dandisd,57,1
15145,danger79,17,1
153,dangerflaps,35,1
5370,dangerous1,61,1
5371,dangerous1,13,2
8999,dangi,106,1
1585,daniamurashov,63,1
13159,daniamurashov,63,1
14777,daniamurashov,63,1
4,daniamurashov,61,4
11311,daniamurashov,61,4
10122,danice,45,1
7460,danichivas,152,1
16898,danichou,21,1
14082,danidep02,38,1
16970,daniel79,18,1
10,daniel_likes_chess,119,1
13,daniel_likes_chess,60,2
11,daniel_likes_chess,39,3
12,daniel_likes_chess,38,4
14,daniel_likes_chess,31,5
8,daniel_likes_chess,9,6
19525,danielcarax28,58,1
15586,danielec11,57,1
4050,danielgraham88,90,1
4048,danielgraham88,88,2
4051,danielgraham88,57,3
4040,danielgraham88,47,4
4035,danielgraham88,43,5
4036,danielgraham88,40,6
4052,danielgraham88,32,7
4045,danielgraham88,17,8
1134,danielllos321,53,1
1313,danielmagalhaes,36,1
16860,danielmop,104,1
16862,danielmop,65,2
16865,danielmop,63,3
16864,danielmop,50,4
3408,danielsmith,27,1
15337,danielsmith,27,1
3651,danielsubreal,99,1
19798,danielsubreal,76,2
17990,danielvanderola,74,1
19347,danielvsk,34,1
8114,danieru99,27,1
11484,daniil78,2,1
9655,daniil90,31,1
17388,danilo1961,80,1
12059,danilo1961,61,2
11056,danilober,13,1
2114,danilovikk,19,1
10209,daniman,51,1
17521,daniyal_rysaev,61,1
17344,danko_25,96,1
17341,danko_25,68,2
17349,danko_25,64,3
17345,danko_25,53,4
13498,dannie65,99,1
11958,danny77,69,1
11947,danny77,57,2
11945,danny77,49,3
17683,danny_1,54,1
4711,dannylerouge,46,1
7616,dannym,112,1
15646,danolteanu2015,27,1
13296,danopp,119,1
13370,dantesmontecristo,76,1
18202,dantesmontecristo,46,2
13784,danxiot,67,1
1184,danylee84,36,1
14253,danymatt,75,1
13331,daoc,99,1
15179,darayava,117,1
6764,darby74,33,1
17198,dardelu,53,1
4984,darewing,101,1
15016,daria69,41,1
9134,dariash,76,1
2988,dario1989,39,1
17850,dario1989,39,1
13210,dariorod1211,15,1
10562,darjov,95,1
11271,darjov,95,1
3735,darkdevilish,74,1
2961,darkdoc199,105,1
2963,darkdoc199,43,2
19351,darkest_moment,182,1
7760,darkgold,24,1
12440,darkhorse_98,109,1
12441,darkhorse_98,101,2
14632,darkhorse_98,98,3
5551,darkkjon,52,1
2577,darkknight11111,82,1
2570,darkknight11111,80,2
2565,darkknight11111,72,3
2561,darkknight11111,70,4
2568,darkknight11111,54,5
2576,darkknight11111,52,6
2574,darkknight11111,27,7
2567,darkknight11111,24,8
2562,darkknight11111,16,9
9077,darknight01,52,1
14317,darko9963,54,1
10018,darkophis,31,1
8418,darkselephants,3,1
16464,darksimphony,95,1
5787,darobertson,90,1
5812,darobertson,86,2
5785,darobertson,82,3
5802,darobertson,76,4
5777,darobertson,73,5
5782,darobertson,70,6
5779,darobertson,62,7
5804,darobertson,61,8
5805,darobertson,60,9
5795,darobertson,56,10
5798,darobertson,56,10
5792,darobertson,54,12
5788,darobertson,51,13
5814,darobertson,47,14
5806,darobertson,42,15
5796,darobertson,41,16
5815,darobertson,32,17
5817,darobertson,21,18
4810,daros21,21,1
5899,darrell300,41,1
5903,darrell300,36,2
5906,darrell300,22,3
5901,darrell300,16,4
10727,darthmazut,95,1
9193,dartisgr,23,1
18833,darzius,79,1
11813,dastan-2009,154,1
12039,dastan-2009,146,2
12036,dastan-2009,145,3
12042,dastan-2009,110,4
12040,dastan-2009,99,5
12049,dastan-2009,93,6
12050,dastan-2009,79,7
12034,dastan-2009,73,8
12048,dastan-2009,66,9
12030,dastan-2009,65,10
14123,dastan-2009,65,10
12045,dastan-2009,45,12
12052,dastan-2009,44,13
12038,dastan-2009,39,14
12032,dastan-2009,37,15
11816,dastan-2009,24,16
7277,dat_coo82,4,1
4092,dav54,26,1
4090,dav54,21,2
18188,davar0000,70,1
16414,davet34,48,1
9011,davewho,11,1
19976,david-innes,112,1
1057,david007mu,53,1
13198,david1488,100,1
7880,david1_tev,78,1
19739,david453,95,1
19741,david453,68,2
19733,david453,64,3
19737,david453,63,4
19743,david453,56,5
19734,david453,48,6
19745,david453,19,7
10984,david87,67,1
16701,david_89,40,1
5663,david_mingchang,25,1
4082,david_roussel,63,1
9537,davidc87,66,1
9558,davidc87,63,2
9536,davidc87,61,3
9561,davidc87,54,4
9563,davidc87,54,4
9554,davidc87,47,6
9538,davidc87,41,7
9548,davidc87,41,7
9560,davidc87,40,9
9544,davidc87,37,10
9552,davidc87,36,11
9545,davidc87,35,12
9557,davidc87,34,13
9562,davidc87,32,14
9549,davidc87,30,15
9540,davidc87,21,16
9553,davidc87,20,17
9533,davidc87,18,18
9529,davidc87,16,19
12046,davidchampion1,33,1
3872,davide86,70,1
16413,davidglzo,69,1
4193,davidsursuippe,9,1
2618,davilaff,42,1
2616,davilaff,21,2
1748,davoodshadi,87,1
12395,davoodshadi,33,2
12501,davud071,62,1
11616,dawud87,17,1
8025,dayvc,40,1
15424,dazkins,114,1
15430,dazkins,73,2
15425,dazkins,66,3
15440,dazkins,58,4
15428,dazkins,54,5
15443,dazkins,54,5
15431,dazkins,49,7
15435,dazkins,44,8
15438,dazkins,39,9
15433,dazkins,34,10
15442,dazkins,22,11
8031,dbattipaglia,32,1
6714,dbercaw,94,1
6716,dbercaw,70,2
17369,dbg30,20,1
697,dbmcdonald,54,1
696,dbmcdonald,48,2
695,dbmcdonald,37,3
11927,dboenn,78,1
11922,dboenn,69,2
11921,dboenn,65,3
11925,dboenn,57,4
229,dbschultz,97,1
11667,dbw91,128,1
13025,dceuy,55,1
12735,ddd223,3,1
1927,ddiaz19,47,1
17067,ddx1308,47,1
2191,ddx1308,14,2
13358,ddx1308,14,2
2203,dead23,89,1
2205,dead23,28,2
994,deadintheend,21,1
11634,deadintheend,15,2
16044,deadromul,45,1
7601,deadude,51,1
6573,dearj,62,1
6571,dearj,46,2
18890,dearprudence,40,1
4096,death_machine,59,1
12640,decearing_egg,69,1
115,decem,54,1
13724,decem,54,1
1616,decheni,101,1
5094,decibelzerg,28,1
593,decky84,116,1
16523,ded_gavrilych,47,1
13655,dedafanasiy,69,1
9325,dedaillon,35,1
19792,dedbezbed,88,1
11166,dediraut,55,1
7848,dedy78,123,1
7845,dedy78,115,2
7846,dedy78,96,3
7851,dedy78,60,4
7852,dedy78,57,5
18193,deecee,39,1
9858,deed,31,1
406,deekay17,76,1
404,deekay17,47,2
11929,deepblueincarnate,38,1
13437,deepblueincarnate,38,1
11109,deeperblue,54,1
3053,deeptrouble,69,1
5151,deev7,38,1
1953,deez2nuts,118,1
19583,defendorius,50,1
19312,degre,21,1
11065,dehghan,134,1
7340,del157,56,1
5420,del157,10,2
18324,del157,10,2
12121,delallioui,128,1
15505,delallioui,30,2
17692,delfoscabernard,79,1
9824,deliverus,89,1
7114,deljulio,99,1
2137,dell2016,41,1
3607,dellinspiron25,123,1
3605,dellinspiron25,74,2
3604,dellinspiron25,64,3
3613,dellinspiron25,61,4
3618,dellinspiron25,54,5
3625,dellinspiron25,54,5
3619,dellinspiron25,45,7
3622,dellinspiron25,44,8
3611,dellinspiron25,27,9
3612,dellinspiron25,27,9
3623,dellinspiron25,23,11
3616,dellinspiron25,17,12
5139,dello321,59,1
10989,delson,137,1
10992,delson,60,2
10986,delson,55,3
10991,delson,48,4
10994,delson,42,5
1201,demas,104,1
14676,demas,104,1
4493,dementeddolphin,64,1
171,demetrio50,100,1
13334,demih100,15,1
19408,demonique,45,1
8768,demontechristo66,159,1
18942,demontechristo66,40,2
1867,demonvortex,63,1
4111,denis21,57,1
17251,denisgodunov,135,1
17268,denisgodunov,125,2
17272,denisgodunov,104,3
17261,denisgodunov,97,4
17262,denisgodunov,96,5
17255,denisgodunov,88,6
17278,denisgodunov,79,7
17249,denisgodunov,75,8
17286,denisgodunov,75,8
17267,denisgodunov,72,10
17280,denisgodunov,71,11
17283,denisgodunov,70,12
17256,denisgodunov,66,13
17250,denisgodunov,65,14
17253,denisgodunov,61,15
17288,denisgodunov,61,15
17252,denisgodunov,57,17
17265,denisgodunov,49,18
17284,denisgodunov,48,19
17273,denisgodunov,47,20
17264,denisgodunov,45,21
17276,denisgodunov,30,22
17270,denisgodunov,25,23
18301,deniskaz,123,1
12359,denissf,109,1
17750,deniste,99,1
5316,denisufraghviz,41,1
9723,denizasil,26,1
19682,denjan555,61,1
6494,dennider,41,1
15768,dennis16,118,1
8364,dennist54,94,1
11405,deno01,104,1
13732,deno01,104,1
19053,deno01,104,1
10616,denry,7,1
9958,denseman,56,1
18757,dentsin1,58,1
16872,dentsin1,34,2
7260,denua,93,1
236,deragon63,48,1
19212,deragon63,48,1
9283,derek_87,49,1
16472,derekkered,27,1
17579,derli,59,1
5548,dersonx,4,1
15681,derspiegel,110,1
15664,derspiegel,102,2
15709,derspiegel,84,3
15666,derspiegel,80,4
15692,derspiegel,80,4
15680,derspiegel,73,6
15671,derspiegel,63,7
15685,derspiegel,57,8
15712,derspiegel,56,9
15670,derspiegel,53,10
15689,derspiegel,52,11
15686,derspiegel,49,12
15674,derspiegel,42,13
15696,derspiegel,42,13
15702,derspiegel,41,15
15705,derspiegel,41,15
15679,derspiegel,37,17
15677,derspiegel,34,18
15711,derspiegel,29,19
15690,derspiegel,26,20
15704,derspiegel,24,21
15694,derspiegel,18,22
15668,derspiegel,12,23
13685,desertlightning,96,1
6280,desh355,39,1
3977,destroyedbysystem,102,1
6026,destroyer4,54,1
6029,destroyer4,38,2
6031,destroyer4,36,3
5298,destroyer806,45,1
15108,destroyer999,148,1
15101,destroyer999,127,2
15094,destroyer999,108,3
15084,destroyer999,106,4
15106,destroyer999,88,5
15102,destroyer999,86,6
15092,destroyer999,78,7
15100,destroyer999,76,8
15107,destroyer999,73,9
15096,destroyer999,71,10
15112,destroyer999,64,11
15089,destroyer999,53,12
15111,destroyer999,52,13
15110,destroyer999,49,14
15086,destroyer999,25,15
7966,detaon,64,1
9074,deuspoetica,90,1
4314,devas5k,39,1
6094,developmentak,24,1
16795,devilsquare,51,1
14943,deyanniko1,25,1
2416,dezh8faraz,60,1
12346,dfdghgh,107,1
12370,dfdghgh,89,2
12345,dfdghgh,81,3
12360,dfdghgh,59,4
12366,dfdghgh,52,5
12356,dfdghgh,47,6
12363,dfdghgh,40,7
12367,dfdghgh,32,8
12342,dfdghgh,30,9
12355,dfdghgh,26,10
12365,dfdghgh,15,11
12343,dfdghgh,12,12
12357,dfdghgh,5,13
8721,dfglkdgjlkdf,27,1
5019,dfin92,27,1
10902,dftaylor,54,1
13063,dgarcialeon61,25,1
17711,dhanton82,75,1
12252,dhanton82,53,2
14422,dharanidharan,90,1
14420,dharanidharan,72,2
14428,dharanidharan,70,3
14426,dharanidharan,44,4
14430,dharanidharan,32,5
14417,dharanidharan,31,6
14421,dharanidharan,23,7
14427,dharanidharan,17,8
8411,dharris_4,35,1
6800,dhernandez101,117,1
6805,dhernandez101,103,2
6817,dhernandez101,102,3
6834,dhernandez101,68,4
6815,dhernandez101,61,5
6831,dhernandez101,61,5
6810,dhernandez101,57,7
6808,dhernandez101,52,8
6819,dhernandez101,49,9
6833,dhernandez101,49,9
6818,dhernandez101,47,11
6824,dhernandez101,47,11
6816,dhernandez101,45,13
6803,dhernandez101,38,14
6807,dhernandez101,38,14
6827,dhernandez101,35,16
6820,dhernandez101,28,17
6811,dhernandez101,27,18
6823,dhernandez101,23,19
6832,dhernandez101,23,19
6822,dhernandez101,20,21
6812,dhernandez101,9,22
1562,diananavid,33,1
14583,diarbovi,67,1
18518,diazbrothers,42,1
471,diazbrothers,41,2
9622,diba-rad,2,1
14447,dibarro,35,1
12339,dico-hd,49,1
12336,dico-hd,47,2
10672,diction,75,1
4323,didaiddi,59,1
12887,didelis,48,1
6589,didenko777sds,61,1
12846,didierb,76,1
5460,didmeistris,7,1
5461,didmeistris,7,1
5464,didmeistris,7,1
15479,die_uhr,222,1
15448,die_uhr,159,2
15454,die_uhr,151,3
15467,die_uhr,142,4
15453,die_uhr,141,5
15472,die_uhr,132,6
15477,die_uhr,126,7
15478,die_uhr,123,8
15449,die_uhr,116,9
15471,die_uhr,107,10
15456,die_uhr,105,11
15459,die_uhr,105,11
15470,die_uhr,88,13
15462,die_uhr,87,14
15475,die_uhr,81,15
15461,die_uhr,72,16
18547,die_uhr,64,17
18545,die_uhr,62,18
15450,die_uhr,53,19
15464,die_uhr,53,19
15473,die_uhr,38,21
18543,die_uhr,33,22
15480,die_uhr,31,23
15466,die_uhr,26,24
1323,dieg-g,81,1
17698,diego12joander,140,1
11786,diego18,51,1
7688,diego1958,74,1
16396,diego_e_moreira_th,20,1
11102,diegoalmg,53,1
4094,diegobdreis,61,1
4514,diegocastroa,38,1
11343,diegodon,52,1
17068,diegolino78,13,1
12020,diegolivo,50,1
12022,diegolivo,46,2
13779,diegopiandita,175,1
4915,diegovan411,74,1
14057,diegovan411,50,2
2767,diegovan411,48,3
10419,diegozmh7,150,1
9429,diekausland,19,1
12267,dife,65,1
16227,diggi,40,1
16481,dijkstra,140,1
16480,dijkstra,107,2
16477,dijkstra,49,3
16476,dijkstra,28,4
4457,dikietv,24,1
1592,diliprake,47,1
13166,diliprake,47,1
14784,diliprake,47,1
10084,dillsgambitlive,53,1
10087,dillsgambitlive,45,2
10086,dillsgambitlive,31,3
10802,dima0628,93,1
4551,dima3,14,1
10368,dima90,78,1
7469,dimagic,45,1
19750,dimak8,30,1
307,dimalesh,78,1
309,dimalesh,70,2
14702,dimasindo,135,1
9131,dimcenco,108,1
9130,dimcenco,54,2
10596,dimch73,80,1
11305,dimch73,80,1
7421,dimdak,62,1
13023,dimdumup321,36,1
19649,dimitris22,120,1
19759,dimitris22,120,1
19660,dimitris22,94,3
19653,dimitris22,88,4
19628,dimitris22,85,5
19647,dimitris22,79,6
19633,dimitris22,76,7
19658,dimitris22,72,8
19630,dimitris22,71,9
19636,dimitris22,70,10
19643,dimitris22,69,11
19631,dimitris22,63,12
19626,dimitris22,62,13
19650,dimitris22,62,13
19639,dimitris22,61,15
19663,dimitris22,51,16
19638,dimitris22,39,17
19644,dimitris22,35,18
19654,dimitris22,35,18
19657,dimitris22,31,20
8880,dimulyi,60,1
11170,dineshg,19,1
18487,dinetto,102,1
492,dinnei,23,1
8475,dino16,46,1
19113,dino69,2,1
12083,dinobzik,154,1
12074,dinobzik,134,2
12076,dinobzik,99,3
12093,dinobzik,86,4
12053,dinobzik,77,5
12069,dinobzik,71,6
12089,dinobzik,70,7
12078,dinobzik,60,8
12081,dinobzik,58,9
12086,dinobzik,57,10
12084,dinobzik,56,11
12060,dinobzik,49,12
12066,dinobzik,47,13
12068,dinobzik,46,14
12055,dinobzik,44,15
12080,dinobzik,44,15
12056,dinobzik,39,17
12062,dinobzik,38,18
12098,dinobzik,33,19
12092,dinobzik,32,20
12094,dinobzik,27,21
12063,dinobzik,24,22
12075,dinobzik,18,23
9575,dinumau,15,1
10526,diogen613,85,1
11235,diogen613,85,1
8726,diogenes64,63,1
10613,dionisii,53,1
10615,dionisii,9,2
10567,dipjoy,56,1
11276,dipjoy,56,1
974,dipking1,58,1
973,dipking1,42,2
7303,dipset,143,1
7278,dipset,129,2
7286,dipset,116,3
7275,dipset,105,4
7266,dipset,99,5
7290,dipset,94,6
7294,dipset,93,7
7298,dipset,89,8
7288,dipset,86,9
7261,dipset,77,10
7264,dipset,77,10
7281,dipset,74,12
7295,dipset,70,13
7302,dipset,70,13
7268,dipset,68,15
7273,dipset,68,15
7301,dipset,62,17
7257,dipset,58,18
7276,dipset,58,18
7258,dipset,57,20
7282,dipset,57,20
7270,dipset,54,22
4253,diptargho,45,1
4789,dirigbambel,11,1
1517,discipleofjesus,30,1
10232,discofox,126,1
11210,discofox,71,2
4632,discomed,30,1
5716,diskotka,103,1
5718,diskotka,26,2
11825,divendi,48,1
4075,divinchi,70,1
7607,divu7,151,1
7636,divu7,135,2
7639,divu7,95,3
7620,divu7,69,4
7610,divu7,67,5
7617,divu7,60,6
7624,divu7,60,6
7638,divu7,55,8
7625,divu7,52,9
7633,divu7,51,10
7622,divu7,50,11
7615,divu7,44,12
7630,divu7,39,13
7612,divu7,30,14
7628,divu7,27,15
614,diz_stack,61,1
1369,dj822,56,1
1371,dj822,31,2
6976,djamekauber,140,1
4227,djbaseball46,86,1
9115,djbayan,126,1
9814,djek,67,1
8738,djjohnson,16,1
2267,djjourdan,50,1
5383,djl295,25,1
19622,djlambton,86,1
19624,djlambton,47,2
7198,djonuik,37,1
10284,djouah1,40,1
3214,djsmiranda,100,1
7492,dkattir,178,1
7468,dkattir,121,2
7472,dkattir,116,3
7487,dkattir,101,4
7462,dkattir,93,5
7482,dkattir,93,5
7466,dkattir,89,7
7480,dkattir,88,8
7467,dkattir,75,9
7495,dkattir,71,10
7496,dkattir,71,10
7500,dkattir,69,12
7471,dkattir,64,13
7474,dkattir,61,14
7489,dkattir,54,15
7498,dkattir,50,16
7464,dkattir,49,17
7497,dkattir,49,17
7479,dkattir,45,19
7476,dkattir,41,20
7486,dkattir,34,21
7499,dkattir,30,22
7873,dkflbvbhjd,115,1
14593,dkillian,66,1
6794,dkobra,79,1
13059,dkorezin5,106,1
13065,dkorezin5,44,2
13061,dkorezin5,29,3
13067,dkorezin5,28,4
13060,dkorezin5,24,5
14121,dlarue,118,1
940,dlealgold,41,1
1148,dleipold,118,1
14602,dleipold,118,1
16238,dlermahuy,86,1
16240,dlermahuy,78,2
3534,dlvillela,47,1
3536,dlvillela,38,2
7982,dm1000,28,1
17121,dm345,123,1
5500,dma54,21,1
1414,dmekro,40,1
19114,dmenace,54,1
18816,dmitrii40,89,1
12139,dmitrijyatsenko,26,1
775,dmitriy_duyun,21,1
10954,dmitriyp,37,1
635,dmitry1111,11,1
12005,dmitry1111,11,1
7964,dmitry74,41,1
16682,dmitrykol,57,1
10205,dmka,61,1
9287,dmka,3,2
9288,dmka,3,2
7975,dmytro4124,44,1
7974,dmytro4124,30,2
5032,dnartreb,81,1
11685,dnaveenkumar1,51,1
14984,dnc2009,44,1
8085,dnowchess,44,1
8086,dnowchess,32,2
8088,dnowchess,30,3
8084,dnowchess,16,4
8752,dnpnz,56,1
1893,do_it_now,17,1
19438,dobrynya_t,68,1
11100,docboss,112,1
11066,docboss,96,2
11055,docboss,68,3
11090,docboss,56,4
13302,docdoc,122,1
19697,docdoom,42,1
17496,doctor61,113,1
17295,doctorplis,38,1
19369,dodo-152,62,1
8506,dofranck,119,1
14737,dog555,40,1
10879,dogeatdog,84,1
9721,dogeatdog,64,2
9480,dogmang,85,1
9483,dogmang,81,2
9488,dogmang,68,3
9484,dogmang,67,4
9482,dogmang,55,5
9485,dogmang,37,6
9481,dogmang,31,7
9490,dogmang,16,8
1638,dohiblundered,54,1
1218,dohiblundered,19,2
17458,dokhotnikov,24,1
15154,doktorabi,76,1
11614,dolboyasher,54,1
8164,domenche,31,1
1160,domi2017,9,1
5708,domingo5,58,1
13364,dominickburger,33,1
13359,dominickburger,5,2
6560,dominik20081214,131,1
15124,don-vildo,71,1
1112,don_dragon,52,1
5243,donatman,38,1
18530,dondiablo01,73,1
10195,dondivi,15,1
19949,donex1,18,1
760,donidali,42,1
10601,donni999,94,1
11310,donni999,94,1
16466,donobtuso,108,1
14458,donpirata,94,1
17805,donpogo,58,1
4018,donthya2014,46,1
6194,donutsaredelish,119,1
6195,donutsaredelish,95,2
6196,donutsaredelish,77,3
6188,donutsaredelish,49,4
6190,donutsaredelish,41,5
6193,donutsaredelish,7,6
8966,donzauker,79,1
6745,dookieface,18,1
298,doom12384,115,1
311,doom12384,102,2
308,doom12384,77,3
299,doom12384,70,4
300,doom12384,36,5
313,doom12384,33,6
6485,doomchess,3,1
14058,doomknight5,40,1
2210,doraemon61,140,1
2236,doraemon61,97,2
2247,doraemon61,75,3
2240,doraemon61,67,4
2219,doraemon61,63,5
2238,doraemon61,59,6
2222,doraemon61,57,7
2243,doraemon61,57,7
2245,doraemon61,55,9
2249,doraemon61,55,9
2224,doraemon61,51,11
2227,doraemon61,45,12
2217,doraemon61,41,13
2215,doraemon61,35,14
2233,doraemon61,33,15
2229,doraemon61,29,16
2234,doraemon61,25,17
2228,doraemon61,17,18
2231,doraemon61,13,19
18459,dorfdude,36,1
9434,dossig,41,1
11394,dosviduli,56,1
1311,doublequestionmark,87,1
7631,dp3000,49,1
6431,dpoty,152,1
6441,dpoty,108,2
6398,dpoty,100,3
6425,dpoty,98,4
6427,dpoty,96,5
6424,dpoty,78,6
6422,dpoty,76,7
6429,dpoty,73,8
6435,dpoty,63,9
6426,dpoty,62,10
6423,dpoty,60,11
6437,dpoty,59,12
6400,dpoty,53,13
6433,dpoty,52,14
6432,dpoty,43,15
6434,dpoty,40,16
6439,dpoty,40,16
6428,dpoty,39,18
6405,dpoty,31,19
6436,dpoty,21,20
17042,dpr-82,80,1
9107,dr_king_schultz,4,1
6719,draconikus,60,1
19849,dracosam,53,1
2031,draftspro,15,1
19732,dragon__slayer,31,1
19392,dragon_flare,132,1
11838,dragonslayer04,114,1
11835,dragonslayer04,49,2
11833,dragonslayer04,43,3
11834,dragonslayer04,37,4
2588,dragonstar1738,89,1
15368,dragonstar1738,89,1
2585,dragonstar1738,77,3
15365,dragonstar1738,77,3
2583,dragonstar1738,46,5
15363,dragonstar1738,46,5
2581,dragonstar1738,37,7
2587,dragonstar1738,37,7
15361,dragonstar1738,37,7
15367,dragonstar1738,37,7
2590,dragonstar1738,30,11
15370,dragonstar1738,30,11
2584,dragonstar1738,11,13
15364,dragonstar1738,11,13
16298,dragutin10,53,1
9990,drakon1,27,1
9967,drakon1,2,2
9970,drakon1,2,2
9971,drakon1,2,2
9974,drakon1,2,2
9979,drakon1,2,2
9981,drakon1,2,2
9984,drakon1,2,2
9986,drakon1,2,2
18473,dranassme,32,1
4547,drawmeister2015,37,1
12087,drchitranjanmittal,111,1
8255,dream_for_better,31,1
4686,dregassa,94,1
4684,dregassa,67,2
4688,dregassa,62,3
17937,dreh,79,1
7836,drew666,76,1
7832,drew666,64,2
1958,drhilal,35,1
13914,dricamagra,129,1
14726,dricamagra,82,2
9148,dricamagra,68,3
2751,drillinger,39,1
8159,drimagrela,75,1
13403,drjinbop,20,1
7711,drlans,33,1
2939,drluzuriaga,80,1
5210,drmoeller,93,1
5206,drmoeller,75,2
5208,drmoeller,70,3
15861,drmsatya,74,1
18902,drnazarka,66,1
19300,drocupter,45,1
16981,drokosha,158,1
3022,drokosha,46,2
8424,dronefk,40,1
18403,dronestryk,141,1
10497,droningbard,11,1
4734,drqwerty,35,1
7543,drtruth,47,1
5469,drumman,46,1
10162,drums,50,1
8295,drunkenfluteplayer,104,1
8306,drunkenfluteplayer,99,2
8292,drunkenfluteplayer,98,3
8300,drunkenfluteplayer,63,4
8297,drunkenfluteplayer,60,5
8307,drunkenfluteplayer,57,6
8298,drunkenfluteplayer,56,7
8285,drunkenfluteplayer,47,8
6738,dsebas32,49,1
6230,dsjoerg,150,1
6228,dsjoerg,136,2
6229,dsjoerg,65,3
6225,dsjoerg,56,4
6226,dsjoerg,39,5
2674,dsom,56,1
2666,dsom,48,2
2680,dsom,22,3
2677,dsom,20,4
2683,dsom,18,5
2679,dsom,12,6
2682,dsom,7,7
2201,dsom1234,79,1
2198,dsom1234,61,2
2193,dsom1234,45,3
2199,dsom1234,35,4
2206,dsom1234,35,4
2204,dsom1234,25,6
2195,dsom1234,18,7
6666,dsrxjtg,114,1
12839,dstot,74,1
1437,du_guitar,39,1
7130,dubaandras,91,1
11204,dubac___3,78,1
17031,dubac___3,50,2
4667,dubouc,26,1
3421,ducannguyen,64,1
2640,ducezgz,20,1
17244,duck79,70,1
830,duckduckcow,48,1
12307,duckduckcow,48,1
832,duckduckcow,31,3
12309,duckduckcow,31,3
867,duckduckfrog,26,1
12299,duckduckfrog,26,1
14308,duckduckfrog,26,1
862,duckduckfrog,18,4
12294,duckduckfrog,18,4
14303,duckduckfrog,18,4
848,duckduckfrog,4,7
863,duckduckfrog,4,7
865,duckduckfrog,4,7
868,duckduckfrog,4,7
12295,duckduckfrog,4,7
12297,duckduckfrog,4,7
12300,duckduckfrog,4,7
12325,duckduckfrog,4,7
14304,duckduckfrog,4,7
14306,duckduckfrog,4,7
14309,duckduckfrog,4,7
827,ducksandcats,108,1
12304,ducksandcats,108,1
844,ducksandcats,92,3
12321,ducksandcats,92,3
831,ducksandcats,89,5
12308,ducksandcats,89,5
850,ducksandcats,85,7
12327,ducksandcats,85,7
834,ducksandcats,80,9
12311,ducksandcats,80,9
838,ducksandcats,61,11
854,ducksandcats,61,11
12315,ducksandcats,61,11
12331,ducksandcats,61,11
861,ducksandcats,52,15
841,ducksandcats,49,16
857,ducksandcats,49,16
12318,ducksandcats,49,16
12334,ducksandcats,49,16
859,ducksandcats,32,20
845,ducksandcats,27,21
12322,ducksandcats,27,21
847,ducksandcats,24,23
12324,ducksandcats,24,23
829,ducksandcats,21,25
12306,ducksandcats,21,25
849,ducksandcats,16,27
12326,ducksandcats,16,27
2945,dude_perfect,114,1
2949,dude_perfect,107,2
2952,dude_perfect,105,3
2958,dude_perfect,105,3
2938,dude_perfect,95,5
2944,dude_perfect,93,6
2956,dude_perfect,72,7
2943,dude_perfect,61,8
2960,dude_perfect,49,9
2940,dude_perfect,47,10
2959,dude_perfect,41,11
2962,dude_perfect,35,12
2948,dude_perfect,33,13
2942,dude_perfect,31,14
2950,dude_perfect,9,15
7087,dudewtfman,32,1
14125,duel,50,1
12687,duelistone,31,1
11501,duettoduetto,78,1
19249,duettoduetto,78,1
17485,dukado,56,1
18307,dukado,55,2
18947,dullard,64,1
13797,dumb_robot,81,1
13798,dumb_robot,59,2
13800,dumb_robot,34,3
19346,dumbluck,46,1
8892,dupper,37,1
12175,durgaprasad,86,1
17838,durker,25,1
10609,dus,5,1
4896,dusanmunja_003,139,1
4900,dusanmunja_003,35,2
4898,dusanmunja_003,19,3
10090,dusernameb,20,1
7204,dustinetmanski,26,1
9859,dvduke,52,1
14083,dvip6,35,1
7886,dwazekalle,53,1
11035,dwi,59,1
19839,dwmeos,57,1
11543,dxkate,111,1
9920,dyates1,44,1
6886,dybsy,90,1
18632,dybsy,90,1
3203,dylangaming1,43,1
3202,dylangaming1,38,2
1324,dynamic_doogle,94,1
11074,dyson,50,1
15078,dzharulla,61,1
10915,dzubro,75,1
3011,dzxtckfd,25,1
6104,e4jaque,137,1
12907,e6d4,120,1
12926,e6d4,107,2
12922,e6d4,102,3
12924,e6d4,101,4
12919,e6d4,95,5
12914,e6d4,86,6
12898,e6d4,85,7
12906,e6d4,85,7
12920,e6d4,82,9
12905,e6d4,68,10
12904,e6d4,67,11
12902,e6d4,65,12
12900,e6d4,63,13
12916,e6d4,56,14
12910,e6d4,51,15
1729,e7018,60,1
10827,e_boechat,141,1
10792,e_boechat,100,2
10822,e_boechat,96,3
10812,e_boechat,73,4
10825,e_boechat,67,5
10794,e_boechat,64,6
10831,e_boechat,63,7
10805,e_boechat,62,8
10806,e_boechat,59,9
10821,e_boechat,53,10
10800,e_boechat,46,11
10819,e_boechat,41,12
10807,e_boechat,39,13
10815,e_boechat,35,14
10803,e_boechat,29,15
10810,e_boechat,24,16
10791,e_boechat,23,17
10788,e_boechat,19,18
10798,e_boechat,17,19
10793,e_boechat,2,20
894,e_t123,44,1
7202,ea00,69,1
18348,ea26,45,1
9438,eagle442,52,1
1556,eagle77,82,1
14829,eagle77,82,1
1557,eagle77,22,3
14830,eagle77,22,3
16474,eaglebeak,58,1
17000,eaglebeak,11,2
14914,earl40chess,77,1
6346,easydoor,62,1
6348,easydoor,37,2
14833,ebabushkin,22,1
16958,ebolaaa,24,1
6401,ebram,64,1
2348,ebrd,37,1
12852,ebrish,37,1
12850,ebrish,30,2
8733,ecekbc,79,1
5738,eche777,144,1
5759,eche777,108,2
5765,eche777,104,3
5753,eche777,90,4
5770,eche777,82,5
5742,eche777,69,6
5749,eche777,64,7
5736,eche777,56,8
5758,eche777,50,9
5745,eche777,47,10
5735,eche777,46,11
5743,eche777,45,12
5769,eche777,43,13
5748,eche777,21,14
5763,eche777,21,14
5752,eche777,6,16
2117,ecstasydrug,118,1
2128,ecstasydrug,88,2
2129,ecstasydrug,62,3
2133,ecstasydrug,59,4
2111,ecstasydrug,56,5
2121,ecstasydrug,54,6
2136,ecstasydrug,45,7
2126,ecstasydrug,40,8
2109,ecstasydrug,36,9
2118,ecstasydrug,34,10
2123,ecstasydrug,18,11
9743,ecureuil57,57,1
9569,ed5,40,1
19047,ed84,111,1
19045,ed84,62,2
19037,ed84,60,3
19039,ed84,56,4
19046,ed84,44,5
19040,ed84,39,6
19038,ed84,34,7
19043,ed84,23,8
19050,ed84,12,9
11561,eddard_stark,102,1
5287,eddie_marx,21,1
17997,eddyrey,100,1
11051,eddyv20,14,1
4797,eden7644,7,1
2937,edenshaul,93,1
2931,edenshaul,48,2
2935,edenshaul,40,3
2932,edenshaul,32,4
2928,edenshaul,26,5
16821,eder98765,123,1
16826,eder98765,106,2
16846,eder98765,100,3
16807,eder98765,93,4
16823,eder98765,80,5
16848,eder98765,71,6
16816,eder98765,67,7
16818,eder98765,65,8
16843,eder98765,65,8
16832,eder98765,61,10
16845,eder98765,61,10
16837,eder98765,57,12
16841,eder98765,55,13
16814,eder98765,50,14
16822,eder98765,50,14
16828,eder98765,43,16
16849,eder98765,39,17
16810,eder98765,37,18
16825,eder98765,34,19
16813,eder98765,30,20
16836,eder98765,22,21
16831,eder98765,11,22
13578,edessipi,147,1
13576,edessipi,133,2
13574,edessipi,128,3
13570,edessipi,117,4
13581,edessipi,67,5
13567,edessipi,65,6
13571,edessipi,56,7
13577,edessipi,43,8
10826,edgar77,26,1
8340,edgestone,75,1
18809,edguy,80,1
180,edil1800,77,1
7592,edimarlon,53,1
3226,edmur11,16,1
12071,ednihilator,49,1
4426,edo999_82,50,1
9043,edouardd10,43,1
7849,edu_r,89,1
7847,edu_r,66,2
12829,eduandeswardt,34,1
16884,eduard_2000,45,1
5813,eduardo13542,42,1
8704,eduardo_me,74,1
3624,eduardrnd,47,1
7092,eduardtv_montecristo,145,1
10789,eduardtv_montecristo,63,2
10773,edv,11,1
2954,edvin1965,115,1
11502,edwar,4,1
19250,edwar,4,1
3478,edwardteachh,38,1
16345,edwardteachh,38,1
17248,edwhythough,65,1
17471,edwmpg,83,1
17473,edwmpg,72,2
17575,edy456,8,1
12972,edysant,47,1
3942,efeozbakir1,96,1
3945,efeozbakir1,81,2
3944,efeozbakir1,44,3
3941,efeozbakir1,38,4
3940,efeozbakir1,33,5
3946,efeozbakir1,22,6
19035,efernandao,67,1
10280,effeundici,41,1
3174,effinscience,41,1
14386,efg001,81,1
10004,efiop,56,1
4775,efra3d,30,1
18685,efrain662,40,1
16844,egberttalens,25,1
4125,egberttalens,3,2
3939,egeozbakir1,20,1
7779,eggleston,37,1
13964,eghbal,14,1
12047,egidiano,54,1
5126,ego1947,76,1
1192,egor-220,99,1
1190,egor-220,57,2
19270,egor13647564wy5,57,1
20038,egor_antonov,32,1
6084,egor_korsakov,143,1
6093,egor_korsakov,127,2
6100,egor_korsakov,123,3
6085,egor_korsakov,120,4
6097,egor_korsakov,101,5
6091,egor_korsakov,98,6
6106,egor_korsakov,77,7
6089,egor_korsakov,71,8
6109,egor_korsakov,66,9
6113,egor_korsakov,65,10
6098,egor_korsakov,55,11
6101,egor_korsakov,47,12
6105,egor_korsakov,42,13
1882,egorka18,97,1
12682,egudin1,90,1
14524,egudin1,90,1
15050,egy_magyar,54,1
9,ehabfanri,66,1
92,ehabhaddad,69,1
11989,ehsan2287,32,1
5128,ehsan_master,77,1
19401,ehsan_master,44,2
7386,ehsanms,87,1
19712,ehsano,25,1
4331,eibar,40,1
17167,eichelober,118,1
263,eideral,95,1
258,eideral,87,2
268,eideral,57,3
262,eideral,48,4
265,eideral,42,5
271,eideral,29,6
18956,eie24,137,1
18954,eie24,133,2
18952,eie24,104,3
18945,eie24,78,4
18941,eie24,76,5
18960,eie24,61,6
18950,eie24,59,7
18958,eie24,49,8
18944,eie24,35,9
10740,einalz,18,1
19604,eintaluj,79,1
5369,either-or,35,1
20023,ejachess,37,1
17296,ejay,59,1
2092,ejweibel,40,1
3987,eka7777,98,1
2564,ekimm,61,1
5922,ekinsler,3,1
12581,ekkynatoon,57,1
15906,ekoloji_33,23,1
13594,ekorgan,31,1
14261,el_pesca,83,1
12091,el_pube,41,1
17180,elasdelghreb,129,1
2591,elbahari,77,1
15371,elbahari,77,1
7778,elboukak,9,1
3460,elcabrero,72,1
16327,elcabrero,72,1
19348,elcazador201,60,1
7105,elcello,81,1
1293,elchilenoenchile,29,1
8053,elcidestaron,129,1
8056,elcidestaron,78,2
8064,elcidestaron,73,3
8049,elcidestaron,72,4
8051,elcidestaron,62,5
8070,elcidestaron,52,6
8072,elcidestaron,52,6
8059,elcidestaron,35,8
8068,elcidestaron,32,9
8066,elcidestaron,30,10
8061,elcidestaron,29,11
8073,elcidestaron,13,12
18977,elcortez,58,1
12394,elcortez,44,2
594,elcortez,31,3
6994,elcrackdemauricio,56,1
10551,eldari,78,1
11260,eldari,78,1
14573,eldesconocidopopular,95,1
11608,eldiablo5,135,1
11605,eldiablo5,82,2
8891,eldor,43,1
11969,elefante009,39,1
15566,element04519,78,1
15565,element04519,55,2
15563,element04519,26,3
15562,element04519,19,4
17834,element4life,82,1
17822,element4life,72,2
17839,element4life,65,3
17833,element4life,60,4
17824,element4life,55,5
17820,element4life,54,6
17808,element4life,52,7
17837,element4life,44,8
17815,element4life,40,9
17806,element4life,32,10
17828,element4life,28,11
17826,element4life,27,12
17831,element4life,27,12
17823,element4life,24,14
17812,element4life,21,15
17810,element4life,20,16
17816,element4life,14,17
17818,element4life,12,18
14370,eleni1234,56,1
9492,elfortin,48,1
6345,elgranmaestro,71,1
6350,elgranmaestro,67,2
6347,elgranmaestro,53,3
13999,eliascs,58,1
7879,elielielieli,34,1
15817,elif_xd,136,1
13945,elihaymir3,107,1
16588,elijahreese,87,1
16590,elijahreese,81,2
16594,elijahreese,80,3
16587,elijahreese,68,4
16583,elijahreese,61,5
16582,elijahreese,48,6
16591,elijahreese,21,7
16584,elijahreese,13,8
489,elio12,34,1
12929,elitemenx,55,1
13501,eliw,96,1
6448,elixr,59,1
9304,elle123,78,1
6438,ellelawliet,46,1
3433,ellimist,51,1
18519,ellute1,73,1
16521,ellute1,47,2
11641,ellute1,22,3
18994,elmaleante,68,1
16170,elmelito,108,1
7128,elmouele,90,1
5516,elmousse7,107,1
835,elnazjavaheri,62,1
12312,elnazjavaheri,62,1
1619,elnmay587,56,1
6588,eloy30,65,1
5254,elpescador98,59,1
15683,elpopichon,62,1
15533,elprofe,53,1
12110,elqueess,70,1
16417,elromano323,43,1
17787,elsa2007,30,1
2479,elshainker,46,1
2478,elshainker,22,2
2477,elshainker,17,3
14047,elshehawy,69,1
525,eltiago,15,1
2172,eltondigiplayer,44,1
13339,eltondigiplayer,44,1
11565,eltoto80,130,1
1394,eltrog,90,1
7819,eltucutuco,49,1
8800,eltus,41,1
17483,elvis1997,100,1
17460,elvis1997,71,2
17468,elvis1997,69,3
17478,elvis1997,67,4
17459,elvis1997,61,5
17486,elvis1997,59,6
17472,elvis1997,57,7
17475,elvis1997,55,8
17477,elvis1997,51,9
17450,elvis1997,49,10
17452,elvis1997,47,11
17454,elvis1997,47,11
17484,elvis1997,41,13
17457,elvis1997,35,14
17463,elvis1997,31,15
17455,elvis1997,29,16
17464,elvis1997,25,17
17466,elvis1997,15,18
16508,elvispy65,190,1
16490,elvispy65,162,2
16488,elvispy65,158,3
16492,elvispy65,141,4
16498,elvispy65,109,5
16489,elvispy65,85,6
16504,elvispy65,83,7
16496,elvispy65,79,8
16502,elvispy65,60,9
16495,elvispy65,55,10
16505,elvispy65,52,11
16485,elvispy65,51,12
16484,elvispy65,47,13
16493,elvispy65,43,14
17203,elyhane,135,1
7527,elyshev94,47,1
7529,elyshev94,23,2
879,elysiantri,54,1
7259,emadjamea,99,1
11988,emataran,62,1
18143,emate,13,1
8826,emerson59,119,1
6170,emes,74,1
15585,emge,41,1
7368,emigrate,67,1
7370,emigrate,59,2
7373,emigrate,59,2
2064,emil3003,57,1
1880,emil70,84,1
7069,emilbabayev,56,1
1074,emiliooo,63,1
12656,emiliooo,63,1
14523,emiliooo,63,1
5952,emily90,35,1
3048,eminn,127,1
12703,emiracle,96,1
4699,emirohoys,58,1
17406,emis2004,73,1
17408,emis2004,70,2
11654,emivaldo,128,1
8811,emli,164,1
5398,emma-kun,99,1
14137,emmanuel120290,82,1
5031,emmanuel_misaq,71,1
2810,emmasocool,62,1
2806,emmasocool,56,2
2808,emmasocool,54,3
12993,empaya,11,1
1320,emperorspride,77,1
1321,emperorspride,21,2
9458,emphasis,63,1
16027,empiretemple,62,1
1469,empiretemple,45,2
18157,emreozatakan,84,1
14451,enamorado,41,1
9218,endavant,33,1
969,endyron,65,1
419,energique,83,1
418,energique,79,2
12627,enesbatu,168,1
12618,enesbatu,116,2
12626,enesbatu,81,3
12624,enesbatu,59,4
12621,enesbatu,52,5
12619,enesbatu,41,6
12775,engalican,24,1
9597,engcondor,96,1
9586,engcondor,46,2
9596,engcondor,39,3
9582,engcondor,33,4
9587,engcondor,26,5
9574,engcondor,12,6
4865,engin1980,46,1
18442,engm,91,1
11096,engmohamedsalah,55,1
18534,eniotomsic,49,1
997,enjapuripraveen,32,1
7545,enopata,26,1
17023,enric83,44,1
16721,enricolord,126,1
16751,enricolord,116,2
16748,enricolord,114,3
16739,enricolord,113,4
16736,enricolord,106,5
16737,enricolord,96,6
16725,enricolord,88,7
16728,enricolord,86,8
16753,enricolord,71,9
16723,enricolord,67,10
16730,enricolord,66,11
16729,enricolord,65,12
16741,enricolord,58,13
16750,enricolord,48,14
16746,enricolord,45,15
16732,enricolord,35,16
16726,enricolord,28,17
16743,enricolord,21,18
16734,enricolord,14,19
10239,enron,24,1
16597,enterrador,74,1
1890,entertainment3ko,13,1
9163,entertaynement,31,1
9137,enthusiast,115,1
9847,eop,144,1
733,eouen,56,1
19970,ep14n05t,36,1
3302,epgs,71,1
17088,ephialtes,35,1
2893,epicchess66,144,1
18201,epicm14,34,1
18669,epirepis100,59,1
10553,epphi,39,1
11262,epphi,39,1
3853,eppospaargaren,52,1
6199,eprdk,45,1
19841,eragon123,95,1
11756,eraldii,108,1
19780,eraldii,85,2
1401,eraldii,77,3
14958,eraldii,55,4
11376,eraldii,50,5
13467,eraldii,50,5
14957,eraldii,43,7
14956,eraldii,39,8
2650,erandiel,38,1
7390,eranyeager,62,1
12010,erdem2008,123,1
12008,erdem2008,122,2
12012,erdem2008,22,3
12015,erdem2008,22,3
12009,erdem2008,19,5
11712,erdene123,80,1
19335,erdene123,80,1
8943,erdmundr,52,1
19380,erdugliano71,70,1
19379,erdugliano71,64,2
19391,erdugliano71,61,3
19387,erdugliano71,57,4
19381,erdugliano71,51,5
19374,erdugliano71,49,6
19386,erdugliano71,39,7
15408,erez1236,58,1
4065,erfan_yazd,31,1
18662,erfgbrez,83,1
3028,ergnaas,32,1
1382,erhan,48,1
425,erhancn,39,1
10339,eric55,83,1
10371,eric55,56,2
9446,eric_s,78,1
9445,eric_s,25,2
9444,eric_s,3,3
8703,erickk0axgzuniga,21,1
9722,erickkoa2,57,1
9681,erickkoagz007,86,1
15061,erickkoaxzuniga,63,1
2213,ericksn,92,1
2214,ericksn,36,2
2216,ericksn,14,3
10673,erik13,94,1
1141,erik_manukyan,114,1
14595,erik_manukyan,114,1
17027,erikweisz,122,1
17011,erikweisz,82,2
17024,erikweisz,73,3
17007,erikweisz,66,4
17030,erikweisz,61,5
17025,erikweisz,55,6
17033,erikweisz,55,6
17017,erikweisz,54,8
17013,erikweisz,51,9
17004,erikweisz,44,10
17016,erikweisz,44,10
16999,erikweisz,36,12
17041,erikweisz,21,13
17002,erikweisz,16,14
17020,erikweisz,14,15
17021,erikweisz,11,16
19753,erinyu,44,1
16279,erkutharman,33,1
16555,ermak1948,53,1
315,ernestillo,65,1
5660,ernestocheguevaha,122,1
17855,erroneus_ceslaus,40,1
17607,error1333fvckyuu,89,1
12634,eru_roraito,71,1
12645,eru_roraito,56,2
12633,eru_roraito,47,3
12637,eru_roraito,47,3
12638,eru_roraito,39,5
12641,eru_roraito,20,6
12673,eruptor,77,1
14550,eruptor,77,1
4827,erwie,23,1
19345,erx0r,53,1
17144,erykkaspar,63,1
10823,erykkaspar,19,2
9699,eryximaque,58,1
1635,erzar,23,1
14911,erzar,23,1
2831,escac1930,59,1
18437,escalating,70,1
19506,escape3030,81,1
10171,escorpion,5,1
7538,escultor_de_mates4x4,44,1
11401,esistderboy,63,1
16130,esistderboy,61,2
7671,espinete1982,76,1
13389,espinete1982,21,2
6704,esteban105,71,1
6703,esteban105,53,2
7943,estebanpinto72,29,1
3794,estocad,54,1
5771,et1000,58,1
16867,etalide,127,1
2502,ethan_3f,135,1
2524,ethan_3f,131,2
2514,ethan_3f,128,3
2534,ethan_3f,105,4
2530,ethan_3f,81,5
2532,ethan_3f,79,6
2523,ethan_3f,75,7
2507,ethan_3f,69,8
2500,ethan_3f,66,9
2518,ethan_3f,59,10
2521,ethan_3f,56,11
2498,ethan_3f,52,12
2512,ethan_3f,50,13
2516,ethan_3f,49,14
2527,ethan_3f,48,15
2511,ethan_3f,43,16
2520,ethan_3f,41,17
2503,ethan_3f,27,18
18102,ethanhxyz829,113,1
18107,ethanhxyz829,30,2
16089,ethanl12,49,1
2783,etka335042,39,1
2780,etovito,72,1
16932,eugene0112,60,1
11992,eugene123,58,1
7609,eugene2013,51,1
8257,eugenicbruh,37,1
19418,euggeo,134,1
87,euler_jr,39,1
14757,eustas,61,1
5272,evan_h1234,69,1
5277,evan_h1234,60,2
5299,evan_h1234,50,3
5288,evan_h1234,48,4
5276,evan_h1234,46,5
5290,evan_h1234,45,6
5289,evan_h1234,38,7
5294,evan_h1234,29,8
5273,evan_h1234,27,9
5293,evan_h1234,27,9
5286,evan_h1234,26,11
5278,evan_h1234,24,12
5283,evan_h1234,24,12
5292,evan_h1234,19,14
5285,evan_h1234,8,15
3566,evannathag,32,1
10144,evansimone,50,1
809,everest999,62,1
12244,everest999,62,1
1088,everybodylovesjesus,95,1
12631,everybodylovesjesus,95,1
1087,everybodylovesjesus,55,3
12630,everybodylovesjesus,55,3
17162,evg_o,15,1
16257,evgen1983,125,1
4037,evgentar,78,1
19319,evgenyi,75,1
13569,evgenyi,39,2
17983,evianwahter,165,1
800,evianwahter,33,2
12235,evianwahter,33,2
17006,evidenzia,33,1
12016,evilsharmuta,84,1
3380,evlogy,53,1
9705,evolutionrus,104,1
14133,ewafx,87,1
339,ewama,48,1
4987,ewigestalent,42,1
4989,ewigestalent,37,2
4955,exf6,35,1
12552,exgrandmaster,102,1
3976,exoc,104,1
13622,exoprimal,143,1
13623,exoprimal,139,2
13628,exoprimal,105,3
13625,exoprimal,62,4
13624,exoprimal,49,5
13629,exoprimal,24,6
10244,expert_m16,102,1
8208,extragm,30,1
11187,extremal01,60,1
10858,eyali_n,89,1
353,eyany,60,1
6245,eyeangel2,92,1
19015,eyeangel2,38,2
17912,eyeangel2,32,3
14250,eyupdeniz99,73,1
2684,ezatfoda,99,1
2692,ezatfoda,63,2
2685,ezatfoda,60,3
2695,ezatfoda,54,4
2689,ezatfoda,51,5
2687,ezatfoda,47,6
2691,ezatfoda,47,6
2696,ezatfoda,41,8
4724,ezzdinus,142,1
1118,ezzdinus,72,2
3317,ezzdinus,23,3
8011,f0854,39,1
10125,f1984b,29,1
13193,f1v3,170,1
13195,f1v3,124,2
13212,f1v3,123,3
13200,f1v3,85,4
13201,f1v3,81,5
13206,f1v3,80,6
13209,f1v3,79,7
13192,f1v3,73,8
13211,f1v3,68,9
13204,f1v3,66,10
13202,f1v3,57,11
13197,f1v3,40,12
275,f2f,74,1
9448,f3manga,61,1
3820,fa_48,59,1
18184,fabian1104,125,1
18151,fabian1104,95,2
18173,fabian1104,91,3
18147,fabian1104,85,4
18170,fabian1104,85,4
18163,fabian1104,75,6
18182,fabian1104,74,7
18180,fabian1104,65,8
18160,fabian1104,59,9
18178,fabian1104,57,10
18166,fabian1104,49,11
18169,fabian1104,49,11
18181,fabian1104,49,11
18176,fabian1104,45,14
18168,fabian1104,41,15
18164,fabian1104,37,16
18154,fabian1104,33,17
18150,fabian1104,31,18
18158,fabian1104,23,19
18156,fabian1104,21,20
18145,fabian1104,16,21
17762,fabianaguado,20,1
3426,fabiking,33,1
6336,fabio18,71,1
13593,fabio63,46,1
3644,fabio71,42,1
1123,fabio_magagnin57,29,1
499,fabioamsouza,63,1
9632,fabri18,45,1
11449,fabrysgo,39,1
332,facurezzo,27,1
799,fagnervalenca,80,1
12234,fagnervalenca,80,1
3180,fahimpro,19,1
143,failedocean,97,1
14272,failedpawn,19,1
10849,failguy,35,1
12160,fairygirl,103,1
11606,fairygirl,50,2
12161,fairygirl,32,3
4116,fairygirl,1,4
2623,faisal_khan,37,1
6108,falcon-am,79,1
7670,falcon3404,83,1
7663,falcon3404,81,2
7667,falcon3404,59,3
7665,falcon3404,33,4
7668,falcon3404,30,5
4428,falkenauge,96,1
3316,fallen_champs,148,1
4538,falucho,81,1
326,famiss11,22,1
3012,fandm-lancaster,88,1
2994,fandm-lancaster,86,2
3000,fandm-lancaster,84,3
3007,fandm-lancaster,82,4
2999,fandm-lancaster,81,5
3008,fandm-lancaster,74,6
3640,fandm-lancaster,66,7
2983,fandm-lancaster,64,8
2970,fandm-lancaster,60,9
2972,fandm-lancaster,60,9
2967,fandm-lancaster,56,11
2985,fandm-lancaster,56,11
3001,fandm-lancaster,56,11
2977,fandm-lancaster,54,14
2992,fandm-lancaster,54,14
2973,fandm-lancaster,52,16
2978,fandm-lancaster,42,17
2986,fandm-lancaster,42,17
3010,fandm-lancaster,41,19
2965,fandm-lancaster,40,20
2976,fandm-lancaster,36,21
3002,fandm-lancaster,35,22
2990,fandm-lancaster,34,23
2979,fandm-lancaster,30,24
2995,fandm-lancaster,30,24
2989,fandm-lancaster,19,26
1731,fandtweedy,80,1
4661,fanfan76,50,1
6777,fantasticthinking,221,1
6779,fantasticthinking,33,2
5141,fantom2003,34,1
11111,fanumfortunae,54,1
15230,fapmonkey,109,1
10571,faraon7,66,1
11280,faraon7,66,1
9302,fare,65,1
4936,farid29,40,1
13372,faridgyan,86,1
10941,faridov,82,1
18814,faridov,44,2
7532,farinalto,26,1
5602,faris-atig,59,1
6695,farmoa11,89,1
11132,farnam85,59,1
6598,farnaz-sh65,82,1
15317,farooqkhezri123,18,1
6641,farshiiiid,47,1
6982,farzaneh70,122,1
13829,farzinj,40,1
10622,fasd,80,1
10628,fasd,76,2
10623,fasd,34,3
10619,fasd,30,4
10626,fasd,17,5
10625,fasd,14,6
10618,fasd,2,7
10620,fasd,2,7
145,fastandbulbous420,30,1
8311,fastforward,49,1
4215,fatalrhyme,21,1
7018,fatihenes2323,49,1
14073,fatihkalaycioglu,51,1
11584,fatihmete,62,1
17753,fatik,50,1
8742,fatik,27,2
16759,fatkingfull,119,1
125,fatmat,118,1
12895,fatra1,50,1
14835,fatsmith,25,1
12403,fatugi,76,1
2023,fatugi,24,2
9714,faylors23,30,1
17202,fazouane,125,1
17190,fazouane,109,2
17193,fazouane,109,2
17196,fazouane,104,4
17208,fazouane,87,5
17201,fazouane,83,6
17218,fazouane,81,7
17195,fazouane,74,8
17204,fazouane,72,9
17228,fazouane,72,9
17191,fazouane,71,11
17214,fazouane,62,12
17225,fazouane,62,12
17231,fazouane,60,14
17216,fazouane,59,15
17221,fazouane,57,16
17213,fazouane,34,17
17206,fazouane,16,18
17230,fazouane,6,19
5193,fcb1202,23,1
15272,fchess7,91,1
19869,fd25,52,1
19867,fd25,39,2
11785,fdrei,104,1
16213,fdrl,21,1
5150,fdutka,2,1
18408,fedai,106,1
18404,fedai,60,2
18415,fedai,40,3
6710,fede22,32,1
11877,fedeh79,8,1
3351,federermagic01,82,1
3353,federermagic01,71,2
7553,federico57,112,1
17813,federico96,33,1
10537,fedorstar,59,1
11246,fedorstar,59,1
11732,fejjariyassine,64,1
15989,felicidade,104,1
10983,felipe69,54,1
13669,felipe_freires,138,1
13675,felipe_freires,109,2
13672,felipe_freires,93,3
13670,felipe_freires,91,4
13678,felipe_freires,77,5
13681,felipe_freires,71,6
13680,felipe_freires,47,7
13671,felipe_freires,34,8
7753,felipeaq1999,55,1
8525,felipebartolome,70,1
19493,felipegasparotto,59,1
1771,feliracing,114,1
19664,felixiou,83,1
1728,felser,61,1
2300,fentau1986,119,1
16998,fer95,55,1
2796,fer95,24,2
17245,ferassaeedd,45,1
12381,fercareto,131,1
17676,fereran,85,1
11117,feri1372,52,1
10901,ferkov,68,1
17456,ferman1462,68,1
4640,ferna,86,1
3412,fernalam28,76,1
15341,fernalam28,76,1
6681,fernandoantonio,113,1
15991,fernandoarge,19,1
6415,fernandokasparov,60,1
5871,fernandowolf,117,1
11365,ferrazferraz,76,1
13456,ferrazferraz,76,1
622,ferrojimenez,71,1
14071,ferrrhatt,41,1
7434,feryred,70,1
13485,feykinecevapalanadam,76,1
18934,feykinecevapalanadam,72,2
6622,feykinecevapalanadam,68,3
473,ffuentes90,30,1
18962,fgarcia1961,53,1
6691,fghhh,43,1
19298,fgomez,66,1
7133,fgomez,54,2
7913,fiboly,76,1
12813,fichess,116,1
12814,fichess,71,2
12818,fichess,69,3
12811,fichess,58,4
12822,fichess,53,5
12823,fichess,53,5
12809,fichess,51,7
12816,fichess,51,7
12805,fichess,48,9
12807,fichess,48,9
12825,fichess,24,11
12808,fichess,19,12
12817,fichess,17,13
14571,fideko,38,1
5038,fieloxx,26,1
10599,fifthcategory,71,1
11308,fifthcategory,71,1
7891,figur,56,1
13231,fiko42,218,1
2273,fikr,148,1
175,fikr,105,2
17967,fikr,23,3
8374,fikriasmal,36,1
17309,fil40,140,1
19448,fil88,26,1
1653,filanif,73,1
4221,fildascz,20,1
13780,filemonboris,56,1
17046,filiparambasic,15,1
11664,filippoiii,14,1
7035,fillin66,71,1
11498,filmokholik,26,1
19246,filmokholik,26,1
8036,filorly,27,1
15281,fingersfreddy,65,1
10630,finkelfrand,115,1
15143,finsniper,29,1
14669,fionda,47,1
4433,firas101,28,1
15981,firasabdullah,86,1
13137,fire7,79,1
2255,fire7,61,2
18586,fire7,54,3
2251,fire7,33,4
2250,fire7,19,5
656,fire_on_the_board,48,1
8034,fireball19,143,1
4710,fireball19,42,2
3217,firedarkdragon,14,1
4762,firmino,47,1
5520,firouz,140,1
7161,first-time-1,166,1
7175,first-time-1,89,2
7180,first-time-1,89,2
7179,first-time-1,85,4
7163,first-time-1,67,5
7166,first-time-1,67,5
7177,first-time-1,57,7
7181,first-time-1,57,7
7183,first-time-1,37,9
7172,first-time-1,36,10
7169,first-time-1,35,11
7171,first-time-1,27,12
17759,fischer_society,57,1
488,fischerdipper,135,1
477,fischerdipper,128,2
472,fischerdipper,121,3
496,fischerdipper,120,4
455,fischerdipper,107,5
486,fischerdipper,98,6
493,fischerdipper,78,7
459,fischerdipper,71,8
483,fischerdipper,60,9
463,fischerdipper,54,10
468,fischerdipper,54,10
479,fischerdipper,51,12
491,fischerdipper,47,13
460,fischerdipper,42,14
465,fischerdipper,42,14
497,fischerdipper,41,16
470,fischerdipper,38,17
494,fischerdipper,35,18
485,fischerdipper,29,19
475,fischerdipper,15,20
462,fischerdipper,11,21
461,fischerdipper,2,22
11033,fisher2012,66,1
8508,fisheraitak,84,1
10321,fisherman1,44,1
10319,fisherman1,34,2
18583,fishinboy,55,1
13118,fishoutofwater,119,1
13109,fishoutofwater,108,2
13131,fishoutofwater,99,3
13125,fishoutofwater,87,4
13111,fishoutofwater,81,5
13119,fishoutofwater,75,6
13117,fishoutofwater,71,7
13127,fishoutofwater,69,8
13123,fishoutofwater,51,9
13115,fishoutofwater,45,10
13110,fishoutofwater,30,11
2980,fisisolo,70,1
6126,fistiko,111,1
6129,fistiko,89,2
6131,fistiko,89,2
6128,fistiko,63,4
6124,fistiko,40,5
6122,fistiko,28,6
18343,fitricter,14,1
15801,fivetoone,55,1
3267,fixif,52,1
14498,fjachess,88,1
14493,fjachess,85,2
14502,fjachess,57,3
14500,fjachess,17,4
6430,fjsr,49,1
6407,fjsr,30,2
17402,fl0yd,56,1
15198,flafel26,161,1
15176,flafel26,100,2
15182,flafel26,97,3
15191,flafel26,91,4
15181,flafel26,71,5
15192,flafel26,66,6
15217,flafel26,65,7
15177,flafel26,61,8
15196,flafel26,61,8
15213,flafel26,61,8
15189,flafel26,57,11
15215,flafel26,53,12
15202,flafel26,43,13
15212,flafel26,41,14
15188,flafel26,40,15
15199,flafel26,39,16
15201,flafel26,39,16
15175,flafel26,37,18
15207,flafel26,19,19
15187,flafel26,17,20
15186,flafel26,16,21
15190,flafel26,15,22
15204,flafel26,15,22
15211,flafel26,15,22
7651,flaizhen,35,1
5573,flamemaster51,79,1
5563,flamemaster51,78,2
5570,flamemaster51,75,3
5576,flamemaster51,68,4
5572,flamemaster51,59,5
5561,flamemaster51,51,6
5581,flamemaster51,49,7
5577,flamemaster51,43,8
5565,flamemaster51,33,9
5566,flamemaster51,27,10
1424,flameswarriorq8,54,1
5268,flamethrower,92,1
6043,flaneur,41,1
12453,flaneur,29,2
8147,flash6666,86,1
1199,flashrust,70,1
14674,flashrust,70,1
18799,flashundtibbers,157,1
18805,flashundtibbers,107,2
18801,flashundtibbers,99,3
18800,flashundtibbers,93,4
18803,flashundtibbers,73,5
18811,flashundtibbers,70,6
18812,flashundtibbers,61,7
18794,flashundtibbers,57,8
18804,flashundtibbers,45,9
18793,flashundtibbers,44,10
18808,flashundtibbers,29,11
18810,flashundtibbers,24,12
13626,flatearther,36,1
4429,flavio2014,136,1
3075,flavioleo,81,1
13228,flaxl,71,1
13225,flaxl,58,2
13227,flaxl,55,3
6211,fleshtacer2,61,1
10132,flettcher,31,1
13915,flfuhep1968,90,1
19278,flfuhep1968,62,2
4336,fliabergo,61,1
2134,flive,88,1
11570,flogistus,82,1
8970,florian19,82,1
17666,flow1960,55,1
8291,fluorescenza,94,1
8105,flyingcat,57,1
7347,flyingpotato,42,1
11057,flyside,101,1
12568,fmakr,7,1
3003,fmendez,30,1
12026,fmshawnrl123,93,1
16714,fmtabriz,113,1
16719,fmtabriz,93,2
16720,fmtabriz,42,3
16715,fmtabriz,39,4
16713,fmtabriz,32,5
4360,fonbender,55,1
18837,foreverunder1500,144,1
8480,forevervision,115,1
8482,forevervision,78,2
8478,forevervision,68,3
7416,forgetfulmoose,43,1
8817,forgod,27,1
2599,forkedagain,64,1
18264,fortuna01,96,1
1362,fortuna01,31,2
3115,forza1234,39,1
12767,forzaitaly,66,1
9943,fouadandkemo12,69,1
670,foucheval,56,1
17181,foudescheques,58,1
18438,fourtwenty,137,1
18448,fourtwenty,129,2
18439,fourtwenty,128,3
18436,fourtwenty,107,4
18474,fourtwenty,98,5
18462,fourtwenty,94,6
18457,fourtwenty,89,7
18453,fourtwenty,79,8
18464,fourtwenty,78,9
18460,fourtwenty,67,10
18444,fourtwenty,66,11
18443,fourtwenty,60,12
18451,fourtwenty,52,13
18434,fourtwenty,51,14
18458,fourtwenty,43,15
18470,fourtwenty,39,16
18472,fourtwenty,34,17
18449,fourtwenty,32,18
18468,fourtwenty,29,19
18445,fourtwenty,27,20
18466,fourtwenty,11,21
341,fox22634,49,1
4618,fox26666,67,1
4603,fox26666,66,2
4611,fox26666,50,3
4605,fox26666,35,4
4613,fox26666,30,5
4609,fox26666,26,6
4619,fox26666,18,7
14948,fra1989,70,1
12037,frace,56,1
12595,france_dep,15,1
3947,francekonjar,11,1
14505,francesco_super,73,1
14504,francesco_super,60,2
5308,francisco-sanabria,19,1
7292,franciscodavid,66,1
13503,franckonjar,48,1
12755,franckonjar,38,2
4489,franco2000,72,1
10260,franco47,41,1
10266,franco47,32,2
10264,franco47,9,3
10267,franco47,8,4
11827,frank01,89,1
11829,frank01,76,2
11831,frank01,60,3
2536,frank1988,46,1
13028,frank2017,32,1
5550,frankie0909,57,1
5547,frankie0909,31,2
11826,frankiedaps,23,1
4055,frankiestomps,25,1
14752,frankp,18,1
19858,franky74,56,1
9172,frantaiq,22,1
6161,franzliszt,60,1
18488,frceks,94,1
15824,freddy1201,76,1
15411,freddyman,59,1
6047,fredwoods,53,1
16524,freechaser,71,1
16526,freechaser,47,2
8516,freeed0m_j,103,1
8515,freeed0m_j,75,2
8518,freeed0m_j,23,3
10731,freeland,23,1
11787,freeloader,37,1
14330,freeua,45,1
6308,freid1982,66,1
15788,frelyf,38,1
4951,frevi,33,1
7707,frickenfunny,37,1
1063,frikazoid55,114,1
19303,fritz65,68,1
10042,frogprince,37,1
2556,frozen8413,169,1
2552,frozen8413,137,2
2549,frozen8413,65,3
2546,frozen8413,61,4
2538,frozen8413,51,5
8468,froztty,68,1
11161,fruitfly,122,1
16304,frunzo,55,1
15332,frynoodles,71,1
9856,fsv,57,1
9855,fsv,20,2
6760,ftffgff,32,1
2042,fulanomengano,30,1
4569,fulcu2016,58,1
8665,fulowa,107,1
1618,fungi,106,1
12620,funkjunk,43,1
19234,funnyanimatorjimtv,53,1
20033,fuoconero,53,1
13987,fur-q,61,1
16275,furiousbanana,48,1
16178,furkan1969,172,1
1652,furliss,89,1
12819,fury92,44,1
7664,futuremaster01,45,1
11348,futuro_gm22,189,1
11355,futuro_gm22,117,2
11350,futuro_gm22,77,3
11347,futuro_gm22,69,4
11345,futuro_gm22,56,5
11351,futuro_gm22,29,6
11354,futuro_gm22,22,7
11344,futuro_gm22,7,8
10310,fyfnjkbq1959,26,1
13194,fylhtqrepytwjd,41,1
3348,fynjygtnhjd21,102,1
1903,fzebral,48,1
20,g-ios,25,1
3019,g0030_rodionova-li,56,1
15897,gaana,40,1
3024,gabbo2323,66,1
10979,gabby,37,1
3837,gabifdez,18,1
16600,gabigs,82,1
1733,gabo43,72,1
537,gabofd,73,1
14963,gabriel21,108,1
12391,gabriel391,13,1
4938,gabriel97111,50,1
379,gabriel_ml,8,1
12379,gabrielsoriano,76,1
10931,gabrielvictor,75,1
5489,gabyz1906,14,1
5751,gachovski,35,1
17552,gadirotbert,111,1
18149,gagomanuk71,94,1
3570,gala22,80,1
16421,galaxy-v,41,1
17507,galia,19,1
10624,galina-slog,29,1
5895,galinette,42,1
16676,gallaecia,44,1
9583,gallero2015,59,1
13534,galym_kzz,46,1
17518,gambit47,85,1
12632,gambitingaddict,101,1
16567,gambitsforlife,87,1
16565,gambitsforlife,72,2
16580,gambitsforlife,72,2
16570,gambitsforlife,66,4
16578,gambitsforlife,55,5
16568,gambitsforlife,49,6
16575,gambitsforlife,45,7
16577,gambitsforlife,41,8
16564,gambitsforlife,37,9
16572,gambitsforlife,25,10
16569,gambitsforlife,11,11
8819,gamblin,85,1
3400,gameboymaster49899,160,1
3395,gameboymaster49899,134,2
3402,gameboymaster49899,119,3
3389,gameboymaster49899,96,4
3398,gameboymaster49899,87,5
3396,gameboymaster49899,72,6
3392,gameboymaster49899,63,7
3390,gameboymaster49899,62,8
3401,gameboymaster49899,60,9
1147,gamesou,85,1
14601,gamesou,85,1
6603,gamingprof,144,1
6593,gamingprof,113,2
6590,gamingprof,72,3
6605,gamingprof,69,4
6596,gamingprof,58,5
6602,gamingprof,56,6
6580,gamingprof,55,7
6586,gamingprof,51,8
6585,gamingprof,41,9
6581,gamingprof,37,10
6583,gamingprof,35,11
6594,gamingprof,28,12
14568,gammalgnu,60,1
7839,gandoulf,76,1
2860,gangadhara,80,1
4108,gangioli,4,1
9672,ganito,49,1
13539,gardbell,54,1
421,gardydlshad,21,1
18752,garfild4422,29,1
19916,gargoris,105,1
6099,gargoris,97,2
729,garib33gg,23,1
8670,garik_svk,53,1
18167,garroteitor,76,1
18165,garroteitor,48,2
3675,garullus,47,1
16166,garvays,63,1
15246,gary_blackwood,112,1
20031,gas_1948,82,1
910,gascarov,120,1
2246,gasdvbn,74,1
2244,gasdvbn,71,2
1465,gaspare954,56,1
1961,gasperlk,55,1
17061,gassar,26,1
18522,gatan5,124,1
19807,gatan5,47,2
19927,gatorricky,68,1
1131,gauder,33,1
17124,gauklerkind,64,1
2460,gauravchawla691,45,1
8343,gausss,17,1
9443,gavriel32,18,1
1085,gavrilinfamily,63,1
7399,gaymanipulation,119,1
7403,gaymanipulation,57,2
7394,gaymanipulation,44,3
7392,gaymanipulation,34,4
7395,gaymanipulation,28,5
7391,gaymanipulation,25,6
7389,gaymanipulation,14,7
7401,gaymanipulation,8,8
15221,gazebo,48,1
12769,gazza75,75,1
7284,gbrito,45,1
781,gdf1981,59,1
12216,gdf1981,59,1
5948,gearfrost,146,1
18802,gearnest,47,1
19833,geej,24,1
15777,geert52,103,1
15329,gege4076,38,1
11951,gegenspiel,137,1
4097,gegianni,27,1
12861,geislabaugur,38,1
11126,gelus,69,1
10586,gemes,53,1
11295,gemes,53,1
7669,geminitilidie,27,1
6782,gena1935,168,1
2819,gena997766,77,1
11769,gena_1971,92,1
14512,generationx,59,1
14507,generationx,58,2
14509,generationx,50,3
14510,generationx,42,4
14508,generationx,34,5
1161,generiklemons,80,1
1155,generiklemons,48,2
1157,generiklemons,14,3
8312,geniyal,23,1
3839,gennai,59,1
8740,gentlerose,44,1
10282,geordiechess,66,1
16106,georg01,80,1
5010,georgatos,15,1
458,george_35,122,1
8461,georgesoros,84,1
3069,georgesoros,54,2
6493,georgethes,9,1
2015,georgezipp,81,1
18660,georgpoltevskoy,65,1
16913,georgsu,102,1
4845,georgym89,70,1
14108,gerakoei,99,1
7066,gerard1963,81,1
10369,gerardfredj,30,1
13263,gerceker200,95,1
13262,gerceker200,40,2
13258,gerceker200,33,3
13259,gerceker200,32,4
13260,gerceker200,28,5
13264,gerceker200,28,5
13266,gerceker200,23,7
13257,gerceker200,15,8
818,german276,52,1
2091,gersand,80,1
13230,gesoo,77,1
3447,gethwulf,53,1
6068,gezim,108,1
1603,gezim,95,2
576,gg_easytobeatme_yt,115,1
17853,ggcarmelo,40,1
16486,gguth,71,1
10764,ghaffari,96,1
10765,ghaffari,93,2
10780,ghaffari,73,3
10777,ghaffari,54,4
10776,ghaffari,40,5
10761,ghaffari,24,6
10782,ghaffari,24,6
10785,ghaffari,24,6
10781,ghaffari,8,9
4777,ghafour,56,1
16616,ghasemali,29,1
6767,ghasemsinger,100,1
11682,ghdeodato,22,1
14809,ghj2,13,1
13876,ghoba,60,1
3132,gi30,83,1
11930,gialess,67,1
4062,giamfede,52,1
18190,giamfede11,120,1
6938,gianflisi,23,1
17616,gianfranco7038,75,1
2901,giangraletale3,57,1
9519,gianiarch,41,1
9243,giannispap39,88,1
16091,giannispap39,58,2
6510,giantcowfilms,42,1
18852,giantkiller15,56,1
19781,giantkiller15,46,2
11822,gibigibibaba,149,1
11080,gid,35,1
2991,gideoni,31,1
17226,gidr,20,1
6713,gigah,75,1
14346,gighellone,28,1
4196,gigimargadecolmar,41,1
8883,giigii,92,1
8888,giigii,90,2
8885,giigii,74,3
8882,giigii,68,4
8886,giigii,51,5
6351,gijoel749,76,1
6354,gijoel749,45,2
6355,gijoel749,37,3
6357,gijoel749,35,4
10728,giko40,71,1
10750,gil,84,1
7826,gil,24,2
10170,gil,19,3
10771,gil,11,4
10770,gil,4,5
17667,gilbertvai,93,1
17663,gilbertvai,67,2
3025,giledo,26,1
6389,gilgamesch111,56,1
14797,gilito,37,1
8139,gimchess,27,1
2138,gingerthecookie,41,1
14808,ginterek,68,1
10391,gintokichimaru,63,1
10388,gintokichimaru,57,2
10385,gintokichimaru,55,3
10383,gintokichimaru,53,4
10392,gintokichimaru,47,5
66,gio1212,39,1
11165,giorgos,86,1
18179,giosav,66,1
16026,giovannipaoloii,65,1
3567,giovannipaoloii,29,2
10953,gippolo,89,1
1833,giraffacollocorto,90,1
14031,girayisak11,49,1
4023,giroy,41,1
19272,giselab,51,1
9663,giselher,136,1
2112,giselher,39,2
2254,giu2233,48,1
9718,giubecc,86,1
6168,giulio76,61,1
16777,giuliov,52,1
10491,giuseppe-nantes,82,1
11764,giuseppepapolino,20,1
7011,giuseppepiro,32,1
10096,giustizy,55,1
4168,giveupthegoods,112,1
17920,givi1,135,1
16101,gjant,48,1
1794,gjdelamaza,89,1
12538,gjdelamaza,89,1
13782,gjdgjdfj,156,1
13802,gjdgjdfj,134,2
13774,gjdgjdfj,125,3
13791,gjdgjdfj,117,4
13776,gjdgjdfj,112,5
13799,gjdgjdfj,109,6
13790,gjdgjdfj,100,7
13785,gjdgjdfj,86,8
13783,gjdgjdfj,81,9
13796,gjdgjdfj,71,10
13795,gjdgjdfj,69,11
13810,gjdgjdfj,67,12
13818,gjdgjdfj,66,13
13777,gjdgjdfj,64,14
13792,gjdgjdfj,63,15
13773,gjdgjdfj,56,16
13775,gjdgjdfj,55,17
13778,gjdgjdfj,55,17
13806,gjdgjdfj,54,19
13804,gjdgjdfj,53,20
13811,gjdgjdfj,53,20
13789,gjdgjdfj,39,22
13809,gjdgjdfj,33,23
13814,gjdgjdfj,30,24
13509,gkhnkrdmr,123,1
14009,gkhnkrdmr,123,1
13515,gkhnkrdmr,89,3
13514,gkhnkrdmr,63,4
13507,gkhnkrdmr,59,5
13511,gkhnkrdmr,45,6
13512,gkhnkrdmr,41,7
13506,gkhnkrdmr,33,8
16249,gladiator78,9,1
19533,gladiatorwess,144,1
8674,glaspool,65,1
14456,glay,79,1
12622,glazier,56,1
6329,gloriam87,23,1
6941,glslick,23,1
19756,gluho,70,1
4769,glzrchess,136,1
4768,glzrchess,94,2
4794,glzrchess,80,3
4791,glzrchess,72,4
4760,glzrchess,71,5
4758,glzrchess,65,6
4764,glzrchess,60,7
4793,glzrchess,58,8
4782,glzrchess,53,9
4790,glzrchess,49,10
4766,glzrchess,48,11
4772,glzrchess,44,12
4786,glzrchess,42,13
4784,glzrchess,40,14
4763,glzrchess,38,15
4776,glzrchess,34,16
4788,glzrchess,11,17
1650,gm094,123,1
3539,gmanderson,127,1
3519,gmanderson,111,2
3529,gmanderson,57,3
3525,gmanderson,53,4
3532,gmanderson,51,5
3542,gmanderson,43,6
3533,gmanderson,33,7
3535,gmanderson,31,8
3537,gmanderson,27,9
3520,gmanderson,19,10
3530,gmanderson,19,10
3522,gmanderson,13,12
6911,gmatiasheredia,35,1
11898,gmbalony,136,1
12772,gmbeast,81,1
14658,gmbeast,81,1
3269,gmboa64,79,1
27,gmcarlsen403,43,1
5003,gmgodly,51,1
17888,gmilopes,41,1
6985,gmjeff,151,1
5508,gmjorge13,66,1
16899,gmplayer,91,1
16900,gmplayer,84,2
14592,gmrein,67,1
15910,gnatyuk,164,1
8851,gniaxson,141,1
11073,gnt100,56,1
5894,go-illans,65,1
15021,god666,109,1
20005,god666,109,1
10100,god786,40,1
12054,goddochen,117,1
11504,godk2001,7,1
19252,godk2001,7,1
7162,godschild,62,1
4034,goerchdrunk,79,1
10811,goga123,58,1
10421,gohardlikeputin,28,1
9210,goj,106,1
8241,gojdranenty,156,1
10402,gojkostilvs,57,1
18159,gojs,24,1
19707,gokkangok,69,1
6452,golal,34,1
6451,golal,14,2
480,golden06,71,1
8401,goldenbullet,49,1
10853,goldenfork,27,1
2175,goldenfox99,149,1
13342,goldenfox99,149,1
2187,goldenfox99,111,3
13354,goldenfox99,111,3
2190,goldenfox99,57,5
13357,goldenfox99,57,5
2181,goldenfox99,55,7
13348,goldenfox99,55,7
2170,goldenfox99,54,9
13337,goldenfox99,54,9
2188,goldenfox99,49,11
13355,goldenfox99,49,11
2183,goldenfox99,48,13
13350,goldenfox99,48,13
2189,goldenfox99,40,15
13356,goldenfox99,40,15
2173,goldenfox99,37,17
13340,goldenfox99,37,17
2180,goldenfox99,30,19
13347,goldenfox99,30,19
2184,goldenfox99,21,21
13351,goldenfox99,21,21
1591,golho,92,1
13165,golho,92,1
14783,golho,92,1
10795,gomer1377,85,1
9106,gomex,57,1
9109,gomex,55,2
9108,gomex,50,3
9111,gomex,27,4
13386,gomezzzzz,88,1
14277,gomito7,64,1
16755,goncha1965,114,1
5484,gone2dogz,53,1
4528,gonzalo8a05,58,1
148,gonzalogp98,72,1
2768,goodb0dy,72,1
147,goodolddaystr,11,1
15748,goodripper,65,1
294,googol100,40,1
9464,gool1,45,1
16771,goran1968,94,1
4700,goran98only,54,1
7049,gordonshimm,73,1
7045,gordonshimm,29,2
6157,goresh,49,1
7112,gorgizadeh,14,1
10344,gorik04,51,1
11485,gorik6660,3,1
9209,gormilos,65,1
6421,gorrillabob,109,1
1127,gorvlad-61,140,1
11390,gory,71,1
7337,goscha1960,58,1
7408,gosette,24,1
8754,gosha2010,88,1
13205,gospodinedin,26,1
151,gotochess,77,1
7327,goudinho,110,1
2122,gougoutte,11,1
2176,gourang,94,1
13343,gourang,94,1
2177,gourang,61,3
13344,gourang,61,3
2179,gourang,50,5
13346,gourang,50,5
2178,gourang,21,7
13345,gourang,21,7
15983,govida,16,1
14724,govindadailha,151,1
10186,goxi1278,129,1
13900,gphynone,39,1
18973,gqueen,96,1
18985,gqueen,73,2
18979,gqueen,71,3
18982,gqueen,63,4
18975,gqueen,61,5
18989,gqueen,53,6
18978,gqueen,49,7
18987,gqueen,47,8
18984,gqueen,43,9
13497,gqueen,27,10
10458,gr3ch,95,1
10453,gr3ch,71,2
10454,gr3ch,37,3
10456,gr3ch,31,4
10451,gr3ch,15,5
621,gr8_m8_m8_im_ir8,65,1
624,gr8_m8_m8_im_ir8,54,2
627,gr8_m8_m8_im_ir8,53,3
623,gr8_m8_m8_im_ir8,50,4
18602,gr_vlasov,54,1
13695,grab6300,84,1
8310,graceful-knight,52,1
15093,graeen,72,1
10262,graf5,33,1
16704,graf56,73,1
5680,grafin,38,1
502,grafy,73,1
19377,graho,138,1
1083,gramo,52,1
2600,gramps,63,1
6321,grandaddypurp,73,1
9819,grandchat,77,1
3727,grandmasterblr,123,1
3725,grandmasterblr,122,2
3728,grandmasterblr,56,3
11078,grandmasterbrandon,37,1
11944,grandmasterreturn,51,1
6707,grandmuppet,55,1
5301,granmagister,109,1
18232,granmagister,109,1
15495,grannika,40,1
3992,grant12345,24,1
8211,graphirus,32,1
18974,grasmat,134,1
10886,grasmester,51,1
1019,graton,62,1
9200,gravalanche,129,1
11681,gravely-mating,66,1
4813,gravityagain,39,1
3365,grayomega,29,1
8277,grealsan,94,1
10580,great-mate-super-gre,99,1
10590,great-mate-super-gre,99,1
11289,great-mate-super-gre,99,1
11299,great-mate-super-gre,99,1
10583,great-mate-super-gre,90,5
11292,great-mate-super-gre,90,5
10591,great-mate-super-gre,81,7
11300,great-mate-super-gre,81,7
10579,great-mate-super-gre,66,9
11288,great-mate-super-gre,66,9
10595,great-mate-super-gre,65,11
10600,great-mate-super-gre,65,11
11304,great-mate-super-gre,65,11
11309,great-mate-super-gre,65,11
10592,great-mate-super-gre,57,15
11301,great-mate-super-gre,57,15
10581,great-mate-super-gre,54,17
11290,great-mate-super-gre,54,17
10587,great-mate-super-gre,47,19
11296,great-mate-super-gre,47,19
10582,great-mate-super-gre,46,21
11291,great-mate-super-gre,46,21
10584,great-mate-super-gre,42,23
11293,great-mate-super-gre,42,23
10594,great-mate-super-gre,33,25
11303,great-mate-super-gre,33,25
11746,greatbobby1972,108,1
1174,grebonachessmaster,72,1
4804,green870,20,1
18536,green_star,68,1
1163,greenedoutchess,103,1
1162,greenedoutchess,81,2
4130,greenmachine,62,1
4122,greenmachine,52,2
4132,greenmachine,44,3
4129,greenmachine,36,4
4121,greenmachine,30,5
4126,greenmachine,20,6
4127,greenmachine,7,7
4124,greenmachine,3,8
17050,greenpeace48,45,1
14361,greentxo,80,1
7393,greg365,40,1
3996,gregmillsusa1,77,1
2560,gregory81,37,1
8246,grelf,40,1
1005,greminja,70,1
16014,greybeard23,113,1
2818,greybeard23,66,2
2816,greybeard23,56,3
16833,grifo47,39,1
9104,grigori_290153,45,1
4382,grigorich,110,1
4384,grigorich,40,2
15085,grigoriev,42,1
5022,grigoriy-66,45,1
10111,grigoriy-66,36,2
4807,grillo,11,1
16780,grimus,85,1
8688,grino,89,1
3891,grizzlebear,85,1
18651,grizzlebear,85,1
13665,grob-tueur,64,1
8219,groeni,54,1
19529,grogrogo,41,1
8197,grosnez,106,1
15825,grossask,62,1
11751,grsa,161,1
11747,grsa,28,2
19235,grsa,13,3
5852,grundlesniffer,91,1
5859,grundlesniffer,75,2
5853,grundlesniffer,72,3
5861,grundlesniffer,50,4
5856,grundlesniffer,49,5
5849,grundlesniffer,39,6
5857,grundlesniffer,5,7
1101,grzybiarz85,64,1
12512,grzybiarz85,24,2
5225,gt112,81,1
10762,gt6y,83,1
5065,gtanand,61,1
3469,gtaube,18,1
16336,gtaube,18,1
15653,gtay98,45,1
15097,gtiotoitk,94,1
7850,gtwoo,74,1
11061,guazuvira,73,1
357,guber1962,119,1
448,gucanni,17,1
6650,gudimov,113,1
5310,guerina,15,1
11926,guestpadawan,49,1
12547,guguta,138,1
14738,gui645,53,1
2491,guigz3811,17,1
1503,guilis,88,1
1062,guillerminmin,96,1
9359,guk_schutzbach,63,1
14081,gulen,74,1
13662,gumir7777,44,1
7020,gundula777,51,1
17424,gunsti,42,1
9326,guppless,41,1
9594,guppless,29,2
19487,guran72,59,1
8067,gurkhey,33,1
17562,guru200773,80,1
17559,guru200773,74,2
17565,guru200773,71,3
17573,guru200773,61,4
17571,guru200773,53,5
17567,guru200773,47,6
17583,guru200773,45,7
17580,guru200773,41,8
17558,guru200773,37,9
17576,guru200773,36,10
17584,guru200773,36,10
17569,guru200773,33,12
17554,guru200773,30,13
17577,guru200773,16,14
17572,guru200773,13,15
14852,guruvachan,51,1
380,gus247,101,1
2430,gustavious,50,1
11663,gustavo2320,107,1
1802,gustavo_valfre,63,1
11797,guty1993,68,1
3157,guyfd2,42,1
11447,guymatt,111,1
12487,gvd,30,1
6850,gvmkk,66,1
7239,gw22,83,1
16384,gwadloupeyen,7,1
1215,gymhgy,29,1
14172,gymhgy,15,2
17019,gypomolov,80,1
2116,h0l4nd3s,23,1
13388,h0landes,62,1
8939,h3rry,26,1
19561,h_kand,72,1
15564,h_kand,42,2
8045,h_nasimdoust,62,1
7453,haamza,7,1
3929,habboush,76,1
13188,habboush,42,2
6876,habib20,43,1
18622,habib20,43,1
17690,habibisson,116,1
2442,hacha,81,1
8974,hackee,40,1
16829,hacker4lyf,57,1
19021,hackov,152,1
19019,hackov,83,2
19023,hackov,60,3
11076,hacksaw,87,1
17830,haddock_1985,58,1
9700,hade23,68,1
8595,hadecaro,71,1
17039,hadi3000,9,1
3246,hadibadakhshan,148,1
18435,hadikhaksary,25,1
9350,hadikhan,4,1
9674,hadsam,26,1
4554,hadzo,77,1
2307,haemada,56,1
114,hafedfree,111,1
13723,hafedfree,111,1
9942,hahyun,23,1
14477,hainkostok728,85,1
4192,hairy-conniption,39,1
17340,haithmnedhal,106,1
17029,hakan24demir,7,1
5431,hakanclkrs,116,1
18335,hakanclkrs,116,1
8884,hakikat_1,91,1
10496,hakimalami,50,1
4290,hakimlbh,12,1
17333,halexaraujo,78,1
2456,halfwayrooks,37,1
10906,halfwitted,30,1
3191,halikonu,101,1
5519,hallelujahcat,78,1
5396,hallenmp,53,1
225,hallowdance,113,1
2582,halma,76,1
15362,halma,76,1
367,halma,26,3
6344,halonite,83,1
12338,halukyigit1,61,1
10152,hamada13,106,1
14868,hamada86,47,1
9278,hamamuta,72,1
7211,hambiadi,82,1
9881,hamburgers,32,1
5163,hamed481,37,1
9961,hamed5058,116,1
9955,hamed5058,101,2
9956,hamed5058,101,2
9948,hamed5058,71,4
9941,hamed5058,53,5
9944,hamed5058,53,5
9952,hamed5058,53,5
9947,hamed5058,49,8
9957,hamed5058,44,9
9963,hamed5058,35,10
9950,hamed5058,29,11
9965,hamed5058,28,12
9953,hamed5058,26,13
16877,hamedbriki,141,1
16869,hamedbriki,138,2
16875,hamedbriki,46,3
16871,hamedbriki,29,4
16879,hamedbriki,25,5
16873,hamedbriki,17,6
16866,hamedbriki,3,7
7830,hamekasi,21,1
10847,hamham,30,1
8442,hamid1985,33,1
12575,hamid222,64,1
15878,hamid222,47,2
18174,hamid7613,40,1
10633,hamid_jalali,62,1
10635,hamid_jalali,43,2
9310,hamid_ll,74,1
7523,hamidreza,100,1
7536,hamidreza,70,2
7537,hamidreza,52,3
7533,hamidreza,47,4
7521,hamidreza,46,5
7525,hamidreza,46,5
7519,hamidreza,38,7
7514,hamidreza,36,8
7528,hamidreza,35,9
7517,hamidreza,29,10
7516,hamidreza,26,11
7534,hamidreza,26,11
7508,hamidreza,24,13
7510,hamidreza,20,14
7509,hamidreza,14,15
7512,hamidreza,12,16
7531,hamidreza,7,17
10797,hamlex,88,1
1607,hammerfinger,43,1
4622,hammerheart,47,1
839,hammerheart,28,2
12316,hammerheart,28,2
10214,hamouda,35,1
10157,hamp,72,1
14744,hamza019,60,1
19451,hamza019,48,2
15163,hamza019,15,3
14248,hamzasadji,55,1
4388,handenursa,40,1
14292,hank1066,52,1
18819,hannah51,37,1
9966,hannibal-rom,54,1
6361,hannibal66,39,1
6366,hannibal66,30,2
2376,hannibalstea,86,1
4378,hans769,73,1
4803,hans769,48,2
4802,hans769,41,3
17594,hansdampf,54,1
17596,hansdampf,36,2
19449,hansdampf,25,3
12341,hanso2,58,1
7173,hansons,68,1
14841,happyalexey,120,1
7567,happyb,69,1
17674,happyboyy,80,1
10403,happyboyy,31,2
757,happyspyros,178,1
12708,haracternuk,33,1
4926,hardbody_harrison,41,1
14494,harenko,46,1
6550,hargle,67,1
17929,hari1234,32,1
7606,harimato,42,1
19030,harish8u,60,1
18514,harmon758,92,1
18511,harmon758,78,2
18516,harmon758,77,3
15870,harmsi3683,25,1
921,harrrr,39,1
15400,harry06,24,1
7228,harry93,42,1
227,harrygz,135,1
14703,harryjoyce,96,1
8611,harrypotter2004,45,1
19280,harrypotter777,52,1
17722,harveyfu,84,1
17723,harveyfu,63,2
17721,harveyfu,62,3
17725,harveyfu,59,4
17733,harveyfu,55,5
17720,harveyfu,44,6
17731,harveyfu,44,6
17727,harveyfu,40,8
8213,hasan123,109,1
7048,hasan1955,52,1
15595,hasan35,53,1
1499,hasan_al-banna,129,1
1490,hasan_al-banna,122,2
1497,hasan_al-banna,94,3
1514,hasan_al-banna,88,4
1504,hasan_al-banna,86,5
1508,hasan_al-banna,82,6
1521,hasan_al-banna,63,7
1519,hasan_al-banna,60,8
1506,hasan_al-banna,57,9
1502,hasan_al-banna,56,10
1524,hasan_al-banna,47,11
1493,hasan_al-banna,46,12
1510,hasan_al-banna,40,13
1522,hasan_al-banna,40,13
1500,hasan_al-banna,38,15
1513,hasan_al-banna,25,16
1523,hasan_al-banna,15,17
1491,hasan_al-banna,8,18
10350,hasanarzum,58,1
10351,hasanarzum,50,2
7691,hasanc,82,1
9962,hasannezih,47,1
2337,hash_13-chess,139,1
15389,hash_13-chess,139,1
2330,hash_13-chess,130,3
15382,hash_13-chess,130,3
2331,hash_13-chess,85,5
15383,hash_13-chess,85,5
2329,hash_13-chess,77,7
15381,hash_13-chess,77,7
2340,hash_13-chess,60,9
15392,hash_13-chess,60,9
2333,hash_13-chess,53,11
15385,hash_13-chess,53,11
2343,hash_13-chess,43,13
15395,hash_13-chess,43,13
2335,hash_13-chess,26,15
15387,hash_13-chess,26,15
3227,hasiara,66,1
11486,haskox,3,1
9384,hassan1365416,136,1
9386,hassan1365416,131,2
9396,hassan1365416,124,3
9377,hassan1365416,113,4
9401,hassan1365416,110,5
9383,hassan1365416,109,6
9371,hassan1365416,106,7
9397,hassan1365416,100,8
9388,hassan1365416,97,9
9382,hassan1365416,87,10
9372,hassan1365416,74,11
9379,hassan1365416,74,11
9404,hassan1365416,72,13
9398,hassan1365416,70,14
9378,hassan1365416,67,15
9405,hassan1365416,67,15
9387,hassan1365416,65,17
9392,hassan1365416,65,17
9395,hassan1365416,65,17
9409,hassan1365416,63,20
9380,hassan1365416,62,21
9370,hassan1365416,58,22
9394,hassan1365416,56,23
9385,hassan1365416,55,24
9390,hassan1365416,55,24
9399,hassan1365416,55,24
9402,hassan1365416,55,24
9373,hassan1365416,49,28
9391,hassan1365416,49,28
9368,hassan1365416,47,30
9406,hassan1365416,47,30
9375,hassan1365416,44,32
9403,hassan1365416,44,32
9369,hassan1365416,40,34
9374,hassan1365416,40,34
9376,hassan1365416,39,36
9410,hassan1365416,37,37
9400,hassan1365416,33,38
9381,hassan1365416,31,39
9411,hassan1365416,30,40
9393,hassan1365416,29,41
9407,hassan1365416,21,42
9408,hassan1365416,19,43
9389,hassan1365416,10,44
7644,hassom1233,57,1
16971,hatem60010,149,1
4088,hatem60010,33,2
10799,hatembugdayci1983,41,1
14131,hatethasau07,39,1
8736,hatrr96,62,1
15308,hatterix,58,1
15311,hatterix,57,2
15877,hatterix,39,3
12192,hatton,111,1
16099,havz,73,1
18710,hawihe,37,1
9727,hawk2016,16,1
10199,hayati,54,1
10197,hayati,48,2
6027,hayati563,25,1
6025,hayati563,24,2
16820,haychesss,72,1
661,hayki34,78,1
16123,haythamb,29,1
4363,hazba86,39,1
9473,hazeh,57,1
7973,hd_aslani,126,1
7967,hd_aslani,123,2
7980,hd_aslani,109,3
7957,hd_aslani,91,4
7985,hd_aslani,83,5
7963,hd_aslani,82,6
7970,hd_aslani,79,7
7992,hd_aslani,77,8
7961,hd_aslani,74,9
7959,hd_aslani,70,10
7987,hd_aslani,67,11
7972,hd_aslani,59,12
7995,hd_aslani,53,13
7984,hd_aslani,52,14
7965,hd_aslani,51,15
7991,hd_aslani,46,16
7977,hd_aslani,33,17
7976,hd_aslani,31,18
7993,hd_aslani,11,19
19378,heartless_mf,111,1
19388,heartless_mf,68,2
17090,heavy_metal_maniac,92,1
7903,hebi,101,1
7905,hebi,90,2
7893,hebi,86,3
7888,hebi,66,4
7898,hebi,63,5
7899,hebi,61,6
7901,hebi,60,7
7907,hebi,58,8
7894,hebi,55,9
7890,hebi,50,10
7906,hebi,49,11
7889,hebi,40,12
7895,hebi,31,13
7896,hebi,5,14
11067,hechmi,70,1
10066,hector59john,3,1
4671,hectorgomeslima,21,1
4007,heek7133,96,1
4606,hefer,71,1
17446,hegeweko,105,1
648,heisenberg3,38,1
4491,hekonen,34,1
2712,helblazer811,43,1
11534,heliomarin,37,1
6458,hellohello11,11,1
14076,hellomyoldfriend,15,1
1952,helmawan97,23,1
3882,helykopter33,46,1
18642,helykopter33,46,1
18923,hemanth0000,35,1
5162,henderbj,77,1
19495,hennihop,96,1
9191,henriquebrasil,109,1
18384,henriv,52,1
16595,henrybarthes,96,1
13041,henrykwinto88,38,1
1696,hephestus,21,1
10172,herbsman,14,1
10572,hercule-poivrot,50,1
11281,hercule-poivrot,50,1
1536,herecomesdaddy,130,1
17661,heresiarch,57,1
10224,hergo731,78,1
13527,heripenikmatcatur,118,1
6184,hermesoiseau,45,1
17664,hernanbojorquez,40,1
2035,hernype,19,1
7317,hershey4life,36,1
10068,hersil,5,1
17140,hervegrevin,67,1
349,hetismogelijk,129,1
16370,heusspower,41,1
9921,hevingham3,102,1
8807,heydar,74,1
8805,heydar,52,2
8809,heydar,6,3
5616,heyjujube,9,1
14322,heypotz,44,1
1763,hezarfen,123,1
17073,hft,83,1
5754,hgaeul,44,1
4974,hghghgzx,46,1
5833,hh88,107,1
6610,hh88,45,2
15713,hhammoud01,36,1
9633,hidanao,39,1
7681,highcor,62,1
15118,highlander151151,33,1
4968,hightwaytohell,74,1
4966,hightwaytohell,10,2
19816,hilariochess,93,1
427,hilarious2022,41,1
560,hill_j,110,1
562,hill_j,93,2
539,hill_j,92,3
553,hill_j,86,4
566,hill_j,65,5
568,hill_j,64,6
530,hill_j,62,7
556,hill_j,61,8
564,hill_j,60,9
543,hill_j,58,10
567,hill_j,56,11
547,hill_j,52,12
532,hill_j,51,13
544,hill_j,51,13
551,hill_j,51,13
535,hill_j,34,16
534,hill_j,27,17
554,hill_j,27,17
540,hill_j,26,19
550,hill_j,19,20
559,hill_j,16,21
529,hill_j,15,22
12035,himlerdave,35,1
1050,hindenburg9192,22,1
10050,hishamtheman,55,1
10055,hishamtheman,48,2
10045,hishamtheman,31,3
10048,hishamtheman,22,4
10052,hishamtheman,9,5
16827,hisokagaara,65,1
2230,hisokaxhunter,68,1
2232,hisokaxhunter,48,2
9671,hkamshad,42,1
7675,hldden,23,1
45,hmbrgr,41,1
3943,hmos,137,1
11631,hmoumen,33,1
14986,hnb,91,1
10621,hnlute,75,1
90,hoanghieudro2,34,1
8890,hoban,76,1
8249,hobanjaystellers,79,1
7457,hockeytv,42,1
7454,hockeytv,32,2
7455,hockeytv,6,3
16038,hogen,16,1
18454,hola_yehmi,101,1
18709,holger1111,83,1
8471,holish,54,1
10130,holish,52,2
10914,holycow,66,1
6221,holyhandgrenade,35,1
3859,holylowy,17,1
17801,holyship,112,1
17803,holyship,69,2
7574,holyvice,77,1
18552,homedeblau,84,1
2009,homesteadpost,14,1
13568,homyak13,127,1
5846,hondahiroyasu,21,1
13116,hongoroo,36,1
3749,honza7,59,1
3741,honza7,51,2
3747,honza7,35,3
3745,honza7,31,4
3750,honza7,25,5
3742,honza7,21,6
8626,hoom,30,1
13808,hooponopono,24,1
9095,hooverphonic,79,1
17152,hopeful74bb,47,1
106,hopefullman15,70,1
16247,hopewins,68,1
16248,hopewins,30,2
16706,horizon79,43,1
19008,horse4203,66,1
1475,horse4203,23,2
2081,horsesonfire,49,1
14746,horst36,41,1
15792,hosein1326,55,1
1116,hosein76,43,1
6370,hosein_rabiee_g,99,1
17955,hosoma,29,1
7121,hossein1349,53,1
4133,hossein2611,33,1
17040,hossein4057,39,1
6841,hossein90,131,1
7838,houdini1ply,43,1
18115,houdini1ply,43,1
14340,houloux,18,1
6687,houseof,9,1
14170,howchessyt,71,1
14174,howchessyt,58,2
14181,howchessyt,55,3
14171,howchessyt,50,4
14187,howchessyt,50,4
14175,howchessyt,37,6
14177,howchessyt,32,7
14179,howchessyt,22,8
14184,howchessyt,14,9
14186,howchessyt,13,10
15747,howdoichess96,147,1
15734,howdoichess96,119,2
15746,howdoichess96,101,3
15737,howdoichess96,84,4
15723,howdoichess96,68,5
15718,howdoichess96,62,6
15728,howdoichess96,61,7
15720,howdoichess96,54,8
15745,howdoichess96,54,8
15730,howdoichess96,45,10
15743,howdoichess96,45,10
15721,howdoichess96,38,12
15733,howdoichess96,37,13
15740,howdoichess96,25,14
15724,howdoichess96,21,15
15742,howdoichess96,3,16
10414,howichok,83,1
10415,howichok,73,2
10109,howichok,61,3
10043,howichok,29,4
17111,howichok,19,5
10062,howichok,4,6
1250,howief,37,1
9248,hozianin,103,1
15534,hp1234,93,1
4731,hpteste,71,1
17026,hritic333,51,1
14311,hrosik7,127,1
8783,hrosik7,65,2
1361,hrynio92,77,1
16968,hshahsavan,63,1
2871,hshahsavan,10,2
19424,hsun2900,60,1
1772,huallpa12345,67,1
7947,hugobrito,30,1
17732,hugocornellier,54,1
6802,hugodrx,5,1
10973,hugolaruta,151,1
15544,hugolin,58,1
17112,hugolin,47,2
4203,hugues2908,73,1
4202,hugues2908,35,2
4201,hugues2908,12,3
4205,hugues2908,11,4
8348,hulk12345,15,1
7170,hulka,72,1
181,humb,158,1
15451,humb,114,2
3325,hunbee,74,1
7210,hungcuong,85,1
7207,hungcuong,30,2
19646,hunnyman,109,1
17880,hunteriya,82,1
10509,huntermind,64,1
11218,huntermind,64,1
4842,hunterwolf,70,1
9621,hurameshi,90,1
10636,hurican,2,1
3040,hus1972,124,1
3038,hus1972,106,2
3042,hus1972,88,3
3014,hus1972,79,4
3018,hus1972,71,5
3032,hus1972,65,6
3036,hus1972,59,7
3015,hus1972,52,8
3023,hus1972,51,9
3020,hus1972,37,10
3033,hus1972,37,10
3021,hus1972,28,12
3045,hus1972,28,12
3034,hus1972,27,14
3029,hus1972,21,15
3027,hus1972,19,16
3035,hus1972,9,17
7040,husamfarraj,53,1
11369,huskygaze3,121,1
13460,huskygaze3,121,1
16140,husref,74,1
8500,husref,29,2
4512,hussamref,55,1
3806,hussein1999,45,1
14996,huttetu,32,1
5889,hvcgm,108,1
10202,hyouka,30,1
12057,hypnowar,53,1
15034,i9_4_2001,97,1
20018,i9_4_2001,97,1
10411,i_am_mariam,66,1
10404,i_am_mariam,52,2
10407,i_am_mariam,51,3
10409,i_am_mariam,29,4
10410,i_am_mariam,27,5
12272,i_am_sancho,44,1
6908,i_charge_by_foot,103,1
7949,i_mostly_play_drunk,24,1
18787,i_play_chess,37,1
18786,i_play_chess,8,2
4719,i_see_u,42,1
6751,i_vr,42,1
11503,iamaliveandbored,85,1
19251,iamaliveandbored,85,1
12058,iamaliveandbored,73,3
11506,iamaliveandbored,61,4
19254,iamaliveandbored,61,4
11492,iamaliveandbored,57,6
19240,iamaliveandbored,57,6
11507,iamaliveandbored,47,8
19255,iamaliveandbored,47,8
11495,iamaliveandbored,31,10
19243,iamaliveandbored,31,10
11508,iamaliveandbored,27,12
19256,iamaliveandbored,27,12
11494,iamaliveandbored,23,14
19242,iamaliveandbored,23,14
11499,iamaliveandbored,16,16
19247,iamaliveandbored,16,16
11500,iamaliveandbored,14,18
19248,iamaliveandbored,14,18
11497,iamaliveandbored,6,20
19245,iamaliveandbored,6,20
5604,iamgods,78,1
16446,iamheisenberg,88,1
5447,iamiamiam,108,1
2311,iamnoobsince97,6,1
19586,ian_ch,40,1
12787,ianremsen,103,1
12779,ianremsen,101,2
12800,ianremsen,81,3
12784,ianremsen,59,4
12781,ianremsen,52,5
12796,ianremsen,52,5
12798,ianremsen,48,7
18577,ianremsen,48,7
12801,ianremsen,34,9
12790,ianremsen,33,10
12795,ianremsen,32,11
12794,ianremsen,22,12
12792,ianremsen,17,13
12783,ianremsen,11,14
18850,ibonaparte,33,1
669,ibonuribeetxebarria,39,1
12731,ibrahim28,62,1
11846,ibraimo,28,1
11880,ibyami,13,1
4364,ic1moveahead,49,1
7724,icampeon,41,1
7080,icecreamdealer,124,1
7104,icecreamdealer,80,2
7086,icecreamdealer,73,3
7111,icecreamdealer,73,3
7079,icecreamdealer,67,5
7076,icecreamdealer,60,6
7090,icecreamdealer,59,7
7096,icecreamdealer,59,7
7089,icecreamdealer,57,9
7108,icecreamdealer,55,10
7097,icecreamdealer,54,11
6409,icecreamdealer,52,12
7102,icecreamdealer,51,13
7082,icecreamdealer,43,14
7106,icecreamdealer,41,15
7113,icecreamdealer,23,16
7088,icecreamdealer,21,17
7093,icecreamdealer,17,18
7100,icecreamdealer,15,19
7091,icecreamdealer,11,20
10112,iceking123,39,1
10113,iceking123,14,2
6222,icelandicponzi,75,1
6223,icelandicponzi,71,2
2156,iceonboard,39,1
3785,iceprincess,41,1
15326,icewolf4,86,1
15316,icewolf4,55,2
15322,icewolf4,54,3
15324,icewolf4,44,4
15318,icewolf4,40,5
15321,icewolf4,30,6
15315,icewolf4,21,7
2526,id_zero,69,1
10203,idetestchess,43,1
8058,idetestchess,36,2
17739,idontalreadyexist,139,1
4379,idrante,21,1
7659,iechoic,104,1
7661,iechoic,85,2
7660,iechoic,73,3
8599,ifalioncouldtalk,42,1
15526,ifekali,76,1
18770,ifekali,31,2
1936,ifonlyicantouchastar,10,1
9280,ifroz,76,1
10038,iggy,83,1
14466,iggy32,52,1
15083,iglookid,51,1
18873,iglookid,34,2
6574,ignut,32,1
7357,igor051158,55,1
14341,igor5z,29,1
18172,igor76,72,1
7634,igor9755,94,1
9709,igor_araus,85,1
15994,igor_dobrokhotov,160,1
3377,igorcru4inin,97,1
17097,igorekij5,47,1
13618,igoreko,66,1
10216,igoro2014,30,1
7932,igorqs,84,1
11646,igorzz,88,1
13986,ihar,27,1
13935,ihatepasswords,50,1
1843,ihsan2424,79,1
3144,ihsan2424,49,2
13307,ihsan71,61,1
7077,iigames,40,1
7078,iigames,36,2
15056,iiigreg,134,1
4654,iisabel,24,1
13186,ijacob,114,1
17136,ijnscbiag,51,1
9931,ika60,56,1
17984,ikalay,74,1
9945,ikar25,31,1
8753,ikenoob,32,1
7530,iklit,4,1
9930,ikop,61,1
16876,ikrenko,80,1
6872,ikshoz3,47,1
18618,ikshoz3,47,1
15091,ildarsad,138,1
2709,ile_de_la_reunion,34,1
8247,ilex,64,1
8916,ilham_95,59,1
13614,ilias2,116,1
13620,ilias2,109,2
13615,ilias2,67,3
19550,ilija2005,79,1
9060,ilija777,45,1
15682,ilija777,41,2
12564,ilin_aleksandr,45,1
12770,ilion,93,1
12610,ilkee,55,1
784,ilkerk,107,1
12219,ilkerk,107,1
744,illamola,26,1
12198,illcheckyoumate,31,1
3240,ilnazgil,109,1
7729,ilop,41,1
18980,ilya2002,73,1
15815,ilya736366,77,1
8228,ilya_art,81,1
17271,ilyadjscjd,56,1
17281,ilyadjscjd,32,2
12133,ilyasaytar,32,1
15476,imadogarfarf,129,1
12803,imafatbox,88,1
6759,imandrastoth,27,1
2194,imanovice,109,1
6307,imansoltani40,38,1
7428,imcfarland93,59,1
716,imlimbad,122,1
12204,imlimbad,122,1
17012,imlimbad,102,3
19742,imlizardking,14,1
6649,immanu-el,58,1
15889,immobilizer,117,1
12602,imparoc,37,1
9120,impi,39,1
9353,improbablyhigh,99,1
9335,improbablyhigh,94,2
9342,improbablyhigh,88,3
9334,improbablyhigh,74,4
9351,improbablyhigh,66,5
9352,improbablyhigh,66,5
9347,improbablyhigh,57,7
9355,improbablyhigh,54,8
9333,improbablyhigh,50,9
9356,improbablyhigh,49,10
9354,improbablyhigh,35,11
9344,improbablyhigh,29,12
9345,improbablyhigh,29,12
9341,improbablyhigh,23,14
7344,improvingmyskill,64,1
8976,imrobotxx,57,1
1315,in3movez,93,1
8602,inanimatecarbonrod,60,1
14609,incompetentf,128,1
14616,incompetentf,119,2
14611,incompetentf,110,3
14618,incompetentf,60,4
14613,incompetentf,53,5
14619,incompetentf,36,6
14614,incompetentf,25,7
18925,indic,43,1
9122,indignantary,64,1
9126,indignantary,21,2
9124,indignantary,13,3
5862,indo1000,54,1
17977,indomable513,135,1
2287,indro4378,77,1
12697,indro4378,58,2
514,ineedaname,103,1
4047,ineedhacks,91,1
4046,ineedhacks,73,2
4044,ineedhacks,65,3
4049,ineedhacks,64,4
4033,ineedhacks,13,5
9413,ingvarrb,26,1
9496,iniciante07,46,1
13855,init9,106,1
13857,init9,12,2
18859,inka-since-1990,35,1
4976,inkognito001,36,1
18765,inlands,85,1
15113,inmal,124,1
14325,inmea5urab1e,81,1
10763,innabalin,55,1
8054,innout,96,1
8664,inspecteur_snail,96,1
9954,instant_nirvana,112,1
3549,instriker,171,1
3550,instriker,65,2
3546,instriker,60,3
11908,intelligentwisdom,83,1
3579,intimak,83,1
1031,intrepido,69,1
1029,intrepido,63,2
1032,intrepido,31,3
1033,intrepido,15,4
10179,inuit_nunaat,32,1
15352,invinciblegooner,70,1
842,invitado79,44,1
12319,invitado79,44,1
7342,invor,81,1
17587,ioan12behr34,30,1
15062,ioanasg,58,1
3867,ioansanders,88,1
3870,ioansanders,2,2
3791,ion1943,44,1
18370,ionan,28,1
12434,ioniolep,29,1
7700,ionlygetbuckets,100,1
8308,iordor,52,1
10529,iosif22,49,1
11238,iosif22,49,1
6680,ipetrov123456,64,1
6679,ipetrov123456,38,2
3573,ipodvez2015,71,1
4395,ipotekamd,34,1
5909,ipreferpi,37,1
14533,iqcao1026,109,1
13673,irakli-georgie,92,1
19004,irakli-georgie,76,2
13694,iraqlion,80,1
1727,irene1233,71,1
17814,irenecm_96,88,1
9314,iriquois,24,1
18756,irishman012,142,1
18738,irishman012,123,2
18740,irishman012,99,3
18758,irishman012,97,4
18778,irishman012,92,5
18736,irishman012,65,6
18759,irishman012,61,7
18768,irishman012,60,8
18753,irishman012,57,9
18744,irishman012,56,10
18776,irishman012,54,11
18751,irishman012,53,12
18766,irishman012,53,12
18774,irishman012,53,12
18767,irishman012,51,15
18754,irishman012,50,16
18780,irishman012,41,17
18746,irishman012,40,18
18741,irishman012,36,19
18772,irishman012,35,20
18762,irishman012,32,21
18779,irishman012,26,22
18771,irishman012,15,23
18764,irishman012,12,24
4743,irishockey,85,1
4746,irishockey,47,2
4741,irishockey,35,3
4742,irishockey,29,4
4744,irishockey,26,5
4745,irishockey,24,6
4739,irishockey,2,7
5474,irispseudonym,106,1
5471,irispseudonym,94,2
5481,irispseudonym,56,3
5476,irispseudonym,48,4
5472,irispseudonym,22,5
1775,irlandarush,52,1
19692,iron-71,92,1
13682,iron-man,60,1
347,ironboy,40,1
8302,ironmaiden53,75,1
4372,iruivo,27,1
14110,irzveksij556,35,1
4509,isaac1111,35,1
4507,isaac1111,21,2
13616,isaac238,35,1
15905,isaac238,12,2
10323,isaachanson,60,1
177,isachess,144,1
159,isachess,125,2
183,isachess,117,3
187,isachess,110,4
182,isachess,107,5
172,isachess,80,6
160,isachess,76,7
179,isachess,69,8
190,isachess,69,8
157,isachess,65,10
161,isachess,65,10
167,isachess,63,12
163,isachess,59,13
169,isachess,58,14
176,isachess,50,15
173,isachess,44,16
184,isachess,44,16
170,isachess,34,18
188,isachess,30,19
8206,isachunteater,69,1
12147,isahajizadeh123,39,1
3,ischia,61,1
5630,ishmeishme,14,1
10191,ishogai,53,1
17048,isidore,30,1
19744,isidorotegi,30,1
13298,isidre80,112,1
2074,isik645,47,1
7136,iskendermyucel,42,1
61,iskendermyucel,37,2
2084,islam01,151,1
2103,islam01,127,2
2068,islam01,113,3
2083,islam01,110,4
2080,islam01,107,5
2077,islam01,104,6
2063,islam01,100,7
2082,islam01,100,7
2107,islam01,96,9
2076,islam01,89,10
2088,islam01,85,11
2073,islam01,84,12
2097,islam01,84,12
2071,islam01,75,14
2095,islam01,72,15
2062,islam01,68,16
2104,islam01,68,16
2105,islam01,68,16
2070,islam01,66,19
2086,islam01,59,20
2102,islam01,57,21
2106,islam01,56,22
2078,islam01,51,23
2069,islam01,46,24
2079,islam01,44,25
2090,islam01,44,25
2098,islam01,36,27
2094,islam01,34,28
2085,islam01,30,29
2100,islam01,27,30
2065,islam01,21,31
13175,islamtambiev,54,1
4638,ismaelsilva,56,1
1277,ismaelsilva,17,2
16180,ismail141977,73,1
9697,ismet54,84,1
6206,isoabey,27,1
3981,isp,20,1
9119,ispavlo,51,1
9117,ispavlo,49,2
7598,issammaroc,60,1
14497,issamssh,96,1
15126,issamssh,51,2
8399,isuckatchess91,80,1
12263,isuckatchess96,51,1
5169,isuckatchess96,27,2
6256,isvok,66,1
3491,itaj4230,40,1
16358,itaj4230,40,1
5245,italiaclassica92,99,1
19547,italiano_medio,84,1
216,italiantranslator,28,1
11443,italiantranslator,28,1
13770,italiantranslator,28,1
19091,italiantranslator,28,1
3041,itams,60,1
5338,itchychess,23,1
13190,itsmagic,109,1
17897,itsmagic,101,2
6986,itsmagic,58,3
18949,itzal,27,1
7618,iugoh,18,1
1549,iv11,113,1
9254,ivan14,79,1
10161,ivan250556,48,1
5682,ivan38,87,1
4136,ivan86,89,1
12663,ivan_2009,41,1
14540,ivan_2009,41,1
1594,ivan_franko,71,1
13168,ivan_franko,71,1
14786,ivan_franko,71,1
19909,ivan_franko,60,4
16618,ivanasen,47,1
6929,ivanbus,112,1
6922,ivanbus,104,2
6936,ivanbus,100,3
6935,ivanbus,83,4
6954,ivanbus,80,5
6927,ivanbus,77,6
6934,ivanbus,76,7
6925,ivanbus,66,8
6961,ivanbus,66,8
6950,ivanbus,61,10
6944,ivanbus,57,11
6923,ivanbus,56,12
6953,ivanbus,56,12
6955,ivanbus,54,14
6956,ivanbus,54,14
6945,ivanbus,50,16
6952,ivanbus,50,16
6943,ivanbus,48,18
6933,ivanbus,46,19
6942,ivanbus,46,19
6946,ivanbus,46,19
6937,ivanbus,45,22
6948,ivanbus,45,22
6959,ivanbus,45,22
6958,ivanbus,39,25
6951,ivanbus,38,26
6932,ivanbus,37,27
6928,ivanbus,36,28
6931,ivanbus,32,29
6924,ivanbus,31,30
6960,ivanbus,25,31
6939,ivanbus,24,32
6949,ivanbus,16,33
6926,ivanbus,15,34
6947,ivanbus,11,35
6957,ivanbus,9,36
13963,ivangrishov,59,1
13126,ivanhoe123,62,1
2529,ivankryo,35,1
15002,ivanov32,26,1
1647,ivanpgf,40,1
5376,ivarcode,61,1
12903,ivas_kirkorov,113,1
8596,ivicat74,42,1
8275,ivko73,65,1
13108,ivleshy,12,1
10359,ivm1968,15,1
17500,ivokarlovic,22,1
4208,iwikipedia,81,1
8184,iya33,126,1
7877,iyuz_purwati,88,1
7008,izafiyet35,90,1
4158,izaulima,47,1
4160,izaulima,31,2
2814,izelude,28,1
13269,izi08,52,1
13267,izi08,45,2
13268,izi08,6,3
13270,izi08,3,4
9872,izidor,50,1
2510,izulns,26,1
11036,izzko,41,1
1206,izzlanfarischess,99,1
1203,izzlanfarischess,67,2
1202,izzlanfarischess,63,3
1210,izzlanfarischess,59,4
1208,izzlanfarischess,9,5
11196,izztupido,85,1
14194,izztupido,33,2
16556,j23k,114,1
17729,j_karlo,84,1
936,j_karlo,37,2
283,jabar72,54,1
7677,jabekens,89,1
7687,jabekens,63,2
7674,jabekens,60,3
7678,jabekens,59,4
7689,jabekens,54,5
7692,jabekens,53,6
7680,jabekens,37,7
7686,jabekens,29,8
7683,jabekens,24,9
7676,jabekens,23,10
7684,jabekens,17,11
9114,jabka2,7,1
15710,jabsona,57,1
1847,jacekzpolna,39,1
2414,jacif,73,1
16483,jackal74,80,1
7920,jackalope,26,1
5183,jackdouxx,77,1
5185,jackdouxx,36,2
4832,jackelperro65,73,1
18207,jackfr0st,87,1
6825,jackinnet,39,1
2655,jacko_withfish,32,1
5930,jackydawg,114,1
5933,jackydawg,106,2
5908,jackydawg,85,3
5916,jackydawg,63,4
5918,jackydawg,52,5
5935,jackydawg,51,6
5913,jackydawg,45,7
5911,jackydawg,43,8
5915,jackydawg,39,9
5910,jackydawg,38,10
5921,jackydawg,25,11
5926,jackydawg,22,12
5928,jackydawg,17,13
5923,jackydawg,9,14
14484,jacmar2,48,1
19434,jacob1189,50,1
19459,jacob1991,114,1
1353,jacobopavia,9,1
8682,jacot00,52,1
7586,jacr42,44,1
11112,jaden42,60,1
168,jadesummer,107,1
7637,jafar_shidiq,55,1
10524,jafari,138,1
11233,jafari,138,1
1169,jagelka,50,1
15561,jagole,73,1
18866,jaivl,138,1
18879,jaivl,111,2
18872,jaivl,107,3
18893,jaivl,107,3
18897,jaivl,81,5
18883,jaivl,77,6
18887,jaivl,77,6
18871,jaivl,55,8
18882,jaivl,55,8
18869,jaivl,53,10
18877,jaivl,49,11
18888,jaivl,49,11
18891,jaivl,45,13
18896,jaivl,42,14
18878,jaivl,31,15
18874,jaivl,16,16
828,jak4,154,1
12305,jak4,154,1
12099,jakob2000,50,1
2825,jakubsagitario17,95,1
2812,jakubsagitario17,89,2
2807,jakubsagitario17,81,3
2805,jakubsagitario17,74,4
2820,jakubsagitario17,73,5
2799,jakubsagitario17,68,6
2800,jakubsagitario17,66,7
2798,jakubsagitario17,58,8
2802,jakubsagitario17,51,9
2827,jakubsagitario17,46,10
2833,jakubsagitario17,45,11
2809,jakubsagitario17,41,12
2830,jakubsagitario17,39,13
2823,jakubsagitario17,34,14
2815,jakubsagitario17,25,15
2824,jakubsagitario17,21,16
2817,jakubsagitario17,16,17
7269,jalrivi1952,35,1
15432,jalrivi1952,25,2
16842,jamalabadi,43,1
3711,jamazing01,138,1
20035,jamboger,100,1
20041,jamboger,87,2
20055,jamboger,82,3
20058,jamboger,78,4
20048,jamboger,73,5
20046,jamboger,70,6
20042,jamboger,58,7
20032,jamboger,50,8
20037,jamboger,43,9
20053,jamboger,37,10
20034,jamboger,36,11
20039,jamboger,36,11
20056,jamboger,35,13
20044,jamboger,11,14
20051,jamboger,9,15
17469,jameleddine,20,1
8134,james0001,89,1
6420,james225,3,1
6114,jamesj,75,1
6910,jamesrob0t123,86,1
6912,jamesrob0t123,85,2
6906,jamesrob0t123,79,3
6920,jamesrob0t123,40,4
6915,jamesrob0t123,27,5
6917,jamesrob0t123,25,6
13253,jamessubje,51,1
6591,jamiecampos,61,1
3450,jamiecampos,47,2
2252,jamila1234,122,1
11346,jamila1234,62,2
10349,jamiljjj26,82,1
4043,jan_czajkowski,46,1
14734,janaletro,77,1
5265,janan6991,46,1
3979,janfrode,37,1
19575,janh01,71,1
3061,jankhead,89,1
3849,janko111,63,1
15608,janko111,57,2
15633,janko111,34,3
156,japonxino,111,1
8354,jara_h,81,1
8352,jara_h,61,2
10196,jaracimr,88,1
16776,jaracimr,38,2
14478,jarassicjock,130,1
9520,jaraujolima,75,1
14563,jarda25,64,1
8720,jaredugan,96,1
4703,jarkon,42,1
4705,jarkon,28,2
14666,jarrydlee,108,1
14662,jarrydlee,78,2
14660,jarrydlee,48,3
14667,jarrydlee,48,3
14665,jarrydlee,46,5
14663,jarrydlee,44,6
14671,jarrydlee,15,7
16660,jasmanjack,90,1
18284,jasur1111,47,1
16700,jauis,73,1
19805,java2312,28,1
4174,javad7777,36,1
14200,javed-8168,92,1
8887,javed-8168,81,2
8889,javed-8168,37,3
16532,javi_r,130,1
16528,javi_r,122,2
20025,javi_r,118,3
16535,javi_r,110,4
16536,javi_r,96,5
16530,javi_r,91,6
16538,javi_r,81,7
18392,javichoo,32,1
13788,javid2im,56,1
166,javier_temperley,69,1
13954,javierdlt,89,1
976,javierknees,28,1
6054,javiermoyaf5,43,1
7593,javig,38,1
4563,javinator80,50,1
3078,jaxcdowns,35,1
18836,jayaram,142,1
18813,jayaram,114,2
18846,jayaram,100,3
18815,jayaram,78,4
18817,jayaram,74,5
18827,jayaram,71,6
18841,jayaram,70,7
18830,jayaram,69,8
18822,jayaram,68,9
18831,jayaram,56,10
18838,jayaram,56,10
18848,jayaram,52,12
18844,jayaram,46,13
18821,jayaram,37,14
18825,jayaram,30,15
18839,jayaram,30,15
18820,jayaram,19,17
2318,jayaranda12,120,1
4753,jayblackington,78,1
4755,jayblackington,63,2
4750,jayblackington,54,3
4751,jayblackington,43,4
14268,jaypom11,29,1
11357,jayweigall,27,1
13664,jayweigall,27,1
15323,jazzphunk,63,1
1251,jbevarts,60,1
5866,jbh7,58,1
5864,jbh7,46,2
5863,jbh7,44,3
16021,jbosch,142,1
16019,jbosch,116,2
6489,jbrzo,26,1
16824,jcasanova,40,1
3967,jcdelhermet,74,1
5944,jcdwalter,71,1
9328,jcell,30,1
2633,jckg,39,1
10804,jd19eight0,51,1
18250,jd22,89,1
110,jdalcheco,46,1
5721,jdbarger,153,1
5701,jdbarger,96,2
5707,jdbarger,87,3
5695,jdbarger,86,4
5689,jdbarger,82,5
5715,jdbarger,79,6
5690,jdbarger,70,7
5711,jdbarger,65,8
5717,jdbarger,65,8
5694,jdbarger,58,10
5703,jdbarger,55,11
5713,jdbarger,50,12
5698,jdbarger,44,13
5705,jdbarger,44,13
5679,jdbarger,41,15
5709,jdbarger,40,16
5692,jdbarger,39,17
5681,jdbarger,37,18
4407,jdimojc,137,1
4416,jdimojc,134,2
4411,jdimojc,126,3
4413,jdimojc,106,4
4421,jdimojc,76,5
4412,jdimojc,66,6
4418,jdimojc,47,7
4408,jdimojc,46,8
4422,jdimojc,43,9
19699,jdpeters,77,1
15327,jdunca18,27,1
7828,jdundore,80,1
6636,jdvober,23,1
2718,jdy,112,1
2722,jdy,92,2
2731,jdy,81,3
2710,jdy,70,4
2745,jdy,64,5
2719,jdy,61,6
2723,jdy,52,7
2725,jdy,52,7
2742,jdy,49,9
2737,jdy,44,10
2713,jdy,42,11
2734,jdy,42,11
2729,jdy,34,13
2738,jdy,30,14
2733,jdy,27,15
2715,jdy,20,16
2724,jdy,16,17
2741,jdy,16,17
2714,jdy,11,19
2728,jdy,7,20
2743,jdy,3,21
3233,jdyerjdyer,58,1
15429,jeanb,140,1
7730,jeanbe2b,56,1
16586,jeandossantos,101,1
8090,jeandossantos,74,2
19041,jeandossantos,53,3
18512,jeandossantos,47,4
18433,jeanmariebrouette,84,1
9045,jeanne1,24,1
16773,jeannot42,133,1
19027,jeansants,139,1
14435,jeansants,43,2
3718,jeb90,51,1
1908,jeddeh,70,1
10187,jedi-tal,65,1
5334,jediandre,84,1
19052,jeefer,40,1
8470,jeepatlas,60,1
18260,jeepitou,125,1
18257,jeepitou,56,2
18249,jeepitou,39,3
18243,jeepitou,37,4
18242,jeepitou,36,5
18244,jeepitou,31,6
18247,jeepitou,29,7
18254,jeepitou,15,8
7189,jef-bzh,33,1
6417,jefeciego,58,1
1152,jeff1983,40,1
14606,jeff1983,40,1
2059,jefferies123,56,1
7001,jeffersondarcy1,161,1
6995,jeffersondarcy1,104,2
7004,jeffersondarcy1,102,3
7023,jeffersondarcy1,83,4
7026,jeffersondarcy1,83,4
7016,jeffersondarcy1,82,6
7010,jeffersondarcy1,75,7
7019,jeffersondarcy1,70,8
7028,jeffersondarcy1,70,8
7000,jeffersondarcy1,68,10
7036,jeffersondarcy1,68,10
7034,jeffersondarcy1,65,12
7021,jeffersondarcy1,60,13
7015,jeffersondarcy1,56,14
6996,jeffersondarcy1,55,15
7007,jeffersondarcy1,51,16
7009,jeffersondarcy1,50,17
7014,jeffersondarcy1,50,17
7030,jeffersondarcy1,50,17
7039,jeffersondarcy1,50,17
7002,jeffersondarcy1,40,21
7029,jeffersondarcy1,36,22
7033,jeffersondarcy1,35,23
7025,jeffersondarcy1,26,24
1284,jejeh,85,1
312,jejeh,21,2
5597,jemy30,33,1
14683,jendress,82,1
13381,jendress,57,2
4597,jendress,6,3
8896,jenilopez,92,1
8801,jennywooz,90,1
10296,jepulis,93,1
10894,jeremi,33,1
19265,jeremiah_natanael,23,1
14391,jeremiasmontenegro,42,1
18796,jeremy_ga,36,1
2621,jermius,96,1
15103,jeroennh,43,1
16114,jeroennh,24,2
8152,jerohn,53,1
7761,jeronemo12345,90,1
7756,jeronemo12345,67,2
7759,jeronemo12345,53,3
7757,jeronemo12345,19,4
7762,jeronemo12345,14,5
11722,jerusseust,79,1
13559,jerusseust,79,1
13560,jerusseust,60,3
13557,jerusseust,51,4
13562,jerusseust,23,5
13558,jerusseust,1,6
13561,jerusseust,1,6
7956,jerzypa2,47,1
11470,jessicaals,2,1
14022,jessyjames59,58,1
1247,jesteroz,144,1
1219,jesteroz,100,2
1237,jesteroz,97,3
1221,jesteroz,95,4
1224,jesteroz,87,5
1226,jesteroz,75,6
1212,jesteroz,72,7
1241,jesteroz,72,7
1214,jesteroz,70,9
1230,jesteroz,64,10
1236,jesteroz,57,11
1243,jesteroz,56,12
1249,jesteroz,47,13
1242,jesteroz,34,14
1216,jesteroz,33,15
1225,jesteroz,29,16
1232,jesteroz,26,17
1239,jesteroz,23,18
1246,jesteroz,19,19
1233,jesteroz,13,20
5309,jestforfun,19,1
10377,jesuisenechec,32,1
10637,jesuisenechec,2,2
10639,jesuisenechec,2,2
840,jesusarmy8,99,1
12317,jesusarmy8,99,1
14874,jesuschristded,83,1
14260,jeswalace333,31,1
7690,jeyhun,22,1
2324,jfroysa,48,1
2326,jfroysa,25,2
3540,jfthechessmaster,138,1
1344,jfuzzell,7,1
14457,jg2017,148,1
14460,jg2017,146,2
14434,jg2017,119,3
14463,jg2017,117,4
14448,jg2017,112,5
14459,jg2017,108,6
14443,jg2017,100,7
14471,jg2017,98,8
14432,jg2017,97,9
14467,jg2017,91,10
14442,jg2017,88,11
14468,jg2017,73,12
14438,jg2017,62,13
14449,jg2017,60,14
14464,jg2017,52,15
14444,jg2017,51,16
14437,jg2017,48,17
14470,jg2017,45,18
14452,jg2017,42,19
14474,jg2017,31,20
14453,jg2017,29,21
451,jgan91,62,1
9453,jgb-lobo,59,1
8333,jgoose327,62,1
3609,jgtbfh,114,1
4620,jhcirog,53,1
6419,jhederih,17,1
13044,jhiro,41,1
14881,jhon01,123,1
9308,jhoni,34,1
18021,jhonnyy,74,1
14061,jhonsnowdead,88,1
16649,jhonthoth,129,1
16647,jhonthoth,105,2
16643,jhonthoth,75,3
11994,jhonwalter,182,1
6218,jhonysouza,69,1
764,jhoynnertello,26,1
14653,jialak,68,1
14652,jialak,33,2
14654,jialak,30,3
18192,jib65,33,1
12859,jiegar,56,1
14372,jiggeo,62,1
1640,jiggeo,32,2
2308,jim-in-texas-usa,24,1
1338,jim-in-texas-usa,17,2
6828,jimaeztro,35,1
5357,jimmysunday,29,1
14820,jimrenee,42,1
5746,jimselpixel,115,1
19941,jimsheri2016,171,1
8177,jion,124,1
15557,jitenji,19,1
15837,jiu08,64,1
8732,jizzlin,58,1
11413,jjlg3531,66,1
13740,jjlg3531,66,1
19061,jjlg3531,66,1
10588,jjlopez,54,1
11297,jjlopez,54,1
2739,jjosediego,47,1
3621,jjoyce86,113,1
6176,jjpstupice,60,1
46,jjwrchess,49,1
20050,jkubb29,43,1
12997,jl_1212,95,1
14717,jlb78,96,1
3096,jlb78,78,2
7443,jlb78,62,3
5567,jlb78,40,4
8079,jlee96,58,1
8075,jlee96,43,2
8080,jlee96,21,3
19960,jluiz,128,1
15543,jm223,65,1
6201,jm__nfl4l,95,1
9309,jmen,101,1
10742,jmen,22,2
2752,jmmc1980,25,1
11517,jmobley0429,63,1
13121,jmot36,41,1
13815,jmv23,41,1
7507,jmzeut,118,1
7505,jmzeut,61,2
7503,jmzeut,58,3
7506,jmzeut,39,4
5714,jo_jo,63,1
5823,joa22,69,1
7157,joalrumo,35,1
6356,joanb,26,1
1279,joanllobet,24,1
17789,joaodiasneto,48,1
549,joaomatz,61,1
17557,joash0519,95,1
452,jobwoge,46,1
2072,joc29,51,1
17008,joca552000,30,1
18216,joca552000,16,2
17998,jocielgamexadrez,61,1
1677,joe-brown,141,1
1672,joe-brown,132,2
1675,joe-brown,128,3
1665,joe-brown,110,4
1666,joe-brown,105,5
1658,joe-brown,96,6
1684,joe-brown,63,7
1670,joe-brown,62,8
1680,joe-brown,48,9
1664,joe-brown,46,10
1685,joe-brown,42,11
1662,joe-brown,21,12
1687,joe-brown,21,12
1674,joe-brown,20,14
1682,joe-brown,19,15
1660,joe-brown,16,16
1655,joe-brown,8,17
3843,joe65,70,1
2579,joebertsche,60,1
15359,joebertsche,60,1
7902,joebous,54,1
11724,joejohn,49,1
2886,joel49,102,1
2981,joel_collado,35,1
8116,joelitrox1234,116,1
8115,joelitrox1234,110,2
8119,joelitrox1234,100,3
8121,joelitrox1234,98,4
8122,joelitrox1234,98,4
8118,joelitrox1234,80,6
2569,joelleg,155,1
8730,joemccann,72,1
19000,joepasamayo,43,1
8644,joepasamayo,25,2
6461,joethoma,11,1
11936,jofer,10,1
17804,jofranmaster,83,1
17843,jogador515,40,1
761,jogandochess,48,1
13207,jogo17,92,1
2822,jogo2,58,1
10219,john007,156,1
10228,john007,100,2
10230,john007,37,3
10226,john007,36,4
10221,john007,26,5
11123,john2010,50,1
19637,john465,70,1
12827,johndamart,80,1
12108,johnhiggins98,122,1
19931,johnjpershing,81,1
19426,johnjpershing,62,2
9025,johnny_kensington,31,1
9032,johnny_kensington,13,2
6327,johnnybravo2,100,1
15248,johnnymachine88,51,1
852,johnsmith97,36,1
12329,johnsmith97,36,1
8816,johnv,42,1
14793,johnv,11,2
10787,jojo123456789,57,1
9503,jojo58,103,1
39,jojo58,37,2
18480,jojodpogi,55,1
1095,jokash82,161,1
10446,joker_01,20,1
18720,jokokwok,117,1
16203,jolak,35,1
12095,jolucasa,51,1
7289,jolucasa,32,2
11538,jomanuell,81,1
13816,jomanuell,62,2
17985,jomax100,113,1
17982,jomax100,96,2
17979,jomax100,67,3
1846,jome,66,1
12785,jomgul,84,1
5740,jomol,33,1
18798,jonakurt,44,1
17635,jonathacosta93,56,1
14094,jonathan81,61,1
7251,jones007,95,1
18528,jongauti,38,1
10101,jonhe,11,1
1023,jonhnyorion,89,1
1021,jonhnyorion,83,2
1026,jonhnyorion,76,3
1025,jonhnyorion,27,4
5732,joniko,27,1
415,jonikss,41,1
11913,jonimartin75,32,1
2929,jonkjenn,69,1
9523,jonkuc,36,1
9525,jonkuc,27,2
3289,jonnykabs,74,1
4391,jonnyturgi,62,1
3065,jonwlo,66,1
16229,jony77,34,1
4550,jopeshdamaster,128,1
4549,jopeshdamaster,46,2
1897,jorbas12,46,1
4614,jordan-marbun,39,1
1156,jordanc100,29,1
64,jordanfury,25,1
11738,jordilichess,59,1
13977,jore82,70,1
11725,joreveg,113,1
4351,jorge61gelp,105,1
4580,jorgelander,77,1
11322,jorgeluis08,96,1
9196,jorgeluis08,37,2
7554,jorgeperezg,63,1
10966,jose1957,48,1
17951,jose223,102,1
14473,jose63,159,1
19096,jose63,106,2
4732,jose63,94,3
4523,joseangelcr,67,1
1518,josebas94,110,1
6189,josecas777,36,1
6391,josefreitas,27,1
19368,joseisidro,84,1
365,joselito-carnaval,40,1
5882,josemaria54,113,1
19363,joseneto95,110,1
878,joseph95,33,1
2917,josephelbouhessaini,50,1
15654,josephelbouhessaini,50,1
2923,josephelbouhessaini,46,3
15660,josephelbouhessaini,46,3
2922,josephelbouhessaini,18,5
15659,josephelbouhessaini,18,5
19290,josephgobbels,72,1
7123,josephl2084,106,1
19619,joserec,147,1
6774,joseto,72,1
15125,josevilar,71,1
17172,josevilar,61,2
15122,josevilar,39,3
17403,josevilar,27,4
19799,josevilar,21,5
9728,joshchess,23,1
13907,joshua_rothbaum,70,1
18383,josicgoran,90,1
5419,josip111,36,1
18323,josip111,36,1
16175,jossue,57,1
6328,josueambriz,56,1
2501,jota2016,42,1
1052,jotao,27,1
2563,joto4,60,1
2032,joueetnuit,15,1
11334,joueur2104,124,1
13605,joueur2104,124,1
14867,jouquis,121,1
4293,journey_to_nm,17,1
3999,jovan_kingofkings,137,1
4004,jovan_kingofkings,105,2
4009,jovan_kingofkings,84,3
4014,jovan_kingofkings,78,4
4020,jovan_kingofkings,73,5
4011,jovan_kingofkings,62,6
4008,jovan_kingofkings,38,7
4002,jovan_kingofkings,35,8
4024,jovan_kingofkings,29,9
4027,jovan_kingofkings,29,9
4022,jovan_kingofkings,23,11
6317,jovaneli,75,1
9684,jovosahmat,59,1
619,joydivisions,36,1
18122,joynur,75,1
15622,joze12,85,1
6545,jp819,23,1
3769,jpadron19,13,1
7705,jpmac,111,1
6242,jpmolarin,62,1
18424,jpocholo35,123,1
19320,jpokerflat,149,1
19321,jpokerflat,96,2
19313,jpokerflat,88,3
19314,jpokerflat,81,4
19316,jpokerflat,76,5
19310,jpokerflat,73,6
19309,jpokerflat,65,7
19317,jpokerflat,65,7
19315,jpokerflat,62,9
19306,jpokerflat,56,10
19318,jpokerflat,52,11
19323,jpokerflat,48,12
17308,jposthuma,63,1
2982,jprata,31,1
3642,jps80,22,1
18797,jpsymilnovecientos,42,1
17719,jpversiani,73,1
10859,jquadrant,22,1
18375,jr84,19,1
10107,jrandmaster,74,1
10095,jrandmaster,52,2
10098,jrandmaster,46,3
10099,jrandmaster,30,4
10103,jrandmaster,28,5
10106,jrandmaster,17,6
10097,jrandmaster,11,7
7968,jrbr,66,1
2953,jrcasady,32,1
19566,jrock98,28,1
7042,jrodneystar,76,1
7044,jrodneystar,35,2
19362,jrsc,82,1
6406,jrui,54,1
11185,jsifrask,103,1
5531,jsifrask,50,2
6997,jspi,69,1
11923,jsviana,116,1
14271,jtfegadel,63,1
3564,jtg2016,48,1
19730,jtsae,108,1
12989,jtsae,81,2
1678,juan_du,30,1
10605,juan_ubago,47,1
16410,juanandete,46,1
16415,juanandete,28,2
16412,juanandete,14,3
1824,juanantonio7712,29,1
18103,juanarmando,29,1
11088,juanca_22,70,1
2004,juandavidcol,54,1
16853,juangaston,54,1
10268,juanin,57,1
10390,juanin,47,2
1766,juanma1684,57,1
17319,juanma206,109,1
17310,juanma206,99,2
17320,juanma206,84,3
17337,juanma206,80,4
17328,juanma206,74,5
17325,juanma206,60,6
17330,juanma206,52,7
17339,juanma206,51,8
17327,juanma206,49,9
17322,juanma206,48,10
17326,juanma206,48,10
17335,juanma206,43,12
17311,juanma206,42,13
17305,juanma206,38,14
17307,juanma206,38,14
17314,juanma206,38,14
17334,juanma206,38,14
17313,juanma206,33,18
17301,juanma206,18,19
17303,juanma206,9,20
16491,juanme,60,1
9581,juanpa07,41,1
9272,juanreyes,16,1
17542,juansnow,98,1
17544,juansnow,94,2
6220,juansnow,89,3
17532,juansnow,84,4
19925,juansnow,77,5
17548,juansnow,58,6
17539,juansnow,56,7
17553,juansnow,52,8
17545,juansnow,49,9
17536,juansnow,42,10
17550,juansnow,39,11
17547,juansnow,36,12
17534,juansnow,25,13
17541,juansnow,23,14
20021,juapeq,45,1
630,juddah,51,1
12000,juddah,51,1
16111,judoman,118,1
8853,jugador0x,52,1
5006,juicyknight,43,1
7233,juiz_moro,96,1
13432,jul-ana,117,1
13431,jul-ana,97,2
13435,jul-ana,70,3
13433,jul-ana,32,4
10783,julaye3,17,1
10002,julia_tatar,44,1
19109,julian01,2,1
11115,julianchoper,44,1
4240,julianny10,104,1
10067,julieana,28,1
10061,julieana,10,2
4708,julien31470,35,1
3653,julien63000,69,1
2924,julien63000,23,2
15661,julien63000,23,2
2848,juliiiiien,66,1
14126,julionasc,37,1
14185,julioparra,13,1
14183,julioparra,2,2
10855,julito,19,1
19287,junchomanuel,65,1
1393,juncinmestrella,154,1
1386,juncinmestrella,110,2
1389,juncinmestrella,86,3
1412,juncinmestrella,79,4
1408,juncinmestrella,78,5
1380,juncinmestrella,76,6
1383,juncinmestrella,76,6
1400,juncinmestrella,75,8
1398,juncinmestrella,71,9
1385,juncinmestrella,67,10
1418,juncinmestrella,60,11
1407,juncinmestrella,56,12
1372,juncinmestrella,54,13
1381,juncinmestrella,50,14
1413,juncinmestrella,49,15
1390,juncinmestrella,47,16
162,juncinmestrella,41,17
1416,juncinmestrella,41,17
1373,juncinmestrella,40,19
1376,juncinmestrella,38,20
1403,juncinmestrella,34,21
1410,juncinmestrella,27,22
1396,juncinmestrella,26,23
1402,juncinmestrella,23,24
1374,juncinmestrella,18,25
11153,junga,37,1
13248,jungleland,89,1
15042,jungleland,89,1
8387,junmarie,50,1
8395,junmarie,28,2
13836,junpanjaitan,15,1
2735,juozaskaz,49,1
18976,jupp3,62,1
17338,juranune,94,1
12901,jurgisj,84,1
8554,jusrule,81,1
12159,just4you,85,1
1584,just_basics,61,1
13158,just_basics,61,1
14776,just_basics,61,1
8858,justanotherguy321,94,1
8871,justanotherguy321,94,1
8873,justanotherguy321,93,3
8861,justanotherguy321,77,4
8875,justanotherguy321,77,4
8865,justanotherguy321,76,6
8866,justanotherguy321,52,7
8860,justanotherguy321,51,8
8857,justanotherguy321,48,9
8870,justanotherguy321,33,10
2826,justasfast,73,1
16443,justdoneit89,39,1
19770,justello99,52,1
16563,justice72,34,1
13010,justicebot,20,1
6042,justindong,42,1
6036,justindong,30,2
6038,justindong,28,3
6037,justindong,26,4
16886,justinlew99,110,1
16885,justinlew99,71,2
16881,justinlew99,60,3
16888,justinlew99,20,4
1003,justinothe0ne,75,1
10640,justjack,2,1
5672,justlikemusic,122,1
5664,justlikemusic,85,2
5666,justlikemusic,81,3
5671,justlikemusic,78,4
5667,justlikemusic,48,5
5662,justlikemusic,26,6
17769,justlin,44,1
401,jutton1,121,1
402,jutton1,53,2
405,jutton1,53,2
6209,juvenatium,83,1
6729,jvc91994,69,1
18196,jvd1khaz,51,1
5762,jvr3080,61,1
4771,jyarbrough27,44,1
1661,jygyjyg,13,1
8248,jyotirmoy1997,47,1
8243,jyotirmoy1997,41,2
8245,jyotirmoy1997,35,3
8238,jyotirmoy1997,25,4
1734,jzcarr55,100,1
1736,jzcarr55,98,2
2008,jzfloyd,13,1
11082,k1a2r3t4a5l6,48,1
9349,k1a2r3t4a5l6,24,2
12141,k4b3zon,60,1
9322,k777ht,69,1
17065,k777ht,40,2
10270,k987654,57,1
6516,ka0017,58,1
19111,ka0017,2,2
2253,kaaaaakakaka,208,1
20036,kaashish27,59,1
5957,kabayan,62,1
7844,kabeljaukrieger,8,1
5342,kabyle1983,32,1
2052,kabylgali,59,1
1444,kachess10204542,59,1
1795,kachess10204542,59,1
15010,kachess10204542,59,1
1443,kachess10204542,53,4
12527,kadijani,101,1
2777,kaeser49,83,1
8663,kaiju91,19,1
13047,kailashraj,71,1
1182,kaind,40,1
8947,kairata,40,1
2125,kaisen101,117,1
1784,kakaiza,122,1
8433,kakas,63,1
3266,kakhoofd,58,1
3260,kakhoofd,28,2
3263,kakhoofd,26,3
3265,kakhoofd,10,4
12521,kaksefc,147,1
12499,kaksefc,130,2
12507,kaksefc,116,3
12511,kaksefc,109,4
12515,kaksefc,103,5
12514,kaksefc,101,6
12496,kaksefc,99,7
12510,kaksefc,87,8
12516,kaksefc,53,9
12497,kaksefc,39,10
12505,kaksefc,36,11
12509,kaksefc,32,12
12502,kaksefc,30,13
14682,kalemero01,17,1
17776,kaleptor,159,1
1447,kaliayev,88,1
12635,kaliayev,52,2
4945,kaliayev,30,3
17432,kalina1976,79,1
11085,kall-max,22,1
16797,kalliope,64,1
6240,kalm-96,70,1
15379,kaloev,51,1
5607,kaloseidoscopeo,36,1
19995,kam49,118,1
18006,kam49,57,2
18725,kamalaldin,145,1
3060,kamaleon2016,93,1
5797,kamer1905,60,1
10466,kamikazo,73,1
1404,kamil2009,78,1
16562,kamil2009,69,2
10011,kamilahhuds,69,1
10009,kamilahhuds,59,2
10007,kamilahhuds,56,3
10006,kamilahhuds,51,4
10016,kamilahhuds,41,5
10010,kamilahhuds,30,6
10014,kamilahhuds,27,7
10005,kamilahhuds,7,8
7685,kamol58,66,1
11842,kamyar77,126,1
8437,kana8823,38,1
1558,kanakiou,49,1
14831,kanakiou,49,1
11704,kanchanfromindia,38,1
19327,kanchanfromindia,38,1
7588,kancut,37,1
14886,kang-heri,45,1
14888,kang-heri,45,1
3488,kangaroodefense,56,1
16355,kangaroodefense,56,1
2642,kani501,76,1
16571,kanini250,27,1
1229,kann2014,73,1
6332,kantcantkent,51,1
11410,kaoruko,30,1
13737,kaoruko,30,1
19058,kaoruko,30,1
12963,kapablanka1980,115,1
5997,kara0016,106,1
17859,karabas,62,1
15000,karabas5,180,1
4933,karana,46,1
1520,karasuki,39,1
3081,karatel44,75,1
4642,karchess1516,55,1
9431,kardan_adam,73,1
1185,kardoph,98,1
2108,kardoph,97,2
1016,kardsalan,129,1
1015,kardsalan,102,2
1018,kardsalan,39,3
1017,kardsalan,25,4
3668,karelmmm,111,1
14393,karelust,43,1
18380,karenesteves2,80,1
18382,karenesteves2,70,2
18686,kareon,28,1
563,karfedericol,105,1
3551,karibbean972,114,1
9546,karim85,86,1
8038,karimfrommorocco,43,1
5951,karl64,53,1
11554,karlaugust,63,1
13859,karlaugust,63,1
12690,karmaboanil,96,1
1415,karmaboanil,56,2
14728,karmaboanil,55,3
1114,karmaboanil,38,4
12517,karoku,88,1
14182,karong,25,1
13874,karp_futbolour_14,26,1
13424,karpich2411,64,1
11316,karpovsian,41,1
6576,karsh,93,1
6553,karsh,67,2
6567,karsh,55,3
6578,karsh,52,4
6569,karsh,44,5
6559,karsh,39,6
6552,karsh,34,7
6561,karsh,31,8
6555,karsh,27,9
6556,karsh,27,9
6572,karsh,21,11
6565,karsh,13,12
10064,kartronov,3,1
2363,kas55,112,1
14084,kas55,61,2
10356,kasa,64,1
10037,kasa,37,2
13878,kashmirfunk,44,1
7712,kashor,112,1
13009,kashor,19,2
7713,kashor,12,3
10243,kasikelatino,145,1
15644,kasimka,19,1
7794,kasiv,75,1
18968,kaskar1975,29,1
19355,kasparock0967,38,1
10887,kasparov3000,54,1
10888,kasparov3000,38,2
4236,kasparovd0311,96,1
4242,kasparovd0311,75,2
4272,kasparovd0311,75,2
4241,kasparovd0311,54,4
4233,kasparovd0311,30,5
4232,kasparovd0311,21,6
4231,kasparovd0311,16,7
18175,kasparovkapvara,32,1
16718,kasparovstudent2851,28,1
9337,kaspolsen2000,34,1
9338,kaspolsen2000,9,2
6551,kasrah,84,1
6990,kasrraiix,69,1
10338,kaster-2002,3,1
5536,kastighos,104,1
13017,kastorcito,120,1
12462,kastorcito,91,2
19051,kastorcito,61,3
12464,kastorcito,59,4
12465,kastorcito,58,5
6040,kastorcito,45,6
6039,kastorcito,27,7
1883,kasy87,38,1
4143,katerina1965,103,1
6177,katusha666,23,1
13643,kauaberdi,42,1
1188,kaushik007,132,1
1191,kaushik007,75,2
1195,kaushik007,69,3
1193,kaushik007,59,4
1189,kaushik007,48,5
1183,kaushik007,9,6
15218,kaushik0303,26,1
14475,kaushik2389,61,1
5284,kavier1224,54,1
18270,kavurur,86,1
12884,kavyabhavana,55,1
8459,kaw1889,26,1
10143,kawhomp,65,1
19554,kayeye,55,1
1526,kayhan34,86,1
7843,kaykay123,59,1
18000,kaykay123,59,1
7095,kayseefar,90,1
9790,kayvan0098,92,1
9792,kayvan0098,74,2
9794,kayvan0098,39,3
17373,kazakhgm,60,1
12885,kazamaza,73,1
19810,kazamaza,73,1
767,kazan2502,86,1
15968,kazan_master,53,1
3686,kazikkizak,89,1
15439,kazikkizak,40,2
3258,kaztiel,35,1
2663,kbashi,52,1
15761,kc101,72,1
16607,kcsurv,86,1
9274,ke3vin,23,1
11919,kedziorkowa,39,1
11918,kedziorkowa,17,2
14921,keenthinker,46,1
9230,keeperpine,1,1
16085,kei0075,2,1
2127,kejslazaj,38,1
3104,kekekeme,88,1
1570,kekscrafter,91,1
9038,kelja,117,1
3527,kells,135,1
5874,kellyclarkson,102,1
5872,kellyclarkson,80,2
5867,kellyclarkson,77,3
5870,kellyclarkson,72,4
5883,kellyclarkson,66,5
5886,kellyclarkson,64,6
5888,kellyclarkson,64,6
5879,kellyclarkson,54,8
5877,kellyclarkson,46,9
5881,kellyclarkson,44,10
5875,kellyclarkson,24,11
5885,kellyclarkson,2,12
16620,kelvinator1000,54,1
19033,kemaluslu,52,1
17821,kemamd,49,1
17526,kemchik,9,1
5204,kenanchess,95,1
16996,kendawy,54,1
18299,kennedy_mayor,43,1
9180,kentiara,27,1
8076,kentt,119,1
14745,kenyabourgeois,58,1
4438,kerboodle,120,1
4437,kerboodle,98,2
4436,kerboodle,95,3
4434,kerboodle,83,4
4430,kerboodle,71,5
4423,kerboodle,43,6
4425,kerboodle,39,7
11084,kerekeza26,84,1
1395,kerespaul,73,1
12560,kerilka,116,1
12563,kerilka,82,2
12556,kerilka,68,3
12561,kerilka,54,4
8469,kermitnirmit,67,1
6892,kernell,64,1
18638,kernell,64,1
6829,kes1212,33,1
9531,keshav_soni,107,1
18868,kevban,62,1
3090,kevchod,145,1
3049,kevchod,114,2
3056,kevchod,114,2
3087,kevchod,113,4
3066,kevchod,100,5
3094,kevchod,89,6
3085,kevchod,78,7
3068,kevchod,67,8
3082,kevchod,66,9
3072,kevchod,65,10
3076,kevchod,65,10
3047,kevchod,64,12
3084,kevchod,61,13
3059,kevchod,51,14
3074,kevchod,50,15
3080,kevchod,48,16
3050,kevchod,43,17
3062,kevchod,43,17
3064,kevchod,43,17
3079,kevchod,42,20
3055,kevchod,40,21
3088,kevchod,40,21
3092,kevchod,40,21
3054,kevchod,39,24
3070,kevchod,36,25
3051,kevchod,19,26
12549,kevin_l,46,1
7274,kevinaso123,33,1
20043,kevineclmans,53,1
7052,keyvan777,77,1
19608,kferapont,144,1
19592,kferapont,109,2
19597,kferapont,109,2
19605,kferapont,104,4
15030,kferapont,95,5
20014,kferapont,95,5
4460,kferapont,77,7
19588,kferapont,77,7
19596,kferapont,72,9
19589,kferapont,68,10
19609,kferapont,66,11
19601,kferapont,62,12
19599,kferapont,61,13
19591,kferapont,41,14
19594,kferapont,33,15
8615,kgbird,62,1
9301,khabibullin,19,1
15916,khaled1987,29,1
1706,khaled1992,80,1
5112,khaled500,27,1
7535,khaledalansary,22,1
3538,khalidm,52,1
18591,khalilk,91,1
6005,khanin29111979,70,1
12524,khapablanca,100,1
16944,khelil,222,1
16902,khelil,137,2
16908,khelil,115,3
16945,khelil,111,4
16925,khelil,105,5
16928,khelil,105,5
16903,khelil,103,7
16909,khelil,99,8
16939,khelil,99,8
16921,khelil,96,10
16910,khelil,92,11
16912,khelil,90,12
16901,khelil,86,13
16926,khelil,72,14
16936,khelil,70,15
16920,khelil,69,16
16941,khelil,67,17
16929,khelil,65,18
16934,khelil,64,19
16906,khelil,63,20
16916,khelil,60,21
16919,khelil,59,22
16940,khelil,56,23
16924,khelil,55,24
16917,khelil,54,25
16922,khelil,50,26
16911,khelil,48,27
16904,khelil,47,28
16923,khelil,44,29
16938,khelil,44,29
16907,khelil,39,31
16931,khelil,39,31
16942,khelil,39,31
16930,khelil,33,34
16943,khelil,31,35
16905,khelil,29,36
16915,khelil,29,36
16927,khelil,25,38
16937,khelil,23,39
16946,khelil,23,39
16947,khelil,19,41
17788,khemar,65,1
17792,khemar,61,2
17798,khemar,57,3
17790,khemar,55,4
17794,khemar,52,5
17791,khemar,43,6
14941,khersonsky,148,1
16609,khilchevsky1,64,1
10088,kholpilov,149,1
7062,khtabkhmal,77,1
17668,khusros,39,1
8447,khvorov,29,1
1110,kian008,35,1
16501,kian55,131,1
18666,kiasar,98,1
14499,kiba2015,54,1
12431,kicblo37,27,1
10394,kigasu0424,64,1
14011,kigy,116,1
10852,kiii,84,1
10851,kiii,51,2
10854,kiii,43,3
10848,kiii,29,4
18113,kijek,58,1
10926,kijevatov,21,1
2748,kile,41,1
18576,kilgour22,52,1
18578,kilgour22,46,2
18575,kilgour22,31,3
18579,kilgour22,21,4
14350,killdup,42,1
10324,killer81,67,1
1841,killerbromean,102,1
1845,killerbromean,75,2
1842,killerbromean,32,3
1844,killerbromean,29,4
5493,killeriowa,22,1
11404,killerkaz,25,1
4152,killerkitten,38,1
8253,killerloop,87,1
2589,killertip,17,1
15369,killertip,17,1
3188,killerveee,72,1
4726,killing_knight,48,1
7432,killjoy1234,66,1
555,killuwatts,86,1
6597,kilro,88,1
14226,kim2017,90,1
7194,kimmmmi060,85,1
7193,kimmmmi060,73,2
7186,kimmmmi060,54,3
7187,kimmmmi060,44,4
7191,kimmmmi060,40,5
7196,kimmmmi060,38,6
9733,kimr,53,1
8017,kinatos,45,1
8862,kindruk,30,1
1634,king-_-micah,18,1
14910,king-_-micah,18,1
1636,king-_-micah,12,3
14912,king-_-micah,12,3
1632,king-_-micah,7,5
14908,king-_-micah,7,5
1633,king-_-micah,4,7
14909,king-_-micah,4,7
12437,king-bullet,117,1
11601,king-bullet,63,2
3461,king5891,113,1
16328,king5891,113,1
3490,king5891,105,3
16357,king5891,105,3
3453,king5891,87,5
16320,king5891,87,5
3474,king5891,85,7
16341,king5891,85,7
3480,king5891,81,9
16347,king5891,81,9
3464,king5891,73,11
16331,king5891,73,11
3477,king5891,66,13
16344,king5891,66,13
3470,king5891,64,15
16337,king5891,64,15
3455,king5891,60,17
16322,king5891,60,17
3483,king5891,49,19
16350,king5891,49,19
3462,king5891,46,21
16329,king5891,46,21
3459,king5891,44,23
3484,king5891,44,23
16326,king5891,44,23
16351,king5891,44,23
3475,king5891,30,27
16342,king5891,30,27
3487,king5891,28,29
16354,king5891,28,29
3489,king5891,19,31
16356,king5891,19,31
3471,king5891,9,33
16338,king5891,9,33
8021,king_of_knights,60,1
15455,king_sepehr,98,1
5144,kingamith,34,1
14274,kingbus,52,1
5925,kingcaptor,76,1
17877,kingcapturer,34,1
17197,kingcfun,85,1
3655,kingcrazy99,99,1
3666,kingcrazy99,92,2
3667,kingcrazy99,90,3
3682,kingcrazy99,81,4
3659,kingcrazy99,64,5
3652,kingcrazy99,60,6
3674,kingcrazy99,56,7
3650,kingcrazy99,51,8
3670,kingcrazy99,50,9
3660,kingcrazy99,48,10
3664,kingcrazy99,46,11
3654,kingcrazy99,44,12
3661,kingcrazy99,36,13
3663,kingcrazy99,30,14
3676,kingcrazy99,30,14
3679,kingcrazy99,30,14
3685,kingcrazy99,30,14
3689,kingcrazy99,22,18
3658,kingcrazy99,12,19
3673,kingcrazy99,12,19
2794,kingdomcome50,39,1
18272,kingestee33,57,1
234,kingestee33,53,2
19210,kingestee33,53,2
14877,kingfbh,15,1
6096,kinghunterra,65,1
16284,kingjames1222,21,1
17192,kingkilleretx,83,1
11325,kingknightfirst,18,1
9719,kingofkings,40,1
13550,kingpong,179,1
585,kingpong,148,2
5048,kingrat,119,1
9510,kings77,57,1
11389,kingscrusher-youtube,113,1
13480,kingscrusher-youtube,113,1
18229,kingsforqueens,55,1
18922,kingslayer92,100,1
18918,kingslayer92,99,2
18931,kingslayer92,92,3
18936,kingslayer92,92,3
18908,kingslayer92,71,5
18912,kingslayer92,65,6
18935,kingslayer92,65,6
18911,kingslayer92,62,8
18917,kingslayer92,62,8
18926,kingslayer92,61,10
18910,kingslayer92,54,11
18932,kingslayer92,52,12
18928,kingslayer92,46,13
18921,kingslayer92,36,14
18915,kingslayer92,23,15
18927,kingslayer92,23,15
19623,kingsmagician,99,1
3344,kingsmagician,35,2
13911,kingsnightout,47,1
14085,kingsoutforharambe,86,1
14089,kingsoutforharambe,63,2
14086,kingsoutforharambe,20,3
7885,kingspawn02,139,1
11854,kingsspeech,93,1
6696,kingtakesking,31,1
4169,kingthechess2017,68,1
941,kingtotos,46,1
17194,kinn,75,1
3467,kir3740,18,1
16334,kir3740,18,1
18507,kiranjos,100,1
13379,kirasam,112,1
8262,kirgis,56,1
16781,kirileclown,77,1
8748,kirill8let,46,1
16698,kirillovss,58,1
6989,kirklar,74,1
8284,kirklar,65,2
19714,kirodessa,117,1
19824,kiroram,60,1
7853,kiross2015,61,1
11092,kirov66,89,1
3875,kishan11,66,1
16458,kishan11,66,1
11207,kishomat,87,1
11195,kishomat,73,2
11201,kishomat,73,2
11181,kishomat,63,4
11184,kishomat,61,5
11178,kishomat,59,6
11200,kishomat,59,6
11186,kishomat,57,8
11176,kishomat,53,9
11192,kishomat,53,9
11194,kishomat,50,11
11190,kishomat,45,12
11179,kishomat,43,13
11198,kishomat,43,13
11202,kishomat,36,15
9332,kittu006,41,1
2732,kiwok,58,1
14120,kiyomitsu,29,1
10249,kjaliner,45,1
8910,kjf,27,1
15027,kjfoster17,70,1
20011,kjfoster17,70,1
19662,kkatos,126,1
12753,kkfloja,138,1
7227,kkjasnagar,61,1
6154,kl695,48,1
4821,klamm,41,1
9348,klassik_1,57,1
14749,klaxon,56,1
18148,kleinmeister,60,1
18152,kleinmeister,24,2
6246,klemi,54,1
6247,klemi,54,1
662,klemi,34,3
14228,klenoff,94,1
15714,klexus,87,1
15717,klexus,41,2
19954,kleyveu,47,1
2915,klimv,62,1
13184,klip98,83,1
13185,klip98,71,2
13180,klip98,64,3
13187,klip98,56,4
13181,klip98,53,5
13189,klip98,53,5
13177,klip98,44,7
13183,klip98,36,8
13179,klip98,33,9
3124,klod42,84,1
2130,kloeft,37,1
7635,klopstockus,102,1
14664,klopstockus,47,2
17555,klouis06,16,1
19614,klw4,71,1
6530,kmlarm,89,1
7709,kmor,38,1
12593,kn89,155,1
12586,kn89,124,2
12603,kn89,105,3
12592,kn89,69,4
12607,kn89,69,4
12583,kn89,67,6
12577,kn89,61,7
12605,kn89,60,8
12573,kn89,55,9
12572,kn89,53,10
12598,kn89,52,11
12589,kn89,49,12
12594,kn89,47,13
12604,kn89,41,14
12571,kn89,40,15
12576,kn89,38,16
12597,kn89,34,17
12585,kn89,31,18
12601,kn89,30,19
12578,kn89,28,20
12579,kn89,22,21
12584,kn89,21,22
6363,kng7kng,60,1
684,knight602,91,1
686,knight602,50,2
690,knight602,40,3
688,knight602,37,4
685,knight602,35,5
683,knight602,21,6
4600,knight_knemesis,87,1
5603,knight_knemesis,73,2
4617,knight_knemesis,65,3
8423,knight_knemesis,55,4
10114,knight_knemesis,46,5
18681,knight_knemesis,35,6
17293,knight_knemesis,33,7
9204,knight_knemesis,32,8
1417,knightbane,51,1
8517,knightbot,14,1
8519,knightbot,12,2
14234,knightc,11,1
8091,knightlight2,98,1
12695,knightlight2,38,2
13174,knightlight_mdk,114,1
13176,knightlight_mdk,114,1
13172,knightlight_mdk,71,3
13173,knightlight_mdk,23,4
1086,knightofchess90,132,1
12629,knightofchess90,132,1
17659,knightsidecastle,67,1
1170,knightvision-mtl,66,1
2410,knightwizard,93,1
19581,knobknobdunk,21,1
16696,knrasm,71,1
17671,knucklehead88,47,1
9037,koba68,24,1
15183,kobayfare,42,1
5794,kobemichi,56,1
14577,kochab17,96,1
15637,kocinus,121,1
6276,kockica,85,1
11077,kocyvo,47,1
5991,kodl47,105,1
2829,kodl47,43,2
15376,kodrat0052,80,1
16772,kody86,26,1
10259,koen,51,1
464,koepkos,58,1
17528,kogynuquer,53,1
5756,kojac,17,1
1623,kojetin,42,1
11476,koka123,2,1
5953,koko3333,172,1
15019,kokos4,37,1
495,koljan,53,1
17646,kolovrat836,44,1
13510,kolpakovpasa,46,1
1135,komarik,22,1
1535,kombat_ace,116,1
15597,kombat_ace,111,2
19007,komis1987,43,1
19009,komis1987,40,2
11596,komis1987,27,3
8944,komodo_2016,58,1
13657,konatok,57,1
13660,konatok,53,2
13661,konatok,51,3
13659,konatok,45,4
13663,konatok,41,5
13658,konatok,34,6
17662,kondukator0,89,1
17665,kondukator0,70,2
14189,kons31,59,1
15624,konschess,61,1
2631,konsortium,45,1
837,konst767,38,1
12314,konst767,38,1
13069,konstantin71,67,1
13068,konstantin71,7,2
6890,konstantindn,108,1
18636,konstantindn,108,1
14214,konstantinru,74,1
3521,konzolatomic,40,1
8415,kopr,37,1
8417,kopr,31,2
13427,koraj,86,1
822,korbendallas,105,1
16992,korkmazaydin12,65,1
1197,kormats,77,1
13587,koroal,34,1
14146,korsakov,93,1
12616,koryakinrus,104,1
12613,koryakinrus,83,2
12615,koryakinrus,17,3
1055,koshi12,125,1
9258,kosior,9,1
19382,koskor,132,1
17730,kosmomysl,41,1
8476,kosmopolit,30,1
10229,kossta,19,1
13960,kosta201,24,1
11039,kostabrava,37,1
19787,kostas_chess,56,1
17352,kostaskoltou,84,1
17083,kostastas,50,1
14224,kostastop1526,206,1
14215,kostastop1526,116,2
14225,kostastop1526,94,3
14219,kostastop1526,83,4
14229,kostastop1526,80,5
14227,kostastop1526,69,6
14212,kostastop1526,43,7
14217,kostastop1526,43,7
14230,kostastop1526,42,9
14222,kostastop1526,27,10
14233,kostastop1526,23,11
7824,kostya37,108,1
17209,kostya_p,37,1
2472,kot-000,46,1
5793,kot_matpoc,74,1
5919,kottbullar,15,1
2894,koupito,82,1
3802,kovach,112,1
11701,kovacsistvan,46,1
19324,kovacsistvan,46,1
16890,kovalcuk94,22,1
3299,kovlapav50,92,1
3811,kovlapav50,61,2
16098,kowabounga,75,1
3904,koyados,81,1
9922,kozlov,69,1
9926,kozlov,47,2
9924,kozlov,32,3
9925,kozlov,31,4
15759,kplclassic,68,1
2493,kproductions,47,1
18038,kr_1,58,1
12712,kraka,120,1
5311,kraken12,11,1
15684,krakken57,44,1
14065,krald,45,1
9736,kraloyun,68,1
9734,kraloyun,61,2
9726,kraloyun,52,3
9730,kraloyun,50,4
9724,kraloyun,11,5
5981,kratos1,77,1
13143,kravtsov,51,1
14761,kravtsov,51,1
2668,krazykat,23,1
7602,kreedome,34,1
7604,kreedome,18,2
7603,kreedome,4,3
5158,kreso87,103,1
1622,krestovsky,67,1
5074,krincy,53,1
1336,kripso,110,1
9551,krish1991,114,1
5132,krishchennai93,144,1
5138,krishchennai93,99,2
5131,krishchennai93,65,3
5152,krishchennai93,60,4
5130,krishchennai93,55,5
5148,krishchennai93,55,5
5140,krishchennai93,53,7
5133,krishchennai93,51,8
5142,krishchennai93,45,9
5149,krishchennai93,43,10
5134,krishchennai93,37,11
5146,krishchennai93,35,12
5136,krishchennai93,28,13
5143,krishchennai93,17,14
11580,krishna06,71,1
259,krishubhi,36,1
19968,krispl,121,1
1262,krisrov,33,1
3954,krissy33,52,1
3955,krissy33,14,2
6879,kristall63,69,1
18625,kristall63,69,1
8398,kristian_zebua,81,1
3724,krizantem_579686,125,1
1138,krobbi,30,1
17448,kroqster,41,1
19875,kroupy,51,1
12149,kroyee,125,1
12639,krusteevs,93,1
5394,kryptik,96,1
5390,kryptik,78,2
5402,kryptik,75,3
5384,kryptik,57,4
5392,kryptik,54,5
5400,kryptik,53,6
5401,kryptik,53,6
5387,kryptik,47,8
5391,kryptik,45,9
5388,kryptik,34,10
5397,kryptik,30,11
18867,krzem,86,1
3766,krzychupogromca12,29,1
8729,krzysiek8340,77,1
17515,krzysiuchess,42,1
10295,ktikkani,52,1
10293,ktikkani,35,2
10294,ktikkani,23,3
1701,kuanxxx,31,1
16635,kudinoff,58,1
17324,kujevicpajazit,41,1
4621,kula69,51,1
11674,kuldeepnegi,55,1
9170,kuna,42,1
4830,kunarsenal,51,1
9321,kuo,41,1
13644,kuppel,9,1
3698,kupres,70,1
11120,kurban,69,1
18769,kurika,52,1
1889,kurtbusch,77,1
1888,kurtbusch,63,2
1891,kurtbusch,62,3
1894,kurtbusch,44,4
1898,kurtbusch,42,5
1896,kurtbusch,30,6
13148,kurvic51,68,1
14766,kurvic51,68,1
4431,kurzeme,86,1
11855,kusanagi777,62,1
10373,kutetalky,104,1
7305,kuwatoro0320,73,1
12347,kvazarteoriyastrun,17,1
16047,kwameware,37,1
1900,kwondmitrii,65,1
12782,kwulhu,80,1
441,kyanh,195,1
434,kyanh,148,2
447,kyanh,63,3
445,kyanh,60,4
439,kyanh,59,5
433,kyanh,57,6
428,kyanh,49,7
431,kyanh,48,8
446,kyanh,45,9
426,kyanh,43,10
443,kyanh,40,11
423,kyanh,38,12
450,kyanh,36,13
424,kyanh,34,14
453,kyanh,34,14
8838,kyc_j,47,1
11342,kylarr,114,1
13613,kylarr,114,1
11329,kylarr,81,3
13600,kylarr,81,3
11340,kylarr,63,5
13611,kylarr,63,5
11333,kylarr,46,7
11335,kylarr,46,7
13604,kylarr,46,7
13606,kylarr,46,7
11328,kylarr,43,11
13599,kylarr,43,11
11341,kylarr,37,13
13612,kylarr,37,13
11330,kylarr,31,15
13601,kylarr,31,15
19685,kylecuver1,73,1
19665,kylecuver1,65,2
19689,kylecuver1,65,2
19669,kylecuver1,62,4
19666,kylecuver1,60,5
19690,kylecuver1,52,6
19672,kylecuver1,48,7
19676,kylecuver1,46,8
19674,kylecuver1,34,9
19680,kylecuver1,27,10
19670,kylecuver1,26,11
19688,kylecuver1,16,12
6780,kyman05,62,1
8540,kyriakos1301,95,1
5973,kyznecov,29,1
2787,kyzuro,80,1
2774,kyzuro,65,2
2792,kyzuro,49,3
2785,kyzuro,35,4
2781,kyzuro,23,5
2779,kyzuro,17,6
2791,kyzuro,14,7
2789,kyzuro,6,8
9923,l0l00l,54,1
10039,labarreraman,11,1
15064,labn,36,1
4128,labrute,41,1
2323,lacrome,75,1
2322,lacrome,70,2
2317,lacrome,46,3
2319,lacrome,46,3
11566,ladiagonale,65,1
14088,ladiagonale,47,2
3876,lado3,59,1
16459,lado3,59,1
765,ladratov,32,1
16222,lady_anna,80,1
16224,lady_anna,38,2
17592,lady_jennifer_robin,68,1
16379,ladyjoaninha,42,1
11611,ladyka,11,1
6733,ladynorth,65,1
107,laeca53,39,1
8927,laertovysk,65,1
134,laeufer26,37,1
1034,lafreu64,35,1
302,lagos16,99,1
6582,laguigne,46,1
9571,laguigne,36,2
12706,lahayejose012,112,1
12709,lahayejose012,50,2
12711,lahayejose012,45,3
12713,lahayejose012,37,4
12169,laki3,84,1
16429,laki3,43,2
19951,lakinwecker,89,1
12481,lalainalalou3,53,1
6503,lalikir,114,1
13058,lalinea,60,1
4723,lalokhezia,140,1
16861,lameloser,68,1
17986,lamer0x0,102,1
12978,lamer0x0,57,2
253,lanas2007,87,1
19229,lanas2007,87,1
9262,lanas2007,61,3
11603,lance5500,143,1
11820,lance5500,85,2
16642,lance5500,79,3
12450,lance5500,77,4
11809,lance5500,72,5
19017,lance5500,69,6
12773,lance5500,64,7
14659,lance5500,64,7
11954,lance5500,58,9
14115,lance5500,55,10
6252,lance5500,54,11
12448,lance5500,49,12
12611,lance5500,47,13
12614,lance5500,47,13
14204,lance5500,45,15
11959,lance5500,42,16
11950,lance5500,40,17
4468,lance5500,35,18
13921,lance5500,35,18
5936,lance5500,33,20
12612,lance5500,30,21
5425,lance5500,29,22
18329,lance5500,29,22
905,lance5500,20,24
11585,lance5500,14,25
6041,lance5500,1,26
11743,lance5500,1,26
12680,lance5500,1,26
14118,lance5500,1,26
11955,lance5500-youtube,59,1
1399,lancel0t,102,1
7765,lancelot76,40,1
9841,landreoli,12,1
1089,landscaping123,59,1
13794,langlais,80,1
11707,laode_syahril,132,1
19330,laode_syahril,132,1
11719,laode_syahril,107,3
19342,laode_syahril,107,3
11710,laode_syahril,85,5
19333,laode_syahril,85,5
11705,laode_syahril,72,7
19328,laode_syahril,72,7
11718,laode_syahril,49,9
19341,laode_syahril,49,9
11713,laode_syahril,43,11
11715,laode_syahril,43,11
19336,laode_syahril,43,11
19338,laode_syahril,43,11
11721,laode_syahril,39,15
19344,laode_syahril,39,15
11708,laode_syahril,22,17
19331,laode_syahril,22,17
11702,laode_syahril,21,19
19325,laode_syahril,21,19
4271,lapeque,77,1
4266,lapeque,64,2
4239,lapeque,39,3
8143,lapin0u,31,1
17317,larcher91,71,1
12899,larden,171,1
2496,larevanche,71,1
15725,larevanche,64,2
14213,larevanche,49,3
5061,larissbug,51,1
17637,larisseelias,48,1
1857,larodash2013,142,1
18909,larodash2013,110,2
18661,larodash2013,97,3
18372,larryfine,56,1
5920,laser1,30,1
2484,laskonyk,61,1
14036,laslo_gagolak,61,1
12433,lasse049,84,1
1673,lassureur,112,1
19542,last77,32,1
1368,lastfermat,77,1
9290,lasttry,30,1
4943,lat-liakim,58,1
9073,laughingman22,146,1
9079,laughingman22,80,2
9070,laughingman22,76,3
9047,laughingman22,58,4
9068,laughingman22,58,4
9064,laughingman22,51,6
9062,laughingman22,49,7
9056,laughingman22,47,8
9071,laughingman22,47,8
9058,laughingman22,43,10
9053,laughingman22,42,11
9049,laughingman22,36,12
9075,laughingman22,34,13
9063,laughingman22,33,14
9051,laughingman22,29,15
9061,laughingman22,29,15
9076,laughingman22,27,17
9044,laughingman22,26,18
9046,laughingman22,23,19
9067,laughingman22,22,20
9055,laughingman22,15,21
10240,lauraschmidt,96,1
2000,laurent137,31,1
11961,laurenzchess,115,1
11963,laurenzchess,73,2
9042,lavender_melange,63,1
9650,lavinia5,22,1
6274,lavivas,68,1
7655,lawrenman,139,1
7791,lawrenman,123,2
7801,lawrenman,97,3
7815,lawrenman,97,3
7817,lawrenman,95,5
7797,lawrenman,88,6
7795,lawrenman,77,7
7807,lawrenman,74,8
7792,lawrenman,73,9
7814,lawrenman,72,10
7813,lawrenman,59,11
7788,lawrenman,57,12
7811,lawrenman,50,13
7818,lawrenman,50,13
7805,lawrenman,48,15
7789,lawrenman,41,16
7803,lawrenman,41,16
7808,lawrenman,41,16
7820,lawrenman,40,19
7648,lawrenman,39,20
7822,lawrenman,39,20
7825,lawrenman,39,20
7799,lawrenman,36,23
7744,lazy-chess,40,1
6804,lb554,56,1
19462,lbringer,201,1
19431,lbringer,115,2
19453,lbringer,94,3
19443,lbringer,81,4
19429,lbringer,76,5
19446,lbringer,74,6
19455,lbringer,73,7
19422,lbringer,72,8
19445,lbringer,61,9
19450,lbringer,60,10
19432,lbringer,58,11
19454,lbringer,58,11
19441,lbringer,57,13
19440,lbringer,55,14
19420,lbringer,53,15
19430,lbringer,49,16
19458,lbringer,49,16
19460,lbringer,46,18
19425,lbringer,31,19
19444,lbringer,25,20
19452,lbringer,25,20
19439,lbringer,23,22
19433,lbringer,15,23
18183,lbzmo,124,1
4138,lcover,113,1
4154,lcover,112,2
4144,lcover,111,3
4150,lcover,102,4
4140,lcover,99,5
4149,lcover,99,5
4171,lcover,96,7
4147,lcover,81,8
4172,lcover,80,9
4166,lcover,77,10
4146,lcover,67,11
4164,lcover,63,12
4159,lcover,46,13
4151,lcover,40,14
4139,lcover,34,15
4142,lcover,33,16
4162,lcover,20,17
2169,lcpchess,63,1
13336,lcpchess,63,1
11810,ldavis33,173,1
18378,le_spinoziste,35,1
19615,le_truand,57,1
14511,le_truand,55,2
12293,le_truand,39,3
14114,le_truand,13,4
12747,leapinggerbil,7,1
7003,learner0011,35,1
16972,leatherback,157,1
16979,leatherback,126,2
16982,leatherback,120,3
16956,leatherback,84,4
16967,leatherback,83,5
16951,leatherback,76,6
16969,leatherback,76,6
16959,leatherback,68,8
16976,leatherback,51,9
16974,leatherback,44,10
16963,leatherback,42,11
16965,leatherback,41,12
16980,leatherback,40,13
16983,leatherback,32,14
16955,leatherback,20,15
16953,leatherback,18,16
16961,leatherback,11,17
640,lebbeusz2450,62,1
10020,lebeast101,89,1
10023,lebeast101,77,2
10025,lebeast101,71,3
10024,lebeast101,49,4
3922,lebeusz,83,1
3829,lecarpentier,37,1
6092,lechalll1,119,1
15046,ledaua,63,1
10874,ledofin16,49,1
3379,leebers,51,1
1757,leeducdaica,26,1
918,leeleeradio,32,1
9999,leenaa,40,1
6046,legend-is-running,47,1
3406,legendaryfatguy,76,1
15335,legendaryfatguy,76,1
17758,legendaryfatguy,59,3
8990,legendaryherojuice,42,1
16645,legolas1973,101,1
7324,legolas1973,25,2
8719,lehutin,37,1
1551,leifsan,31,1
15396,leizka,141,1
15407,leizka,137,2
15417,leizka,109,3
15399,leizka,73,4
15413,leizka,69,5
15419,leizka,63,6
15420,leizka,62,7
15402,leizka,57,8
15415,leizka,52,9
15410,leizka,48,10
15403,leizka,35,11
15405,leizka,31,12
15422,leizka,31,12
5569,leks86,118,1
2531,leks86,49,2
14657,leksus,42,1
198,lelik3310,51,1
11425,lelik3310,51,1
13752,lelik3310,51,1
19073,lelik3310,51,1
15576,lemarktwainkie,63,1
15577,lemarktwainkie,51,2
15570,lemarktwainkie,44,3
15573,lemarktwainkie,41,4
1347,lemoniu,14,1
4060,lena_terentieva,37,1
1644,lencinas,127,1
7364,lenin8,111,1
9030,leninredstar,61,1
4779,lentin,52,1
15617,leo_1959,37,1
13366,leo_christopher,102,1
13361,leo_christopher,36,2
13365,leo_daphne,29,1
13362,leo_tijmen,57,1
13363,leo_tycho,134,1
13360,leo_tycho,19,2
7442,leodariico,70,1
2757,leoferri007,45,1
1204,leoilan,40,1
10213,leon1999,117,1
10211,leon1999,93,2
546,leon_free,50,1
11815,leonard301013,87,1
3778,leonard80,27,1
17546,leonardodiolupo,83,1
1624,leonardomantesso,78,1
19469,leonart,121,1
11459,leondiney,60,1
12557,leonheart,88,1
1610,leonidas86,53,1
13037,leonietran,17,1
16711,leonrades,53,1
17652,leorus,32,1
806,leps000,54,1
12241,leps000,54,1
7772,leptiantdu29,3,1
5503,lequangtho,119,1
8806,lerappat,55,1
4432,lerose,55,1
8686,lesnick86,13,1
5399,letalenizhod,70,1
5583,letraversier,66,1
15970,letstrysomethingnew,49,1
7247,lettermelater,119,1
6399,letterss,73,1
8405,leuhippos,94,1
8404,leuhippos,62,2
13090,lev4411,82,1
18491,levanozza,92,1
1959,levdor,9,1
1310,levilnoob,35,1
9489,levp,52,1
3880,lewispugdog,5,1
16463,lewispugdog,5,1
4427,lexisvar,150,1
11320,lexmask,77,1
5119,lextop,51,1
5121,lextop,48,2
5122,lextop,36,3
5113,lextop,29,4
5127,lextop,29,4
5115,lextop,28,6
5117,lextop,24,7
5123,lextop,12,8
19607,leyensau,136,1
1608,lfc_08_isaiah,29,1
1609,lfc_08_isaiah,23,2
6742,lfilipio,33,1
15208,lgates07,68,1
16068,lgonzaguille,165,1
16802,liam_doyle,10,1
19984,liamschauerman,131,1
19919,liamschauerman,53,2
19985,liamschauerman,8,3
13668,liamvo,49,1
16072,liamxddd,70,1
16077,liamxddd,67,2
16079,liamxddd,41,3
16074,liamxddd,32,4
6397,libar,57,1
5929,libellule,43,1
10420,libertas,4,1
11505,lichess2point0,44,1
19253,lichess2point0,44,1
8252,lichess_users,70,1
8251,lichess_users,49,2
9132,lichessfiend,139,1
8124,lichessfiend,115,2
8120,lichessfiend,81,3
8117,lichessfiend,75,4
8123,lichessfiend,63,5
9129,lichessfiend,41,6
2858,lictes,77,1
2282,lider20149,111,1
13630,lider20149,51,2
14111,lifchrs,26,1
14113,lifchrs,17,2
10241,lifeandstuff,91,1
10248,lifeandstuff,85,2
10247,lifeandstuff,77,3
10238,lifeandstuff,73,4
10252,lifeandstuff,71,5
10251,lifeandstuff,67,6
10233,lifeandstuff,49,7
10235,lifeandstuff,41,8
10250,lifeandstuff,35,9
10246,lifeandstuff,23,10
6297,lightfoot,39,1
6299,lightfoot,7,2
2163,lightningviper,60,1
2166,lightningviper,23,2
2140,likechesss,84,1
17036,likechesss,82,2
17038,likechesss,66,3
17037,likechesss,32,4
17035,likechesss,27,5
17034,likechesss,15,6
6293,lilbigjay,124,1
6298,lilbigjay,40,2
6300,lilbigjay,38,3
6294,lilbigjay,16,4
6296,lilbigjay,14,5
10001,lile,55,1
10578,lillero,13,1
11287,lillero,13,1
16234,lillus69,52,1
6739,limalorenzo,35,1
7990,limo,31,1
6205,limosa,111,1
2639,lincoln90,30,1
1529,linconnu,117,1
7446,linechess,28,1
18937,linkn,149,1
14995,lion216,35,1
12689,lionnessebim1,109,1
12692,lionnessebim1,91,2
12694,lionnessebim1,88,3
12691,lionnessebim1,67,4
12684,lionnessebim1,55,5
12700,lionnessebim1,52,6
12698,lionnessebim1,50,7
12686,lionnessebim1,33,8
2262,lior1,84,1
7005,liotru,108,1
17695,liotru,50,2
8735,liov,88,1
18750,lippurro,38,1
5247,liri,113,1
10063,lish,7,1
16985,list777,33,1
13272,litbea,4,1
13956,little---a,104,1
284,little---a,67,2
3554,littlecherry1107,68,1
10094,littleguitar,31,1
3182,littlekitty83,109,1
3181,littlekitty83,98,2
3173,littlekitty83,93,3
3172,littlekitty83,78,4
3178,littlekitty83,76,5
3176,littlekitty83,72,6
3192,littlekitty83,70,7
3199,littlekitty83,62,8
3186,littlekitty83,56,9
3189,littlekitty83,44,10
3169,littlekitty83,42,11
3190,littlekitty83,39,12
3195,littlekitty83,38,13
3184,littlekitty83,36,14
3196,littlekitty83,30,15
4435,liv1990,117,1
13139,live_on,31,1
3063,liveandletmate,42,1
6263,livia_dq1,48,1
6265,livia_dq1,36,2
17289,lizimari,95,1
17291,lizimari,60,2
17298,lizimari,60,2
17292,lizimari,59,4
17294,lizimari,53,5
17300,lizimari,34,6
2270,ljlchess13,66,1
8965,ljuta,87,1
3902,ljuta85,86,1
1805,lkasperbauer,92,1
1819,lkasperbauer,46,2
1803,lkasperbauer,41,3
1823,lkasperbauer,40,4
1809,lkasperbauer,31,5
1820,lkasperbauer,26,6
1821,lkasperbauer,24,7
1806,lkasperbauer,20,8
1807,lkasperbauer,16,9
1817,lkasperbauer,12,10
1815,lkasperbauer,2,11
12806,lkigor,115,1
3816,lmr1,29,1
5574,loaiiii,28,1
3548,lobnik,112,1
5998,lobnik,105,2
15127,lobnik,37,3
16880,loco104,42,1
336,locomotora,92,1
19311,locucarro,97,1
390,lodowy,19,1
14633,lodzianin,174,1
14624,lodzianin,152,2
14649,lodzianin,134,3
14647,lodzianin,124,4
14628,lodzianin,118,5
14623,lodzianin,110,6
14638,lodzianin,102,7
14636,lodzianin,95,8
14635,lodzianin,92,9
14626,lodzianin,85,10
14629,lodzianin,76,11
14640,lodzianin,70,12
14643,lodzianin,66,13
14634,lodzianin,64,14
14646,lodzianin,61,15
14642,lodzianin,60,16
14641,lodzianin,58,17
14648,lodzianin,58,17
14644,lodzianin,55,19
14639,lodzianin,49,20
14627,lodzianin,48,21
14631,lodzianin,42,22
14625,lodzianin,33,23
14645,lodzianin,33,23
14637,lodzianin,28,25
638,loebas,58,1
6191,logantaper,35,1
7178,loginov19510410,28,1
14922,loiclafouine,47,1
15560,loiclafouine,36,2
13229,lola_46,48,1
10028,lola_46,35,2
3578,loliponche,69,1
12471,lolmens,119,1
12473,lolmens,97,2
12474,lolmens,97,2
12489,lolmens,88,4
12468,lolmens,73,5
12488,lolmens,73,5
12483,lolmens,62,7
12469,lolmens,43,8
12479,lolmens,35,9
12477,lolmens,32,10
12480,lolmens,25,11
12485,lolmens,16,12
12492,lolmens,13,13
18475,lolone,73,1
1477,lolrager,67,1
1480,lolrager,24,2
1482,lolrager,20,3
1479,lolrager,7,4
4754,lomoferoz,13,1
17770,lon123456789,131,1
17784,lon123456789,93,2
17786,lon123456789,81,3
17775,lon123456789,66,4
17772,lon123456789,51,5
17779,lon123456789,51,5
17781,lon123456789,43,7
17777,lon123456789,27,8
19014,lonliness,115,1
19016,lonliness,59,2
19013,lonliness,13,3
5263,lonshott,36,1
11037,lookcloser,42,1
12596,lopezz,95,1
16579,lopushok,51,1
6368,lora_cat,110,1
2113,lordaza,39,1
13837,lordcashflow,51,1
1351,lordf,84,1
7120,lordflatus,15,1
12551,lordofking,134,1
12554,lordofking,127,2
12548,lordofking,94,3
12543,lordofking,49,4
12546,lordofking,49,4
12550,lordofking,43,6
12540,lordofking,39,7
12541,lordofking,33,8
5965,lordpork,21,1
16208,lordsamir,88,1
16212,lordsamir,80,2
16200,lordsamir,78,3
16209,lordsamir,60,4
16196,lordsamir,59,5
16207,lordsamir,57,6
16202,lordsamir,53,7
16204,lordsamir,49,8
16205,lordsamir,43,9
3428,lordsantiago,50,1
2649,lordsteve,68,1
8755,lordviktor911,157,1
7643,lorek,57,1
1564,loren314,84,1
3517,lorenscaglia,52,1
11957,lorenzo_fkl,48,1
1328,lorenzoberv,124,1
15205,loris04,62,1
15203,loris04,46,2
7149,lorn23,69,1
7153,lorn23,15,2
12498,loser69,31,1
2673,loser_1989,31,1
19364,lostearthworm,65,1
1485,losteroo,19,1
13095,losteroo,19,1
3206,lostmase,104,1
98,lotfibma,14,1
17629,lou,71,1
9311,lou,62,2
7701,louietheoneth,61,1
17266,louisferdinand,23,1
19757,loukas435,140,1
19777,loukas435,126,2
19755,loukas435,124,3
19771,loukas435,115,4
19779,loukas435,85,5
19765,loukas435,81,6
19764,loukas435,80,7
19762,loukas435,79,8
19769,loukas435,79,8
19786,loukas435,76,10
19788,loukas435,75,11
19763,loukas435,70,12
19774,loukas435,62,13
19754,loukas435,58,14
19791,loukas435,57,15
19775,loukas435,54,16
19790,loukas435,52,17
19789,loukas435,48,18
19782,loukas435,47,19
19768,loukas435,42,20
12544,louwyhs,38,1
1020,louwyhs,19,2
10123,lovecaissa,39,1
13572,loveoneanother,52,1
13677,lowit,80,1
17227,lozfrank,67,1
17686,lrextonl,85,1
2445,lrgilbert,47,1
8699,lrmendes,56,1
5733,lrsalokhe,61,1
15529,lsmkenpo,109,1
3113,lthiagos,67,1
9203,ltl,62,1
10416,lubo10,103,1
10422,lubo10,88,2
10424,lubo10,58,3
10425,lubo10,39,4
10417,lubo10,26,5
9430,luc1111,55,1
10210,luca275,22,1
12096,lucagi,28,1
16475,lucamex,63,1
15193,lucamiko89,49,1
17210,lucaschaakt,47,1
54,lucasimeon,36,1
52,lucasimeon,7,2
12064,lucasmcain,45,1
16889,lucasmontagne,152,1
16198,lucasrascle,13,1
5379,lucastal,41,1
10272,lucatiel-of-mirrah,27,1
10278,lucatiel-of-mirrah,26,2
5734,luci_bunny,122,1
12386,luciano_the_best,58,1
8538,lucianolop,50,1
10959,lucien62,117,1
19012,lucifer_will_mate,58,1
18664,lucin,81,1
13130,lucioc84,67,1
7241,luckyfish398,76,1
18735,luckyfish398,76,1
432,luckynrone,50,1
9964,luckyshine123,73,1
10206,luckyxthirteen,77,1
10207,luckyxthirteen,35,2
8934,lucoto,82,1
17995,lucre95,42,1
14096,ludast,133,1
14103,ludast,64,2
14104,ludast,55,3
14093,ludast,46,4
14099,ludast,28,5
14092,ludast,22,6
6111,ludonix,105,1
13146,lugg1,81,1
14764,lugg1,81,1
3164,luho,53,1
1263,luigi2016,73,1
15214,luigiderose,110,1
19751,luigilavaccara,85,1
14252,luigilavaccara,83,2
2670,luigisola57ls,61,1
19457,luigisola57ls,22,2
15864,luigisola57ls,21,3
16299,luigitango,26,1
10155,luigui0007,68,1
1036,luis11,43,1
16973,luisao0711,41,1
9015,luisc010101,48,1
18904,luisev740,53,1
17797,luisgdantas,26,1
19499,luishb,155,1
14804,luismig,20,1
18197,luisroobert,96,1
3249,luisroobert,29,2
16621,luka-stipic_2001,22,1
12459,lukarpov,94,1
12454,lukarpov,88,2
12458,lukarpov,74,3
12463,lukarpov,69,4
12442,lukarpov,56,5
12455,lukarpov,53,6
12452,lukarpov,39,7
12461,lukarpov,37,8
12467,lukarpov,37,8
12439,lukarpov,36,10
12451,lukarpov,34,11
5196,lukas24,53,1
11830,lukas2510,56,1
11339,lukat92,53,1
13610,lukat92,53,1
5674,lula1971,29,1
1525,lulucholista,44,1
7725,lumberjack777,56,1
16627,lumiga,128,1
9440,lumiga,65,2
15492,lumil,70,1
15490,lumil,66,2
8872,lumil,3,3
14045,lumir,32,1
14419,lunadpg97,38,1
8562,lunaticpawn,30,1
11559,lupanama,46,1
13864,lupanama,46,1
11557,lupanama,23,3
13862,lupanama,23,3
3568,lupevi,62,1
10738,lupo,61,1
10726,lupo,58,2
10977,lupo,8,3
19367,lurtrester,147,1
19357,lurtrester,60,2
8945,lurtrester,19,3
9530,lusert,57,1
18223,lutinmarseille,25,1
6901,lvbnhbq44,28,1
13545,lvovich,56,1
15149,lyca,53,1
587,lyckyfisher,60,1
3722,lyfrules,74,1
18721,lykos321,105,1
18718,lykos321,44,2
18719,lykos321,28,3
20029,lynnpv,115,1
20024,lynnpv,107,2
13226,lynnpv,71,3
20022,lynnpv,56,4
20026,lynnpv,37,5
20030,lynnpv,37,5
1231,lynosbc,52,1
2984,lyonfab,45,1
11645,lzchips,91,1
11617,lzchips,74,2
11648,lzchips,67,3
11623,lzchips,63,4
11632,lzchips,61,5
11629,lzchips,57,6
11621,lzchips,51,7
11643,lzchips,36,8
11650,lzchips,29,9
11625,lzchips,28,10
11640,lzchips,25,11
11627,lzchips,23,12
11638,lzchips,23,12
18204,m-1369,69,1
6746,m-gibellato,14,1
10543,m0davis,51,1
11252,m0davis,51,1
15260,m2018,48,1
1256,m4c3l0,53,1
7697,m4rc0fr,32,1
17439,m4tti,66,1
18533,m4tti,43,2
8290,m60,105,1
11828,m7mdsayed52,51,1
9009,m8ryx,65,1
9008,m8ryx,62,2
9007,m8ryx,61,3
9010,m8ryx,52,4
12371,m9651877,71,1
9449,m_a_r_c_u_s5973,21,1
10015,m_albert137,61,1
15871,maanit98,32,1
6319,maarsoo,21,1
15292,mabe48b,65,1
17028,mabrown86,54,1
17519,mac2224,70,1
16668,mac2224,48,2
6689,macetico,97,1
6860,maciek1959,51,1
18606,maciek1959,51,1
732,macripoly,64,1
18390,mactulip,141,1
10212,mad_giraffe,63,1
3067,madarsani,51,1
18884,madatadam,102,1
19606,madatadam,70,2
17773,madc,137,1
8606,madd_hatter,99,1
8591,madd_hatter,83,2
8593,madd_hatter,76,3
8589,madd_hatter,70,4
8607,madd_hatter,65,5
8608,madd_hatter,64,6
8592,madd_hatter,59,7
8598,madd_hatter,50,8
8604,madd_hatter,46,9
8601,madd_hatter,44,10
8597,madd_hatter,43,11
8603,madd_hatter,26,12
15224,madeinukraine,96,1
18963,madhaus,45,1
10302,madi1691,165,1
10297,madi1691,96,2
10300,madi1691,74,3
10299,madi1691,59,4
10301,madi1691,53,5
10303,madi1691,41,6
14485,madiane,63,1
13708,madkid,124,1
4005,madoscmossco,90,1
14064,madskillzz,17,1
9879,madsterc,24,1
14884,maelm,47,1
14365,maes10,45,1
18551,maforma,83,1
3110,mag28512851,59,1
15169,maga8,17,1
17906,magdy1951,46,1
6112,magen,58,1
4189,magic007,57,1
6186,magicmann2000,33,1
2182,magnata2016,57,1
13349,magnata2016,57,1
18386,magnet666,123,1
19484,magnifico_e,107,1
3545,magnus,49,1
9486,magnus,46,2
9787,magnus,29,3
3975,magnus_dong,93,1
3980,magnus_dong,60,2
3972,magnus_dong,59,3
3970,magnus_dong,32,4
3973,magnus_dong,24,5
3971,magnus_dong,16,6
3978,magnus_dong,10,7
2218,magnus_new,46,1
8630,magnusian64,20,1
12821,magnussen1,137,1
14385,magnussen1,45,2
8802,mahachkala,55,1
3684,mahan6,18,1
11512,maharnav,42,1
11511,maharnav,36,2
10757,mahdi1365,95,1
417,mahdifoladi,51,1
6562,mahdirahimipargoo,27,1
11917,mahmoud-0,103,1
11911,mahmoud-0,90,2
11915,mahmoud-0,68,3
11906,mahmoud-0,64,4
11912,mahmoud-0,62,5
11909,mahmoud-0,46,6
11901,mahmoud-0,44,7
11903,mahmoud-0,38,8
6501,mahmoud_safyan,129,1
6476,mahmoud_safyan,123,2
6471,mahmoud_safyan,121,3
6478,mahmoud_safyan,99,4
6483,mahmoud_safyan,95,5
6473,mahmoud_safyan,91,6
6481,mahmoud_safyan,89,7
6497,mahmoud_safyan,86,8
6502,mahmoud_safyan,67,9
6504,mahmoud_safyan,66,10
6475,mahmoud_safyan,60,11
6469,mahmoud_safyan,52,12
6488,mahmoud_safyan,43,13
6491,mahmoud_safyan,33,14
6496,mahmoud_safyan,31,15
6499,mahmoud_safyan,31,15
6487,mahmoud_safyan,29,17
6470,mahmoud_safyan,27,18
6484,mahmoud_safyan,2,19
3506,mahoni_1453,138,1
9463,mahshid,111,1
680,mahyir35,44,1
15785,maiconoo8oo,38,1
15787,maiconoo8oo,37,2
9516,maiden07,105,1
9511,maiden07,55,2
9517,maiden07,55,2
9513,maiden07,48,4
18946,maikiman,61,1
10261,mailmukulgupta,74,1
3370,mailsupriya,127,1
3355,mailsupriya,113,2
3354,mailsupriya,108,3
3378,mailsupriya,105,4
3358,mailsupriya,97,5
3376,mailsupriya,86,6
3374,mailsupriya,83,7
3382,mailsupriya,76,8
3383,mailsupriya,76,8
3375,mailsupriya,65,10
3381,mailsupriya,64,11
3364,mailsupriya,59,12
3352,mailsupriya,55,13
3371,mailsupriya,45,14
3356,mailsupriya,43,15
3350,mailsupriya,41,16
3369,mailsupriya,41,16
3361,mailsupriya,40,18
3367,mailsupriya,35,19
3366,mailsupriya,34,20
5507,mair2,60,1
15313,majakasta,39,1
18565,majdorf,60,1
1783,majek,56,1
15457,majid-a,131,1
7330,majid141,66,1
13549,majid141,26,2
5893,majid81,108,1
5890,majid81,74,2
103,majid_alsalhi,135,1
1081,majid_alsalhi,96,2
5176,majidmir,68,1
812,majorwarren,73,1
12247,majorwarren,73,1
810,majorwarren,49,3
12245,majorwarren,49,3
7882,majstor2650,143,1
7872,majstor2650,125,2
7870,majstor2650,114,3
7875,majstor2650,80,4
7883,majstor2650,74,5
7878,majstor2650,70,6
15593,makar1999,90,1
18594,makar_batulin,42,1
3198,makar_batulin,33,2
1220,makar_batulin,27,3
7334,makc12,21,1
2580,makegus1,50,1
15360,makegus1,50,1
14455,makelchess,74,1
1091,makhach-kala,150,1
2652,makhovsky,105,1
1859,maklen,54,1
15780,makopako,67,1
13281,maks1906,54,1
4449,maks31,54,1
4450,maks31,42,2
4445,maks31,36,3
4447,maks31,20,4
4443,maks31,16,5
4448,maks31,3,6
15404,maksat123,39,1
11836,maksim89,54,1
2458,maksim_nakonecnhy,30,1
8673,maksimen,53,1
18748,maktraxer,138,1
7715,malangero,53,1
19370,malatestabr,87,1
4934,maldonadof9,84,1
3290,malew89001,25,1
7057,malgorzataks,109,1
6137,maliey,125,1
12642,malikmat,45,1
9286,malinna,43,1
8391,malonbh,74,1
15116,malphoy,30,1
17774,maltenschoep,93,1
1012,maltetillmarconi,74,1
13203,maluking,31,1
7504,mamadmeshk,39,1
19621,mamaduck,76,1
19618,mamaduck,67,2
19611,mamaduck,58,3
19612,mamaduck,54,4
19616,mamaduck,53,5
19617,mamaduck,43,6
19620,mamaduck,38,7
14591,mamai27,40,1
18845,mamaszachistka,130,1
18823,mamaszachistka,88,2
5051,mamaszachistka,49,3
10227,mamontidla,12,1
7541,mamoot,43,1
7168,manakharam,42,1
3209,manal,36,1
17841,manapbk,53,1
590,manavalam2,122,1
15835,manavalam2,92,2
3234,manda13,64,1
3235,manda13,60,2
11891,mandre,129,1
771,mandre,112,2
11372,mandre,87,3
13463,mandre,87,3
14955,mandre,83,5
6207,mandy36,69,1
14223,manerg,14,1
6930,mangonian,6,1
689,mani66,66,1
437,manikandan_25,52,1
140,maninayebi,58,1
3695,maninblack909,48,1
4237,manipin,255,1
4243,manipin,67,2
12211,manisgigantea,99,1
5430,manish_007,71,1
18334,manish_007,71,1
28,mannat1,54,1
15434,mano99,45,1
2834,manosilva,61,1
6801,manosop,46,1
5954,manrod420,113,1
5949,manrod420,111,2
5939,manrod420,51,3
5941,manrod420,30,4
5943,manrod420,18,5
7501,mansoor_k11,142,1
7473,mansoor_k11,126,2
7481,mansoor_k11,88,3
7488,mansoor_k11,88,3
7494,mansoor_k11,84,5
7475,mansoor_k11,72,6
7485,mansoor_k11,60,7
7483,mansoor_k11,58,8
11986,manu1979,48,1
2678,manuel10,31,1
13786,manuele-porcelli,70,1
5077,manuelmontesm,90,1
14989,manuelsenior,37,1
2271,manurafa,34,1
18120,maocuervo,75,1
2671,maratderb,19,1
14424,marboen,23,1
5670,marc4u,61,1
16194,marcelmoitessier,39,1
2609,marcelo1957,72,1
3998,marcelo1957,65,2
18907,marcelo41,112,1
3615,marcelo905,99,1
15599,marceloberna,65,1
1572,marcelotjr,35,1
6295,marckflow,43,1
9949,marcliamlu031400,77,1
16950,marco-phoenix,92,1
16949,marco-phoenix,43,2
18171,marco2771,171,1
4101,marco753,47,1
8864,marco_moyano,28,1
20057,marcodisogno,109,1
6969,marcosaba,9,1
1109,marcosi99,46,1
340,marcospe1964,124,1
3057,marcossud185,70,1
14720,marcrid,90,1
1732,marcus_aurelius11,108,1
1755,marcuslavour,52,1
3632,marcuslavour,48,2
12909,mardavij1,110,1
12911,mardavij1,89,2
16691,mardonmat,127,1
18788,maredsous,61,1
7960,maregtypography,70,1
5053,marellik,34,1
16291,marellik,20,2
15776,marenno,79,1
4439,margune,107,1
4245,mariale200,88,1
4235,mariale200,54,2
440,marianocharly,2,1
11784,mariansklenar,50,1
14875,marigw,94,1
14871,marigw,90,2
14892,marigw,82,3
14883,marigw,78,4
14878,marigw,76,5
14891,marigw,74,6
14897,marigw,72,7
14900,marigw,72,7
14898,marigw,70,9
14866,marigw,66,10
14873,marigw,65,11
14882,marigw,64,12
14885,marigw,52,13
14876,marigw,50,14
14904,marigw,45,15
14887,marigw,42,16
14893,marigw,42,16
14870,marigw,40,18
14902,marigw,20,19
14865,marigw,14,20
11549,marik1914,99,1
11545,marik1914,46,2
11547,marik1914,39,3
789,marinaldodelphi,93,1
12224,marinaldodelphi,93,1
2786,marines2040,125,1
6683,marinho_797,65,1
15135,marinho_797,57,2
17582,marino123,22,1
851,mario455,70,1
12328,mario455,70,1
7208,mariobb,115,1
8261,mariobb,64,2
7209,mariobb,48,3
8260,mariobb,42,4
11894,mariocrippa,64,1
16644,mariocrippa,57,2
12103,mariofaro,72,1
2665,mariopotas,43,1
17426,marisav,49,1
11761,marius-za,53,1
19783,mariuseg,70,1
9737,mark-ko,15,1
723,mark1984,82,1
6601,markalone8,49,1
12925,markan456,135,1
12927,markan456,112,2
1598,markendofday,51,1
6620,marketa27,41,1
6408,markomejia7,28,1
17835,markosbueno,17,1
17836,markosbueno,7,2
724,markovits75,64,1
725,markovits75,59,2
14232,markozir,53,1
15900,marksmirniy,23,1
13122,marky0,61,1
14566,marlon6109,145,1
14558,marlon6109,135,2
14557,marlon6109,87,3
14564,marlon6109,62,4
14562,marlon6109,46,5
14567,marlon6109,19,6
6651,marmooool,90,1
200,marmoraka5,106,1
11427,marmoraka5,106,1
13754,marmoraka5,106,1
19075,marmoraka5,106,1
17188,marooned95,47,1
1515,marosv2,62,1
10336,marren47,82,1
12752,mars33,18,1
1626,marsal1958,64,1
5739,marsel08,43,1
14807,marsfj,2,1
10711,marshall-3860,38,1
19308,marsnk,63,1
19979,marstem,119,1
19962,marstem,105,2
19964,marstem,104,3
19969,marstem,102,4
19975,marstem,88,5
19977,marstem,65,6
19967,marstem,49,7
19973,marstem,45,8
19972,marstem,12,9
12152,marsupiales3v,48,1
8016,marta_monti,59,1
1587,martan1208,26,1
13161,martan1208,26,1
14779,martan1208,26,1
2919,martbryde,43,1
15656,martbryde,43,1
2920,martbryde,17,3
15657,martbryde,17,3
8750,marth3281,39,1
823,martha,103,1
14565,martiale,59,1
3553,martin1986,114,1
16066,martin4231,47,1
4698,martinbigi,9,1
14067,martincavoti,106,1
19517,martineden11,41,1
8033,martinef12,109,1
11466,martinlutherking,120,1
442,martinlutherking,56,2
19263,martinlutherking,15,3
15090,martix,77,1
16573,marudud,102,1
3966,marvaey,33,1
12567,marviher,43,1
13637,marwans,50,1
9916,maryam722,102,1
18276,marytemelnikaite,155,1
4555,mas201414,73,1
10534,masa-90,56,1
11243,masa-90,56,1
14040,masciu,35,1
9648,mashi,101,1
9660,mashi,86,2
9659,mashi,54,3
9628,mashi,53,4
9649,mashi,51,5
9643,mashi,48,6
9656,mashi,47,7
9641,mashi,46,8
9652,mashi,42,9
9639,mashi,41,10
9635,mashi,34,11
9645,mashi,33,12
9657,mashi,28,13
9631,mashi,26,14
9638,mashi,26,14
9627,mashi,23,16
9662,mashi,20,17
9640,mashi,18,18
9630,mashi,14,19
8142,maskedhunter,29,1
4453,masmaruc,23,1
6156,masomaso,36,1
13383,masonpafun,38,1
13391,masonpafun,35,2
13385,masonpafun,30,3
17043,masoud10,63,1
10193,masoud30,40,1
10188,masoud30,38,2
10192,masoud30,38,2
10189,masoud30,32,4
10194,masoud30,28,5
17957,masquerade,178,1
17972,masquerade,121,2
17963,masquerade,90,3
17971,masquerade,80,4
17952,masquerade,72,5
19018,masquerade,72,5
17961,masquerade,71,7
17966,masquerade,60,8
17953,masquerade,59,9
17968,masquerade,55,10
17975,masquerade,48,11
17956,masquerade,46,12
17969,masquerade,36,13
17974,masquerade,24,14
12017,masseik,44,1
19746,massimo80,45,1
15159,massimoff,72,1
392,master22ar,34,1
19952,master23,74,1
14357,master_vivek,110,1
3363,masterblaster123,32,1
7979,mastercaique,29,1
11134,masterchessssss,3,1
15722,masterf00,115,1
12456,masterhec,88,1
12457,masterhec,36,2
5543,masterkill1,40,1
11406,mastermax19,33,1
13733,mastermax19,33,1
19054,mastermax19,33,1
12891,mastermind14,170,1
9224,mastermoise,94,1
8314,masterofnone006,35,1
11367,mastersalomon,119,1
13458,mastersalomon,119,1
11378,mastersalomon,117,3
13469,mastersalomon,117,3
11371,mastersalomon,109,5
13462,mastersalomon,109,5
11386,mastersalomon,94,7
13477,mastersalomon,94,7
11364,mastersalomon,92,9
13455,mastersalomon,92,9
11374,mastersalomon,87,11
11384,mastersalomon,87,11
13465,mastersalomon,87,11
13475,mastersalomon,87,11
11373,mastersalomon,77,15
13464,mastersalomon,77,15
11363,mastersalomon,75,17
13454,mastersalomon,75,17
11361,mastersalomon,74,19
13452,mastersalomon,74,19
11368,mastersalomon,70,21
13459,mastersalomon,70,21
11358,mastersalomon,66,23
13449,mastersalomon,66,23
11379,mastersalomon,47,25
11388,mastersalomon,47,25
13470,mastersalomon,47,25
13479,mastersalomon,47,25
11383,mastersalomon,42,29
13474,mastersalomon,42,29
11381,mastersalomon,10,31
13430,mastersalomon,10,31
13472,mastersalomon,10,31
2441,masterzyd,151,1
2461,masterzyd,128,2
2464,masterzyd,97,3
2473,masterzyd,91,4
2436,masterzyd,84,5
2439,masterzyd,82,6
2451,masterzyd,70,7
2438,masterzyd,68,8
2459,masterzyd,63,9
2467,masterzyd,58,10
2449,masterzyd,57,11
2475,masterzyd,53,12
2454,masterzyd,45,13
2470,masterzyd,43,14
2447,masterzyd,40,15
2455,masterzyd,37,16
2443,masterzyd,34,17
2463,masterzyd,31,18
2452,masterzyd,19,19
2469,masterzyd,14,20
2465,masterzyd,7,21
18161,mastoo,89,1
18422,mastoo,38,2
444,mat-chess,31,1
1668,mata1234,47,1
7319,matador7,30,1
2055,matan_13,65,1
2265,mate69,64,1
5704,mate96,32,1
6826,matein33,17,1
18387,matemaatiikkabrah,59,1
6786,mateochess,156,1
1234,materna,104,1
9181,mateushn,75,1
9183,mateushn,7,2
20047,mateuslichess,36,1
20049,mateuslichess,25,2
16651,matevu,70,1
16629,matfey,76,1
4312,matheussouza50,15,1
5729,matheww,53,1
1838,mathhopper,157,1
1800,mathhopper,84,2
15015,mathhopper,84,2
1827,mathhopper,60,4
1798,mathhopper,58,5
15013,mathhopper,58,5
1835,mathhopper,44,7
14258,mathhopper,41,8
1830,mathhopper,40,9
1829,mathhopper,34,10
1836,mathhopper,34,10
1837,mathhopper,34,10
15876,mathmagician,50,1
14947,mathu21345,127,1
14940,mathu21345,97,2
14918,mathu21345,91,3
14953,mathu21345,89,4
14952,mathu21345,67,5
14933,mathu21345,61,6
14942,mathu21345,59,7
14944,mathu21345,56,8
14930,mathu21345,53,9
14923,mathu21345,50,10
14926,mathu21345,47,11
14938,mathu21345,46,12
14945,mathu21345,45,13
14932,mathu21345,44,14
14951,mathu21345,40,15
14935,mathu21345,34,16
14919,mathu21345,31,17
14928,mathu21345,24,18
14915,mathu21345,18,19
14937,mathu21345,14,20
14920,mathu21345,13,21
12427,matiasbaal,56,1
1122,matin1386,66,1
3454,matsuyev,57,1
16321,matsuyev,57,1
19974,matt_p_14,71,1
5799,matt_right_here,79,1
11889,matteo1234567890,54,1
11884,matteo1234567890,52,2
4932,matteobaio15,68,1
2515,matti2017,54,1
278,mattieuw2,80,1
1462,matty_sweetnuts,64,1
1467,matty_sweetnuts,62,2
14002,matuschi,21,1
11139,mau85,33,1
11336,maumau62,85,1
13607,maumau62,85,1
264,maumau62,70,3
1993,mauornelas,34,1
1991,mauornelas,19,2
15749,mauri_horsefighter,90,1
14905,mauriciano,73,1
17605,mauriciosampaio,50,1
7072,maurixx,70,1
7074,maurixx,11,2
17306,mauro0108,66,1
13124,mauro3,54,1
939,mauroduprat,33,1
15209,mavrikios,38,1
663,mavrincbor,56,1
18933,max1900,42,1
17627,max1966,30,1
11168,max2070,61,1
5687,maxaaauua,99,1
7267,maxcreed,110,1
7658,maxgy,67,1
4556,maxi_puan,71,1
983,maxiargentino,80,1
8850,maxim2009,8,1
2411,maximilianola,64,1
5605,maximillian9,81,1
5221,maximillian_08,159,1
5207,maximillian_08,100,2
5217,maximillian_08,98,3
5224,maximillian_08,75,4
5234,maximillian_08,75,4
5214,maximillian_08,73,6
5218,maximillian_08,68,7
5231,maximillian_08,67,8
5205,maximillian_08,65,9
5219,maximillian_08,64,10
5209,maximillian_08,60,11
5238,maximillian_08,57,12
5211,maximillian_08,56,13
5226,maximillian_08,52,14
5233,maximillian_08,38,15
5229,maximillian_08,35,16
5236,maximillian_08,32,17
5223,maximillian_08,22,18
5222,maximillian_08,11,19
11803,maximlavrage2744,54,1
15928,maximov33,61,1
7396,maximsopra,26,1
4584,maximus_2000,39,1
2135,maximusmaxi,5,1
16467,maximusod,108,1
16468,maximusod,92,2
16469,maximusod,62,3
16470,maximusod,47,4
16465,maximusod,41,5
16473,maximusod,21,6
4990,maximuspro,47,1
14216,maximvoron85,64,1
15105,maxkhog,20,1
6904,maxopg,61,1
6314,maxsfo,58,1
5737,maxtal,73,1
14587,maxvirga,76,1
990,maxwell_can,75,1
15546,maxwell_can,50,2
17461,maxwind,43,1
4194,maxzana,38,1
14376,may12345,190,1
7518,mayaapof,49,1
13997,mayuare,88,1
14263,mayuare,53,2
17568,mazhar_here,74,1
19479,mazorra,160,1
19504,mazorra,74,2
15751,mazpharaoh,130,1
15764,mazpharaoh,129,2
15778,mazpharaoh,104,3
15758,mazpharaoh,92,4
15779,mazpharaoh,78,5
15756,mazpharaoh,69,6
15786,mazpharaoh,68,7
15781,mazpharaoh,66,8
15760,mazpharaoh,65,9
15774,mazpharaoh,57,10
15767,mazpharaoh,56,11
15766,mazpharaoh,54,12
15762,mazpharaoh,51,13
15754,mazpharaoh,43,14
15775,mazpharaoh,43,14
15753,mazpharaoh,39,16
15773,mazpharaoh,39,16
15771,mazpharaoh,19,18
15783,mazpharaoh,13,19
57,mazyaraghgmail,28,1
4571,mazyulka,61,1
14101,mazzon,55,1
487,mb1981,71,1
7565,mbafna,39,1
1473,mbbal,32,1
14860,mbdoesntknowaname,25,1
9959,mbetel,31,1
11832,mbmabm,62,1
15121,mbodal,61,1
4559,mbodean,70,1
5445,mbreti,51,1
12162,mburch1974,113,1
12140,mburch1974,92,2
12153,mburch1974,61,3
12142,mburch1974,60,4
12158,mburch1974,59,5
12148,mburch1974,52,6
12163,mburch1974,46,7
12150,mburch1974,34,8
12145,mburch1974,24,9
12508,mc_perantau,61,1
19837,mcam,54,1
919,mccheese,86,1
930,mccheese,78,2
931,mccheese,74,3
938,mccheese,58,4
920,mccheese,50,5
934,mccheese,45,6
933,mccheese,44,7
928,mccheese,40,8
942,mccheese,36,9
922,mccheese,31,10
937,mccheese,22,11
932,mccheese,4,12
5072,mcdaman,116,1
5098,mcdaman,102,2
5068,mcdaman,83,3
5069,mcdaman,77,4
5084,mcdaman,67,5
5062,mcdaman,57,6
5093,mcdaman,51,7
5073,mcdaman,50,8
5063,mcdaman,46,9
5091,mcdaman,44,10
5095,mcdaman,41,11
5082,mcdaman,39,12
5078,mcdaman,28,13
5089,mcdaman,28,13
5080,mcdaman,23,15
5096,mcdaman,20,16
5075,mcdaman,14,17
5086,mcdaman,13,18
9651,mcervants,45,1
136,mdaboczi,9,1
4663,mdc,26,1
3751,mdware,31,1
11104,meaburro,94,1
4409,meadowsky,39,1
19268,meatwod,46,1
18142,mec966,12,1
3108,meccanoidg15,155,1
3122,meccanoidg15,122,2
3117,meccanoidg15,121,3
3133,meccanoidg15,118,4
3120,meccanoidg15,101,5
3114,meccanoidg15,93,6
3129,meccanoidg15,93,6
3125,meccanoidg15,81,8
3112,meccanoidg15,72,9
3106,meccanoidg15,69,10
3131,meccanoidg15,67,11
3134,meccanoidg15,65,12
3116,meccanoidg15,52,13
3126,meccanoidg15,33,14
3119,meccanoidg15,7,15
8706,mechmech007,20,1
5118,medanky64,87,1
19522,medhadhoud,83,1
3838,mednikov,113,1
4177,mednikov,24,2
13952,medomshakel,126,1
35,medovich,11,1
18414,medzayene,48,1
6903,meekrose,74,1
6899,meekrose,27,2
6898,meekrose,20,3
14364,meetbob,16,1
6270,megamind20765,151,1
11814,megarrex,99,1
4229,megashira,108,1
601,megatirfan,158,1
14733,megatron_1,54,1
3442,megdeg100,18,1
5116,megdospassos,64,1
3127,mehdi202020,48,1
2226,mehdi271,54,1
13312,mehdi271,42,2
1165,mehdi271,32,3
17598,mehdi271,29,4
14205,mehdi271,22,5
3332,mehdism,35,1
8286,mehdisoussichess12,41,1
14621,mehdiyaghinloo,37,1
6520,mehmetali_t,126,1
6514,mehmetali_t,123,2
6529,mehmetali_t,86,3
6527,mehmetali_t,74,4
6511,mehmetali_t,68,5
6515,mehmetali_t,50,6
6532,mehmetali_t,50,6
6512,mehmetali_t,49,8
6531,mehmetali_t,49,8
6533,mehmetali_t,39,10
6513,mehmetali_t,36,11
6524,mehmetali_t,29,12
6518,mehmetali_t,10,13
6521,mehmetali_t,10,13
6523,mehmetali_t,10,13
6517,mehmetali_t,8,16
6519,mehmetali_t,8,16
6522,mehmetali_t,8,16
11677,mehmetaligumus,64,1
10741,mehran021,39,1
19933,mehran1367,41,1
3481,meilong,58,1
16348,meilong,58,1
7185,meir,101,1
16799,meirk,40,1
11873,meisam71,170,1
291,mejjes,6,1
9477,mekaprofili,39,1
2053,mekri,68,1
19686,melibea1964,105,1
1423,melibea1964,42,2
1692,melihmetin,39,1
1238,mellowg7,17,1
17875,melo-near,108,1
6083,melo1905,89,1
17490,melvet,98,1
16896,melvet,95,2
13397,meme_master,103,1
13401,meme_master,100,2
13387,meme_master,97,3
13382,meme_master,77,4
13368,meme_master,75,5
13384,meme_master,65,6
13377,meme_master,59,7
13376,meme_master,58,8
13395,meme_master,55,9
13390,meme_master,47,10
13393,meme_master,45,11
13398,meme_master,34,12
13399,meme_master,32,13
13380,meme_master,31,14
13374,meme_master,17,15
13369,meme_master,9,16
13516,memmedzade,71,1
14993,menelaos1997,33,1
14992,menelaos1997,17,2
2248,menezeslucas,133,1
15048,menistro,42,1
7570,menofnoego,107,1
9532,menok,121,1
5300,menon19,72,1
12672,menzur,46,1
14549,menzur,46,1
7491,meowingtons,104,1
18394,meowingtons,74,2
11089,mercedesbenz,82,1
9509,merefelle,109,1
13936,merlin12,22,1
1899,mermeladadeperlas,90,1
6030,meroxa,113,1
6028,meroxa,43,2
6034,meroxa,33,3
14677,merro,129,1
8140,merse,91,1
2622,meru,33,1
14814,mesagh_ir,99,1
14816,mesagh_ir,31,2
14818,mesagh_ir,21,3
5989,messi08,106,1
826,messi08,92,2
17570,messiasjr,34,1
7230,messiosousa,4,1
2450,messiuz,51,1
19793,messyanswer,69,1
12893,mesutozcn,58,1
17606,meta_ratio,26,1
13027,metelv25103,22,1
4118,metinnazlioglu,70,1
13448,metinnazlioglu,70,1
7589,metiss141,69,1
17014,metlik,30,1
8136,mexcal92,58,1
5502,mexicanstaringfrog,22,1
18010,meysam_po,74,1
18824,meysimtrak,115,1
8979,meza82,78,1
15226,mezz75,66,1
2694,mezzomatto,57,1
17867,mferrer,118,1
13565,mfumunsakunevunda,147,1
6146,mgomezja,39,1
1379,mhamed_basti,124,1
791,mhamed_basti,23,2
12226,mhamed_basti,23,2
1856,mhd_boz,100,1
1289,mhysa,39,1
16366,mi88,54,1
17919,mi_gbc,74,1
8481,micahkohn,63,1
8477,micahkohn,43,2
8479,micahkohn,17,3
6992,micahtherock,38,1
6993,micahtherock,38,1
10837,micaiahwa,45,1
10833,micaiahwa,35,2
10839,micaiahwa,21,3
10840,micaiahwa,21,3
10834,micaiahwa,19,5
10835,micaiahwa,9,6
17232,michael1212,59,1
16546,michael_hackett,44,1
19022,michael_hackett,40,2
3995,michaelfield,112,1
3986,michaelfield,79,2
3993,michaelfield,60,3
8473,michaelfield,57,4
3994,michaelfield,51,5
3988,michaelfield,31,6
3985,michaelfield,2,7
8456,michaelgilbert,115,1
15223,michal007,120,1
2686,michal007,62,2
9741,michalfa,36,1
9742,michalfa,19,2
9740,michalfa,12,3
10896,michel_ferraz,68,1
8649,michele17,24,1
4197,michele2611,26,1
18603,micja,87,1
5235,mick17,65,1
5917,micky01,82,1
345,micmeta,96,1
10993,microcommega,131,1
10707,microcosmos,54,1
18446,microtop,33,1
2362,midav13,85,1
8402,midgestone,13,1
3690,midohazem,43,1
2716,mig_bra,65,1
7682,migarbi,75,1
5747,miguel1403,14,1
15936,miguel1994,101,1
7219,miguel65,76,1
4607,miguel_guerra1977,113,1
4608,miguel_guerra1977,9,2
8362,miguelhermoz,86,1
7703,miguelhopkins,102,1
16307,migueljaceblue007,79,1
1762,miguelnavarro,174,1
6655,miguelpor51584,35,1
14296,migzaz96,46,1
12361,mihael1958,46,1
16892,mihail58,92,1
5724,mihaslove,42,1
12555,mika2012,130,1
12559,mika2012,128,2
12558,mika2012,54,3
12562,mika2012,19,4
6183,mikael1998,46,1
3810,mikan25b,52,1
3808,mikan25b,20,2
9284,mikaone,70,1
17840,mike2443,69,1
10386,mikelet,72,1
8690,mikelo92,30,1
13394,mikeyslice,42,1
16254,mikezman,109,1
17360,mikhail_riemann,82,1
17350,mikhail_riemann,76,2
17365,mikhail_riemann,70,3
17378,mikhail_riemann,67,4
17375,mikhail_riemann,62,5
17367,mikhail_riemann,59,6
17362,mikhail_riemann,57,7
17376,mikhail_riemann,52,8
17354,mikhail_riemann,51,9
17351,mikhail_riemann,50,10
17357,mikhail_riemann,45,11
17370,mikhail_riemann,42,12
17363,mikhail_riemann,34,13
17355,mikhail_riemann,28,14
17372,mikhail_riemann,24,15
17361,mikhail_riemann,13,16
17145,mikhal,47,1
4773,miki21,150,1
1773,mikiduda,128,1
1765,mikiduda,114,2
1791,mikiduda,112,3
1776,mikiduda,109,4
1770,mikiduda,102,5
1781,mikiduda,93,6
1789,mikiduda,77,7
1780,mikiduda,60,8
1792,mikiduda,52,9
1779,mikiduda,50,10
1768,mikiduda,45,11
1790,mikiduda,45,11
1787,mikiduda,42,13
1788,mikiduda,26,14
1777,mikiduda,22,15
1769,mikiduda,9,16
19154,miko47,42,1
13579,mikro46,48,1
12741,mikroft,50,1
12742,mikroft,24,2
2636,miksu0,58,1
8579,mikull,51,1
6213,milad366,106,1
19383,miladahmadiasl,93,1
10437,miladghasemi,45,1
10150,milancuruvija,97,1
10147,milancuruvija,67,2
10151,milancuruvija,45,3
4038,miland,29,1
589,milanello,94,1
3017,milchvo,40,1
8568,milchvo,33,2
836,mileadam,120,1
12313,mileadam,120,1
7796,mileia,123,1
18588,milena2006,97,1
42,milestretch,71,1
7246,military_mat,39,1
12271,millennium_falcon,100,1
4390,millmead,48,1
6257,milojka,52,1
3707,mimik29,29,1
3709,mimik29,18,2
2012,mimirilinguis,114,1
2003,mimirilinguis,90,2
1999,mimirilinguis,84,3
2005,mimirilinguis,64,4
2017,mimirilinguis,61,5
2011,mimirilinguis,52,6
2014,mimirilinguis,49,7
2002,mimirilinguis,32,8
2013,mimirilinguis,21,9
11591,mindfulgaze,26,1
12470,mindworm,56,1
1422,minecraftbook,114,1
1419,minecraftbook,113,2
1429,minecraftbook,66,3
1426,minecraftbook,55,4
1431,minecraftbook,53,5
1432,minecraftbook,53,5
1430,minecraftbook,51,7
1421,minecraftbook,50,8
1428,minecraftbook,44,9
2509,mineirosincero,87,1
4107,minelkayra,7,1
19103,minelkayraaaaaa,2,1
12353,mineralkin,88,1
12348,mineralkin,78,2
12351,mineralkin,61,3
12352,mineralkin,50,4
12349,mineralkin,42,5
12344,mineralkin,34,6
12350,mineralkin,6,7
3903,minertyler100,2,1
19980,mingpro,102,1
8108,minhad,118,1
8112,minhad,91,2
8110,minhad,67,3
8107,minhad,55,4
8109,minhad,54,5
538,minigunexplosive,74,1
14130,minimal_5,45,1
17279,minimouf,54,1
146,minimouf,43,2
15178,miraclemb,3,1
2310,miraquivi,62,1
4521,mirco25,102,1
2782,mirek66,50,1
10291,miriammarques,125,1
11331,miriyalavikram,27,1
13602,miriyalavikram,27,1
11865,mirko-czentovic,105,1
9874,mirkomiko59,97,1
11932,mirkos,70,1
4342,miro61,69,1
9588,mironi,76,1
14423,mironov55,35,1
7613,miroslav1948,123,1
16712,miroslav1948,77,2
12493,miroslav1948,52,3
10817,miroslav1948,47,4
15099,mirpalu,58,1
1106,mirrorlrirrom,19,1
7584,mirtance,19,1
3772,misfox,94,1
3753,misfox,74,2
3764,misfox,68,3
3768,misfox,62,4
3762,misfox,56,5
3756,misfox,52,6
3767,misfox,25,7
3773,misfox,22,8
3770,misfox,16,9
3755,misfox,13,10
3758,misfox,9,11
8165,misha19701309,45,1
12991,misha91,39,1
8087,mishassio,50,1
3748,mishkajap,50,1
3744,mishkajap,42,2
3746,mishkajap,20,3
3239,misho1234,154,1
5256,misiek1909,10,1
6889,mistakeman,126,1
18635,mistakeman,126,1
3271,mister-xxx,64,1
3270,mister-xxx,40,2
14059,mistershy,105,1
14060,mistershy,78,2
14068,mistershy,72,3
14075,mistershy,72,3
14079,mistershy,58,5
14063,mistershy,45,6
14070,mistershy,35,7
14080,mistershy,25,8
14078,mistershy,21,9
14072,mistershy,14,10
3926,mitchell82,114,1
10882,mithew,55,1
11359,mitiko,61,1
13450,mitiko,61,1
7064,mitko90,56,1
18564,mitkonikov,138,1
18558,mitkonikov,112,2
18570,mitkonikov,98,3
18562,mitkonikov,96,4
18571,mitkonikov,94,5
18566,mitkonikov,70,6
18567,mitkonikov,64,7
18568,mitkonikov,62,8
18557,mitkonikov,57,9
18556,mitkonikov,47,10
18560,mitkonikov,17,11
5340,mitternachti,94,1
18739,mitya-2007,23,1
12777,mizginbae,76,1
14715,mizike559,55,1
15530,mizuna,84,1
1099,mja1991,204,1
17359,mjalali66,78,1
17358,mjalali66,73,2
2279,mjay123,103,1
11793,mjeshtri2,45,1
5260,mjkv90,46,1
5008,mk91,50,1
5702,mkmarijan,100,1
14844,mknamir,63,1
4167,mkovalev,41,1
14798,mkparker,23,1
6616,mlatasrb,63,1
6380,mldestroyer,30,1
17921,mlena,128,1
5045,mlkrt,83,1
18282,mlujanove,70,1
14756,mm_chess,8,1
1384,mmaric,55,1
993,mmarvin,12,1
2499,mmatias,26,1
12085,mmatkun,49,1
13566,mmblantn,72,1
17958,mmblantn,44,2
18139,mmh16n,47,1
13532,mmichael,81,1
13524,mmichael,77,2
13517,mmichael,75,3
13529,mmichael,62,4
13518,mmichael,43,5
13526,mmichael,43,5
13521,mmichael,40,7
13531,mmichael,22,8
6162,mmmaks61-dikiyvest,116,1
18131,mmmmm123456,42,1
19292,mmoon01,24,1
14927,mms014,47,1
5485,mmshatranj,29,1
15022,mn8,92,1
20006,mn8,92,1
18379,mnm,79,1
3086,moaffaq,38,1
10378,moana,61,1
4332,mobin1388,168,1
4341,mobin1388,156,2
4322,mobin1388,114,3
4320,mobin1388,113,4
4353,mobin1388,98,5
4324,mobin1388,93,6
4329,mobin1388,93,6
4348,mobin1388,91,8
4326,mobin1388,84,9
4339,mobin1388,77,10
4345,mobin1388,76,11
4352,mobin1388,75,12
4338,mobin1388,71,13
4350,mobin1388,62,14
4328,mobin1388,61,15
4333,mobin1388,61,15
4335,mobin1388,53,17
4330,mobin1388,49,18
4346,mobin1388,29,19
14450,mobin1388,21,20
12788,mocha2007,92,1
19884,modestovic,17,1
1813,moftichess,88,1
3822,mogensdk,25,1
18673,mohahakel,70,1
3141,mohahakel,42,2
7206,mohamad-1362,13,1
19496,mohamad_daneshgar,123,1
15886,mohamad_daneshgar,64,2
15632,mohamad_mohseniiii,43,1
19600,mohamadi46,88,1
14320,mohamed1996,83,1
15789,mohamed6alembel7acem,74,1
12077,mohamed_elgebaly,131,1
7279,mohamed_zekrallah81,113,1
13870,mohamedl2,24,1
4199,mohamedn,52,1
3300,mohammad1361,143,1
3296,mohammad1361,126,2
3301,mohammad1361,68,3
3297,mohammad1361,62,4
10598,mohammad1534,6,1
11307,mohammad1534,6,1
15087,mohammad180,94,1
18986,mohammad9182,151,1
12185,mohammad9182,139,2
10735,mohammad_baharan,112,1
10734,mohammad_baharan,103,2
10725,mohammad_baharan,101,3
10715,mohammad_baharan,72,4
10732,mohammad_baharan,72,4
10746,mohammad_baharan,72,4
10733,mohammad_baharan,62,7
10722,mohammad_baharan,57,8
10716,mohammad_baharan,53,9
10747,mohammad_baharan,52,10
10744,mohammad_baharan,44,11
10723,mohammad_baharan,36,12
10749,mohammad_baharan,8,13
2597,mohammadfazeli,80,1
15503,mohammadfazeli,80,1
12522,mohammadk86,38,1
1915,mohammadtayyebi,66,1
13564,mohmohcom2,110,1
13050,mohsen2100,95,1
3594,mohsen4630,67,1
11151,mohsenh,8,1
1186,moi34,56,1
15031,moistvonlipwig,109,1
20015,moistvonlipwig,109,1
15020,moistvonlipwig,103,3
20004,moistvonlipwig,103,3
15033,moistvonlipwig,102,5
20017,moistvonlipwig,102,5
15023,moistvonlipwig,77,7
20007,moistvonlipwig,77,7
15028,moistvonlipwig,63,9
20012,moistvonlipwig,63,9
15025,moistvonlipwig,22,11
20009,moistvonlipwig,22,11
9848,mojtaba_01,22,1
8169,molamola,60,1
8171,molder,80,1
9928,molochno,51,1
11366,momas,58,1
13457,momas,58,1
18212,momentaemore,59,1
18840,momiji,102,1
4817,momohi,87,1
3493,momozy2017,40,1
3824,monah11,64,1
3826,monah11,48,2
13020,monalisx,40,1
2007,monchuchak,171,1
2918,monchuchak,43,2
15655,monchuchak,43,2
6669,monclayer2,57,1
6865,monged01,77,1
18611,monged01,77,1
4029,monged01,39,3
19399,monia7887,110,1
17098,moniuska,106,1
17081,moniuska,95,2
11942,monkeyofwar,35,1
6708,monoreto,57,1
9103,monsternot,31,1
4285,monstruodelnorte,128,1
4287,monstruodelnorte,48,2
4289,monstruodelnorte,46,3
4286,monstruodelnorte,32,4
4291,monstruodelnorte,32,4
4288,monstruodelnorte,26,6
4282,monstruodelnorte,23,7
4284,monstruodelnorte,17,8
9600,montecristo,25,1
7793,monteiro87,45,1
8600,montillo,43,1
1211,montromsey,57,1
2925,monty1987,39,1
15662,monty1987,39,1
10786,monuwio,29,1
213,moon50,73,1
11440,moon50,73,1
13767,moon50,73,1
19088,moon50,73,1
219,moon50,40,5
15647,moonlightsignpost,99,1
9005,moonmen,147,1
12591,moonstars,58,1
4892,moossassoon,37,1
12265,mopialex,135,1
12971,moralchess,125,1
9432,morallygray,39,1
8502,morbit,30,1
9217,morcus,152,1
9215,morcus,57,2
15541,mordon,57,1
15545,mordon,49,2
15542,mordon,36,3
7144,morenobh,189,1
5950,morenobh,156,2
10089,morerice,120,1
12067,morethanchess,16,1
248,morficle,38,1
19224,morficle,38,1
8821,morficle,31,3
16989,morgane10,86,1
16987,morgane10,85,2
16984,morgane10,19,3
16988,morgane10,17,4
16986,morgane10,15,5
18246,morinerine,60,1
14903,morisok,101,1
9897,morochia,13,1
13703,morooo,85,1
10971,morpheuz,52,1
7787,morphyagain,102,1
6896,morrigan73,92,1
9614,morteza0088996655,39,1
9613,morteza0088996655,37,2
9616,morteza0088996655,33,3
8141,mortu,3,1
9478,mortzaa11,15,1
11352,mory06,86,1
12587,moryves,49,1
17342,mosaaalshammari,68,1
123,mosheaugustyn,26,1
6983,mosi64,80,1
15058,mossall,117,1
743,mossall,38,2
13378,mostaa,54,1
13326,mostafa42185,62,1
3403,mostafa6461,18,1
10754,mostafalellahi,24,1
11914,mostafaohamed,70,1
18523,mostar1974,83,1
19500,motacarlos,74,1
8244,motaz_ghunaim,38,1
6143,mothas,58,1
5931,motilal,60,1
9912,motion,45,1
9900,motion,28,2
9906,motion,18,3
9910,motion,14,4
9902,motion,11,5
9908,motion,5,6
10431,moty1,111,1
10438,moty1,101,2
10432,moty1,97,3
10434,moty1,91,4
10429,moty1,62,5
10433,moty1,48,6
10427,moty1,46,7
10439,moty1,32,8
10436,moty1,25,9
874,mouhieddine,65,1
876,mouhieddine,26,2
10128,mount_chess,62,1
13484,mouthpocketdevourer,101,1
1902,mouthpocketdevourer,69,2
3639,movieless,43,1
18698,movzez,102,1
4888,mozvr,71,1
16264,mpg78,52,1
14236,mpopisb,43,1
10003,mpumprla,108,1
2398,mr-brain,68,1
16993,mr47,130,1
16997,mr47,48,2
16994,mr47,28,3
6563,mr_90,34,1
18155,mr_goodcat,95,1
7582,mr_greek,39,1
2039,mr_nice,22,1
598,mr_pablo,62,1
600,mr_pablo,42,2
914,mr_quantum,100,1
16957,mr_ramen,27,1
2656,mr_t,131,1
2341,mr_zilgaze,23,1
15393,mr_zilgaze,23,1
12915,mra_py,96,1
18016,mra_py,81,2
12917,mra_py,68,3
6697,mrbass,35,1
3393,mrblue4030,46,1
7240,mrbond,99,1
11789,mrburns123,118,1
12664,mrchesso1,44,1
14541,mrchesso1,44,1
11402,mrciguma,69,1
12282,mrcrusher,113,1
12283,mrcrusher,21,2
1774,mrdgamer,12,1
4629,mredes,94,1
4511,mrencer,23,1
9361,mrgoh,52,1
18256,mrgun,113,1
10736,mrhankey,80,1
12374,mrhawk,171,1
12375,mrhawk,34,2
16610,mrheroin,29,1
19558,mrjv,87,1
19551,mrjv,71,2
19568,mrjv,69,3
19574,mrjv,69,3
19565,mrjv,57,5
19572,mrjv,57,5
19584,mrjv,57,5
19667,mrjv,57,5
19559,mrjv,55,9
19552,mrjv,53,10
19541,mrjv,45,11
19543,mrjv,41,12
19582,mrjv,40,13
19544,mrjv,37,14
19555,mrjv,32,15
19573,mrjv,26,16
19562,mrjv,25,17
19585,mrjv,24,18
19579,mrjv,23,19
19549,mrjv,21,20
19546,mrjv,20,21
19564,mrjv,19,22
19587,mrjv,16,23
19577,mrjv,9,24
2151,mrmaccc,51,1
15146,mrmandelbrot,84,1
15150,mrmandelbrot,76,2
15114,mrmandelbrot,65,3
15128,mrmandelbrot,60,4
15117,mrmandelbrot,55,5
15136,mrmandelbrot,52,6
15147,mrmandelbrot,49,7
15139,mrmandelbrot,48,8
15151,mrmandelbrot,48,8
15141,mrmandelbrot,46,10
15134,mrmandelbrot,32,11
15131,mrmandelbrot,26,12
1501,mrmikethe1,68,1
4161,mrmist,53,1
16835,mrnewtochess,33,1
13974,mronizuka,137,1
1045,mrphaseolusvulgaris,124,1
1035,mrphaseolusvulgaris,107,2
1038,mrphaseolusvulgaris,63,3
1041,mrphaseolusvulgaris,60,4
1040,mrphaseolusvulgaris,51,5
1039,mrphaseolusvulgaris,34,6
1044,mrphaseolusvulgaris,24,7
10589,mrra,104,1
11298,mrra,104,1
13085,mrsneef,54,1
18601,mrsuper,27,1
16589,mrtiniano,104,1
7379,mrttrn,104,1
5258,mrtx,115,1
5252,mrtx,114,2
5267,mrtx,113,3
5271,mrtx,100,4
5264,mrtx,81,5
5240,mrtx,74,6
5242,mrtx,68,7
5250,mrtx,65,8
5262,mrtx,64,9
5261,mrtx,62,10
5248,mrtx,57,11
5249,mrtx,54,12
5246,mrtx,53,13
5269,mrtx,53,13
5241,mrtx,51,15
5257,mrtx,49,16
5255,mrtx,45,17
5251,mrtx,25,18
14854,mrunank,82,1
14861,mrunank,81,2
14857,mrunank,61,3
14864,mrunank,43,4
14858,mrunank,39,5
14859,mrunank,39,5
14863,mrunank,35,7
4749,mrunobservant,98,1
18574,mrunobservant,46,2
4298,mrzoom47,85,1
4301,mrzoom47,85,1
4303,mrzoom47,53,3
4296,mrzoom47,51,4
4308,mrzoom47,51,4
4305,mrzoom47,41,6
4309,mrzoom47,39,7
4295,mrzoom47,23,8
8408,ms23,63,1
11087,msdigitall,89,1
8973,msexeter,48,1
14278,msg83,31,1
14198,msh58,58,1
7904,msmathlete1018,45,1
19512,mswest46,92,1
9514,mtabbakh2014,52,1
7287,mtboss,48,1
19804,mtchess,28,1
15967,mtnmcallister,92,1
15974,mtnmcallister,77,2
15971,mtnmcallister,72,3
15973,mtnmcallister,61,4
15969,mtnmcallister,53,5
15965,mtnmcallister,44,6
11902,mucizeci,117,1
11904,mucizeci,51,2
5564,mudasir,70,1
3765,muddel,25,1
769,muemmelmann,36,1
7596,muhammadafifi,31,1
2987,muhammadafifi,27,2
4978,muhammedbuba,110,1
11034,muibad4756,132,1
13793,mukhammad,86,1
17415,mukrisp,142,1
17405,mukrisp,101,2
17429,mukrisp,100,3
17428,mukrisp,86,4
17431,mukrisp,79,5
17410,mukrisp,72,6
17443,mukrisp,71,7
17435,mukrisp,69,8
17422,mukrisp,68,9
17423,mukrisp,57,10
17418,mukrisp,56,11
17419,mukrisp,55,12
17420,mukrisp,55,12
17437,mukrisp,55,12
17433,mukrisp,51,15
17413,mukrisp,47,16
17401,mukrisp,42,17
17447,mukrisp,41,18
17407,mukrisp,33,19
17409,mukrisp,31,20
17445,mukrisp,31,20
17425,mukrisp,12,22
12286,mukuyanzi,57,1
2528,mumby,80,1
2941,muorota,18,1
16548,murat5989,9,1
15072,muratahmet,52,1
7728,muratkocak,33,1
16242,murhmurh,54,1
13045,murka69,69,1
14673,mursali,52,1
13523,mursi_99,110,1
15348,mursi_99,44,2
17954,muschina,57,1
9270,musemi,50,1
1235,mushnik,55,1
13022,musimustang,45,1
4737,muskokadave,147,1
3813,mussomarco,62,1
15444,mustafa1999,52,1
18895,mustafa888,50,1
4836,mustang25,45,1
3576,mustangsally,43,1
2485,mustapha_fouad,8,1
2274,musya_says,119,1
6035,mutdpro,47,1
1910,mvl9000,170,1
11400,mvl9000,59,2
15255,mvl9000,47,3
4557,mvresh,51,1
5668,mwm57,124,1
12923,my_stile0044,32,1
260,myalcin64,38,1
15635,myalcin64,23,2
9852,mycro,30,1
15243,myel,74,1
8004,myforce,140,1
2334,myklfriend,36,1
15386,myklfriend,36,1
10869,myllarau,83,1
10671,myllarau,80,2
8967,mymanmitch65,114,1
8969,mymanmitch65,102,2
8962,mymanmitch65,74,3
8971,mymanmitch65,50,4
8968,mymanmitch65,37,5
8963,mymanmitch65,32,6
8964,mymanmitch65,31,7
7621,myron1950,66,1
11952,mysterious_expert,82,1
11953,mysterious_expert,40,2
8226,mysteriouslabyrinth,131,1
12745,mytridates2,49,1
12744,mytridates2,15,2
3368,myxavi4,69,1
16220,myxavi4,63,2
16217,myxavi4,33,3
7749,myzika51,21,1
10190,mzaemcee,79,1
14157,n1ku,41,1
11907,n1nja,139,1
5282,n3manja,37,1
14267,nacabel,29,1
17366,nacekpacek,111,1
15999,nachiket7,52,1
6418,nachoilles,129,1
17649,nachopochettino,46,1
2927,nacim,3,1
288,nadanadora,72,1
293,nadanadora,72,1
287,nadanadora,71,3
292,nadanadora,69,4
296,nadanadora,44,5
295,nadanadora,29,6
8796,naders307,41,1
5642,nadine17ninette,30,1
13687,nadir123,90,1
6618,nadir123,53,2
3193,nag8rao,61,1
10013,nagibator,37,1
13589,nagibator001,48,1
6765,nahuelam,81,1
18828,nairobigal,78,1
16382,nairwolf,64,1
8778,naivnet,16,1
5614,nak23,20,1
18227,nakuradesu,102,1
18194,nakuradesu,91,2
18222,nakuradesu,88,3
18200,nakuradesu,86,4
18191,nakuradesu,82,5
18208,nakuradesu,56,6
18231,nakuradesu,56,6
18199,nakuradesu,53,8
18225,nakuradesu,50,9
18221,nakuradesu,47,10
18198,nakuradesu,39,11
18205,nakuradesu,38,12
18219,nakuradesu,38,12
18211,nakuradesu,36,14
18203,nakuradesu,17,15
6599,nalamothu,46,1
15469,nalimfaaz33,87,1
18939,namantyagi,111,1
18940,namantyagi,86,2
18938,namantyagi,56,3
14312,namasayapusher,96,1
5800,namihaghighat,100,1
19471,namreh21,129,1
13772,namreh21,86,2
3699,nanang8231,12,1
5329,nanaplaza,106,1
12401,nandito_messi,67,1
438,nandito_messi,26,2
3754,nano51,45,1
4826,naoseijogar,37,1
16581,naoufel,97,1
2403,napoleon22,41,1
2401,napoleon22,18,2
13076,napoleon_solo,89,1
13070,napoleon_solo,73,2
13073,napoleon_solo,53,3
13081,napoleon_solo,51,4
13074,napoleon_solo,40,5
13079,napoleon_solo,29,6
13072,napoleon_solo,20,7
7922,narcisse29,37,1
12721,narendar,61,1
16436,narges123,105,1
16440,narges123,83,2
16438,narges123,35,3
1659,nargues,79,1
13289,nariman_masoumi,70,1
3672,narkruin,46,1
8647,nas75,120,1
14572,nas75,110,2
6059,nash300,150,1
6061,nash300,96,2
6064,nash300,78,3
6050,nash300,77,4
6052,nash300,75,5
6069,nash300,72,6
6057,nash300,56,7
6073,nash300,55,8
6067,nash300,48,9
6070,nash300,26,10
6075,nash300,20,11
6062,nash300,17,12
10176,nashi,72,1
16800,nasik1,45,1
5393,nasrollahi,38,1
19806,nass,91,1
1378,naster1,141,1
3620,nastygrapefruit,32,1
12928,natalino_master,39,1
14879,natalua,62,1
13621,natanael92,25,1
8397,nathan_r_green,40,1
1929,nathanpolishop,41,1
14105,natogomes,71,1
15227,natula,80,1
7933,naucrates,41,1
11655,navagradak,130,1
10808,navid777,118,1
15516,navid777,48,2
10559,navik,39,1
11268,navik,39,1
6542,navin,32,1
16300,naxcivanni44,7,1
4219,nayef-26,35,1
14810,nazarbeg,30,1
3656,ndjen,132,1
18213,ndnaren,85,1
5972,neays2390,48,1
5970,neays2390,23,2
5974,neays2390,14,3
4941,nebchess,39,1
6726,nebmes,66,1
5803,nebulamorgue,44,1
8705,nederlander2,128,1
8685,nederlander2,95,2
8711,nederlander2,79,3
8696,nederlander2,76,4
8691,nederlander2,73,5
8713,nederlander2,70,6
8693,nederlander2,63,7
8680,nederlander2,62,8
8689,nederlander2,58,9
8697,nederlander2,58,9
8700,nederlander2,58,9
8710,nederlander2,52,12
8709,nederlander2,49,13
8712,nederlander2,45,14
8694,nederlander2,16,15
4396,neelsg,22,1
687,negativegerilla,56,1
4490,neikos,72,1
15026,neil1996,62,1
20010,neil1996,62,1
2167,neil69,20,1
14689,neilgally,88,1
1420,neilgally,30,2
10041,neilswarner,11,1
10440,nekiy,17,1
5594,nelson421,69,1
7438,nemanjanjanja,40,1
8610,nemi007,36,1
3547,nemo95,45,1
1333,nemrod_44,41,1
1275,neo58,47,1
8454,neoagus,67,1
10997,neom,55,1
15460,neon12321,55,1
9155,nephi,30,1
6457,nepnep,69,1
7484,nepnoob,35,1
11895,nerceiram,120,1
9320,nerysas,35,1
11105,nesa,74,1
6790,nesa10,168,1
8078,nesa10,89,2
9089,nesa10,86,3
4979,nesa10,81,4
4975,nesa10,64,5
10518,nesa10,55,6
11227,nesa10,55,6
5498,nescau12,54,1
189,nespil,54,1
18240,nesta002,78,1
16376,net_knight,78,1
13701,networkchess2,153,1
13689,networkchess2,105,2
13692,networkchess2,89,3
13690,networkchess2,83,4
13686,networkchess2,81,5
13704,networkchess2,81,5
13720,networkchess2,71,7
13698,networkchess2,68,8
13719,networkchess2,67,9
13683,networkchess2,55,10
13711,networkchess2,41,11
13696,networkchess2,37,12
13693,networkchess2,35,13
13707,networkchess2,35,13
13684,networkchess2,27,15
13699,networkchess2,25,16
13714,networkchess2,17,17
13717,networkchess2,7,18
13716,networkchess2,2,19
13702,networkchess2,1,20
2688,neuquelino,52,1
11121,never2lose,44,1
17168,newbieboss,17,1
9884,newbieee,29,1
9886,newbieee,3,2
2913,newfisher,72,1
6081,newritor,23,1
12545,newterminator,123,1
7816,newton65,37,1
17247,nexovec,99,1
17240,nexovec,83,2
17246,nexovec,35,3
17243,nexovec,25,4
14655,neysilva,31,1
19560,nezhmeth,39,1
511,nf1951,6,1
178,nf3isstrong,81,1
14917,ngrden,36,1
11698,niagrad,95,1
11696,niagrad,42,2
1450,niamor,29,1
15860,niamor,7,2
1679,nibyja,107,1
9675,nicemen65,71,1
2016,nicemen_65,9,1
11717,nichecorner,70,1
19340,nichecorner,70,1
10173,nicholas130,24,1
4695,nicholas9999,46,1
4707,nicholas9999,30,2
4701,nicholas9999,27,3
4704,nicholas9999,25,4
16073,nicimacar,60,1
1388,nick_p,48,1
11469,nickatikatom,2,1
15445,nickbellamossa,61,1
15079,nickelange,78,1
5382,nicklars,79,1
8338,nicklars,75,2
449,nickm3,34,1
9637,nicknick33,61,1
17560,nickol,54,1
10614,nickolay88,19,1
14379,nickstator17,56,1
13057,nico1990,129,1
13056,nico1990,120,2
13054,nico1990,103,3
13048,nico1990,85,4
13051,nico1990,80,5
13052,nico1990,69,6
13049,nico1990,56,7
13046,nico1990,51,8
14097,nico6,65,1
14790,nico_sage,68,1
14791,nico_sage,23,2
14792,nico_sage,16,3
2295,nicobabla,122,1
8613,nicodeme,51,1
15005,nicola1396,90,1
15520,nicola1396,53,2
15421,nicolasabdala,38,1
17654,nicolascacchi,25,1
10980,nicolehogey,130,1
5646,nicollest,87,1
16061,nicomoli,45,1
13271,nicomottaye,7,1
4137,nicopeintre06,57,1
17399,nicoscav,170,1
19513,nicotoneatto,43,1
6858,nidhwal,62,1
18604,nidhwal,62,1
821,niftyleopard,75,1
819,niftyleopard,43,2
16043,nigelnaomi,59,1
16035,nigelnaomi,40,2
16037,nigelnaomi,40,2
16041,nigelnaomi,39,4
16036,nigelnaomi,31,5
16034,nigelnaomi,27,6
16031,nigelnaomi,20,7
16033,nigelnaomi,4,8
13617,nightfury1,22,1
7550,nightofblacksnow,17,1
18900,nightraven2010,12,1
19576,nihad88,114,1
16695,niikac,88,1
12939,nijs1,148,1
12166,nik05master,104,1
2220,nik1579,173,1
10265,nik2,15,1
1391,nik221107,104,1
5,nik221107,95,2
11312,nik221107,95,2
1620,nik99,124,1
1614,nik99,83,2
1612,nik99,78,3
1615,nik99,41,4
1617,nik99,37,5
1611,nik99,25,6
15238,nik_ulaa,41,1
7595,nikaeradze,71,1
9245,nikal1988,71,1
12253,nikfom57,21,1
1222,nikita0690,75,1
11728,nikitosspb,166,1
11742,nikitosspb,101,2
11745,nikitosspb,92,3
11733,nikitosspb,65,4
11744,nikitosspb,63,5
11735,nikitosspb,29,6
11068,nikkan,51,1
15701,nikkitah,43,1
14848,nikkitah,24,2
17060,nikokg82,53,1
8339,nikola-t,71,1
17212,nikolai008,27,1
14805,nikolas99,24,1
11167,nikolay111,39,1
3960,nikolay4,15,1
9212,nikolay55,151,1
9738,nikolic,29,1
14872,nikos_s,51,1
731,nikosioannidis,58,1
8100,nikosioannidis,39,2
8326,nikprivet,50,1
13030,nil06,41,1
19893,nileshsar,14,1
5020,niloybarua8998,50,1
5018,niloybarua8998,38,2
7874,nilsdernoob,31,1
17481,nima7445675,84,1
625,nimaaa73,76,1
15487,nimac60,31,1
15172,nimanimanima,133,1
15162,nimanimanima,99,2
15158,nimanimanima,71,3
15167,nimanimanima,63,4
15152,nimanimanima,57,5
15160,nimanimanima,41,6
15164,nimanimanima,39,7
15166,nimanimanima,36,8
15155,nimanimanima,32,9
15173,nimanimanima,21,10
15170,nimanimanima,20,11
1912,nimeni21,160,1
7058,nimport9,58,1
2168,ninjapanda,64,1
6460,ninjoe,60,1
7723,ninmcasteo,64,1
17110,ninocrea,134,1
17601,ninocrea,73,2
3496,ninoelle,15,1
9141,nirashim,97,1
3472,niroggo,25,1
16339,niroggo,25,1
9159,nishantha,16,1
15165,nishi_nicky,31,1
18894,nitche,27,1
305,nitegazer,96,1
18280,nitheshgudar,20,1
6446,nitin123,86,1
6450,nitin123,62,2
6444,nitin123,42,3
18773,nitin88,60,1
5501,nitink1,31,1
8937,nitsua49,94,1
8918,nitsua49,90,2
8912,nitsua49,74,3
8922,nitsua49,73,4
8915,nitsua49,71,5
8946,nitsua49,66,6
8940,nitsua49,60,7
8911,nitsua49,58,8
8933,nitsua49,56,9
8949,nitsua49,56,9
8932,nitsua49,51,11
8950,nitsua49,48,12
8929,nitsua49,47,13
8917,nitsua49,42,14
8952,nitsua49,40,15
8954,nitsua49,37,16
8923,nitsua49,33,17
8925,nitsua49,32,18
8935,nitsua49,29,19
8919,nitsua49,28,20
2154,nitxcool,92,1
5436,nitzs,72,1
18340,nitzs,72,1
13062,niyousha64,53,1
12378,nk3,48,1
2698,nk3,44,2
6086,nk3,42,3
14010,nknyazev,92,1
14015,nknyazev,72,2
14012,nknyazev,54,3
14016,nknyazev,52,4
12362,nmchamp,50,1
16935,nmelham,45,1
8928,nn2x,60,1
18959,nnn2012,102,1
5331,nobody_cares,45,1
8814,nobodyreally,67,1
5435,nobodyreally,2,2
18339,nobodyreally,2,2
691,noddlep2,32,1
692,noddlep2,26,2
6852,nogay_ata,85,1
12837,nojoke,84,1
2353,nokeiz,19,1
13080,noklu,109,1
6249,nolletow,65,1
10521,nolp,144,1
11230,nolp,144,1
8679,nomad22,120,1
8620,nomad27,82,1
5696,nomadic_george,50,1
9696,nomadic_george,46,2
4798,nomadre,33,1
12743,nomaschess,36,1
11883,nomatter9230,179,1
11872,nomatter9230,151,2
11870,nomatter9230,129,3
11868,nomatter9230,118,4
11879,nomatter9230,117,5
11876,nomatter9230,93,6
11869,nomatter9230,61,7
11874,nomatter9230,46,8
11878,nomatter9230,35,9
11881,nomatter9230,28,10
13066,nombre9000,10,1
17724,nono42,107,1
16960,nonochekat,51,1
18539,nonomon,50,1
18714,noob47,77,1
18704,noob47,67,2
18706,noob47,61,3
18696,noob47,51,4
18715,noob47,47,5
18708,noob47,35,6
18699,noob47,33,7
18713,noob47,27,8
18702,noob47,25,9
18716,noob47,24,10
18703,noob47,9,11
12138,noobdude,138,1
12109,noobdude,124,2
12118,noobdude,121,3
12131,noobdude,95,4
12104,noobdude,92,5
12130,noobdude,92,5
12134,noobdude,89,7
12101,noobdude,86,8
12120,noobdude,82,9
12102,noobdude,74,10
12106,noobdude,73,11
12107,noobdude,66,12
12117,noobdude,63,13
12123,noobdude,61,14
12122,noobdude,57,15
12132,noobdude,56,16
12114,noobdude,52,17
12116,noobdude,50,18
12128,noobdude,44,19
12111,noobdude,39,20
12136,noobdude,31,21
6643,nooberdog,57,1
14670,nora1393,39,1
2592,norevv,89,1
15498,norevv,89,1
17237,nork,63,1
17235,nork,56,2
17234,nork,53,3
5296,normalman,23,1
14901,normalplayerr,32,1
9646,norok_orion,42,1
5579,norrin,46,1
3983,norris,6,1
19776,northface77,59,1
17946,norwaymc,22,1
10684,nosoygonzalo,28,1
9226,not-cheating,116,1
9232,not-cheating,22,2
5453,notsoyoungme,77,1
5811,novecento,116,1
7477,novicepatzer,10,1
14051,novorojden,54,1
19859,nrgman,47,1
11858,nrrbar,137,1
2969,nspkumar79,46,1
989,nssf24,51,1
8815,nssf24,31,2
634,ntam,88,1
12004,ntam,88,1
631,ntam,71,3
12001,ntam,71,3
629,ntam,64,5
11999,ntam,64,5
633,ntam,34,7
12003,ntam,34,7
5328,ntriggers,26,1
5297,nubas1k,23,1
6175,nuffsaidm8,147,1
6169,nuffsaidm8,123,2
6149,nuffsaidm8,64,3
6063,nuffsaidm8,63,4
6151,nuffsaidm8,54,5
6164,nuffsaidm8,53,6
6167,nuffsaidm8,53,6
6152,nuffsaidm8,52,8
6155,nuffsaidm8,52,8
6179,nuffsaidm8,47,10
6159,nuffsaidm8,43,11
6166,nuffsaidm8,38,12
6185,nuffsaidm8,37,13
6181,nuffsaidm8,34,14
6174,nuffsaidm8,33,15
6171,nuffsaidm8,31,16
6178,nuffsaidm8,25,17
6153,nuffsaidm8,23,18
6158,nuffsaidm8,18,19
6163,nuffsaidm8,11,20
6147,nuffsaidm8,3,21
6672,nuhbek,154,1
6673,nuhbek,96,2
8978,nullbyte,139,1
8987,nullbyte,115,2
8994,nullbyte,101,3
9004,nullbyte,94,4
9001,nullbyte,89,5
8998,nullbyte,88,6
8983,nullbyte,85,7
8988,nullbyte,85,7
8996,nullbyte,80,9
9006,nullbyte,63,10
8989,nullbyte,56,11
9002,nullbyte,54,12
8985,nullbyte,52,13
8984,nullbyte,48,14
9000,nullbyte,48,14
8993,nullbyte,43,16
8981,nullbyte,38,17
8381,nullvalue,44,1
2284,nulozechecs,113,1
13627,nulozechecs,108,2
11983,nulozechecs,64,3
10964,numbskull1,14,1
3456,numer85,72,1
16323,numer85,72,1
6248,nuprow,60,1
14165,nur0c,64,1
14169,nur0c,60,2
14168,nur0c,58,3
3089,nurik88,42,1
16806,nuruasakir,49,1
3997,nvkrk,42,1
4533,nvz1000,89,1
8040,nwr7794,53,1
13654,nytik,47,1
16479,nzic,68,1
6855,o-king-o,150,1
6851,o-king-o,147,2
6846,o-king-o,142,3
6837,o-king-o,88,4
6856,o-king-o,72,5
6838,o-king-o,70,6
6844,o-king-o,53,7
6848,o-king-o,33,8
6842,o-king-o,30,9
5845,o-renn,49,1
4173,o4leaf,67,1
15963,o9k8a7n6,48,1
14968,oalbacete,16,1
19489,oamora,101,1
19491,oamora,47,2
13496,oanacampioana,53,1
17277,obez9,60,1
979,obida2017,35,1
17756,obignu,59,1
1309,obinmon,44,1
18218,obito2331,45,1
5634,obizor,40,1
19483,obladaetchess,33,1
2399,obliquenoir,24,1
2861,observer65,57,1
9436,obuveni_hadzija,32,1
5456,ocean56,90,1
5473,oceanicharvest,117,1
5468,oceanicharvest,81,2
5482,oceanicharvest,59,3
5466,oceanicharvest,52,4
5467,oceanicharvest,49,5
5478,oceanicharvest,31,6
5480,oceanicharvest,31,6
5479,oceanicharvest,27,8
5475,oceanicharvest,21,9
5477,oceanicharvest,4,10
5470,oceanicharvest,3,11
1922,oceannnn,3,1
16272,oceanomaroceano,54,1
18214,oceanomaroceano,33,2
3681,ocramx,68,1
4100,octavarium,5,1
18400,octavia,68,1
2776,octaviandd,99,1
10022,octocent,64,1
17795,odalv,74,1
20040,oddskill,57,1
6033,odeszadefense,65,1
13824,odinaev,23,1
17504,odinchert,46,1
9595,odnoselchanin,50,1
15881,odri,69,1
788,odrim,66,1
12223,odrim,66,1
3282,odxaan,102,1
3279,odxaan,92,2
15278,oev,54,1
18239,ofirkr,130,1
3337,ofirkr,101,2
15699,ofirshukrun74,67,1
13304,ogalo67,60,1
12289,ogeldi,152,1
12291,ogeldi,120,2
12288,ogeldi,52,3
7318,oggy04,156,1
7331,oggy04,142,2
7333,oggy04,120,3
7309,oggy04,117,4
7341,oggy04,85,5
7326,oggy04,67,6
7312,oggy04,65,7
7322,oggy04,62,8
7329,oggy04,62,8
7311,oggy04,58,10
7323,oggy04,53,11
7325,oggy04,43,12
7313,oggy04,38,13
7316,oggy04,35,14
7307,oggy04,33,15
7336,oggy04,31,16
7332,oggy04,19,17
7338,oggy04,13,18
9708,ogl1,74,1
8052,ognyn,82,1
6535,ogul,71,1
1176,ogun,50,1
11823,oguzkagangurer,106,1
11817,oguzkagangurer,103,2
11819,oguzkagangurer,92,3
11824,oguzkagangurer,77,4
11808,oguzkagangurer,71,5
11811,oguzkagangurer,67,6
11821,oguzkagangurer,64,7
11812,oguzkagangurer,57,8
11043,ogx,37,1
3187,ohnoyoyo,39,1
679,oilen1401,107,1
18258,oink_oink_iam_pigman,30,1
11060,ojot,72,1
8370,ojuara08,50,1
10461,okanava,76,1
10460,okanava,70,2
10463,okanava,69,3
9059,okesm,33,1
1358,okportenko,35,1
1129,oktay0007,36,1
6416,oktry,46,1
11536,okulus,77,1
388,olaih85,27,1
8349,oldcodger99,115,1
8357,oldone69,57,1
10085,oldone69,42,2
8359,oldone69,33,3
77,oldpaths,131,1
86,oldpaths,114,2
96,oldpaths,85,3
85,oldpaths,71,4
71,oldpaths,62,5
94,oldpaths,62,5
69,oldpaths,61,7
81,oldpaths,61,7
67,oldpaths,57,9
82,oldpaths,57,9
74,oldpaths,54,11
91,oldpaths,51,12
76,oldpaths,50,13
62,oldpaths,49,14
89,oldpaths,48,15
79,oldpaths,47,16
70,oldpaths,44,17
97,oldpaths,38,18
63,oldpaths,32,19
93,oldpaths,28,20
88,oldpaths,20,21
917,oldscout108,160,1
11419,oldsim,59,1
13746,oldsim,59,1
19067,oldsim,59,1
17302,oldsock,3,1
19668,oldtom,39,1
16364,ole_kobra,79,1
12073,olefm,49,1
12072,olefm,7,2
17436,oleg-tsebro,33,1
17005,oleg_belov,60,1
17160,olegsam94,100,1
15463,olegsevmor,62,1
3801,olek333,57,1
1108,olek333,35,2
13817,olenchuk,118,1
521,olesam,41,1
8229,oligo,50,1
9024,olinchuk,92,1
14122,olivenwan,50,1
9293,olivia77,21,1
2669,olivier1972,49,1
18426,olorinn,67,1
18429,olorinn,38,2
4113,om1665061,171,1
4105,om1665061,53,2
4114,om1665061,28,3
4106,om1665061,26,4
4110,om1665061,17,5
4204,omar78,86,1
2339,omar_naguib,142,1
15391,omar_naguib,142,1
2338,omar_naguib,72,3
15390,omar_naguib,72,3
18294,omara33718,69,1
12688,omara33718,34,2
16977,omarelrefahi,56,1
6869,omarfonseca,91,1
18615,omarfonseca,91,1
2395,omarhendawii,56,1
5513,omelas,55,1
15506,omer_abdeen,94,1
11853,omerakbas,104,1
10544,omid123,74,1
11253,omid123,74,1
12868,omid163,94,1
119,omid163,40,2
13728,omid163,40,2
18734,omid27,103,1
18729,omid27,87,2
18727,omid27,85,3
18731,omid27,77,4
18724,omid27,69,5
18733,omid27,65,6
18732,omid27,5,7
3298,omid_abadani,45,1
18116,omideslahi,29,1
18303,omidream1,45,1
17506,omikulk,37,1
15744,omni11,64,1
7829,omniomega77,33,1
7827,omniomega77,27,2
1511,omnivoid,42,1
8924,ompolbabi2,24,1
1704,on_wave,87,1
1494,onecert,29,1
8369,onehundredselected,56,1
14285,oneiweaselwith2balls,94,1
18573,oneload,82,1
6626,oniav,57,1
11157,onikichi,95,1
14978,onkeloeyvind,54,1
1090,onkelvladi,86,1
8799,onlineth1,31,1
16887,onlysully,85,1
3221,onurduyuyorum,40,1
7673,onuzq,53,1
13592,oo_anzar_oo,52,1
1442,opabinia2401,50,1
14257,opabinia2401,19,2
11700,ophthalmophobia,51,1
16859,opium_lady,64,1
3151,opposers,57,1
19718,optiprime,90,1
8545,oracleman,91,1
10046,orange19,44,1
2876,orangeandblue,43,1
2875,orangeandblue,34,2
8438,orderedletters,41,1
6628,ordo,89,1
4117,oreo_or_orion,91,1
10354,organ716,52,1
4524,orho,60,1
12643,orhok,50,1
7293,oriol_26,69,1
15137,oriol_26,33,2
16681,orionnebula1976,75,1
2736,orivera,119,1
9487,orlaine,56,1
9541,orloff82,33,1
5363,oroszlan,57,1
14362,osalbay,76,1
4086,oscar6905,33,1
16253,oscarg1100,31,1
12156,oscarn,68,1
16183,osensey,45,1
6051,oskar5,73,1
19472,oskarbuppha,85,1
5004,oso_bucholz,158,1
5001,oso_bucholz,150,2
4977,oso_bucholz,115,3
5002,oso_bucholz,110,4
4998,oso_bucholz,109,5
4986,oso_bucholz,84,6
4994,oso_bucholz,83,7
4992,oso_bucholz,72,8
5007,oso_bucholz,68,9
4985,oso_bucholz,66,10
4982,oso_bucholz,63,11
4991,oso_bucholz,60,12
4995,oso_bucholz,52,13
5000,oso_bucholz,50,14
5005,oso_bucholz,50,14
4997,oso_bucholz,45,16
4999,oso_bucholz,45,16
4981,oso_bucholz,43,18
4988,oso_bucholz,28,19
6323,osolorio,62,1
9938,osorio13,72,1
17944,ospreyt,52,1
17950,ospreyt,39,2
17947,ospreyt,31,3
3175,ostal,45,1
10494,ostap1964,53,1
11197,osvaldo_cascavel,69,1
2681,otafc123,21,1
10844,otari,39,1
10845,otari,38,2
9153,otco,63,1
1115,otek7272,86,1
1530,otek7272,41,2
8280,oups5,169,1
6482,ouroboros1984,33,1
6907,oussamagmaster,45,1
1565,outrageouscheese,70,1
11199,overthehills,73,1
15184,ower_game06,73,1
19121,owlsquawk,45,1
7445,ox_brilliant,62,1
11604,oxidizenberg,76,1
14237,oxin,21,1
3146,oyochess,138,1
5067,oysandvik94,54,1
15618,oyvind1405,47,1
6150,ozankerem,36,1
9779,ozguragarr,169,1
9786,ozguragarr,118,2
9756,ozguragarr,108,3
9771,ozguragarr,94,4
9765,ozguragarr,90,5
9750,ozguragarr,87,6
9767,ozguragarr,84,7
9752,ozguragarr,83,8
9757,ozguragarr,70,9
9759,ozguragarr,68,10
9769,ozguragarr,68,10
9762,ozguragarr,64,12
9761,ozguragarr,61,13
9774,ozguragarr,60,14
9777,ozguragarr,60,14
9764,ozguragarr,57,16
9773,ozguragarr,54,17
9770,ozguragarr,53,18
9758,ozguragarr,49,19
9754,ozguragarr,47,20
9784,ozguragarr,46,21
9753,ozguragarr,45,22
9780,ozguragarr,44,23
9782,ozguragarr,43,24
9751,ozguragarr,42,25
9768,ozguragarr,41,26
9775,ozguragarr,41,26
9776,ozguragarr,41,26
9783,ozguragarr,40,29
9760,ozguragarr,35,30
9755,ozguragarr,34,31
9749,ozguragarr,33,32
9785,ozguragarr,31,33
9781,ozguragarr,30,34
9763,ozguragarr,28,35
9778,ozguragarr,23,36
9766,ozguragarr,17,37
9772,ozguragarr,15,38
18405,ozgurakman,41,1
10679,ozil17,159,1
10688,ozil17,158,2
10677,ozil17,144,3
10706,ozil17,141,4
10687,ozil17,133,5
10698,ozil17,88,6
10691,ozil17,87,7
10683,ozil17,83,8
10703,ozil17,83,8
10676,ozil17,82,10
10681,ozil17,81,11
10678,ozil17,77,12
10680,ozil17,77,12
10696,ozil17,75,14
10705,ozil17,74,15
10702,ozil17,66,16
10704,ozil17,66,16
10697,ozil17,64,18
10689,ozil17,63,19
10695,ozil17,61,20
10700,ozil17,61,20
10682,ozil17,56,22
10690,ozil17,56,22
10686,ozil17,55,24
10693,ozil17,49,25
10685,ozil17,45,26
10699,ozil17,40,27
10692,ozil17,29,28
10694,ozil17,17,29
10701,ozil17,15,30
6549,ozuoze,87,1
6048,ozymandia5,26,1
12983,ozyurekilker,91,1
15794,ozzy555,76,1
3339,p15611,87,1
5945,paan,21,1
3440,paavel02,41,1
9661,pabisso,62,1
12340,pablo1459,57,1
2998,pablo1987,34,1
16285,pablo1988z,27,1
11079,pabloandres,138,1
11094,pabloandres,94,2
272,pablocas,70,1
4187,pablog2200,67,1
7174,pablokosco,86,1
17414,pablopereyra,50,1
17412,pablopereyra,30,2
12918,pablosanvicente,46,1
10408,pachiviris,80,1
10406,pachiviris,18,2
11772,pachole,63,1
11356,paciano2017,168,1
15901,paciano2018,27,1
5761,pacsromana,43,1
13220,paddy1992,132,1
13215,paddy1992,114,2
13224,paddy1992,72,3
13217,paddy1992,54,4
13222,paddy1992,54,4
13213,paddy1992,38,6
3671,paddycologne,56,1
3669,paddycologne,45,2
5156,padrejbo,58,1
14579,padrepio,16,1
13299,pageprotector,134,1
13308,pageprotector,95,2
13295,pageprotector,91,3
13297,pageprotector,83,4
13301,pageprotector,74,5
13291,pageprotector,51,6
13293,pageprotector,39,7
5295,pajszi,64,1
6853,paky,31,1
5719,pakz91,135,1
3803,pal2310,109,1
3786,pal2310,99,2
3789,pal2310,96,3
3787,pal2310,89,4
3797,pal2310,75,5
3776,pal2310,71,6
3777,pal2310,69,7
3784,pal2310,57,8
3793,pal2310,54,9
3779,pal2310,47,10
3780,pal2310,44,11
3790,pal2310,43,12
3796,pal2310,43,12
3799,pal2310,39,14
3783,pal2310,33,15
3807,pal2310,32,16
3815,pal2310,32,16
3814,pal2310,31,18
3798,pal2310,28,19
3809,pal2310,28,19
3812,pal2310,17,21
3805,pal2310,11,22
1812,palaherkulesa6969,19,1
9088,palaplay,114,1
9102,palaplay,102,2
9092,palaplay,92,3
9098,palaplay,92,3
9097,palaplay,83,5
9093,palaplay,81,6
9101,palaplay,72,7
9100,palaplay,66,8
9090,palaplay,53,9
9096,palaplay,34,10
6675,palermo1016,80,1
7213,palitra,157,1
10307,palladio,54,1
10309,palladio,34,2
3429,palos121,66,1
14373,pamelaxu,103,1
13543,panaga,69,1
16048,panchimplee,40,1
13674,panchodowin,98,1
9735,panda1413,19,1
4316,pandavader_1,81,1
5825,pandora23,35,1
5720,pankr,90,1
4025,pankr,50,2
17543,pankr,48,3
16426,pannap,37,1
4537,panoskoni,136,1
11818,panscrub5,38,1
8898,pantera01,80,1
1667,paoloemme,66,1
18955,papa10,36,1
9732,papagallo,26,1
13513,papaguai75,55,1
6107,papajim2017,66,1
4376,papalock,27,1
11613,papanik,51,1
4655,papaschalis,92,1
19648,papaschalis,74,2
11399,papase,64,1
5026,papasi,65,1
5025,papasi,32,2
4327,paperknight,71,1
6090,paperknight,64,2
3948,papi23,17,1
4696,pappakid,14,1
11338,parabailarlabamba,38,1
13609,parabailarlabamba,38,1
17735,parabellum91,17,1
18505,paralian,53,1
2358,paralian,29,2
7854,paranormalsk1ll,64,1
5757,parasiteeve0,79,1
5362,pareshshel,8,1
8303,paresseux,122,1
7900,paresseux,75,2
1495,parkerb32,51,1
4894,parkos,56,1
18385,parnaudov,12,1
7385,parrotz,61,1
17155,parsa24,163,1
8044,parsa41148,26,1
3121,parsichess,56,1
3597,part74,94,1
3590,part74,92,2
3584,part74,90,3
3593,part74,79,4
3586,part74,67,5
3598,part74,65,6
3589,part74,61,7
3596,part74,61,7
3602,part74,47,9
3595,part74,45,10
3588,part74,21,11
3591,part74,16,12
6653,parth_zalaa,45,1
14176,partiallyundead,22,1
14178,partiallyundead,16,2
14180,partiallyundead,3,3
16433,partisiano,39,1
15602,parve,47,1
15409,pasavand,112,1
17165,pascalettoni,59,1
4792,pasch0s,85,1
286,pasch0s,14,2
7608,pase4nik,126,1
11208,pashakiller,111,1
10814,pashakombat,10,1
14201,pastinak,83,1
2667,pastorieschaken,41,1
1314,pastorieschaken,29,2
16769,pastorjoe,53,1
15623,pat222,125,1
9685,pat222,120,2
15629,pat222,116,3
15627,pat222,104,4
15641,pat222,90,5
15619,pat222,77,6
15609,pat222,76,7
15649,pat222,72,8
15634,pat222,70,9
15645,pat222,70,9
15615,pat222,69,11
15620,pat222,60,12
15621,pat222,60,12
15611,pat222,56,14
15648,pat222,52,15
15628,pat222,49,16
15642,pat222,45,17
15613,pat222,21,18
4624,pataclef,49,1
4598,patamdar,35,1
18701,patato,25,1
14231,patgarret,128,1
19641,patgarret,38,2
11323,patgarret,10,3
10563,patolino,45,1
11272,patolino,45,1
12766,patolino,45,1
6254,patoso9,64,1
4056,patosov,50,1
5190,patotof,28,1
17624,patrick56,55,1
10364,patrick71bsp,112,1
7910,patrikeckeskog,118,1
7746,patrikfodor,63,1
195,patrizio67,53,1
11422,patrizio67,53,1
13749,patrizio67,53,1
19070,patrizio67,53,1
2930,patroclos11,117,1
13012,patroclos1936,95,1
13700,patrykkaczmarek,70,1
16499,patxon,41,1
19003,patzer74,31,1
3111,paul-b,64,1
19360,paul-b,27,2
2115,paul1991,143,1
15839,paul91,106,1
15838,paul91,103,2
15826,paul91,97,3
15840,paul91,69,4
15842,paul91,69,4
15827,paul91,62,6
15836,paul91,59,7
15832,paul91,45,8
15833,paul91,41,9
15828,paul91,36,10
17874,paulatreides,32,1
7425,paulcm85,74,1
7953,paulcm85,30,2
8264,pauld,38,1
13666,paulll,81,1
13667,paulll,63,2
3331,paulo577,116,1
16075,paulor74,17,1
16539,paulorojas,129,1
16543,paulorojas,128,2
16534,paulorojas,121,3
16529,paulorojas,111,4
16525,paulorojas,97,5
16551,paulorojas,97,5
16550,paulorojas,83,7
16557,paulorojas,77,8
16547,paulorojas,73,9
16560,paulorojas,65,10
16545,paulorojas,62,11
16527,paulorojas,58,12
16542,paulorojas,54,13
16522,paulorojas,53,14
16531,paulorojas,53,14
16549,paulorojas,53,14
16533,paulorojas,43,17
16537,paulorojas,43,17
16554,paulorojas,26,19
17891,paulov63,144,1
8824,paulreh,50,1
3427,paulrizzi,119,1
17538,paultomasi,117,1
10890,paultomasi,98,2
10452,paulusii,115,1
13721,paulwise,138,1
8745,paulx11,26,1
12187,pavankumarg,78,1
3866,pavel1503,101,1
13931,pavel1973,66,1
2468,pavel21,9,1
11155,pavel91,55,1
15559,pavelhartzea,55,1
1132,pavelkrnov,56,1
2821,pavelmotavel,19,1
8625,pavelsps,148,1
8621,pavelsps,140,2
8632,pavelsps,106,3
8617,pavelsps,96,4
8638,pavelsps,94,5
8648,pavelsps,78,6
8657,pavelsps,75,7
8627,pavelsps,73,8
8637,pavelsps,69,9
8643,pavelsps,68,10
8655,pavelsps,67,11
8646,pavelsps,60,12
8659,pavelsps,60,12
8651,pavelsps,55,14
8629,pavelsps,43,15
8614,pavelsps,40,16
8623,pavelsps,39,17
8612,pavelsps,36,18
8641,pavelsps,36,18
8619,pavelsps,35,20
8653,pavelsps,34,21
8628,pavelsps,28,22
8634,pavelsps,21,23
3109,pavlito83,75,1
14965,pawiscorpio,13,1
13078,pawngod,99,1
10957,pawngod,77,2
16874,pawnimpact0007,35,1
9647,pawnisle,37,1
2385,pawnslider,44,1
4757,paynando,99,1
19570,pazzy12,48,1
5678,pb1980,71,1
4262,pbjtraining,51,1
17207,pcaptains9__4,34,1
5320,pcpl,54,1
14288,pdltr,23,1
4184,peachunited,26,1
10218,peaopreto,40,1
518,pearicetea,23,1
4868,pecatur17an,59,1
4869,pecatur17an,53,2
6045,pecheca,27,1
1719,pedja1367,58,1
17176,pedone_jhonny,143,1
8043,pedoreo,38,1
11941,pedretroll,28,1
14869,pedro-k77,83,1
11474,pedronev,2,1
17640,pedrosincinco,34,1
3969,peeko27,87,1
13482,pegat,70,1
9479,peixinho,53,1
17009,pejsek60let,18,1
3213,pekpekdestroyer,52,1
10430,pen18,29,1
2124,penber,11,1
15575,penelopa000,80,1
10412,penesin,72,1
10413,penesin,8,2
2544,penguin100,134,1
2542,penguin100,78,2
2537,penguin100,77,3
2545,penguin100,63,4
2543,penguin100,56,5
2559,penguin100,56,5
2541,penguin100,51,7
2557,penguin100,51,7
2547,penguin100,50,9
7798,penguinnom,75,1
10554,penkovm,79,1
11263,penkovm,79,1
2258,pensioner7,103,1
1288,pentium486,38,1
9960,peoncete,34,1
16369,peoncete,30,2
3512,peoncitoportenio,131,1
10889,peonin,30,1
303,pepe100,43,1
17430,pepejb,65,1
3864,pepejb,46,2
8099,pepeline84,75,1
7283,pepemaster,63,1
8048,pepemaster,26,2
4601,pepin1942,63,1
15257,pepito2206,45,1
2211,peppe505,52,1
10873,pequenodragao,78,1
7930,pequerrecho,32,1
779,per1966,42,1
12214,per1966,42,1
17771,per_m2,56,1
13984,percarju,56,1
6402,percheronwaine,119,1
13886,perdanahitam1042,66,1
17622,perinovich,50,1
7420,peristolisonassis,57,1
8060,pero2003,112,1
12397,perry1619,16,1
8938,perseo212,25,1
9235,perseus1,33,1
1014,persian-golff,15,1
9285,persian_girl,38,1
4401,pertrossiann,68,1
7632,perunswolf,158,1
6087,perunswolf,89,2
1949,pes2016,37,1
665,peshkach,72,1
5552,pestain,79,1
16058,petarbosnjak,118,1
16054,petarbosnjak,47,2
16056,petarbosnjak,25,3
18469,peter-br,74,1
5624,peterbond,117,1
19461,peterpet,22,1
15519,peterqiu,132,1
15528,peterqiu,86,2
15511,peterqiu,81,3
15521,peterqiu,77,4
15532,peterqiu,72,5
15539,peterqiu,72,5
15509,peterqiu,60,7
15524,peterqiu,60,7
15508,peterqiu,57,9
15523,peterqiu,56,10
15525,peterqiu,53,11
15538,peterqiu,53,11
15514,peterqiu,47,13
15512,peterqiu,45,14
15531,peterqiu,43,15
15510,peterqiu,41,16
15535,peterqiu,34,17
15504,peterqiu,10,18
3680,peterw,61,1
1010,peterw,60,2
7515,petio,41,1
8050,petr-klyunkov,93,1
430,petrinja1,70,1
10767,petronio,12,1
5697,petrovich32,20,1
5490,petrovself,57,1
6447,petruchio,47,1
9803,petter616,131,1
8942,petteutikos,41,1
3307,peymanpenman,23,1
2120,pfshawns,35,1
897,pgcpgc,28,1
19642,ph07870,95,1
8218,phantomtwx,52,1
7952,phelipi,47,1
17153,phil34,24,1
15763,phil77,90,1
1717,philbsd,64,1
194,phileasfrog,96,1
11421,phileasfrog,96,1
13748,phileasfrog,96,1
19069,phileasfrog,96,1
19456,philipc2508,11,1
18559,philipgraphics,79,1
18572,philipgraphics,50,2
18561,philipgraphics,26,3
15550,philipp_0x,92,1
15558,philipp_0x,75,2
15552,philipp_0x,55,3
15556,philipp_0x,41,4
15554,philipp_0x,18,5
7997,philippinepride,171,1
7996,philippinepride,84,2
8002,philippinepride,77,3
8001,philippinepride,41,4
7998,philippinepride,39,5
8003,philippinepride,31,6
8000,philippinepride,29,7
8006,philippinepride,23,8
8005,philippinepride,15,9
11489,philiprib,3,1
880,philosophorum,42,1
18712,phisryk,89,1
7923,phoenixphen,108,1
2423,phriidbst,55,1
2425,phriidbst,47,2
18717,phuckhu,63,1
12385,physicist1993,92,1
17581,physicsgaming,55,1
10287,pi0n_izq1erdo,42,1
12387,picchiolu,52,1
1446,picklesmcknight,117,1
2389,pidocchio,63,1
239,piechess97,11,1
19215,piechess97,11,1
2164,pierk,34,1
6165,piero1331,52,1
18513,pierre370,24,1
4157,pierreleblanc,115,1
12748,pietaritamminen,42,1
1397,pietro41youtube,79,1
3457,pietro_desi,73,1
16324,pietro_desi,73,1
19794,pifostio,58,1
12842,pigly,66,1
7738,pikeyboy,59,1
2675,pikos_004,91,1
10525,pikur,46,1
11234,pikur,46,1
8622,pikutrex,40,1
3721,piley159,123,1
3726,piley159,120,2
3717,piley159,118,3
3706,piley159,106,4
3696,piley159,88,5
3733,piley159,78,6
3734,piley159,67,7
3702,piley159,62,8
3697,piley159,61,9
3712,piley159,61,9
3716,piley159,60,11
3693,piley159,58,12
3730,piley159,55,13
3714,piley159,47,14
3700,piley159,45,15
3704,piley159,39,16
3705,piley159,35,17
3708,piley159,19,18
3710,piley159,19,18
3720,piley159,14,20
3723,piley159,8,21
12670,pilki,45,1
12671,pilki,45,1
14547,pilki,45,1
14548,pilki,45,1
19993,pilor77,26,1
2784,pilotmert,104,1
14074,pinchov11,97,1
9450,pine138,47,1
7971,pinetoscacchi,58,1
4833,pink-flower,154,1
4838,pink-flower,146,2
4840,pink-flower,144,3
4844,pink-flower,89,4
4851,pink-flower,76,5
4855,pink-flower,71,6
4859,pink-flower,63,7
4860,pink-flower,60,8
4850,pink-flower,57,9
4856,pink-flower,57,9
4843,pink-flower,45,11
4835,pink-flower,41,12
4853,pink-flower,39,13
4846,pink-flower,29,14
4862,pink-flower,29,14
4848,pink-flower,24,16
4852,pink-flower,20,17
16785,pinocho1,91,1
15895,pinomugo,71,1
11928,pinu,12,1
13436,pinu,12,1
14206,pinus_sylvestris,19,1
19042,pioki,86,1
19965,pioki,47,2
10751,piotr1967,103,1
9589,piotr1967,87,2
17917,piotrekcof88,43,1
7747,piotrtchaikovsky,71,1
16990,pipeflan,7,1
306,pipppone,116,1
13926,piranava,98,1
196,piroz_xucestih,39,1
11423,piroz_xucestih,39,1
13750,piroz_xucestih,39,1
19071,piroz_xucestih,39,1
2934,pirs07,61,1
11138,pitter,37,1
5590,piuscarso,73,1
9234,pivoine48,24,1
2149,pizzalberto,64,1
5165,pjs624,81,1
270,pkgirpade,82,1
533,plahbrogan,22,1
10745,plaisirdejouer,76,1
5171,plaisted,40,1
14129,plam,57,1
14124,plam,40,2
14128,plam,36,3
14127,plam,8,4
10317,plan10,25,1
11205,plast17,67,1
19727,platforma471,47,1
10164,plausibletheory,85,1
10156,plausibletheory,75,2
10168,plausibletheory,71,3
10158,plausibletheory,67,4
10169,plausibletheory,51,5
10159,plausibletheory,49,6
10167,plausibletheory,47,7
10160,plausibletheory,41,8
10166,plausibletheory,41,8
10165,plausibletheory,23,10
6999,plaxico,63,1
11129,play33,39,1
14032,playchess2016,170,1
13820,player123452,43,1
17734,playerangel,71,1
2260,playerunknowns,48,1
276,playforpleasure,48,1
542,plengkung,77,1
9222,plerf,126,1
17909,pliskasasha,68,1
399,pllm,125,1
8491,plomba,72,1
16062,plr9415,105,1
16060,plr9415,96,2
16063,plr9415,94,3
16064,plr9415,42,4
7176,pluk03,16,1
3004,pmeath,21,1
19728,pmuthunga77,42,1
7056,pmw97,142,1
7055,pmw97,130,2
7063,pmw97,86,3
7059,pmw97,68,4
7061,pmw97,68,4
7065,pmw97,61,6
7068,pmw97,61,6
7067,pmw97,60,8
7070,pmw97,55,9
7053,pmw97,53,10
9690,pnikolla,32,1
3543,poblet,80,1
16801,poblet,78,2
19862,pocin1,47,1
10366,pocketwhale,17,1
1009,podgur,99,1
19322,podnimaya_znamya,89,1
5172,podrisas,61,1
4925,poebuck,68,1
1433,poetrunner,60,1
11446,pogo123,63,1
8111,pogo123,50,2
5322,pogo78,77,1
16126,pokraska71,71,1
6671,pol2013,20,1
10721,pol22,114,1
14038,poland7777,128,1
3362,polentxi,98,1
17785,polishhussar3,34,1
14290,polkovnik60,63,1
8725,pollini,47,1
2936,polou70,29,1
8155,polxxxx,57,1
17353,pomboskate,47,1
10531,ponchic,69,1
11240,ponchic,69,1
12987,poncho_ramirez,102,1
2446,ponchoarello,100,1
17056,ponziopilato,63,1
4922,poocasso,118,1
4920,poocasso,111,2
4912,poocasso,91,3
4903,poocasso,90,4
4946,poocasso,77,5
4908,poocasso,76,6
4909,poocasso,71,7
4931,poocasso,64,8
4923,poocasso,63,9
4935,poocasso,57,10
4910,poocasso,54,11
4918,poocasso,53,12
4939,poocasso,52,13
4944,poocasso,52,13
4942,poocasso,44,15
4937,poocasso,42,16
4913,poocasso,40,17
4930,poocasso,33,18
4917,poocasso,30,19
4940,poocasso,30,19
4904,poocasso,26,21
4924,poocasso,24,22
4927,poocasso,15,23
16576,poole,99,1
13875,pools_closed,29,1
9877,pooperic,38,1
9878,pooperic,32,2
9883,pooperic,25,3
9892,pooperic,16,4
9885,pooperic,15,5
9891,pooperic,14,6
9880,pooperic,12,7
9888,pooperic,12,7
9894,pooperic,12,7
9889,pooperic,9,10
9882,pooperic,6,11
9890,pooperic,6,11
9896,pooperic,2,13
6973,poor_yorick,102,1
6882,popabear,43,1
18628,popabear,43,1
20019,popdentist,35,1
15195,popeo,32,1
16398,popleta,70,1
8564,popo4ka_po,69,1
4770,poprovodam,60,1
18777,porfis,69,1
65,porquepepe,40,1
10127,portelao,33,1
17907,portilhoim,46,1
2993,portos555,134,1
5160,poseidon126,146,1
4863,position100,29,1
11975,positional_game,131,1
16838,posj,51,1
1325,posra,92,1
1327,posra,78,2
1329,posra,59,3
1332,posra,58,4
1334,posra,49,5
1335,posra,45,6
1326,posra,29,7
1330,posra,11,8
10277,posta55,51,1
9618,poster,2,1
3645,potatietots,96,1
3634,potatietots,88,2
3629,potatietots,85,3
3635,potatietots,84,4
3636,potatietots,83,5
3638,potatietots,75,6
3647,potatietots,65,7
3646,potatietots,64,8
3630,potatietots,56,9
3641,potatietots,48,10
3643,potatietots,36,11
3628,potatietots,10,12
13845,potshot,189,1
13843,potshot,87,2
13847,potshot,79,3
13827,poulpao,88,1
5699,poupouch66,40,1
4602,pouriya72,51,1
18012,pouulodia,34,1
18013,pouulodia,32,2
18014,pouulodia,26,3
14615,pouya_hero,85,1
14617,pouya_hero,15,2
9125,pouyandp,78,1
9116,pouyandp,69,2
9118,pouyandp,40,3
9123,pouyandp,10,4
14218,powwow,81,1
11048,pozor,106,1
13102,ppm,109,1
13100,ppm,71,2
1839,prabh_mahi,45,1
4899,prac,76,1
11385,pracvova,69,1
13476,pracvova,69,1
9559,pradeepbabu,95,1
2444,pradeeprajjjj,60,1
7084,pradipta,72,1
9040,prados,84,1
12646,prados,84,1
14513,prados,84,1
2997,pranjul,55,1
6813,prantale,147,1
2835,prantik_roychowdhury,10,1
3501,prasanth1981,44,1
14462,pravbo,46,1
4543,praveenhudgi,86,1
11182,pregnantpawns,57,1
4808,preto00,63,1
17178,pretoriano112,79,1
11967,pretoriano112,53,2
14164,prezojr,74,1
2878,prietro,51,1
8400,primate,2,1
18807,prince01,74,1
19853,prince718,64,1
16142,princeblanc,66,1
15841,princeblanc,41,2
16145,prkeegan,65,1
7308,prochess21,72,1
10034,prochesstination,85,1
10036,prochesstination,19,2
10569,prodem,63,1
11278,prodem,63,1
14454,profeblanco,37,1
4459,profeblanco,33,2
15982,professional_bot,56,1
6647,profetagentileza,128,1
19625,proger128,44,1
10642,projetoxadrez,2,1
10644,projetoxadrez,2,1
10646,projetoxadrez,2,1
10648,projetoxadrez,2,1
10650,projetoxadrez,2,1
10652,projetoxadrez,2,1
10654,projetoxadrez,2,1
10656,projetoxadrez,2,1
10658,projetoxadrez,2,1
10660,projetoxadrez,2,1
10662,projetoxadrez,2,1
10664,projetoxadrez,2,1
10666,projetoxadrez,2,1
10668,projetoxadrez,2,1
10670,projetoxadrez,2,1
1464,properdick,27,1
5661,prophiscient,60,1
16184,proteinbased,51,1
15652,protey110779,85,1
2955,prototip,123,1
2957,prototip,29,2
4919,proxy_dssp,47,1
10982,ps01,19,1
7242,psilosimon,79,1
14440,psyko03,141,1
12542,psyko03,38,2
1941,ptiphilou,62,1
15161,ptm1985,65,1
4576,pto,10,1
2811,puffstrugy,42,1
14087,puggles,89,1
19903,pula321,42,1
8281,puliciclone,126,1
6335,pulp_fiction,33,1
15688,pulson2011,83,1
142,pune123,2,1
14066,pupolovenko,62,1
457,puppoo1981,35,1
14802,purifier,55,1
12154,purusa,106,1
4971,putilan,38,1
410,putin55,39,1
16817,putinsbrain,21,1
12961,putra_pandawa,74,1
2676,putraminangadmf,36,1
10327,puuntuuppaaja,40,1
714,pv2017,43,1
12202,pv2017,43,1
19655,pvewol,39,1
15610,pykudo,62,1
18569,pyta,28,1
11209,q00q,66,1
4042,q65,85,1
12503,q7,98,1
5013,q_ban,82,1
5012,q_ban,77,2
5011,q_ban,45,3
5015,q_ban,15,4
5017,q_ban,4,5
3466,qaplah,51,1
16333,qaplah,51,1
6334,qazswxdecfr,65,1
2664,qball,92,1
2661,qball,33,2
411,qc-patzer,94,1
2890,qitcj,69,1
8301,qkxwsm,65,1
8145,qlaus,59,1
17678,qnhan1111,38,1
1715,quadrupede,61,1
14154,quan7,86,1
7881,quandokomekikeriki,99,1
11064,quant,54,1
2907,quantumbear,72,1
2909,quantumbear,33,2
1796,quantummequanic,113,1
1831,quantummequanic,113,1
15011,quantummequanic,113,1
1797,quantummequanic,62,4
15012,quantummequanic,62,4
1799,quantummequanic,12,6
15014,quantummequanic,12,6
7657,quantumninja,118,1
10445,quao,21,1
301,quarks_sparks,83,1
2208,quarkss,125,1
5529,quasar11235,40,1
5828,quasimatto,48,1
4103,quazimodo,9,1
18995,queen-of-hearts,140,1
8010,queensgambitonly,30,1
152,quent0,32,1
4552,quercusilex,23,1
6227,quesada,72,1
10298,qui_,103,1
6821,quickben16,43,1
5644,quidams,82,1
9146,quintinator,62,1
18886,quirked,50,1
7027,quynhanh,98,1
8941,qweek2,71,1
9521,qwertygotousakorea,113,1
9522,qwertygotousakorea,4,2
17925,qxp36,61,1
18943,r-mohamadi55,117,1
13902,r016eihaneh,40,1
6115,r0h1t4sh,80,1
10965,r1o9e9l3,34,1
9121,r541,85,1
3107,r_usiskin,76,1
8960,raasi,64,1
314,raavi,74,1
1810,rabarbarko,45,1
8650,rabbigambit,61,1
3275,rabbit199,59,1
3277,rabbit199,41,2
7422,rabiton,80,1
3912,racger,91,1
3118,racimov,66,1
3868,rackot,78,1
15180,radar_1652,73,1
12761,radek40,17,1
2207,radhouanebourougaa,30,1
7456,radikalguru,57,1
736,radioactive7,24,1
6200,radioactive7,15,2
19390,radiomaryjak,146,1
13535,radiomaryjak,105,2
886,radiz,34,1
11765,radu45,62,1
17894,raedalghazali,20,1
9219,raesremmurd,96,1
9211,raesremmurd,76,2
9214,raesremmurd,75,3
9228,raesremmurd,71,4
9221,raesremmurd,67,5
9231,raesremmurd,61,6
9213,raesremmurd,57,7
9229,raesremmurd,57,7
9225,raesremmurd,55,9
9233,raesremmurd,50,10
9206,raesremmurd,44,11
9216,raesremmurd,33,12
9223,raesremmurd,27,13
9227,raesremmurd,13,14
11542,rafael000,58,1
6269,rafael1998,68,1
7926,rafael89,33,1
5088,rafaelvmartinez,21,1
2099,rafpep17,179,1
2101,rafpep17,39,2
3312,raghav01,105,1
19553,ragim05,72,1
1656,ragnarlothbrook_spb,61,1
1657,ragnarukh,101,1
985,rahgozar_eng,65,1
1509,rahidd,63,1
14561,rahmannnn,63,1
2019,rahul1903,39,1
5528,rahza,63,1
11206,rainer16,89,1
15300,rainmen,136,1
3308,rainshower,68,1
15073,rainzoenn,45,1
19944,raitonvsfuuton,107,1
9256,raj1044,73,1
15829,rajan9473139431,118,1
360,rajapirka,96,1
17844,rajinikanth,86,1
12623,rajmal,134,1
8212,rajrk,66,1
18094,rajsehkumar,58,1
12438,rajuppi,91,1
11597,rajuppi,86,2
44,rajuppi,66,3
12445,rajuppi,64,4
12155,rajuppi,54,5
50,rajuppi,41,6
49,rajuppi,35,7
40,rajuppi,34,8
19236,rajuppi,22,9
13819,rajuppi,10,10
2342,rajuppi,9,11
15394,rajuppi,9,11
11965,rajuppi,5,13
15009,rajuppi,5,13
15200,rajupsn,52,1
12539,rakesh6,133,1
3608,rakhimovv,39,1
11488,ralex,3,1
13112,ralf7,7,1
5914,ralphie_magpie,174,1
6830,ramadan2016,29,1
3592,ramadani_s,67,1
11387,ramamaulana,56,1
13478,ramamaulana,56,1
14742,raman1,77,1
16419,ramc33,75,1
16623,ramdon35000,23,1
17708,rameau64,40,1
9572,ramin6009,46,1
16427,ramin741,125,1
16449,ramin741,102,2
16425,ramin741,100,3
16422,ramin741,98,4
16439,ramin741,82,5
16430,ramin741,80,6
16418,ramin741,78,7
16453,ramin741,71,8
16455,ramin741,65,9
16431,ramin741,63,10
16423,ramin741,62,11
16448,ramin741,62,11
16432,ramin741,49,13
16445,ramin741,45,14
16420,ramin741,39,15
16435,ramin741,38,16
16451,ramin741,36,17
16437,ramin741,35,18
16444,ramin741,34,19
16442,ramin741,22,20
16416,ramin741,4,21
12495,ramindelta,52,1
9619,raminder57,2,1
18582,ramirr,136,1
11862,ramkumarsingh,86,1
8825,ramonantonio,51,1
12183,ramonsantana44,28,1
18499,ramos-1993,30,1
18308,rampage6ix,71,1
7490,rampras,173,1
4377,ramy11,50,1
290,ramzaid,48,1
17796,ramzes_73,74,1
18688,ramzy993,43,1
4484,ranchowangdu,139,1
4502,ranchowangdu,124,2
4488,ranchowangdu,94,3
4479,ranchowangdu,89,4
4487,ranchowangdu,89,4
4481,ranchowangdu,85,6
4495,ranchowangdu,80,7
4485,ranchowangdu,78,8
4482,ranchowangdu,76,9
4486,ranchowangdu,75,10
4498,ranchowangdu,70,11
4501,ranchowangdu,67,12
4500,ranchowangdu,59,13
4478,ranchowangdu,53,14
4496,ranchowangdu,53,14
4483,ranchowangdu,51,16
4499,ranchowangdu,47,17
4497,ranchowangdu,45,18
4480,ranchowangdu,43,19
4475,ranchowangdu,42,20
4476,ranchowangdu,32,21
4494,ranchowangdu,28,22
4472,ranchowangdu,26,23
4477,ranchowangdu,24,24
4473,ranchowangdu,19,25
4474,ranchowangdu,1,26
11882,rancio,29,1
17189,randomalbumtitle,42,1
16509,randplayer,92,1
1554,ranger440,115,1
1545,ranger440,88,2
1543,ranger440,84,3
1553,ranger440,82,4
1550,ranger440,78,5
1548,ranger440,61,6
1552,ranger440,49,7
1541,ranger440,47,8
1546,ranger440,35,9
1542,ranger440,23,10
5772,rangsdorf,26,1
1066,ranko898,72,1
12648,ranko898,72,1
14515,ranko898,72,1
11933,ranko898,43,4
3569,ranko898,24,5
13881,raoqwya,61,1
14795,raouf993,27,1
17682,raposaakatsuki,52,1
12724,rapsus,51,1
15616,raptor06,57,1
3732,raptorfurax,85,1
2504,rascasserouge,53,1
5927,rasil1,50,1
6017,rasil23,64,1
13434,rasitbirol,21,1
9251,raskoinikov,77,1
9249,raskoinikov,69,2
9246,raskoinikov,60,3
9253,raskoinikov,58,4
9242,raskoinikov,50,5
9237,raskoinikov,49,6
9250,raskoinikov,45,7
9240,raskoinikov,44,8
9239,raskoinikov,34,9
9241,raskoinikov,30,10
9665,rasool6872,38,1
10204,raspoutine,50,1
4354,raspoutine250,72,1
19563,rasputinovitch,128,1
7750,rassem,79,1
15006,rassem,9,2
19659,rassypnov26,95,1
13950,rastaman6391,72,1
11662,rati0nal,49,1
9105,ratmir_156,32,1
15049,rattepat,64,1
12588,raul_soria,40,1
12681,raulelbueno,22,1
5971,raulll007,37,1
12369,raulpinheiro,19,1
1943,ravago,27,1
1196,ravinkumar,70,1
6577,ravoshm,56,1
6575,ravoshm,54,2
12874,raxis,97,1
12872,raxis,96,2
12871,raxis,65,3
12877,raxis,44,4
16761,rayfinckle100,38,1
10104,raymondconlon,18,1
6558,raz1336,58,1
374,raza00,101,1
5686,raziel2015,24,1
11122,razinea,65,1
18525,razo1907,105,1
19556,razorblades,61,1
9720,razvan345,29,1
2352,razzaxxe,28,1
1631,razzzzy,7,1
14907,razzzzy,7,1
19994,rb52,119,1
19999,rb52,87,2
19992,rb52,78,3
19983,rb52,77,4
19036,rb52,71,5
19981,rb52,71,5
19987,rb52,65,7
19998,rb52,63,8
19989,rb52,57,9
19990,rb52,45,10
20003,rb52,41,11
20001,rb52,29,12
9577,rbfbr,87,1
13132,rbhill,13,1
10903,rbmagalhaes,60,1
10947,rchwan,157,1
1042,rdx_9917,26,1
10530,reabb,91,1
11239,reabb,91,1
1342,reactorpj,29,1
2497,real-colist,12,1
3372,realehsan2000,46,1
17299,realismtr,15,1
12065,reback,50,1
2797,rec0rd,122,1
3662,reclaus,28,1
9247,recyrillic,49,1
18641,red2002,8,1
75,redar1,37,1
2813,redarmi90,33,1
15651,redboa,33,1
4961,redder,74,1
4964,redder,46,2
9494,redevening,130,1
9502,redevening,106,2
9508,redevening,93,3
9504,redevening,75,4
9501,redevening,56,5
9507,redevening,54,6
9498,redevening,46,7
9506,redevening,34,8
15051,rednakes,50,1
17316,redsails2895,21,1
6913,redsarov,144,1
3167,redsu,55,1
10372,redwood,107,1
10370,redwood,66,2
10376,redwood,66,2
10375,redwood,59,4
10363,redwood,52,5
10382,redwood,47,6
10357,redwood,37,7
10381,redwood,37,7
10361,redwood,31,9
10374,redwood,14,10
10380,redwood,8,11
10367,redwood,3,12
8203,reffi,25,1
7939,regaguay,50,1
1030,regalsin,64,1
15007,regalsin,64,1
16001,regato,61,1
16003,regato,55,2
617,regicidal2,53,1
15482,regragui,74,1
14042,rehcsif6rehcsif,57,1
12677,rehcsif6rehcsif,54,2
14554,rehcsif6rehcsif,54,2
17416,reidtardo,99,1
16883,reincheck,42,1
14195,reis60,107,1
19720,rekikismail,31,1
5956,releasethebats,81,1
5961,releasethebats,62,2
5960,releasethebats,58,3
5955,releasethebats,43,4
12786,releasethebats,43,4
5963,releasethebats,24,6
5959,releasethebats,2,7
5635,relentlessstriker,47,1
19748,relisted1337,21,1
3505,rembrandt16,95,1
3494,rembrandt16,90,2
3499,rembrandt16,57,3
3492,rembrandt16,50,4
3497,rembrandt16,48,5
3508,rembrandt16,48,5
3515,rembrandt16,46,7
3516,rembrandt16,35,8
3504,rembrandt16,27,9
3507,rembrandt16,23,10
3518,rembrandt16,23,10
3510,rembrandt16,16,12
3498,rembrandt16,15,13
5161,rememberthemaine123,84,1
17680,remus_cernea,72,1
11795,remus_cernea,25,2
13676,renanreis,78,1
9360,renatoeckel,52,1
12841,renatojose4,72,1
8289,renaud660514,29,1
14612,renci,24,1
10729,reneal,118,1
10730,reneal,52,2
5279,reneesh,67,1
9812,renelara,62,1
10939,renigade,74,1
16787,reno26,55,1
907,renzo2008,20,1
15537,reocl,90,1
16633,repardos,47,1
13309,republican1,94,1
8250,reredeg,3,1
4292,rescinded,124,1
19943,rescinded,71,2
898,resh77,62,1
18723,resigning-is-manly,72,1
16482,resiliente,200,1
1350,resource_unlimited,11,1
8528,ressora,122,1
6288,rest,13,1
1476,retep552,48,1
1478,retep552,32,2
10455,retro13,53,1
17593,reubpear,106,1
17608,reubpear,98,2
17604,reubpear,80,3
17603,reubpear,58,4
17612,reubpear,54,5
17590,reubpear,49,6
17610,reubpear,45,7
17595,reubpear,33,8
17599,reubpear,30,9
17614,reubpear,30,9
17597,reubpear,28,11
17613,reubpear,28,11
17602,reubpear,22,13
17611,reubpear,10,14
12759,reufk,36,1
1646,revanchess,106,1
10712,reven,68,1
13555,revhas,77,1
13544,revhas,71,2
13552,revhas,67,3
13541,revhas,63,4
13551,revhas,61,5
13537,revhas,60,6
13548,revhas,57,7
13547,revhas,51,8
13538,revhas,50,9
13542,revhas,21,10
10365,revolverocelot,60,1
2720,rewuyd,119,1
5212,rex123,97,1
1920,rex123,76,2
18008,rex123,46,3
17503,rexlex,50,1
17233,rey-santos,54,1
10575,reydmus,132,1
11284,reydmus,132,1
9128,reydmus,65,3
16201,reynoso,54,1
9156,reytiso,56,1
5632,reytiso,43,2
10505,reza-kondazi,68,1
11214,reza-kondazi,68,1
8774,reza_58,119,1
10752,reza_zabihie,33,1
4392,rezadianati,46,1
7356,rezamoghimi2020,126,1
7349,rezamoghimi2020,114,2
7359,rezamoghimi2020,103,3
7350,rezamoghimi2020,80,4
7348,rezamoghimi2020,66,5
7353,rezamoghimi2020,56,6
7354,rezamoghimi2020,54,7
7358,rezamoghimi2020,38,8
7355,rezamoghimi2020,20,9
7887,rezap,55,1
17323,rezarooodzard,28,1
10610,rezasamimifar1380,15,1
2457,rezuan13,59,1
3098,rf81,89,1
14827,rf81,43,2
10938,rfabian,78,1
395,rfabian,65,2
9236,rfabian,58,3
10276,rfabian,27,4
393,rfabian,15,5
700,rfqjr,122,1
16401,rh-sah,117,1
16397,rh-sah,94,2
16403,rh-sah,65,3
16399,rh-sah,58,4
16405,rh-sah,39,5
16406,rh-sah,35,6
16409,rh-sah,31,7
19385,rhama_25,58,1
15772,rhameton,42,1
1767,rharlem,29,1
12966,rhazes,94,1
2881,rhd1996,22,1
1240,rhudoris,54,1
14001,rhysmc123,147,1
13969,rhysmc123,126,2
13981,rhysmc123,86,3
13998,rhysmc123,76,4
13968,rhysmc123,68,5
13973,rhysmc123,60,6
13970,rhysmc123,55,7
14000,rhysmc123,53,8
13976,rhysmc123,52,9
13994,rhysmc123,52,9
13991,rhysmc123,51,11
13978,rhysmc123,48,12
13983,rhysmc123,44,13
13979,rhysmc123,43,14
14007,rhysmc123,41,15
13993,rhysmc123,40,16
14005,rhysmc123,38,17
13988,rhysmc123,37,18
14008,rhysmc123,29,19
13985,rhysmc123,28,20
14004,rhysmc123,5,21
3335,ri_chess,170,1
3342,ri_chess,131,2
3341,ri_chess,121,3
3327,ri_chess,118,4
3318,ri_chess,111,5
3333,ri_chess,99,6
3328,ri_chess,94,7
3322,ri_chess,83,8
3343,ri_chess,79,9
3349,ri_chess,78,10
3311,ri_chess,67,11
3338,ri_chess,64,12
3305,ri_chess,62,13
3326,ri_chess,60,14
3310,ri_chess,52,15
3330,ri_chess,52,15
3315,ri_chess,51,17
3319,ri_chess,51,17
3324,ri_chess,49,19
3313,ri_chess,39,20
3306,ri_chess,38,21
3314,ri_chess,29,22
3346,ri_chess,21,23
17778,ricardo-lopes,95,1
7263,ricardo_barbieri,53,1
18125,ricardo_barbieri,16,2
988,richard38,78,1
18677,richard7226,69,1
2474,richard7226,49,2
14753,richard_aventador,60,1
14144,richardparcker,51,1
11075,richarh,66,1
17022,rickoshay,20,1
15040,rickyisking69,31,1
17259,rickylorduk,110,1
37,rico21,28,1
5021,ricsersa,51,1
4212,ricsiblanka,81,1
6413,riddem_n_rims,58,1
7383,riddem_n_rims,45,2
5153,rider70,37,1
11886,ridics,85,1
11893,ridics,67,2
11890,ridics,49,3
11896,ridics,43,4
11888,ridics,35,5
11892,ridics,29,6
10281,rieff,55,1
6443,riemannn,51,1
647,rigoberto_22,48,1
3026,riki2,53,1
6587,rikjariccardo,46,1
9198,riku50,37,1
5993,rilesw,97,1
5992,rilesw,81,2
5990,rilesw,77,3
5994,rilesw,50,4
9875,rileyjanquart,70,1
9868,rileyjanquart,59,2
9869,rileyjanquart,54,3
9870,rileyjanquart,51,4
9864,rileyjanquart,49,5
9860,rileyjanquart,47,6
9861,rileyjanquart,47,6
9876,rileyjanquart,41,8
9866,rileyjanquart,38,9
9865,rileyjanquart,27,10
9862,rileyjanquart,11,11
9873,rileyjanquart,10,12
15672,rilikva,75,1
16966,rimb,22,1
2029,rinat_raf,6,1
1364,ringhals,87,1
17001,ringhals,59,2
228,rinoooo,137,1
18305,rishirajbaul,41,1
2306,rissole,84,1
12506,rived,47,1
11212,rivelon,60,1
10552,riverok,36,1
11261,riverok,36,1
5593,riverroad,78,1
5582,riverroad,68,2
5591,riverroad,60,3
5589,riverroad,59,4
5586,riverroad,42,5
5588,riverroad,36,6
18381,riverside_monkey,73,1
18376,riverside_monkey,43,2
8389,rizainmgr,70,1
12628,rjbodewes,29,1
2578,rjgdfksla,53,1
3197,rjh24,84,1
2726,rjh24,16,2
16317,rkscott,63,1
16112,rlan,42,1
10911,rlavin,20,1
6139,rmiran,53,1
2637,rnold85,76,1
6579,ro74cky,109,1
10389,ro74cky,68,2
2263,roadtowin,42,1
14336,robbhy,117,1
412,robbm,37,1
19902,roberbnd,46,1
12082,robert122,41,1
786,robertao,72,1
12221,robertao,72,1
15320,robertla,14,1
15547,roberto-8888,49,1
8231,roberto147,66,1
1686,robertoautista,44,1
1688,robertoautista,37,2
3005,robertov,98,1
16172,robertrip,50,1
14418,robertt74,11,1
19978,robinbuk,91,1
8046,robinbuk,48,2
19095,robisurf,72,1
11790,robixy,116,1
11773,robixy,89,2
11762,robixy,84,3
11802,robixy,83,4
11796,robixy,82,5
11758,robixy,80,6
11801,robixy,79,7
11799,robixy,73,8
11776,robixy,72,9
11780,robixy,70,10
11777,robixy,64,11
11779,robixy,58,12
11767,robixy,53,13
11792,robixy,53,13
11794,robixy,51,15
11763,robixy,49,16
11757,robixy,41,17
11782,robixy,41,17
11754,robixy,38,19
11798,robixy,37,20
11760,robixy,33,21
11768,robixy,33,21
11770,robixy,27,23
3485,robopinguino,65,1
16352,robopinguino,65,1
3473,robotec,59,1
16340,robotec,59,1
5897,robotec,51,3
13896,robotsmoke,104,1
24,robotsmoke,36,2
13980,robox68,94,1
3850,robson_granmaster,59,1
11050,robvste,10,1
5483,rocch26,54,1
12444,rochade_augsburg,66,1
4834,rock_the_roll,40,1
6809,rocketeer,69,1
1568,rockfordguilford,62,1
18990,rodelitobrazal,75,1
10632,rodolfos,75,1
19282,rodolo,17,1
658,rodrigo-sagastegui,30,1
15156,rodrigo0000,67,1
4357,rodrigobrugger,66,1
14488,rodrigocatalunya,42,1
4729,rodrigodiazdevivar,86,1
13691,rodrigodiazdevivar,76,2
14698,rodrigowski19,200,1
14722,rodrigowski19,181,2
14706,rodrigowski19,119,3
14714,rodrigowski19,113,4
14681,rodrigowski19,92,5
14679,rodrigowski19,75,6
14708,rodrigowski19,73,7
14700,rodrigowski19,69,8
14690,rodrigowski19,67,9
14695,rodrigowski19,65,10
14697,rodrigowski19,65,10
14718,rodrigowski19,62,12
14686,rodrigowski19,60,13
14701,rodrigowski19,59,14
14685,rodrigowski19,52,15
14721,rodrigowski19,50,16
14692,rodrigowski19,44,17
14712,rodrigowski19,44,17
14716,rodrigowski19,27,19
14713,rodrigowski19,25,20
14710,rodrigowski19,9,21
14836,rodrigued,15,1
14049,rodrivs,34,1
15687,rodsha,55,1
12831,roelee,58,1
1878,rogalskiy,39,1
11741,rogas,66,1
18450,rogerbill,52,1
4841,rogerbill,43,2
3857,rogergasparov,50,1
19400,rogerio_master,25,1
8718,rogeriosacra,44,1
10824,rogolprosov,102,1
15691,rohjinwook,82,1
18252,roholla,61,1
17653,roi007,50,1
8196,roi8fineor,78,1
7167,roies,34,1
17393,rojasm,69,1
16025,rolando6,35,1
416,rolando6,30,2
12739,rolandomelis,53,1
5443,rolfimontenegro,64,1
4531,rolo90,39,1
7285,rolvinschjki,127,1
18042,rom-vik,70,1
17199,rom4ik67,82,1
1683,romaha88,53,1
11110,roman-belgorod31rus,43,1
583,roman12342005,161,1
595,roman12342005,133,2
586,roman12342005,119,3
575,roman12342005,116,4
584,roman12342005,88,5
581,roman12342005,81,6
579,roman12342005,54,7
591,roman12342005,44,8
573,roman12342005,35,9
571,roman12342005,34,10
592,roman12342005,26,11
9013,roman383,65,1
12513,roman484,87,1
14755,roman_pham,80,1
12662,romanar2006,116,1
14539,romanar2006,116,1
12660,romanar2006,105,3
14537,romanar2006,105,3
12675,romanar2006,81,5
14552,romanar2006,81,5
12678,romanar2006,60,7
14555,romanar2006,60,7
12659,romanar2006,50,9
14536,romanar2006,50,9
12679,romanar2006,36,11
14556,romanar2006,36,11
12668,romanar2006,20,13
14545,romanar2006,20,13
12666,romanar2006,17,15
14543,romanar2006,17,15
12669,romanar2006,15,17
14546,romanar2006,15,17
10593,romanelli,58,1
11302,romanelli,58,1
707,romaniuk,102,1
13208,romankremeno,110,1
17609,romarcin,41,1
14465,romaspro,75,1
11169,romberg,82,1
2933,romius,81,1
10423,romualdos,97,1
14946,ronaldmagnus,50,1
10948,ronaldski,67,1
3334,roncas,47,1
12913,rondelle2,136,1
13688,roniel007,54,1
5641,ronin082,50,1
1507,ronmexico90,13,1
1917,ronniak2,59,1
11509,ronnie2011,36,1
19257,ronnie2011,36,1
13852,ronyxt,58,1
2535,rookiescha,83,1
242,rookreversal,23,1
19218,rookreversal,23,1
18220,roooooook,54,1
17931,roothpd,111,1
17928,roothpd,110,2
17930,roothpd,95,3
17927,roothpd,69,4
17923,roothpd,57,5
17934,roothpd,51,6
17924,roothpd,49,7
5090,rosich,119,1
912,rosslund,39,1
12707,rotella55,152,1
3154,rotsa_ruck,155,1
138,rougethunder,85,1
17105,rourrr,27,1
19870,roven1976,66,1
16040,roy63,72,1
9677,roya55,62,1
16744,royalewithcheese,67,1
8906,royalwinner,44,1
8717,rpalen,62,1
7546,rpathak01,56,1
7547,rpathak01,42,2
7544,rpathak01,34,3
8305,rpotenza,51,1
3562,rps_1899,93,1
3565,rps_1899,51,2
3572,rps_1899,51,2
3556,rps_1899,46,4
3563,rps_1899,40,5
3557,rps_1899,35,6
3561,rps_1899,35,6
3571,rps_1899,33,8
7012,rqbern,62,1
19997,rqmik,60,1
18136,rrrr7777,47,1
15029,rsava,58,1
20013,rsava,58,1
13277,rsava,48,3
16670,rsdc,115,1
7376,rsl1005,75,1
1274,rssaad,19,1
17329,rsv,55,1
6849,rsv,42,2
18555,rtcxks,46,1
16006,rtep421,130,1
10464,rtrtyey,47,1
3509,ru5tam,128,1
11159,rubblegamer,103,1
1441,ruben11131,4,1
11059,ruben98,54,1
11058,rubenf161,58,1
11172,rubenmiranda,21,1
1713,rubensin,94,1
3938,rubenzarco,122,1
16882,rubesh,58,1
10561,rubi,51,1
11270,rubi,51,1
17651,rubikstein,105,1
17634,rubikstein,99,2
17641,rubikstein,95,3
17644,rubikstein,87,4
17621,rubikstein,78,5
17656,rubikstein,66,6
17626,rubikstein,65,7
17625,rubikstein,57,8
17632,rubikstein,41,9
17642,rubikstein,40,10
17619,rubikstein,38,11
17650,rubikstein,37,12
17623,rubikstein,36,13
17631,rubikstein,35,14
17636,rubikstein,33,15
17633,rubikstein,31,16
17638,rubikstein,30,17
17620,rubikstein,28,18
17655,rubikstein,28,18
17648,rubikstein,15,20
4960,rubs92,77,1
6281,ruddy323,129,1
7032,ruddy32375,74,1
5060,ruderook,77,1
3974,rudiansyah,67,1
2146,rudiramawulan,52,1
15241,rudra007,33,1
16148,rudrresh,88,1
16146,rudrresh,53,2
16150,rudrresh,50,3
16152,rudrresh,47,4
16144,rudrresh,45,5
16151,rudrresh,22,6
16149,rudrresh,4,7
3261,rufinot,63,1
4895,rufinot,40,2
12996,rugi023,43,1
3601,ruiago,67,1
3292,ruichess,25,1
14880,rulingthis,93,1
15584,rumenangelov,69,1
2554,run5k,107,1
2539,run5k,55,2
2551,run5k,25,3
5826,runcrazex,128,1
5841,runcrazex,65,2
5838,runcrazex,43,3
5835,runcrazex,41,4
5836,runcrazex,29,5
5842,runcrazex,25,6
5830,runcrazex,19,7
5832,runcrazex,2,8
304,runmael,89,1
15940,rus32,66,1
8609,ruskiq85,49,1
17856,ruslan0977,17,1
16978,ruslan17041984,65,1
1870,ruslan404,57,1
17628,ruslanrshm,48,1
12658,rusoleg1,75,1
14535,rusoleg1,75,1
4823,russell2601,71,1
6492,russia-tambov,46,1
17600,russky00,6,1
3091,russoo,78,1
18421,russu-vladislav93,79,1
16655,russu-vladislav93,28,2
371,rustam9,163,1
369,rustam9,118,2
377,rustam9,89,3
375,rustam9,80,4
376,rustam9,78,5
381,rustam9,65,6
382,rustam9,60,7
366,rustam9,58,8
384,rustam9,44,9
378,rustam9,42,10
387,rustam9,40,11
373,rustam9,37,12
385,rustam9,20,13
368,rustam9,4,14
12705,rustas,56,1
15314,rusup,92,1
11380,ruthvick1,150,1
13471,ruthvick1,150,1
2038,ruufseir,29,1
8585,ruysicilianlopez,15,1
32,rv0209,64,1
12812,rw83,36,1
3752,ryan94,15,1
971,ryan_duan_2,60,1
1213,ryanfeatherman,115,1
18862,ryanm,108,1
19105,ryanprihantoro,2,1
4680,rymdgris,43,1
14982,ryndin-sergei,48,1
5755,rys3000,67,1
14495,rys3000,46,2
10340,ryuaraki,53,1
15488,ryukan,52,1
15486,ryukan,27,2
15947,ryzhkovsn,31,1
1124,s-a,154,1
1113,s-a,132,2
1133,s-a,129,3
1126,s-a,121,4
1103,s-a,103,5
1139,s-a,89,6
1130,s-a,77,7
1128,s-a,75,8
1140,s-a,73,9
1136,s-a,51,10
1102,s-a,47,11
1121,s-a,45,12
1104,s-a,39,13
1137,s-a,37,14
1117,s-a,34,15
1111,s-a,32,16
1107,s-a,30,17
1119,s-a,23,18
5560,s-maheshwari,73,1
17229,s-mohamed,58,1
11098,s04ks,45,1
19571,s1gok,30,1
4712,s1h3a1s0,3,1
18875,s2004k1993,59,1
1663,s661693,28,1
19373,s_hari,36,1
10201,saaaper,21,1
12826,saabba,83,1
7107,saadbayane,42,1
3293,sabaka,21,1
131,sabayossi,37,1
16634,sabila,99,1
16641,sabila,99,1
16636,sabila,95,3
16630,sabila,79,4
16628,sabila,72,5
16626,sabila,71,6
16625,sabila,64,7
16624,sabila,58,8
16639,sabila,50,9
16640,sabila,47,10
16637,sabila,41,11
16632,sabila,35,12
5281,sabotage_91,50,1
19758,sabr1998,50,1
12674,sabr1998,43,2
14551,sabr1998,43,2
8869,sacha-19683,40,1
19354,sackingoff,65,1
15406,sade_ce,47,1
435,sadecebeyaz,62,1
2384,sadecebeyaz,40,2
15140,sadecebeyaz,39,3
13400,sadlittleturtle,85,1
13392,sadlittleturtle,80,2
13396,sadlittleturtle,56,3
18818,sadra_cr7,72,1
19766,saeed2001,111,1
2863,saeed65,135,1
2869,saeed65,123,2
2839,saeed65,117,3
2845,saeed65,100,4
2850,saeed65,97,5
2855,saeed65,96,6
2856,saeed65,94,7
2846,saeed65,89,8
2870,saeed65,89,8
2851,saeed65,88,10
2868,saeed65,87,11
2842,saeed65,84,12
2838,saeed65,81,13
2841,saeed65,79,14
2857,saeed65,79,14
2872,saeed65,71,16
2853,saeed65,62,17
2849,saeed65,58,18
2844,saeed65,57,19
2873,saeed65,54,20
2843,saeed65,47,21
2837,saeed65,44,22
2862,saeed65,42,23
2840,saeed65,38,24
2847,saeed65,38,24
2867,saeed65,37,26
2865,saeed65,36,27
2859,saeed65,31,28
10875,saeid1025,101,1
16798,saenz027,71,1
17819,saenz027,67,2
7614,saezuri,76,1
3828,safeer_1111,51,1
753,safin_241,77,1
18549,sagansaxo,150,1
18553,sagansaxo,140,2
18544,sagansaxo,112,3
18548,sagansaxo,80,4
18541,sagansaxo,77,5
18540,sagansaxo,70,6
18546,sagansaxo,66,7
18535,sagansaxo,57,8
18542,sagansaxo,53,9
18531,sagansaxo,48,10
18520,sagansaxo,40,11
18517,sagansaxo,36,12
18554,sagansaxo,33,13
18526,sagansaxo,17,14
8642,saggy007,132,1
16716,saghi3005,17,1
3145,sagidulls,42,1
10200,sagnik,44,1
6049,saheb1993,41,1
18880,sahkal,112,1
3046,said12,61,1
16028,said122,12,1
9653,said295,35,1
5220,saidou1,133,1
13889,saidtugcu,50,1
4064,saiftopa1234,22,1
11360,sailor7,69,1
13451,sailor7,69,1
13709,sailor7,61,3
15582,saim,105,1
15587,saim,91,2
15588,saim,87,3
15591,saim,81,4
15598,saim,72,5
15589,saim,68,6
15596,saim,62,7
15594,saim,59,8
15605,saim,57,9
15603,saim,51,10
15578,saim,39,11
15581,saim,39,11
15579,saim,36,13
15600,saim,35,14
15583,saim,20,15
15604,saim,19,16
7050,sainaambrose,60,1
18098,saintroge,107,1
18095,saintroge,65,2
18099,saintroge,63,3
17467,sairamsandeep,50,1
6255,saitama_opm,168,1
6275,saitama_opm,66,2
6273,saitama_opm,60,3
6258,saitama_opm,55,4
6253,saitama_opm,51,5
6259,saitama_opm,51,5
6278,saitama_opm,42,7
6271,saitama_opm,39,8
6261,saitama_opm,37,9
6268,saitama_opm,31,10
6264,saitama_opm,23,11
6266,saitama_opm,23,11
6262,saitama_opm,16,13
15418,saj10,90,1
19629,sakeerhussain,91,1
16372,sakhalin,49,1
16638,sakhalin,44,2
9469,sakisan,16,1
18885,sakkozotolvaj,43,1
10958,sal7326,18,1
6861,saladrocket,32,1
18607,saladrocket,32,1
101,salah04,101,1
1613,salah9,52,1
16613,sale0706,59,1
4019,saleh1999,79,1
16302,salehssi,47,1
3771,salemfennir,49,1
10784,salender,15,1
13803,salfina,103,1
3552,salientfact,75,1
13255,salientfact,39,2
8975,salihdiler,94,1
8921,salim1,36,1
15458,sallysalter,77,1
18961,salman20,84,1
8879,salmonfish,27,1
9416,salosalo1,68,1
9415,salosalo1,36,2
9423,salosalo1,26,3
9422,salosalo1,18,4
9421,salosalo1,16,5
9418,salosalo1,10,6
9420,salosalo1,10,6
17332,salt1963,93,1
4586,salvador7943,11,1
7022,salvo1969,88,1
3580,sam4923,51,1
5673,sam540,126,1
5676,sam540,114,2
15345,samad_110,58,1
19437,samadi38,69,1
13265,samads911,57,1
20052,samael88,58,1
4337,samaraman,83,1
6857,samat321,90,1
436,samba_rei,29,1
2290,sameero,104,1
8457,samehallourdi,110,1
13038,samehallourdi,39,2
15168,samerlini,44,1
4041,sami55,40,1
13103,samilou123,12,1
13104,samilou123,8,2
13105,samilou123,8,2
9936,samimi,46,1
16598,samir_laurent,76,1
8997,samkii,32,1
12882,sammy111,24,1
19423,sammy_jankis,63,1
19509,samoo1477,180,1
19508,samoo1477,121,2
19497,samoo1477,113,3
19501,samoo1477,103,4
19480,samoo1477,96,5
19478,samoo1477,95,6
19481,samoo1477,85,7
19490,samoo1477,85,7
19505,samoo1477,79,9
19492,samoo1477,73,10
19503,samoo1477,70,11
19468,samoo1477,69,12
19488,samoo1477,69,12
19494,samoo1477,68,14
19464,samoo1477,67,15
19470,samoo1477,65,16
19486,samoo1477,65,16
19467,samoo1477,63,18
19510,samoo1477,61,19
19485,samoo1477,60,20
19473,samoo1477,56,21
19476,samoo1477,55,22
19465,samoo1477,51,23
19498,samoo1477,44,24
13492,samueldianu,70,1
16819,samuelgperti,45,1
4183,samuelpro,106,1
4182,samuelpro,76,2
4190,samuelpro,60,3
4198,samuelpro,57,4
4186,samuelpro,54,5
4195,samuelpro,34,6
4179,samuelpro,18,7
4176,samuelpro,16,8
4191,samuelpro,16,8
4185,samuelpro,13,10
4188,samuelpro,12,11
4178,samuelpro,8,12
1027,samuelwise,55,1
17851,samvel84,50,1
825,samwmsrachel,45,1
9417,samyaksingh,7,1
17643,sanbkazh,163,1
13832,sanchev,196,1
11415,sanchitkaushal,63,1
13742,sanchitkaushal,63,1
19063,sanchitkaushal,63,1
13426,sancho111,51,1
1574,sandbox992,66,1
8472,sandrusa123,86,1
5324,sandwedge,51,1
11581,sandycastro,40,1
18344,sani6236,52,1
7983,sanivadaajay,38,1
3397,sanjack,81,1
577,sanmarco,48,1
5559,sanmarcos,53,1
817,sanmarcos,47,2
9167,sanpedro,26,1
17715,sans_the_skeleton,111,1
1149,sansavoirvecu,55,1
14603,sansavoirvecu,55,1
4983,sansavoirvecu,54,3
12184,sansebastian,64,1
19879,sansebastian,48,2
2186,sansebastian,43,3
13353,sansebastian,43,3
14469,sansebastian,32,5
2010,sanskar99,72,1
14006,sanskrit,68,1
9629,sanskrit,28,2
10225,sansoni,25,1
2327,sansthecomic,71,1
2325,sansthecomic,53,2
2328,sansthecomic,27,3
6392,santanabrown,13,1
16230,santarsiero,48,1
10548,santozmitro,29,1
11257,santozmitro,29,1
1492,sanya66665433,90,1
17103,sanyokk,58,1
18481,sapejman,49,1
12377,sapo17,79,1
18832,sara_z_1396,99,1
18834,sara_z_1396,66,2
18835,sara_z_1396,53,3
18843,sara_z_1396,52,4
1752,saraginov,109,1
12820,saravananshanmugam,32,1
9425,sarcasticchessplayer,112,1
9426,sarcasticchessplayer,84,2
9427,sarcasticchessplayer,44,3
1695,sardinaso,69,1
16878,sarest,96,1
1854,sargentopimienta,55,1
10820,sargonchess,159,1
12657,sarikamis74,52,1
14534,sarikamis74,52,1
7254,sarojbatsa,63,1
13287,sarpbasaraner,136,1
15950,sarthakmanna,151,1
15935,sarthakmanna,104,2
15922,sarthakmanna,98,3
15958,sarthakmanna,98,3
15944,sarthakmanna,96,5
15937,sarthakmanna,93,6
15933,sarthakmanna,90,7
15938,sarthakmanna,84,8
6277,sarthakmanna,82,9
15943,sarthakmanna,81,10
15941,sarthakmanna,80,11
15924,sarthakmanna,79,12
15961,sarthakmanna,74,13
15959,sarthakmanna,72,14
15955,sarthakmanna,71,15
15948,sarthakmanna,59,16
15960,sarthakmanna,56,17
15929,sarthakmanna,54,18
15951,sarthakmanna,52,19
15939,sarthakmanna,47,20
15952,sarthakmanna,47,20
15930,sarthakmanna,43,22
15927,sarthakmanna,42,23
15946,sarthakmanna,41,24
15949,sarthakmanna,31,25
8069,saruar,65,1
12727,sarzenski,53,1
3775,sasa123,16,1
755,sasa1234,34,1
4672,sasalukic69,57,1
3526,sasha046,46,1
3524,sasha046,36,2
18782,sasha38,91,1
17462,sasha_riv,48,1
10462,sashik,36,1
15873,sashmunel,31,1
9424,sashush,17,1
11450,sasmitha,121,1
11452,sasmitha,47,2
11448,sasmitha,42,3
11445,sasmitha,31,4
11453,sasmitha,15,5
16136,sasoadziov,8,1
149,sassou,156,1
141,sassou,95,2
154,sassou,85,3
126,sassou,66,4
130,sassou,62,5
155,sassou,50,6
133,sassou,47,7
137,sassou,47,7
139,sassou,39,9
128,sassou,36,10
129,sassou,26,11
135,sassou,24,12
124,sassou,23,13
150,sassou,18,14
144,sassou,12,15
11118,sasunik,41,1
5307,satanrogue99,70,1
18238,satanrogue99,70,1
5306,satanrogue99,64,3
18237,satanrogue99,64,3
5303,satanrogue99,63,5
18234,satanrogue99,63,5
5302,satanrogue99,35,7
18233,satanrogue99,35,7
5304,satanrogue99,20,9
18235,satanrogue99,20,9
7782,satnot,20,1
2336,satuninja,52,1
15388,satuninja,52,1
12970,saurroc,92,1
17845,sausagedog,47,1
12873,savasmarecelyap,37,1
17949,savent,28,1
793,saviter,103,1
12228,saviter,103,1
795,saviter,91,3
12230,saviter,91,3
790,saviter,90,5
12225,saviter,90,5
808,saviter,89,7
12243,saviter,89,7
801,saviter,84,9
12236,saviter,84,9
782,saviter,80,11
12217,saviter,80,11
807,saviter,75,13
12242,saviter,75,13
804,saviter,74,15
12239,saviter,74,15
797,saviter,71,17
12232,saviter,71,17
814,saviter,70,19
12249,saviter,70,19
811,saviter,67,21
12246,saviter,67,21
803,saviter,47,23
12238,saviter,47,23
787,saviter,45,25
12222,saviter,45,25
780,saviter,42,27
12215,saviter,42,27
783,saviter,31,29
12218,saviter,31,29
815,saviter,28,31
12250,saviter,28,31
794,saviter,23,33
12229,saviter,23,33
785,saviter,18,35
12220,saviter,18,35
816,saviter,16,37
12251,saviter,16,37
4905,savukala,64,1
7855,sawadatsu,119,1
11481,sawatdiikrup,2,1
14825,sayantanchandra,39,1
1753,sayedibraheem,31,1
2048,sayednaser,33,1
11086,saygin,40,1
12029,sayid_abdullah,63,1
10929,sayoko,48,1
7441,sayul,12,1
11985,sazed,145,1
11981,sazed,107,2
11980,sazed,83,3
11990,sazed,83,3
11991,sazed,70,5
11993,sazed,52,6
11978,sazed,48,7
11996,sazed,48,7
11977,sazed,47,9
11987,sazed,43,10
11982,sazed,39,11
15985,sbasari,17,1
8715,scacchi11235,36,1
5423,scanjet1,210,1
18327,scanjet1,210,1
10863,scardanelli,65,1
10448,scardanelli,47,2
10865,scardanelli,28,3
4929,scarface818,82,1
10843,scarletpimpernel,65,1
16225,scatach,66,1
12696,schaakgraag1,98,1
7572,schach_2000,79,1
12749,schachmalanders,83,1
11946,schachmalanders,64,2
12750,schachmalanders,59,3
8708,schafer,67,1
18230,schams76,46,1
2596,schchesss,37,1
15502,schchesss,37,1
15819,schiappagrossa,21,1
712,schipio,41,1
13943,schlamm,61,1
17074,schlendryan,67,1
17072,schlendryan,66,2
17066,schlendryan,58,3
10091,schlobooo,54,1
4972,schmiedspuls,58,1
16228,schneetatze,69,1
16223,schneetatze,65,2
16226,schneetatze,41,3
5348,schoonied,48,1
18359,schoonied,48,1
5345,schoonied,44,3
18356,schoonied,44,3
5343,schoonied,42,5
18354,schoonied,42,5
5350,schoonied,32,7
5353,schoonied,32,7
18361,schoonied,32,7
18364,schoonied,32,7
11887,schtorm,64,1
7835,schuler,10,1
12569,schwambolini,36,1
6442,schwert,80,1
17148,schwert,39,2
10108,scientist1989,87,1
4071,sckynie,42,1
7994,sckynie,30,2
7754,scooberftw,88,1
7755,scooberftw,75,2
2634,scorchedturf,114,1
2635,scorchedturf,74,2
2647,scorchedturf,69,3
2619,scorchedturf,63,4
2626,scorchedturf,63,4
2620,scorchedturf,62,6
2638,scorchedturf,60,7
2641,scorchedturf,59,8
2646,scorchedturf,51,9
2643,scorchedturf,48,10
2625,scorchedturf,47,11
2617,scorchedturf,46,12
2629,scorchedturf,42,13
2648,scorchedturf,40,14
2628,scorchedturf,36,15
2612,scorchedturf,35,16
2630,scorchedturf,31,17
2613,scorchedturf,21,18
2615,scorchedturf,15,19
6902,scorpio,64,1
2519,scorpion2248,76,1
2517,scorpion2248,55,2
8393,scorpion273154,88,1
15726,scorpiopawn,68,1
4220,scottgodzaza,23,1
16782,scottytoohotty,54,1
8144,scottywilliams,27,1
8977,script1913,165,1
6234,scrub_slayer,23,1
4039,scuttlebutts,12,1
2874,sdeligiannis,62,1
1474,sdfsfwesrwfs,41,1
9026,sdiqx,30,1
14037,sdmabunda,136,1
14039,sdmabunda,116,2
14048,sdmabunda,105,3
14030,sdmabunda,103,4
14026,sdmabunda,97,5
14035,sdmabunda,97,5
14053,sdmabunda,84,7
14046,sdmabunda,83,8
14024,sdmabunda,82,9
14052,sdmabunda,80,10
14023,sdmabunda,72,11
14028,sdmabunda,66,12
14033,sdmabunda,66,12
14043,sdmabunda,63,14
14018,sdmabunda,62,15
14020,sdmabunda,62,15
14054,sdmabunda,61,17
14044,sdmabunda,56,18
14041,sdmabunda,55,19
14027,sdmabunda,45,20
14050,sdmabunda,27,21
14017,sdmabunda,15,22
13324,sdum,84,1
506,sdw207,38,1
9065,seagrave333,41,1
4420,sean-healy,45,1
8466,seanngo53,55,1
7954,searchingforbobby,35,1
2947,seashark,28,1
9822,seba71974,40,1
19679,sebapau89,26,1
18675,sebasguitar,4,1
17589,sebasproo,48,1
7978,sebastian9,102,1
17385,sebastianandratpar,69,1
4380,sebastiatamarit,39,1
17241,sebplaul,58,1
11103,secret999,30,1
15250,secretum,39,1
15739,secrolt,52,1
15925,secutor39,139,1
15926,secutor39,100,2
1505,sedinho,107,1
185,seetripuu,40,1
3740,seg32,56,1
16585,segentaralam,80,1
2022,segentaralam,35,2
186,seif22,59,1
6285,seifca90,101,1
6286,seifca90,95,2
6287,seifca90,63,3
6289,seifca90,60,4
6292,seifca90,58,5
6284,seifca90,55,6
6290,seifca90,36,7
6283,seifca90,18,8
3688,seilon,11,1
7986,sekatski,161,1
18485,sekhavatpor,47,1
15903,selami011235,31,1
12432,selimcivcer,15,1
14431,selimcivcer,15,1
2624,sellout,43,1
5009,semarchess,55,1
2422,semenov1717,42,1
8460,semihtaskinlar,59,1
8760,seniorgara,103,1
4916,senjlimbu,111,1
398,senormontypants,130,1
2440,sensey123,8,1
18452,sepehrxman,79,1
17802,sepiroth,35,1
12364,ser11,53,1
83,serai,51,1
3211,seravee,40,1
1785,serber,111,1
1782,serber,92,2
5904,serbi,17,1
11141,serbondar,35,1
16132,serega25,57,1
17318,sereznii,24,1
4030,serg0901,35,1
4032,serg0901,21,2
6536,serg2223,43,1
6894,sergant89,45,1
18640,sergant89,45,1
14913,serge60,68,1
386,sergeares,41,1
12033,sergeigodenko,55,1
14747,sergeiv011988,74,1
14750,sergeiv011988,53,2
14748,sergeiv011988,39,3
5892,sergej-kms,45,1
8368,sergey1806,76,1
12854,sergey1971,66,1
10049,sergey23,42,1
12127,sergey33489,93,1
12125,sergey33489,64,2
3264,sergey67,35,1
9300,sergey_13,41,1
16181,sergey_vorozhtsov,33,1
6623,sergeyb78,31,1
17535,sergeydianov2573,55,1
12061,sergeyi4b,10,1
7871,sergeykar,110,1
191,sergeylobanov,178,1
6792,sergeypolozhiev,141,1
6776,sergeypolozhiev,136,2
6772,sergeypolozhiev,135,3
6798,sergeypolozhiev,130,4
6797,sergeypolozhiev,129,5
6787,sergeypolozhiev,126,6
6783,sergeypolozhiev,103,7
6761,sergeypolozhiev,95,8
6788,sergeypolozhiev,89,9
6773,sergeypolozhiev,88,10
6763,sergeypolozhiev,86,11
6769,sergeypolozhiev,80,12
6766,sergeypolozhiev,72,13
6775,sergeypolozhiev,67,14
6762,sergeypolozhiev,51,15
6778,sergeypolozhiev,48,16
6791,sergeypolozhiev,48,16
6785,sergeypolozhiev,40,18
6795,sergeypolozhiev,36,19
6781,sergeypolozhiev,33,20
6768,sergeypolozhiev,29,21
7404,sergeysolo,60,1
3161,serggas,82,1
17236,serggas,36,2
15109,sergio1967fabian,46,1
15572,sergioduque,28,1
12172,sergiokumic,72,1
11730,sergiokyuss,54,1
422,sergipechess,47,1
20020,sergoria,44,1
9951,serhio55,26,1
13590,serial__chiller,87,1
13591,serial__chiller,60,2
13595,serial__chiller,55,3
13588,serial__chiller,52,4
13597,serial__chiller,21,5
9263,serifoddolova,45,1
2293,seriguelazul,119,1
1947,serik-astana,1,1
2462,serioosbadger,40,1
1179,serkokvlad,48,1
9725,serse72,21,1
9152,sesh,29,1
1434,sesh,17,2
13273,sesini,31,1
14800,sesini,17,2
16186,setapus,129,1
19652,sethmonu,86,1
3528,sevaphilya,24,1
2379,seveluci,42,1
8953,sevenrain,34,1
12608,severechess19,45,1
7328,sevillatolosa,62,1
5487,sex_god,12,1
15844,sexosterone,99,1
10597,seyen,33,1
11306,seyen,33,1
7720,seyysd,92,1
6304,seyysd,53,2
13042,sfelipo,15,1
12275,sgbarrys,120,1
12279,sgbarrys,96,2
12277,sgbarrys,51,3
12256,sgbarrys,36,4
13276,sgis,120,1
13275,sgis,91,2
13279,sgis,61,3
15468,sh4rkillz,49,1
2627,sha6arangi,41,1
4812,shabeakhar1360,129,1
12070,shadd,63,1
7988,shaderna,57,1
19442,shadman99,88,1
7591,shadow1031,109,1
7580,shadow1031,95,2
7597,shadow1031,92,3
7581,shadow1031,89,4
7577,shadow1031,84,5
7599,shadow1031,83,6
7585,shadow1031,81,7
7566,shadow1031,80,8
7590,shadow1031,79,9
7569,shadow1031,56,10
7575,shadow1031,56,10
7573,shadow1031,49,12
7583,shadow1031,47,13
7571,shadow1031,42,14
7568,shadow1031,34,15
7594,shadow1031,32,16
9133,shadow20330,162,1
9255,shadowblade,18,1
6095,shadowchess2006,119,1
15299,shadowdatsas,161,1
15266,shadowdatsas,137,2
15280,shadowdatsas,127,3
15277,shadowdatsas,84,4
15301,shadowdatsas,80,5
15291,shadowdatsas,79,6
15271,shadowdatsas,69,7
15289,shadowdatsas,68,8
15286,shadowdatsas,55,9
15296,shadowdatsas,50,10
15273,shadowdatsas,49,11
15270,shadowdatsas,46,12
15287,shadowdatsas,39,13
15279,shadowdatsas,32,14
15282,shadowdatsas,31,15
15298,shadowdatsas,22,16
15294,shadowdatsas,20,17
15275,shadowdatsas,18,18
15284,shadowdatsas,15,19
15307,shadowslord,71,1
15306,shadowslord,68,2
15304,shadowslord,5,3
5486,shadowtiger,56,1
10019,shady_yacoub,60,1
11749,shadytoffeebackup,40,1
11753,shadytoffeebackup,37,2
11752,shadytoffeebackup,21,3
11750,shadytoffeebackup,4,4
13420,shaeila89,38,1
13422,shaeila89,34,2
346,shafer24,92,1
5120,shage,67,1
11143,shaha,95,1
1496,shahariar1501074,39,1
9566,shahidhuss,107,1
9565,shahidhuss,79,2
9564,shahidhuss,74,3
17290,shahil2105,25,1
17440,shahin1352,101,1
8432,shahin1389,85,1
15923,shahinzare0911,139,1
18892,shahka,83,1
8309,shahoviy_komentator,44,1
5780,shahram1972,57,1
6701,shahrooz888,57,1
14894,shahuebah,27,1
5125,shahundlu,115,1
12836,shailchess,61,1
4256,shaka88,56,1
15915,shakailham,107,1
4349,shakailham,73,2
4347,shakailham,66,3
15580,shakailham,37,4
6032,shakuni123,22,1
10271,shamiknag,85,1
5525,shamliq,106,1
5228,shamliq,62,2
9636,shamusokeefe,34,1
5683,shanat287,91,1
5816,shandvend,70,1
1154,shangreela,68,1
14608,shangreela,68,1
19827,shannonhartman77,68,1
1970,sharkawy92,5,1
13240,sharkawy92,5,1
16313,sharkby,154,1
1876,sharkey101,143,1
1853,sharkey101,132,2
1861,sharkey101,99,3
1858,sharkey101,85,4
1851,sharkey101,83,5
1855,sharkey101,82,6
1860,sharkey101,80,7
1879,sharkey101,79,8
1881,sharkey101,71,9
1884,sharkey101,66,10
1869,sharkey101,64,11
1866,sharkey101,58,12
1873,sharkey101,54,13
1863,sharkey101,51,14
1868,sharkey101,48,15
1848,sharkey101,44,16
1886,sharkey101,43,17
1849,sharkey101,38,18
1877,sharkey101,32,19
1871,sharkey101,24,20
15518,sharkstorm1010,63,1
6362,sharok,49,1
18141,sharonstone,49,1
11180,sharparrow,43,1
6079,sharpness-v,73,1
10072,shash19,37,1
19407,shatrandjbaz,21,1
7459,shatranz,25,1
17079,shawnsicilia,50,1
18302,shayan2000,16,1
18981,shayanaghaie,87,1
4344,shayanaghaie,65,2
2056,shazanmj,59,1
20045,shchuchin,37,1
19961,sheepnl,114,1
18430,sheik_yerbouti,74,1
18432,sheik_yerbouti,62,2
18427,sheik_yerbouti,57,3
18428,sheik_yerbouti,54,4
18425,sheik_yerbouti,44,5
6060,shejos,81,1
8304,shekh,61,1
8029,shenley1914,50,1
13868,shepmd,87,1
13866,shepmd,69,2
596,sheshengy,65,1
3788,shevchenko_vlad,76,1
18368,shew,8,1
15063,sheytandereli,52,1
3513,shgtufhg14f2456654,28,1
5175,shibikoko,2,1
3458,shieldandsword88,27,1
16325,shieldandsword88,27,1
7234,shiftas,71,1
1998,shijima220,125,1
1995,shijima220,110,2
1997,shijima220,68,3
1990,shijima220,61,4
1988,shijima220,52,5
1994,shijima220,46,6
1992,shijima220,36,7
10985,shire5shir,175,1
3863,shiro94,94,1
5016,shiro94,36,2
17712,shirock,65,1
12260,shirock,34,2
2550,shisherr,73,1
9261,shisherr,41,2
5847,shiva1789,52,1
5844,shiva1789,46,2
19447,shiva77077,68,1
14862,shivam_12,19,1
14302,shivamsuhane,55,1
16407,shivananda,82,1
19,shivangithegenius,101,1
26,shivangithegenius,69,2
30,shivangithegenius,66,3
29,shivangithegenius,53,4
53,shivangithegenius,53,4
17,shivangithegenius,52,6
15,shivangithegenius,31,7
38,shivangithegenius,22,8
34,shivangithegenius,21,9
36,shivangithegenius,19,10
21,shivangithegenius,14,11
25,shivangithegenius,13,12
51,shivangithegenius,5,13
22,shivangithegenius,3,14
47,shivangithegenius,3,14
12722,shivasurya9,51,1
255,shivcool,38,1
19231,shivcool,38,1
11555,shiwen,349,1
13860,shiwen,349,1
11556,shiwen,157,3
13861,shiwen,157,3
11560,shiwen,67,5
13865,shiwen,67,5
11558,shiwen,64,7
13863,shiwen,64,7
17533,shkl,81,1
15153,shlema,19,1
2921,shmelev_a,113,1
15658,shmelev_a,113,1
17706,shmulke,138,1
17714,shmulke,135,2
17696,shmulke,116,3
17707,shmulke,115,4
17717,shmulke,96,5
17702,shmulke,82,6
17684,shmulke,78,7
17700,shmulke,74,8
17713,shmulke,66,9
17687,shmulke,62,10
17694,shmulke,62,10
17697,shmulke,60,12
17699,shmulke,60,12
17710,shmulke,50,14
17688,shmulke,49,15
17693,shmulke,41,16
17691,shmulke,38,17
3387,shokoshokao,25,1
17889,sholpangaitova,65,1
3560,shongwesf,106,1
14490,shortindianboy,103,1
10029,shoshonte,102,1
10021,shoshonte,66,2
10026,shoshonte,49,3
3179,showrov,69,1
1228,showview,40,1
8267,shreeneelg,54,1
3250,shreyposhiya,78,1
3252,shreyposhiya,59,2
3257,shreyposhiya,46,3
3248,shreyposhiya,16,4
3254,shreyposhiya,15,5
11491,shryder,65,1
8894,shully,77,1
13284,shunia_dnepr,37,1
4080,shusudukuto,58,1
19578,shviktor,54,1
6700,siakhatar_gh,83,1
7164,siavash-ir,56,1
7645,siavash1338,57,1
5723,siavashhuman,59,1
8840,siavashi1360,47,1
3587,siberia70,23,1
9686,siberiav2,64,1
2727,sibsibhurra,67,1
8320,sicilian1,45,1
6748,siciliano13,81,1
8505,siciliantm,50,1
11047,sickboy,95,1
5606,sickened,44,1
5896,siculus,7,1
15065,siddhartha90,78,1
9331,sidharthcnadhan,44,1
17970,sidik,121,1
3170,sigano,43,1
3039,siggicv8,79,1
7493,sigiar,72,1
9330,sigseg,67,1
3083,sigve,21,1
9306,siig,32,1
8616,siinaa,133,1
8618,siinaa,46,2
4385,siindbad,77,1
4398,siindbad,65,2
4402,siindbad,57,3
4399,siindbad,53,4
4403,siindbad,52,5
4405,siindbad,51,6
4404,siindbad,49,7
4386,siindbad,47,8
4381,siindbad,45,9
4383,siindbad,45,9
4387,siindbad,45,9
4389,siindbad,41,12
4393,siindbad,31,13
9459,sikoku71,122,1
8129,silent_tg2,16,1
2662,silentlucidity,121,1
19846,silentsheep,13,1
2912,silsal,54,1
7083,siltru28,128,1
7081,siltru28,66,2
16157,silverknight03,96,1
14381,silvinusclisson,21,1
17537,silvio78,67,1
18352,silvio_pao,56,1
8868,silvio_toro,85,1
481,silviumd,60,1
1316,simba9,57,1
7398,simba9,47,2
2753,simeg2003,23,1
15715,simon44,114,1
17551,simon_kevin,101,1
17549,simon_kevin,77,2
12625,simon_moon,74,1
19645,simpkin,43,1
6118,simple-player,154,1
6116,simple-player,61,2
15412,simplej,109,1
18465,simplej,93,2
13520,simsive777,94,1
18755,sin29,29,1
19435,sin69,57,1
10891,sina,50,1
10306,sinasepehr,79,1
10304,sinasepehr,65,2
10308,sinasepehr,41,3
13292,sinchi,50,1
10772,singer,9,1
12292,singyoursong42,105,1
12290,singyoursong42,18,2
4527,sinister303,53,1
16487,sinitsin,88,1
6386,sinneba,23,1
2471,sinnx,53,1
4546,sinral,96,1
17451,sinyelrum,180,1
17511,siomka_gio,36,1
17512,siomka_gio,10,2
7378,sipahi,50,1
8378,sirdabuae,89,1
1227,sirdragon1,52,1
19923,sirius_rus,159,1
19020,siroos1342,54,1
2606,sirrezack,90,1
6897,sirtetris,98,1
6895,sirtetris,5,2
2382,siruam,70,1
14220,sistla,39,1
11553,sisyphos33,96,1
13858,sisyphos33,96,1
7126,siux,53,1
565,six_moves_ahead,58,1
15047,sjeiben,99,1
15077,sjeiben,83,2
15080,sjeiben,77,3
15044,sjeiben,69,4
15060,sjeiben,68,5
15068,sjeiben,59,6
15066,sjeiben,54,7
15045,sjeiben,52,8
15052,sjeiben,44,9
15053,sjeiben,43,10
15059,sjeiben,43,10
15071,sjeiben,32,12
15074,sjeiben,31,13
15057,sjeiben,27,14
15055,sjeiben,16,15
12959,skadovsk,39,1
18806,skakaludo,56,1
7346,skarby,87,1
7345,skarby,31,2
19093,skayb,55,1
10779,skayder,11,1
16631,skazochnik,19,1
6365,skchess,104,1
6367,skchess,51,2
4109,skerre,45,1
18255,skhad,55,1
12482,ski1946,58,1
3713,skids19,25,1
16069,skillz_rekt,123,1
16067,skillz_rekt,105,2
16070,skillz_rekt,73,3
16071,skillz_rekt,71,4
15288,skipp,63,1
569,skipskipskop,4,1
15194,skki,53,1
9612,sklibur,2,1
3177,skorpom03,56,1
14445,sktfaker,39,1
1864,skudarnov,69,1
1531,skulll1,94,1
1538,skulll1,93,2
1528,skulll1,80,3
1533,skulll1,80,3
1527,skulll1,73,5
1537,skulll1,73,5
1534,skulll1,67,7
1532,skulll1,63,8
1540,skulll1,33,9
1171,skuppam3,66,1
1173,skuppam3,65,2
1175,skuppam3,57,3
1177,skuppam3,57,3
1172,skuppam3,55,5
1167,skuppam3,41,6
1168,skuppam3,39,7
1164,skuppam3,10,8
3037,sky1234,22,1
11871,skybabee,135,1
14824,skydeck,5,1
10443,skylar-morgan123,9,1
10872,sl0ba,30,1
14575,sl11235,52,1
4321,sl13f,46,1
7363,slava010976,101,1
10442,slavam,23,1
19891,slavija,60,1
1539,slavik-1991,94,1
3043,slavik26,39,1
2836,slavkor,107,1
16045,slaying_queen,45,1
16051,slaying_queen,44,2
16053,slaying_queen,16,3
12372,slbn,43,1
15882,slboyar,62,1
1940,sld1975,13,1
14988,sldnk51,23,1
5105,sleepez,116,1
5103,sleepez,111,2
5108,sleepez,79,3
5106,sleepez,66,4
5104,sleepez,64,5
5102,sleepez,62,6
5107,sleepez,19,7
7315,sleepygoat,62,1
2036,slickmate,39,1
15373,slickrick07,43,1
7919,slimes1,2,1
17959,slimfinger,66,1
5810,slin,49,1
17800,slobodan007,57,1
17799,slobodan007,26,2
651,slobodan7,74,1
754,slon-al,76,1
741,slon-al,65,2
752,slon-al,59,3
756,slon-al,53,4
746,slon-al,35,5
751,slon-al,30,6
747,slon-al,23,7
742,slon-al,20,8
843,slon11,55,1
12320,slon11,55,1
5497,slowgamer,1,1
16856,slowpoke123,59,1
16852,slowpoke123,43,2
16851,slowpoke123,35,3
8131,slv-chess,76,1
16049,slytherinsheir,3,1
16050,slytherinsheir,3,1
8465,smail94,40,1
3691,smalex,59,1
2368,smalljap,41,1
7361,smanuel,83,1
866,smartduckduckcow,5,1
12298,smartduckduckcow,5,1
14307,smartduckduckcow,5,1
6692,smartguy101,162,1
6686,smartguy101,150,2
6694,smartguy101,132,3
6685,smartguy101,56,4
6688,smartguy101,40,5
6698,smartguy101,27,6
15372,smartsky,124,1
15918,smartsky,108,2
10603,smasherkiller,46,1
8558,smauglys,23,1
11531,smaugthemagnificent,56,1
11042,smchess729,81,1
11041,smchess729,73,2
11040,smchess729,51,3
9935,smchess999,134,1
9939,smchess999,65,2
9934,smchess999,63,3
9932,smchess999,53,4
9603,smederevac,21,1
4761,smegheadsteve,38,1
3399,smekailo,56,1
3185,smiiey,59,1
7892,smile-of-reason,74,1
14723,smileyface1236,125,1
14730,smileyface1236,87,2
14732,smileyface1236,62,3
14727,smileyface1236,51,4
14729,smileyface1236,43,5
14725,smileyface1236,29,6
17872,smilsydov,72,1
17873,smilsydov,69,2
17857,smilsydov,61,3
17868,smilsydov,58,4
17842,smilsydov,55,5
17852,smilsydov,53,6
17871,smilsydov,51,7
17860,smilsydov,45,8
17863,smilsydov,43,9
17866,smilsydov,41,10
17847,smilsydov,29,11
17848,smilsydov,27,12
17865,smilsydov,23,13
17854,smilsydov,21,14
17858,smilsydov,19,15
17846,smilsydov,16,16
9028,smisy,18,1
11053,smjt,38,1
5187,smklassen0977,15,1
2755,smm1347,43,1
15804,smm1347,30,2
7656,smndst95,67,1
11175,smok,21,1
7833,smokedog,17,1
18916,smokh,73,1
14983,smontur,47,1
15798,smontur,32,2
10398,smopet,47,1
7151,smorris,74,1
4652,smrttwin,78,1
609,snaek161616,52,1
610,snaek161616,52,1
608,snaek161616,46,3
616,snaek161616,46,3
606,snaek161616,35,5
18407,snappppp,119,1
6343,sndjones008,93,1
1983,sneaky_bugger,73,1
2704,sneaky_bugger,73,1
1986,sneaky_bugger,26,3
2707,sneaky_bugger,26,3
1981,sneaky_bugger,12,5
2702,sneaky_bugger,12,5
1984,sneaky_bugger,3,7
2705,sneaky_bugger,3,7
1979,sneaky_bugger,2,9
2700,sneaky_bugger,2,9
5549,sniperpro22,58,1
17728,snmrtt,77,1
16367,snoopyfan,79,1
16377,snoopyfan,67,2
16371,snoopyfan,65,3
16373,snoopyfan,59,4
16365,snoopyfan,49,5
16374,snoopyfan,37,6
16361,snoopyfan,33,7
16375,snoopyfan,22,8
16368,snoopyfan,16,9
16363,snoopyfan,9,10
16441,snovapampa,89,1
17886,snow65,46,1
8128,snowden,43,1
9887,snowden,29,2
10343,snowden,22,3
10065,snowden,15,4
9893,snowden,13,5
9895,snowden,13,5
6604,snowneko,65,1
2926,snupi,63,1
15663,snupi,63,1
8867,soapytime,61,1
13869,sobhy1234,45,1
7969,sobhy1234,20,2
4839,soc,76,1
10223,socal,44,1
17885,sodel,95,1
4104,sofaki23,44,1
9057,sofaking660,84,1
14029,sofien,44,1
11407,soheil0,64,1
13734,soheil0,64,1
19055,soheil0,64,1
12358,sohrab911,37,1
4074,soldier6534,117,1
3737,soldierofsatan,64,1
11620,solidchess_hehe,127,1
11637,solidchess_hehe,105,2
11644,solidchess_hehe,86,3
11651,solidchess_hehe,62,4
11636,solidchess_hehe,57,5
11626,solidchess_hehe,56,6
11633,solidchess_hehe,54,7
11639,solidchess_hehe,53,8
11649,solidchess_hehe,52,9
11624,solidchess_hehe,48,10
11628,solidchess_hehe,48,10
11630,solidchess_hehe,44,12
11622,solidchess_hehe,42,13
11647,solidchess_hehe,38,14
11642,solidchess_hehe,34,15
11615,solidchess_hehe,16,16
11635,solidchess_hehe,16,16
11619,solidchess_hehe,11,18
5839,solidity_1,126,1
5843,solidity_1,62,2
8377,solidwall,54,1
3531,solom_9005,62,1
3077,solomonmc,21,1
3303,solomons19,45,1
582,soltan1800,45,1
280,sombragris,33,1
4368,somo,51,1
5741,somo1,71,1
17470,sonc,102,1
5097,songhopur,30,1
19848,songoficeandvodka,59,1
19938,songxialone,113,1
19906,sonicj01,48,1
16617,sonicsfe,99,1
16619,sonicsfe,86,2
16611,sonicsfe,64,3
16612,sonicsfe,62,4
16602,sonicsfe,55,5
16608,sonicsfe,49,6
16615,sonicsfe,45,7
16614,sonicsfe,41,8
16601,sonicsfe,38,9
19307,sonkisot21,56,1
7764,sonnyc,39,1
3899,sonsofthunder,53,1
11791,sonybutar1989,96,1
1069,soosi98,92,1
12651,soosi98,92,1
14518,soosi98,92,1
6771,sop,69,1
1028,soprotheygowhoa,65,1
19767,sorethea,56,1
7321,sorethea,46,2
2197,soric,86,1
17540,soric,58,2
15875,sorin_256,61,1
15874,sorin_256,57,2
9113,sorokin22,11,1
1158,sorrowsea,61,1
3451,soskyy,41,1
11395,sosnovsky,31,1
14735,sosobanane,37,1
7256,sostar,31,1
698,sotochka,43,1
4163,souayahmustafa,167,1
13032,souljah84116,70,1
4954,soulman2001,115,1
4956,soulman2001,88,2
4959,soulman2001,17,3
1043,soultego,70,1
19613,soultego,38,2
6077,souren,53,1
19262,sovietnebun,24,1
12257,soy,60,1
12264,soy,3,2
15553,soy_penca,57,1
9365,sozyone,16,1
6784,sp247,44,1
2558,sp37578,108,1
2548,sp37578,87,2
2540,sp37578,78,3
2555,sp37578,78,3
2553,sp37578,56,5
7280,spa1ding,95,1
15865,spaatz,17,1
18209,spanishamerican,52,1
19876,spark8,117,1
11905,sparklehorse,81,1
10185,sparklehorse,50,2
11496,sparkyman,7,1
19244,sparkyman,7,1
16082,spartak-champion,127,1
8687,spartan117,153,1
14173,spearlarry,7,1
5580,speavo,43,1
17130,speedey,70,1
19887,speedguru,30,1
16281,spein46,52,1
18456,speleolog,73,1
6799,spencer23,32,1
319,spendius,51,1
512,spetsnaz_gm,67,1
5958,sphohuchiha,52,1
4156,spicybeef189,37,1
17765,spidermanto,96,1
13440,spiidimonsteri,205,1
19860,spiketail118,46,1
396,spikyturtle,67,1
389,spikyturtle,59,2
394,spikyturtle,52,3
391,spikyturtle,50,4
397,spikyturtle,31,5
16933,spinochio,51,1
482,spinola01,58,1
484,spinola01,40,2
19948,spiteknight,142,1
19935,spiteknight,119,2
19929,spiteknight,107,3
19932,spiteknight,107,3
19924,spiteknight,104,5
19957,spiteknight,101,6
19958,spiteknight,99,7
19926,spiteknight,95,8
19939,spiteknight,87,9
19936,spiteknight,84,10
19955,spiteknight,67,11
19953,spiteknight,66,12
19917,spiteknight,64,13
19940,spiteknight,61,14
19946,spiteknight,61,14
19950,spiteknight,56,16
19914,spiteknight,53,17
19942,spiteknight,53,17
19921,spiteknight,51,19
19959,spiteknight,51,19
19930,spiteknight,46,21
19918,spiteknight,45,22
19928,spiteknight,45,22
19934,spiteknight,39,24
9294,spitfire999,20,1
9292,spitfire999,10,2
17174,spithz,109,1
7225,spodermenz,20,1
17876,spolkovysach,94,1
11524,sportowiec,87,1
6702,spotter,45,1
3599,sprecherscrow,83,1
1058,spsingh1987,49,1
14934,spud39,78,1
5848,spuk,75,1
19677,spuntachessts,45,1
7800,sputnik_monroe,45,1
1759,sqs198627,101,1
18290,squaling,25,1
2866,squalltakuya,147,1
5237,squavallo,41,1
15708,sqweez,37,1
9604,sr1340,17,1
8561,srap,107,1
3253,srddimt3,55,1
5541,srdjanveljovic,54,1
18964,sredakrd,71,1
1559,sreeansh,45,1
3357,sreeni77,100,1
10279,srgriffin,61,1
11720,srinathpads,52,1
19343,srinathpads,52,1
15351,srinikhil963,127,1
15342,srinikhil963,82,2
15343,srinikhil963,65,3
15344,srinikhil963,62,4
15350,srinikhil963,57,5
15346,srinikhil963,49,6
15353,srinikhil963,47,7
15347,srinikhil963,43,8
3743,sriramprasad,44,1
13705,srki_kv,102,1
13697,srki_kv,100,2
13530,srki_kv,66,3
11327,srn3000,32,1
13598,srn3000,32,1
1223,ss-fitz,44,1
13787,ss221,106,1
773,ss96,28,1
19167,ssf7,158,1
19168,ssf7,131,2
19200,ssf7,128,3
19180,ssf7,125,4
19181,ssf7,121,5
19192,ssf7,117,6
19159,ssf7,116,7
19166,ssf7,115,8
19171,ssf7,108,9
19197,ssf7,104,10
19190,ssf7,96,11
19157,ssf7,92,12
19173,ssf7,87,13
19195,ssf7,81,14
19179,ssf7,80,15
19201,ssf7,80,15
19165,ssf7,79,17
19176,ssf7,79,17
19170,ssf7,77,19
19199,ssf7,77,19
19177,ssf7,76,21
19182,ssf7,76,21
19202,ssf7,76,21
19158,ssf7,75,24
19198,ssf7,75,24
19203,ssf7,73,26
19191,ssf7,72,27
19196,ssf7,72,27
19204,ssf7,71,29
19160,ssf7,70,30
19161,ssf7,69,31
19163,ssf7,68,32
19183,ssf7,68,32
19185,ssf7,67,34
19169,ssf7,65,35
19175,ssf7,64,36
19184,ssf7,64,36
19193,ssf7,63,38
19178,ssf7,59,39
19186,ssf7,59,39
19164,ssf7,58,41
19162,ssf7,54,42
19187,ssf7,51,43
19188,ssf7,45,44
19189,ssf7,45,44
19172,ssf7,43,46
19194,ssf7,36,47
19174,ssf7,29,48
12337,ssjurukai,25,1
1822,ssnow,49,1
15325,sspreadd,56,1
2522,sstudent,82,1
16561,st2orm,99,1
18983,st2orm,38,2
14245,st3,49,1
5114,st4nislav,41,1
7458,staboola,47,1
9475,staccato_allegro,62,1
9476,staccato_allegro,56,2
17015,stagirita,82,1
3633,stalin1941,56,1
12354,stama001,9,1
8678,starcat,37,1
1317,stare_spb,53,1
699,starfire777,60,1
17052,stargazer1966,30,1
2453,starik82,65,1
15978,starlightextinction,35,1
14950,stas1989,74,1
6267,stas333333,42,1
3795,stasi5,21,1
3582,staskamaev,96,1
14751,staskamaev,96,1
16604,staskras,73,1
15638,stazam,50,1
7831,steel155,71,1
10898,steelviper,75,1
10900,steelviper,57,2
10895,steelviper,48,3
10904,steelviper,48,3
10897,steelviper,37,5
10892,steelviper,23,6
5325,steevendelgado,82,1
903,stefanelu,43,1
8707,stefanger,45,1
3834,stefanmasch,82,1
15536,stefanmasch,54,2
10405,stefanojack2,47,1
13071,stefroca,50,1
6905,steinar1964,105,1
17749,steintulling,46,1
5808,stekstek,57,1
14235,stellanova,62,1
14238,stellanova,58,2
14239,stellanova,56,3
14246,stellanova,52,4
14255,stellanova,44,5
14242,stellanova,40,6
14244,stellanova,40,6
14247,stellanova,38,8
14240,stellanova,24,9
14256,stellanova,20,10
14251,stellanova,12,11
3388,step289,67,1
17752,stephen789,76,1
43,stephen789,30,2
18162,stephenmorley,24,1
1049,stephlema,52,1
14530,stergioos,109,1
14526,stergioos,70,2
14525,stergioos,51,3
14531,stergioos,47,4
14528,stergioos,42,5
15493,steriousslmae,27,1
15675,sterzoservo,64,1
16454,sterzoservo,32,2
15354,stethoscopes,59,1
15356,stethoscopes,45,2
15358,stethoscopes,19,3
12383,steustache,89,1
1976,stevan52,37,1
13246,stevan52,37,1
3846,steve4000,32,1
13082,steveboone,76,1
7522,stevefloyd,55,1
4464,stevenemily,118,1
13917,stevenemily,118,1
4466,stevenemily,64,3
13919,stevenemily,64,3
4465,stevenemily,49,5
13918,stevenemily,49,5
13916,stevenemily,45,7
5657,stevepb,38,1
7366,stexupery,119,1
6375,stig83,30,1
3931,stigdagerman,29,1
9871,stilian2000,47,1
12967,stipp,90,1
19031,stipp,83,2
10149,stirlits,83,1
18268,stitch_13,160,1
18274,stitch_13,126,2
18300,stitch_13,124,3
18292,stitch_13,123,4
18281,stitch_13,118,5
18291,stitch_13,114,6
18286,stitch_13,111,7
18285,stitch_13,103,8
18297,stitch_13,102,9
18275,stitch_13,98,10
18288,stitch_13,86,11
18289,stitch_13,83,12
18295,stitch_13,74,13
18263,stitch_13,62,14
18266,stitch_13,62,14
18273,stitch_13,58,16
18269,stitch_13,48,17
18265,stitch_13,36,18
18283,stitch_13,32,19
18278,stitch_13,31,20
18279,stitch_13,20,21
3223,stitch_thb,54,1
4148,stlan,57,1
4535,stojan17,45,1
2392,stonecollector,65,1
10208,stonecollector,23,2
528,stonedragon,25,1
10988,stoneworker,52,1
8701,stonkfish,76,1
8675,stonyle,65,1
16808,stopensando,25,1
13256,stopmirinbrah,52,1
8837,stoputan,162,1
6272,stopwarplaychess,60,1
5111,storm28rus,34,1
23,storm28rus,17,2
4343,storm_100,77,1
19353,stracchino,77,1
11934,strahinja10,59,1
11931,strahinja10,55,2
11935,strahinja10,47,3
16214,strangesr,87,1
6349,straniknochi,32,1
16500,straszliwiec,81,1
5685,straszliwiec,69,2
4953,strawpawn,37,1
7038,streaml1ne,80,1
17926,streaml1ne,49,2
2744,strey1998,67,1
1048,strider02,16,1
211,striker123,66,1
11438,striker123,66,1
13765,striker123,66,1
19086,striker123,66,1
206,striker123,15,5
11433,striker123,15,5
13760,striker123,15,5
19081,striker123,15,5
11062,stringbeans,86,1
19359,stringr4y,45,1
13367,strong_knight,40,1
12181,strsljen,111,1
4366,strudel,79,1
7451,ststephen,11,1
14906,sttrider,59,1
13635,stuckupfemale,61,1
18501,studying,59,1
14837,stunning_star,143,1
14847,stunning_star,111,2
14842,stunning_star,97,3
14846,stunning_star,85,4
14850,stunning_star,84,5
14838,stunning_star,79,6
14832,stunning_star,73,7
14851,stunning_star,70,8
14834,stunning_star,68,9
14840,stunning_star,56,10
14843,stunning_star,50,11
14849,stunning_star,15,12
12973,stupidkingkilledpawn,72,1
18367,stutberidze,76,1
18373,stutberidze,60,2
18374,stutberidze,53,3
18371,stutberidze,46,4
18369,stutberidze,39,5
4716,stve400231,119,1
4720,stve400231,95,2
4721,stve400231,81,3
4718,stve400231,53,4
4713,stve400231,39,5
4717,stve400231,37,6
4714,stve400231,35,7
4715,stve400231,33,8
8980,stxe4,94,1
8959,stylishplyr,56,1
8957,stylishplyr,41,2
18988,stylos,58,1
17465,stylos,38,2
1217,styve_lam,17,1
11146,subbee,27,1
8450,subnomial,53,1
8448,subnomial,48,2
16552,subtenenteandrioli,82,1
19937,subtenenteandrioli,47,2
3329,success_11,118,1
5137,sud3457,72,1
12043,sudebala,51,1
1974,sudorous,69,1
13244,sudorous,69,1
9698,sugarmike,144,1
9695,sugarmike,130,2
9682,sugarmike,120,3
9683,sugarmike,101,4
9687,sugarmike,79,5
9704,sugarmike,73,6
9716,sugarmike,69,7
9692,sugarmike,65,8
9701,sugarmike,61,9
9712,sugarmike,59,10
9688,sugarmike,49,11
9702,sugarmike,49,11
9703,sugarmike,48,13
9689,sugarmike,33,14
9707,sugarmike,33,14
9713,sugarmike,33,14
9715,sugarmike,30,17
9693,sugarmike,29,18
9706,sugarmike,19,19
9711,sugarmike,13,20
7221,suhraw,11,1
8727,suj1th,121,1
19421,sukahuj,46,1
5878,sulaemangozali,85,1
12863,suleimanovhajmurat,72,1
4635,suleyman95,33,1
414,sumipcg,34,1
16717,sun22,75,1
13007,sunioj,83,1
14979,sunsetchess,20,1
7119,sunsetstrip,57,1
17254,suntzuxxv,63,1
869,sunwatair57,115,1
12301,sunwatair57,115,1
14310,sunwatair57,115,1
16834,supadupadoge,45,1
5433,super_speed2017,73,1
18337,super_speed2017,73,1
8451,superbrax,64,1
16653,supercerebraco,74,1
12930,supercerebraco,49,2
6975,supercroc,130,1
14622,superdivinus,100,1
15834,superevans,54,1
18341,supergood,183,1
1068,superhero098,141,1
12650,superhero098,141,1
14517,superhero098,141,1
1078,superhero098,102,4
1079,superhero098,87,5
1076,superhero098,75,6
1072,superhero098,70,7
12654,superhero098,70,7
14521,superhero098,70,7
1070,superhero098,64,10
12652,superhero098,64,10
14519,superhero098,64,10
1082,superhero098,33,13
682,superii,72,1
603,superiority,46,1
870,supermancito,100,1
15693,supermik,37,1
9739,superozgur,2,1
7908,superpatelio,121,1
19304,superposition,42,1
2237,supersapien55,70,1
2235,supersapien55,58,2
2239,supersapien55,46,3
13712,supersasha,57,1
19602,superswaggin,122,1
19963,superswaggin,54,2
7666,superyoid,103,1
2790,supking,77,1
16952,surabaldiev,63,1
6789,surajsahu01,15,1
8684,surco,57,1
127,sureka_akshat,120,1
18,sureka_akshat,66,2
16,sureka_akshat,43,3
7463,suren1968,51,1
18532,sureshvr1,29,1
17315,sureyya,45,1
5868,surgeon98,172,1
12880,surgeon98,80,2
2131,surgeon98,62,3
5415,suryavarchasvin,115,1
18319,suryavarchasvin,115,1
9625,suskunkral,27,1
17397,suskunkral,21,2
19366,sussanita,75,1
19365,sussanita,35,2
17183,susuqui,13,1
4394,suziernesti,38,1
15355,sv_sova,19,1
16659,svarnoi,138,1
1977,sveenemand,64,1
13247,sveenemand,64,1
1965,sveenemand,62,3
13235,sveenemand,62,3
1975,sveenemand,44,5
13245,sveenemand,44,5
1973,sveenemand,38,7
13243,sveenemand,38,7
1972,sveenemand,26,9
13242,sveenemand,26,9
1964,sveenemand,8,11
13234,sveenemand,8,11
1966,sveenemand,4,13
13236,sveenemand,4,13
1962,sveenemand,2,15
1963,sveenemand,2,15
1967,sveenemand,2,15
1968,sveenemand,2,15
1969,sveenemand,2,15
13232,sveenemand,2,15
13233,sveenemand,2,15
13237,sveenemand,2,15
13238,sveenemand,2,15
13239,sveenemand,2,15
2448,sverdloff,110,1
6360,svetra,37,1
19112,svindled,3,1
19097,svindled,2,2
19098,svindled,2,2
19099,svindled,2,2
19102,svindled,2,2
19104,svindled,2,2
19107,svindled,2,2
19108,svindled,2,2
19110,svindled,2,2
4397,svyazist1980_36,92,1
8737,swagerboy69,94,1
9678,swaggles,84,1
3503,swagmeister9000,40,1
17658,swagswaggerson,138,1
4612,swaltersson,39,1
14077,swampyankee,19,1
14352,swarchak,59,1
7989,swat_drizzt,73,1
6728,sweetkhajiit,24,1
14939,sweetycool,46,1
12938,swine,27,1
18248,swingnoodle,51,1
7109,swingnoodle,17,2
11590,swordswiper,3,1
13101,swthrhs,48,1
3703,sy_nc,41,1
5454,syahran,66,1
15972,syktyvkar,97,1
18527,sylvain49,128,1
2304,symrak,58,1
12780,synadze,63,1
4313,synt3grate,80,1
4310,synt3grate,70,2
4315,synt3grate,66,3
4319,synt3grate,46,4
4318,synt3grate,28,5
16267,syphilis51,59,1
1097,syriatmam123,76,1
14532,syrikat,64,1
6455,sysodaff,61,1
6456,sysodaff,60,2
6459,sysodaff,41,3
11007,systemd,100,1
18377,szachistaiczysta,48,1
15800,szachowa_szkola_jogi,95,1
18461,szachowa_szkola_jogi,74,2
1786,szachysta,68,1
14019,szamit,73,1
10743,szinuhe,3,1
7138,szupfer,97,1
9054,t-rex-k,77,1
4135,t3v3a3d,64,1
12756,t3v3a3d,42,2
12758,t3v3a3d,23,3
18550,t5b5,27,1
6058,taaaras,17,1
7262,tabano,57,1
274,tabellaria,99,1
273,tabellaria,97,2
281,tabellaria,87,3
277,tabellaria,77,4
282,tabellaria,40,5
279,tabellaria,35,6
285,tabellaria,21,7
3678,tabia777,138,1
5314,taborluna,55,1
1980,tactical_bishop,26,1
2701,tactical_bishop,26,1
1982,tactical_bishop,14,3
2703,tactical_bishop,14,3
1985,tactical_bishop,6,5
2706,tactical_bishop,6,5
1987,tactical_bishop,3,7
2708,tactical_bishop,3,7
15485,tacticalwizard1,114,1
15483,tacticalwizard1,97,2
5638,tacticalyokel,26,1
18747,tacurumoto,36,1
3194,tagirrtyu,53,1
7134,tahastanly,130,1
7140,tahastanly,125,2
7141,tahastanly,122,3
7150,tahastanly,114,4
7159,tahastanly,112,5
7117,tahastanly,109,6
7125,tahastanly,83,7
7137,tahastanly,79,8
7139,tahastanly,76,9
7148,tahastanly,63,10
7160,tahastanly,60,11
7129,tahastanly,58,12
7158,tahastanly,53,13
7147,tahastanly,46,14
7127,tahastanly,44,15
7143,tahastanly,24,16
7131,tahastanly,22,17
7155,tahastanly,18,18
9940,tahi,28,1
1405,tahzeebgunn,69,1
5312,tai-ping,13,1
6138,tajberdi,62,1
6145,tajberdi,53,2
6140,tajberdi,40,3
8702,taka0909,116,1
13306,takasnina,150,1
15076,takasnina,50,2
7884,take5,64,1
16128,taketime,50,1
16245,takkformat,41,1
11897,tal_mikhail777,30,1
3321,talal70,38,1
3323,talal70,26,2
7296,talashika,121,1
17368,talion90,33,1
8521,talip1,66,1
2400,talizmelf,21,1
14433,talk2chandran,86,1
19661,talonaiguille,48,1
10739,tan123,93,1
6963,tandemchess,43,1
6965,tandemchess,35,2
6967,tandemchess,23,3
6962,tandemchess2,80,1
5405,tanganika,136,1
18309,tanganika,136,1
16686,tangela,205,1
16692,tangela,153,2
16677,tangela,150,3
16683,tangela,113,4
16678,tangela,106,5
16674,tangela,96,6
16699,tangela,79,7
16694,tangela,61,8
16675,tangela,54,9
16703,tangela,54,9
16709,tangela,54,9
16680,tangela,53,12
16697,tangela,48,13
16702,tangela,48,13
16705,tangela,48,13
16708,tangela,45,16
16690,tangela,37,17
16684,tangela,29,18
16689,tangela,17,19
8098,tangelo777,36,1
15082,taniskanan,40,1
12176,tanjerry,149,1
12193,tanjerry,149,1
12174,tanjerry,147,3
12165,tanjerry,146,4
12180,tanjerry,138,5
12191,tanjerry,117,6
12182,tanjerry,107,7
12167,tanjerry,97,8
12197,tanjerry,97,8
12194,tanjerry,94,10
12186,tanjerry,82,11
12188,tanjerry,71,12
12173,tanjerry,69,13
12179,tanjerry,60,14
12171,tanjerry,57,15
12168,tanjerry,55,16
12195,tanjerry,47,17
18144,tanzim1,68,1
11071,taolu,63,1
7450,taoufiq1,81,1
3600,tara12,133,1
2285,tara234,78,1
13563,taranenkoevhen,44,1
214,taranga,159,1
11441,taranga,159,1
13768,taranga,159,1
19089,taranga,159,1
221,taranga,150,5
193,taranga,124,6
11420,taranga,124,6
13747,taranga,124,6
19068,taranga,124,6
217,taranga,112,10
11444,taranga,112,10
13771,taranga,112,10
19092,taranga,112,10
203,taranga,111,14
11430,taranga,111,14
13757,taranga,111,14
19078,taranga,111,14
218,taranga,104,18
224,taranga,88,19
11417,taranga,87,20
13744,taranga,87,20
19065,taranga,87,20
215,taranga,74,23
11442,taranga,74,23
13769,taranga,74,23
19090,taranga,74,23
11408,taranga,62,27
13735,taranga,62,27
19056,taranga,62,27
210,taranga,60,30
11437,taranga,60,30
13764,taranga,60,30
19085,taranga,60,30
226,taranga,55,34
11409,taranga,47,35
13736,taranga,47,35
19057,taranga,47,35
220,taranga,44,38
207,taranga,42,39
11434,taranga,42,39
13761,taranga,42,39
19082,taranga,42,39
201,taranga,38,43
11428,taranga,38,43
13755,taranga,38,43
19076,taranga,38,43
223,taranga,37,47
209,taranga,34,48
11436,taranga,34,48
13763,taranga,34,48
19084,taranga,34,48
204,taranga,28,52
11431,taranga,28,52
13758,taranga,28,52
19079,taranga,28,52
11411,taranga,24,56
13738,taranga,24,56
19059,taranga,24,56
212,taranga,21,59
11439,taranga,21,59
13766,taranga,21,59
19087,taranga,21,59
11418,taranga,19,63
13745,taranga,19,63
19066,taranga,19,63
11414,taranga,12,66
13741,taranga,12,66
19062,taranga,12,66
197,taranga,10,69
11424,taranga,10,69
13751,taranga,10,69
19072,taranga,10,69
4410,tarantint,76,1
6384,tarbainternationnal,57,1
4548,tareed,57,1
359,tarekjrd,32,1
12848,tarmop,25,1
17438,tascelik,47,1
14976,tash01,42,1
4257,tashy,141,1
17941,taumamer,41,1
813,taural,43,1
12248,taural,43,1
11540,taurusvaler,38,1
5244,tavakolg,90,1
4058,taw12,90,1
2593,tayebworld,67,1
15499,tayebworld,67,1
78,tb-123,48,1
2006,tbajedrez2017,73,1
7199,tbrenzel,81,1
7205,tbrenzel,51,2
7201,tbrenzel,44,3
7200,tbrenzel,34,4
7203,tbrenzel,28,5
12536,tbunji,28,1
7300,tca1004,58,1
269,tca1004,57,2
18847,tchicota51,67,1
19684,tchicota51,28,2
4467,tcmfan,42,1
13920,tcmfan,42,1
8831,teacher2000,74,1
6548,tealeaf,110,1
14949,tealhippo,47,1
15964,teatime007,39,1
15966,teatime007,33,2
8590,techhelpstew,57,1
737,tedcarter,125,1
18854,teddster,65,1
1914,teddyhh,73,1
13573,teddyhh,67,2
12212,teddyhh,23,3
13138,tedere,69,1
12435,teence,19,1
2793,teeteddy,101,1
8605,tegarindra,86,1
1194,teglife10,56,1
19740,tehno075,15,1
14356,tehranno,45,1
17371,tejsin,35,1
9634,tekechec,35,1
4709,tekechec,16,2
7931,tekhola,52,1
2575,tekniset,43,1
5869,telamonio,64,1
7006,teldja54,43,1
17282,telemaque,107,1
4017,teleport,103,1
13064,temo1508,19,1
16097,templeton,65,1
16707,templeton,48,2
4604,temuji,157,1
4134,tenderheartpirate,29,1
10332,tengiz12,124,1
10330,tengiz12,84,2
16078,tennae,56,1
16076,tennae,46,2
503,tensors,90,1
508,tensors,84,2
517,tensors,57,3
513,tensors,56,4
516,tensors,52,5
520,tensors,52,5
505,tensors,43,7
498,tensors,42,8
507,tensors,41,9
515,tensors,40,10
519,tensors,39,11
501,tensors,32,12
510,tensors,30,13
500,tensors,23,14
7017,teophile28,79,1
14527,teosimeon,31,1
1707,tepa_1996,90,1
8018,tepkel,131,1
12719,terco666_9,81,1
9526,terminator2,27,1
2660,termnus,57,1
15568,ternopil,135,1
8113,terrapin,62,1
3511,terrormt,34,1
10256,terrytee1984,41,1
5820,tersky_kazak,31,1
2152,terval,57,1
17825,testinger06,23,1
16266,tetley,128,1
16274,tetley,105,2
16287,tetley,87,3
16259,tetley,78,4
16260,tetley,78,4
16251,tetley,73,6
16280,tetley,73,6
16255,tetley,72,8
16293,tetley,59,9
16297,tetley,58,10
16283,tetley,55,11
16273,tetley,53,12
16286,tetley,48,13
16290,tetley,47,14
16277,tetley,44,15
16292,tetley,42,16
16269,tetley,40,17
16258,tetley,37,18
16252,tetley,28,19
16282,tetley,28,19
16270,tetley,25,21
16250,tetley,22,22
16271,tetley,22,22
16295,tetley,20,24
16265,tetley,15,25
16278,tetley,15,25
16256,tetley,13,27
9570,tetra,2,1
3502,tevassaulius,52,1
4706,tevenac,131,1
4949,texas-ram,41,1
9644,texas-ram,14,2
348,tfeng,123,1
331,tfeng,108,2
323,tfeng,98,3
352,tfeng,97,4
335,tfeng,71,5
351,tfeng,71,5
328,tfeng,69,7
342,tfeng,64,8
333,tfeng,63,9
338,tfeng,56,10
322,tfeng,50,11
320,tfeng,48,12
337,tfeng,47,13
344,tfeng,45,14
330,tfeng,40,15
355,tfeng,38,16
358,tfeng,33,17
343,tfeng,29,18
325,tfeng,19,19
18251,tfwpawn,85,1
15590,tfwpawn,44,2
14916,thajarney,43,1
15276,thales24,25,1
13323,tharmarajah,66,1
16276,tharmarajah,13,2
5821,that_kid24,36,1
5819,that_kid24,26,2
5824,that_kid24,24,3
2508,thatduckgod,28,1
7436,thatguythatistr,132,1
7419,thatguythatistr,99,2
7418,thatguythatistr,86,3
7410,thatguythatistr,83,4
7435,thatguythatistr,80,5
7431,thatguythatistr,77,6
7444,thatguythatistr,64,7
7412,thatguythatistr,63,8
7429,thatguythatistr,59,9
7447,thatguythatistr,59,9
7413,thatguythatistr,57,11
7414,thatguythatistr,57,11
7426,thatguythatistr,53,13
7449,thatguythatistr,52,14
7439,thatguythatistr,47,15
7424,thatguythatistr,43,16
7427,thatguythatistr,43,16
7437,thatguythatistr,43,16
7405,thatguythatistr,42,19
7407,thatguythatistr,41,20
7440,thatguythatistr,7,21
16042,thatsapaning7,33,1
5665,thawinter,54,1
1669,the-daniel,11,1
18241,the-hacker,76,1
9493,the-hacker,68,2
16032,the-hacker,51,3
15549,the-hacker,18,4
19100,the-legendery-player,2,1
7115,the1iplay,87,1
17578,the_banana_bird,50,1
7718,the_chance_man,56,1
1865,the_duke_of_hazzard,106,1
4210,the_fran000,12,1
11974,the_loving_boy,83,1
11968,the_loving_boy,57,2
11970,the_loving_boy,50,3
11972,the_loving_boy,35,4
11966,the_loving_boy,2,5
3818,the_old_newbie,15,1
2762,the_rainman,45,1
4947,the_real_pine_tree,108,1
4948,the_real_pine_tree,38,2
4950,the_real_pine_tree,36,3
4952,the_real_pine_tree,10,4
1571,the_stuperman,53,1
1573,the_stuperman,52,2
6395,theamazingsword,58,1
6394,theamazingsword,10,2
3030,theanimal1990,41,1
727,theanonymousone,104,1
728,theanonymousone,65,2
726,theanonymousone,62,3
730,theanonymousone,50,4
735,theanonymousone,43,5
739,theanonymousone,29,6
734,theanonymousone,18,7
1925,thearchistratege,39,1
17312,thebadfish,111,1
572,thebadfish,101,2
19671,thebadfish,93,3
19136,thebadfish,60,4
19140,thebadfish,57,5
574,thebadfish,54,6
19138,thebadfish,54,6
19673,thebadfish,43,8
19148,thebadfish,41,9
19143,thebadfish,39,10
19131,thebadfish,37,11
19124,thebadfish,36,12
19149,thebadfish,35,13
19675,thebadfish,35,13
19126,thebadfish,33,15
19128,thebadfish,31,16
19147,thebadfish,31,16
19150,thebadfish,30,18
19678,thebadfish,28,19
19151,thebadfish,26,20
19116,thebadfish,23,21
19152,thebadfish,23,21
19145,thebadfish,15,23
19141,thebadfish,11,24
19144,thebadfish,11,24
19118,thebadfish,10,26
19117,thebadfish,7,27
19119,thebadfish,2,28
19129,thebadfish,2,28
18682,thebasicgru,59,1
18680,thebasicgru,45,2
18693,thebasicgru,24,3
1778,thebastiano,41,1
2711,thebastiano,35,2
1738,thebastiano,29,3
19557,thebeat42,56,1
10638,thebestofthebad,2,1
10641,thebestofthebad,2,1
10643,thebestofthebad,2,1
10645,thebestofthebad,2,1
10647,thebestofthebad,2,1
10649,thebestofthebad,2,1
10651,thebestofthebad,2,1
10653,thebestofthebad,2,1
10655,thebestofthebad,2,1
10657,thebestofthebad,2,1
10659,thebestofthebad,2,1
10661,thebestofthebad,2,1
10663,thebestofthebad,2,1
10665,thebestofthebad,2,1
10667,thebestofthebad,2,1
10669,thebestofthebad,2,1
14301,thebiba,126,1
4440,thebifurcator,154,1
2488,theblairloggie,98,1
2492,theblairloggie,55,2
7075,theboss101,37,1
7073,theboss101,36,2
10080,thecastle,87,1
10075,thecastle,75,2
10076,thecastle,67,3
10081,thecastle,66,4
10077,thecastle,65,5
10073,thecastle,55,6
10074,thecastle,53,7
10079,thecastle,39,8
4825,thecastor,41,1
13996,theceo,50,1
11583,thechessdetective,117,1
11586,thechessdetective,101,2
11582,thechessdetective,97,3
11595,thechessdetective,72,4
11587,thechessdetective,69,5
11588,thechessdetective,55,6
11589,thechessdetective,32,7
11592,thechessdetective,17,8
6711,thechuff,102,1
6705,thechuff,74,2
6712,thechuff,69,3
6709,thechuff,27,4
15310,thecoolchiller,106,1
15309,thecoolchiller,80,2
13642,thedustonthewheel,93,1
1345,theexcellenterest,32,1
7785,theflayer,62,1
12990,thefloyd,131,1
18711,theforcebewithyou,23,1
14817,thefrenchtactics,76,1
14819,thefrenchtactics,50,2
14801,thefrenchtactics,46,3
14821,thefrenchtactics,43,4
14806,thefrenchtactics,40,5
14803,thefrenchtactics,37,6
14823,thefrenchtactics,34,7
14799,thefrenchtactics,32,8
14811,thefrenchtactics,29,9
14813,thefrenchtactics,27,10
14815,thefrenchtactics,22,11
14812,thefrenchtactics,19,12
14796,thefrenchtactics,16,13
17085,thegasmask,149,1
17092,thegasmask,105,2
17075,thegasmask,80,3
17096,thegasmask,77,4
17089,thegasmask,74,5
17086,thegasmask,73,6
17101,thegasmask,70,7
17087,thegasmask,66,8
17080,thegasmask,48,9
17100,thegasmask,45,10
17094,thegasmask,41,11
17084,thegasmask,27,12
17077,thegasmask,18,13
17095,thegasmask,2,14
4665,thegreatman06,150,1
4659,thegreatman06,141,2
4674,thegreatman06,105,3
4651,thegreatman06,102,4
4668,thegreatman06,87,5
4675,thegreatman06,85,6
4669,thegreatman06,77,7
4662,thegreatman06,71,8
4656,thegreatman06,68,9
4677,thegreatman06,62,10
4664,thegreatman06,52,11
4653,thegreatman06,48,12
4673,thegreatman06,47,13
4660,thegreatman06,43,14
4657,thegreatman06,38,15
4644,thegreatman06,26,16
4643,thegreatman06,20,17
4646,thegreatman06,17,18
240,thegrim123321,110,1
19216,thegrim123321,110,1
257,thegrim123321,105,3
19233,thegrim123321,105,3
245,thegrim123321,103,5
19221,thegrim123321,103,5
233,thegrim123321,91,7
19209,thegrim123321,91,7
238,thegrim123321,87,9
19214,thegrim123321,87,9
243,thegrim123321,81,11
19219,thegrim123321,81,11
232,thegrim123321,55,13
19208,thegrim123321,55,13
235,thegrim123321,49,15
19211,thegrim123321,49,15
256,thegrim123321,43,17
19232,thegrim123321,43,17
230,thegrim123321,33,19
19206,thegrim123321,33,19
251,thegrim123321,31,21
254,thegrim123321,31,21
19227,thegrim123321,31,21
19230,thegrim123321,31,21
231,thegrim123321,29,25
246,thegrim123321,29,25
19207,thegrim123321,29,25
19222,thegrim123321,29,25
250,thegrim123321,23,29
19226,thegrim123321,23,29
247,thegrim123321,22,31
19223,thegrim123321,22,31
237,thegrim123321,20,33
19213,thegrim123321,20,33
19305,thehaleguathor,47,1
6449,thehip,159,1
5535,thehutchtouch,131,1
5521,thehutchtouch,117,2
5538,thehutchtouch,113,3
5512,thehutchtouch,104,4
5524,thehutchtouch,96,5
5515,thehutchtouch,86,6
5522,thehutchtouch,84,7
5505,thehutchtouch,77,8
5511,thehutchtouch,66,9
5523,thehutchtouch,63,10
5544,thehutchtouch,61,11
5527,thehutchtouch,60,12
5533,thehutchtouch,53,13
5537,thehutchtouch,48,14
5530,thehutchtouch,47,15
5509,thehutchtouch,45,16
5504,thehutchtouch,41,17
5532,thehutchtouch,40,18
5517,thehutchtouch,37,19
5545,thehutchtouch,34,20
5542,thehutchtouch,31,21
5514,thehutchtouch,24,22
6412,thehuy186,44,1
9014,theicemanv,102,1
9021,theicemanv,90,2
9020,theicemanv,66,3
9019,theicemanv,62,4
9016,theicemanv,49,5
9017,theicemanv,49,5
9018,theicemanv,47,7
9022,theicemanv,44,8
14167,theintroverted,188,1
4400,thejoker132,22,1
2971,thejoker666_9,31,1
9175,theking1234,78,1
9176,theking1234,78,1
9174,theking1234,62,3
9178,theking1234,58,4
9184,theking1234,56,5
9179,theking1234,40,6
9182,theking1234,24,7
241,thekingdomcome,24,1
19217,thekingdomcome,24,1
8382,theknightshade,34,1
8293,thelaw409,70,1
1566,thelordoftheboard,74,1
15979,thelordoftheboard,74,1
639,thelordoftheboard,50,3
1339,thelostunicorn,98,1
1346,thelostunicorn,97,2
1357,thelostunicorn,73,3
1355,thelostunicorn,56,4
1337,thelostunicorn,52,5
1341,thelostunicorn,52,5
1365,thelostunicorn,43,7
1343,thelostunicorn,39,8
1349,thelostunicorn,38,9
1367,thelostunicorn,36,10
1354,thelostunicorn,33,11
1359,thelostunicorn,30,12
1363,thelostunicorn,30,12
1360,thelostunicorn,27,14
1352,thelostunicorn,9,15
9066,themagicaldimwit,22,1
1356,thenagshead,17,1
5700,thenewguy98,38,1
11691,thenextbattle,65,1
17498,thenowhereman,64,1
18785,theobelisk,29,1
738,theoldnewb,104,1
9094,theosan,45,1
3514,theotherguy,31,1
5995,thepawnking,72,1
3953,thepawnsofwrath,143,1
3965,thepawnsofwrath,86,2
3959,thepawnsofwrath,52,3
3962,thepawnsofwrath,47,4
3950,thepawnsofwrath,43,5
3963,thepawnsofwrath,34,6
3957,thepawnsofwrath,30,7
3968,thepawnsofwrath,23,8
3951,thepawnsofwrath,14,9
3952,thepawnsofwrath,12,10
7248,thepound,113,1
7245,thepound,108,2
7249,thepound,82,3
7253,thepound,55,4
7255,thepound,52,5
7243,thepound,38,6
7244,thepound,32,7
7250,thepound,23,8
7252,thepound,11,9
19028,therealyipman,41,1
10342,theshelton,118,1
10341,theshelton,79,2
10348,theshelton,47,3
10352,theshelton,39,4
10355,theshelton,39,4
10345,theshelton,33,6
10353,theshelton,23,7
16216,thesimple,61,1
324,thesmallbang,106,1
5575,thesnare,66,1
4785,thesnare,37,2
4787,thesnare,31,3
6753,thesneakyolive,69,1
6755,thesneakyolive,57,2
6757,thesneakyolive,39,3
10878,thespiritoflife,66,1
11318,thesurprizer,116,1
14492,thethedde94,67,1
10768,they2aproblem,8,1
17492,thiagochess4ever,37,1
2651,thiagomarcal123,5,1
11937,thiaguera,103,1
3894,thib,70,1
18654,thib,70,1
4070,thierry972,132,1
2001,thierry972,119,2
2141,thierry972,100,3
8995,thieved,121,1
9867,thing_2,10,1
8463,thingummajig,38,1
14367,thinkingmantom,22,1
12661,thndraksl,69,1
14538,thndraksl,69,1
15228,thom2017,41,1
1804,thomasmorl,69,1
16599,thomasmuller,56,1
13182,thomire,58,1
5200,thommygun,93,1
10862,thonmy,33,1
8283,thony-ghali,45,1
675,thorfabian,100,1
678,thorfabian,100,1
677,thorfabian,49,3
676,thorfabian,10,4
8829,thorgamma_base,110,1
13178,thorium232,51,1
7733,thorussi,154,1
10253,thoughtpolice,66,1
14013,thra,53,1
3692,throwaway10825,41,1
10027,throwaway1234567,78,1
7098,thuandang,30,1
11956,thunder10,69,1
10710,thunder2008,105,1
10709,thunder2008,58,2
6718,thunderleon,95,1
5585,ti033ma,56,1
5587,ti033ma,24,2
16870,tiaoabdo,135,1
16868,tiaoabdo,53,2
6056,tib0ou,71,1
8403,ticktokta,45,1
8849,tidalbutt,119,1
8854,tidalbutt,107,2
8844,tidalbutt,77,3
8841,tidalbutt,73,4
8827,tidalbutt,68,5
8832,tidalbutt,68,5
8828,tidalbutt,62,7
8839,tidalbutt,55,8
8830,tidalbutt,49,9
8843,tidalbutt,48,10
8846,tidalbutt,48,10
8813,tidalbutt,39,12
8833,tidalbutt,39,12
8852,tidalbutt,39,12
8845,tidalbutt,38,15
8848,tidalbutt,35,16
8823,tidalbutt,29,17
8818,tidalbutt,24,18
8820,tidalbutt,24,18
8822,tidalbutt,16,20
8836,tidalbutt,8,21
19635,tidave99,132,1
361,tienc12345,92,1
364,tienc12345,85,2
11676,tiger100,53,1
8955,tiger_moods,59,1
7767,tiger_snark,19,1
18228,tigerhappy,52,1
3804,tigerle,153,1
17400,tigersounak,47,1
17398,tigersounak,30,2
19738,tiglio,47,1
8683,tiks,52,1
14719,tiletozo,29,1
15129,tillh,22,1
15206,tillmann,105,1
6080,timan22400,3,1
16893,timeisrelativ,130,1
16897,timeisrelativ,80,2
16894,timeisrelativ,66,3
16891,timeisrelativ,57,4
927,timequake,95,1
18524,timi72,133,1
19393,timothyc,52,1
12875,timtimtim23,135,1
16815,timur2487,24,1
10231,tinasoria,12,1
7587,tinku123,32,1
9515,tiosaulo,92,1
1740,tiqer35rus,95,1
9441,tironislux,84,1
9435,tironislux,79,2
9442,tironislux,51,3
9433,tironislux,48,4
9439,tironislux,48,4
9437,tironislux,28,6
5412,tisa67,118,1
18316,tisa67,118,1
15416,tiseptiko,134,1
14090,tiseptiko,65,2
7834,tispe,67,1
19889,titanic,30,1
14210,titlekiller,31,1
6044,titlekiller,30,2
14025,titofox,75,1
5280,titou38,37,1
14620,titovespilio,58,1
15823,titus369,59,1
15822,titus369,43,2
13040,tj007,36,1
10217,tjwds,46,1
5744,tk1903,95,1
5101,tkhands,42,1
16402,tkodzokov,31,1
3858,tkwadrat,26,1
16954,tkzonky,73,1
16173,tleitao,42,1
10181,tls1812,93,1
19966,tmaus,100,1
19590,tmaus,78,2
1181,tmc1697,68,1
3345,tmkszch,30,1
14138,tmontechess44,75,1
14140,tmontechess44,64,2
13274,tnan123,78,1
7600,tnashe99,103,1
14476,toan798,107,1
14479,toan798,91,2
14482,toan798,85,3
14483,toan798,59,4
14480,toan798,35,5
11382,tobelik,108,1
13473,tobelik,108,1
9729,tobinn,3,1
4099,toddone,17,1
13965,todorowk,132,1
13966,todorowk,126,2
13934,todorowk,111,3
13938,todorowk,109,4
13944,todorowk,98,5
13946,todorowk,94,6
13951,todorowk,88,7
13937,todorowk,83,8
13958,todorowk,83,8
13967,todorowk,82,10
13932,todorowk,80,11
13953,todorowk,75,12
13928,todorowk,70,13
13959,todorowk,66,14
13941,todorowk,63,15
13939,todorowk,61,16
13930,todorowk,53,17
13933,todorowk,53,17
13955,todorowk,52,19
13961,todorowk,52,19
13942,todorowk,43,21
13948,todorowk,31,22
164,tohaimr7,70,1
19284,toimprove,25,1
12278,toitles,127,1
12266,toitles,99,2
12276,toitles,94,3
12269,toitles,80,4
12273,toitles,77,5
12261,toitles,64,6
12255,toitles,54,7
12259,toitles,54,7
12270,toitles,51,9
12268,toitles,43,10
12254,toitles,40,11
12262,toitles,37,12
12258,toitles,35,13
10539,toka,85,1
11248,toka,85,1
11774,tokig,70,1
16839,tokyofatman,55,1
14839,tolbah2,32,1
9187,tolia,63,1
578,tolia,56,2
16770,tolya1975,65,1
7046,tomas26,56,1
4441,tomasz77,48,1
19405,tomaszzloty,164,1
13536,tomaszzloty,48,2
16603,tomato1029,58,1
15148,tomatow,47,1
12609,tomazkrampf,117,1
6595,tomeier,33,1
963,tomerari,30,1
12425,tomerari,30,1
14416,tomerari,30,1
12599,tomgoespro,52,1
7524,tomii69,63,1
16024,tomilijons,81,1
923,tommmmmmmmmm,29,1
9927,tommy2002,14,1
1348,tommy_hagen,26,1
5854,tomo1997,96,1
5855,tomo1997,88,2
5851,tomo1997,70,3
5850,tomo1997,65,4
5858,tomo1997,44,5
5860,tomo1997,44,5
4593,tompas,41,1
541,tomplfr,40,1
19687,tomrabbittt,49,1
8986,tomsawyer2112,53,1
17556,tona64,32,1
6637,tonasacre,27,1
10102,tong1995,69,1
3384,tonhotranqueira,33,1
2417,toni4127,95,1
2418,toni4127,89,2
2396,toni4127,75,3
2406,toni4127,75,3
2420,toni4127,74,5
2421,toni4127,73,6
2394,toni4127,68,7
2427,toni4127,67,8
2419,toni4127,58,9
2405,toni4127,57,10
2412,toni4127,57,10
2428,toni4127,55,12
2415,toni4127,53,13
2407,toni4127,48,14
2424,toni4127,45,15
2402,toni4127,43,16
2408,toni4127,41,17
2429,toni4127,29,18
2426,toni4127,27,19
2413,toni4127,22,20
2404,toni4127,16,21
3555,toni90,3,1
15297,toni915,101,1
12728,tonia,17,1
9539,tonidamigo,42,1
9194,tonin1,65,1
9195,tonin1,64,2
10629,tonin1,63,3
334,toniors,31,1
14392,tonoyanrob7,150,1
1080,tonoyanrob7,90,2
2690,tonoyanrob7,69,3
10951,tony98000,49,1
6677,tony995,119,1
6670,tony995,111,2
6667,tony995,107,3
6674,tony995,90,4
6682,tony995,41,5
6668,tony995,38,6
8093,tonyhuang19,86,1
8095,tonyhuang19,83,2
8103,tonyhuang19,80,3
8096,tonyhuang19,68,4
8097,tonyhuang19,38,5
8094,tonyhuang19,29,6
8106,tonyhuang19,24,7
13706,topalboris,62,1
8624,topotauro,45,1
11572,topranklanc,52,1
1370,tops123,44,1
8174,topsi88,50,1
3287,torerikmeek,99,1
10508,tori92,149,1
11217,tori92,149,1
10516,tori92,117,3
11225,tori92,117,3
10507,tori92,113,5
11216,tori92,113,5
10519,tori92,67,7
11228,tori92,67,7
10510,tori92,59,9
10515,tori92,59,9
11219,tori92,59,9
11224,tori92,59,9
10504,tori92,58,13
11213,tori92,58,13
10522,tori92,53,15
11231,tori92,53,15
10523,tori92,52,17
11232,tori92,52,17
10512,tori92,47,19
11221,tori92,47,19
10517,tori92,31,21
11226,tori92,31,21
10514,tori92,30,23
11223,tori92,30,23
10801,tornade,61,1
10459,toroid,107,1
4013,torosentado,27,1
820,torpeche,78,1
8859,torreaislada,70,1
18580,torrenegra55,27,1
3208,torrent07,71,1
5179,torrereinanegra,93,1
12500,torri_tentori,31,1
8270,torstenfo,114,1
17738,torturana,25,1
4626,torturana,3,2
14743,toshiro2016,72,1
14741,toshiro2016,66,2
9535,tosho,49,1
5884,tosimiesseppo,102,1
16593,tossinov,46,1
16804,totake,48,1
597,total_chess,62,1
599,total_chess,42,2
602,total_chess,31,3
604,total_chess,20,4
19375,totallooser,28,1
18217,totiagos,66,1
15998,totonut,154,1
16010,totonut,119,2
15990,totonut,113,3
15986,totonut,107,4
16017,totonut,103,5
15988,totonut,89,6
15984,totonut,87,7
15992,totonut,87,7
16022,totonut,84,9
16012,totonut,81,10
15997,totonut,80,11
16013,totonut,62,12
16020,totonut,60,13
15993,totonut,58,14
16007,totonut,58,14
15987,totonut,55,16
16002,totonut,55,16
16029,totonut,46,18
16016,totonut,45,19
16018,totonut,41,20
16005,totonut,34,21
16023,totonut,29,22
16004,totonut,17,23
15996,totonut,10,24
3649,totosal,25,1
2437,totossaf,25,1
108,totoymate,91,1
10907,totti,113,1
10927,totti,82,2
10910,totti,78,3
10922,totti,68,4
10912,totti,62,5
10916,totti,62,5
10908,totti,55,7
10923,totti,55,7
10913,totti,48,9
10918,totti,39,10
10925,totti,34,11
10930,totti,13,12
10921,totti,6,13
1046,toutou1965,39,1
13018,tower_of_mithril,68,1
10755,towhen,35,1
10756,towhen,20,2
10753,towhen,13,3
9069,toxicrazy,92,1
16117,toya83,60,1
4901,tozan,36,1
18479,tozzi,37,1
9497,tr1numara,34,1
12838,trabizontsi,78,1
8497,traced,128,1
8499,traced,110,2
8501,traced,107,3
8495,traced,87,4
8509,traced,77,5
8496,traced,63,6
8511,traced,60,7
8490,traced,59,8
8513,traced,59,8
8489,traced,57,10
8510,traced,57,10
8492,traced,54,12
8484,traced,51,13
8504,traced,51,13
8514,traced,51,13
8485,traced,45,16
8493,traced,45,16
8494,traced,43,18
8487,traced,42,19
8498,traced,41,20
8503,traced,29,21
8507,traced,26,22
8483,traced,25,23
8512,traced,23,24
11063,tracekc,118,1
12446,training2300,81,1
12447,training2300,32,2
8266,trainingformasters,88,1
14506,trainingformasters,39,2
20002,trakhtur2020,46,1
18521,tram,62,1
2060,tramputin,25,1
16153,tramurr,60,1
19475,tramurr,49,2
4645,tranh,101,1
15700,transit,75,1
10714,trarara2,59,1
5778,trashmaster,120,1
5783,trashmaster,39,2
5781,trashmaster,34,3
5786,trashmaster,22,4
5784,trashmaster,18,5
558,trastindi,50,1
3359,trav7924,36,1
1322,travadja,43,1
2614,travis_arnold11,105,1
2887,travis_jones,67,1
15636,travislothbrok111,132,1
15639,travislothbrok111,51,2
12733,traxoker,27,1
10393,traxtor8,23,1
15115,trazohispano,41,1
11973,treand,104,1
8407,tree_3,94,1
17737,tree_avenue,90,1
7433,treehouse512,31,1
10708,treehuggerdoug,122,1
132,trelynn17,24,1
6,trelynn17,5,2
856,trenujeme_sach,20,1
12333,trenujeme_sach,20,1
11807,trescali,73,1
13091,trevtherev,45,1
4462,trexchess,125,1
4461,trexchess,91,2
2380,trflash,25,1
10477,trial-__gre,193,1
10486,trial-__gre,135,2
10483,trial-__gre,128,3
10481,trial-__gre,123,4
10480,trial-__gre,119,5
10478,trial-__gre,112,6
10467,trial-__gre,104,7
10484,trial-__gre,96,8
10475,trial-__gre,91,9
10476,trial-__gre,81,10
10489,trial-__gre,77,11
10479,trial-__gre,69,12
10471,trial-__gre,64,13
10502,trial-__gre,57,14
10499,trial-__gre,50,15
10472,trial-__gre,47,16
10487,trial-__gre,47,16
10490,trial-__gre,47,16
10495,trial-__gre,46,19
10492,trial-__gre,39,20
10470,trial-__gre,35,21
10498,trial-__gre,32,22
10493,trial-__gre,31,23
10485,trial-__gre,29,24
10501,trial-__gre,27,25
10482,trial-__gre,26,26
10488,trial-__gre,23,27
10468,trial-__gre,21,28
10469,trial-__gre,12,29
13854,trianovitz,104,1
10884,trickysuperfreak,93,1
10881,trickysuperfreak,85,2
10860,trickysuperfreak,84,3
10877,trickysuperfreak,73,4
10868,trickysuperfreak,69,5
10861,trickysuperfreak,55,6
10866,trickysuperfreak,52,7
10876,trickysuperfreak,51,8
10883,trickysuperfreak,51,8
10880,trickysuperfreak,46,10
10857,trickysuperfreak,40,11
10864,trickysuperfreak,32,12
10885,trickysuperfreak,31,13
10856,trickysuperfreak,27,14
13145,triexplyz,36,1
14763,triexplyz,36,1
15752,trillium9877,44,1
7101,triniboi,20,1
10674,tripleg,37,1
18293,triplekriz,65,1
16471,tripod,168,1
6135,triskorg,65,1
6133,triskorg,47,2
9307,tristiano84,56,1
15185,trog12,44,1
17811,trogloditas,35,1
15452,trois0,96,1
11678,trombopoline,37,1
13120,tronrun99,40,1
222,trotil45,60,1
6358,troubleclef,53,1
17987,trouty1997,107,1
17991,trouty1997,93,2
17989,trouty1997,85,3
17993,trouty1997,79,4
17996,trouty1997,23,5
4759,troy_008,48,1
1451,trrrrillionaire,68,1
1452,trrrrillionaire,62,2
1468,trrrrillionaire,58,3
1456,trrrrillionaire,57,4
1458,trrrrillionaire,56,5
1455,trrrrillionaire,52,6
1463,trrrrillionaire,50,7
1448,trrrrillionaire,39,8
1461,trrrrillionaire,39,8
1466,trrrrillionaire,39,8
1449,trrrrillionaire,29,11
1472,trrrrillionaire,26,12
6233,true_god,93,1
6236,true_god,32,2
6232,true_god,14,3
6237,true_god,12,4
8467,truenorthstrong,33,1
11998,truesacrifice,66,1
5385,trumpetplayer106,25,1
4361,truscas,48,1
10142,truskawka904,52,1
2067,truten56,145,1
3159,truthinthedetails,56,1
18447,truud10,53,1
9913,trx,62,1
9901,trx,55,2
9915,trx,47,3
9905,trx,46,4
9903,trx,43,5
9907,trx,28,6
9899,trx,25,7
9914,trx,25,7
9911,trx,17,9
9898,trx,3,10
9904,trx,2,11
9909,trx,2,11
8936,trying2wakeup,102,1
19822,trymctryhard,65,1
17685,trzodachlewna,47,1
1366,tscheezel,60,1
11032,tsem,81,1
15601,tsiri86,53,1
2148,tsremcen,54,1
14853,ttamas,92,1
19913,ttbabb,53,1
19910,ttbabb,42,2
17832,ttfer_1521,9,1
16685,ttqqtt,113,1
3860,tuas,42,1
3201,tubaraoazul,23,1
5730,tuco84,55,1
17449,tufyua,63,1
6877,tugutov,50,1
18623,tugutov,50,1
3073,tuing206,96,1
7054,tulpar27,59,1
5942,tumedia,13,1
10871,tumla,126,1
10608,tumla,7,2
10320,tunara,29,1
2513,tuncer123,49,1
17520,tunisinov,140,1
17522,tunisinov,78,2
17501,tunisinov,73,3
17509,tunisinov,71,4
17514,tunisinov,65,5
17510,tunisinov,64,6
17499,tunisinov,54,7
17502,tunisinov,51,8
17495,tunisinov,45,9
17505,tunisinov,45,9
17516,tunisinov,42,11
17523,tunisinov,37,12
17527,tunisinov,31,13
17513,tunisinov,3,14
7809,tuntun,101,1
7806,tuntun,61,2
4200,turan07,31,1
12738,turbo-saxon,35,1
6693,turgaycanoglu,23,1
5969,turk-e_egil,19,1
6359,turk1453,76,1
8101,turk25,41,1
4581,turkarmy,81,1
952,turkchessboy123,40,1
12414,turkchessboy123,40,1
14405,turkchessboy123,40,1
18105,turkishchessplayer,45,1
19376,turkishcoffee,64,1
8474,turkishcuirassier,82,1
19772,turm64,59,1
17524,turnamel,79,1
1259,tusher,55,1
261,tutubelezza,110,1
5766,tutubelezza,64,2
5750,tutubelezza,46,3
5767,tutubelezza,40,4
15119,tutubelezza,39,5
2489,tututyalo,79,1
13826,tux09,144,1
13842,tux09,134,2
13853,tux09,103,3
13822,tux09,85,4
13841,tux09,74,5
13846,tux09,66,6
13840,tux09,62,7
13834,tux09,61,8
13833,tux09,59,9
13835,tux09,58,10
13848,tux09,58,10
13838,tux09,55,12
13844,tux09,54,13
13828,tux09,45,14
13851,tux09,43,15
13825,tux09,36,16
13830,tux09,30,17
13831,tux09,23,18
13849,tux09,21,19
15831,tvertankist,51,1
10322,tvlamp,48,1
9669,twighlightcapers,56,1
8347,twinkletoes,30,1
12835,twinreverb1,93,1
12789,twipply,29,1
12791,twipply,14,2
12793,twipply,14,2
9624,twrn,2,1
5619,txarusek,111,1
15267,txemanski,35,1
5905,tylerdurden75,47,1
10842,tylik,87,1
17981,typerys,90,1
8130,tytus990c,99,1
6480,tzgeorgios,85,1
2435,u-rock,22,1
6534,u_durucay,47,1
2880,uberfish96,95,1
13856,ucantcmeok,31,1
18537,uchuvatkin,30,1
16093,uczesiegracwszachy,46,1
17346,ufrason2006,34,1
4246,ufuk53,54,1
10932,ugrofin,35,1
17109,uknown78,20,1
18689,ukrnoob,66,1
2506,ukucuksiler,54,1
18742,ultimate26,32,1
15484,ultimatedespair,88,1
7099,ultimatedestiny,54,1
6554,ultrablack15,64,1
8654,ultranice,58,1
14585,ultranice,14,2
16164,uluk,89,1
4819,ulunlawang,22,1
14740,umangthakkar,38,1
17657,umanz_link,37,1
20027,umar527,80,1
15797,umid790,114,1
11731,umutgedik,116,1
1735,una1,105,1
8220,unantha,150,1
8234,unantha,98,2
1002,unchosenones,90,1
12553,undsiebewegtsichdoch,56,1
14889,unh0lys0da,77,1
11460,unicornz,97,1
10182,unicornz,78,2
10183,unicornz,19,3
18129,unique14,53,1
13505,unluckypawn,112,1
6393,unlz,105,1
5275,unmesh77,15,1
18015,unrim,122,1
18024,unrim,94,2
18034,unrim,93,3
18040,unrim,92,4
18028,unrim,89,5
18017,unrim,87,6
18036,unrim,82,7
18007,unrim,81,8
18032,unrim,74,9
18030,unrim,73,10
18022,unrim,70,11
18043,unrim,70,11
18003,unrim,63,13
18037,unrim,63,13
18039,unrim,61,15
18005,unrim,53,16
18031,unrim,53,16
18004,unrim,52,18
18027,unrim,42,19
18002,unrim,37,20
18041,unrim,34,21
18009,unrim,23,22
18011,unrim,23,22
18026,unrim,21,24
18045,unrim,19,25
6568,unruckyluke,99,1
15755,unwise,62,1
10987,unzval,47,1
10258,upandcomer,65,1
9457,ur-ru,101,1
9452,ur-ru,88,2
9468,ur-ru,82,3
9460,ur-ru,78,4
9462,ur-ru,73,5
9467,ur-ru,69,6
9472,ur-ru,55,7
9471,ur-ru,54,8
9455,ur-ru,43,9
9454,ur-ru,35,10
9466,ur-ru,17,11
16168,ur2ez4me,67,1
17434,ur2ez4me,27,2
17793,ura81,20,1
18187,uraffaele,65,1
3892,urag,30,1
18652,urag,30,1
4170,urakov,59,1
18700,urartu,36,1
4001,urbater,85,1
1457,urbi-et-orbi,105,1
16009,urbi976,135,1
5827,urfinjazz,56,1
14678,urges,55,1
10136,urik,47,1
8785,urizk,55,1
8784,urizk,29,2
5907,urizk,27,3
7549,urnoobatchess,46,1
7551,urnoobatchess,44,2
19701,urss-rbh,36,1
6008,urst,61,1
6006,urst,30,2
11211,urukovstom,72,1
6088,usame27,128,1
8920,user260519650007,89,1
3701,usereal168,68,1
4519,userx100,132,1
4526,userx100,112,2
4530,userx100,101,3
4534,userx100,101,3
4515,userx100,100,5
4536,userx100,76,6
4541,userx100,61,7
4520,userx100,58,8
4525,userx100,55,9
4545,userx100,45,10
4540,userx100,37,11
4532,userx100,28,12
4522,userx100,22,13
4529,userx100,11,14
4513,userx100,9,15
10222,ustag,51,1
11568,utkucan12213,41,1
2644,utkuserin,64,1
8931,uwi,53,1
1671,uygarbaba,13,1
16778,uzunoglu,64,1
8151,uzzzyvuzzzy,33,1
9593,v-hellsing,33,1
16288,v00rheez,51,1
3404,v1chess,109,1
15333,v1chess,109,1
3405,v1chess,84,3
15334,v1chess,84,3
3410,v1chess,66,5
15339,v1chess,66,5
3407,v1chess,65,7
15336,v1chess,65,7
15331,v1chess,55,9
3409,v1chess,13,10
15338,v1chess,13,10
18133,v2u,105,1
18135,v2u,17,2
18411,v_bogdanets,36,1
9798,v_clava38,99,1
3835,v_clava38,44,2
17010,v_clava38,36,3
12164,v_iracheta,52,1
17336,vaclavjonas,20,1
17480,vadik10,88,1
7184,vagelis,48,1
10198,vahehabram,39,1
20000,vahidddd,50,1
3123,vahidmk,87,1
15142,vaimalucox,51,1
4131,vaka-waka,71,1
8631,valaga,31,1
3463,valahul,16,1
16330,valahul,16,1
7212,valars,95,1
13947,valcudo,86,1
9171,valdeilton,37,1
15909,valdis63,72,1
18760,vale03,133,1
19694,vale03,86,2
18502,vale23,40,1
7776,valen0k,23,1
7774,valen0k,7,2
17817,valen13,7,1
1699,valentyn16397,31,1
17476,valera1954,100,1
17258,valera1989,62,1
3736,valeriansg,85,1
11349,valerio81,64,1
888,valerioneto,32,1
2196,valeriy56,45,1
2192,valeriy56,19,2
8803,valeriy56,3,3
3251,valery2102,25,1
4234,valfon,109,1
12129,vali_dolhescu,92,1
14699,valibulin,70,1
14709,valibulin,34,2
14707,valibulin,27,3
14711,valibulin,14,4
16388,valkuil,101,1
3411,valladorn,79,1
15340,valladorn,79,1
3984,valmasia3,43,1
19735,valmasia3,33,2
17321,valmasia3,29,3
363,valmasia3,10,4
10174,valsy,52,1
9933,valter48,96,1
1198,valueasset21,64,1
15729,valyrican,8,1
4471,vanduongkhach,71,1
4469,vanduongkhach,67,2
4470,vanduongkhach,63,3
13034,vane94,34,1
17224,vanesa-21,39,1
17297,vangelis4v,36,1
4053,vanhoan,45,1
15132,vanicika,41,1
18510,vaniladr,46,1
16137,vanirof,94,1
16138,vanirof,91,2
16127,vanirof,82,3
16135,vanirof,76,4
7182,vanirof,74,5
16134,vanirof,59,6
16133,vanirof,52,7
16129,vanirof,35,8
16131,vanirof,28,9
16141,vanirof,19,10
17047,vanitasmarilyn,104,1
17058,vanitasmarilyn,95,2
17062,vanitasmarilyn,54,3
17049,vanitasmarilyn,50,4
17051,vanitasmarilyn,40,5
17055,vanitasmarilyn,37,6
17059,vanitasmarilyn,37,6
17054,vanitasmarilyn,34,8
18695,vankata000,76,1
18697,vankata000,47,2
17718,vano389,144,1
4442,vanquil,38,1
5440,vanraj,66,1
1470,vanvanja2009,48,1
14095,vardangyurj84,36,1
3729,varech29,35,1
19820,vares,155,1
19800,vares,114,2
19801,vares,107,3
19803,vares,95,4
19812,vares,92,5
19808,vares,88,6
19797,vares,78,7
19819,vares,74,8
19796,vares,53,9
19809,vares,52,10
19817,vares,50,11
19815,vares,41,12
19813,vares,33,13
14262,vartrayzer,21,1
2852,varujan1,23,1
19415,varun_aravind,19,1
4864,vas2vas,33,1
5395,vasculartapestry,60,1
5386,vasculartapestry,51,2
6528,vasia1,99,1
18471,vasia1,95,2
2693,vasia1,94,3
6141,vasilic,41,1
14106,vasiliskap2000,31,1
14389,vasiliyperedruk,78,1
7071,vasshha,32,1
2087,vassileskii,43,1
8749,vassileskii,25,2
8240,vasuki2014,45,1
972,vasyap,73,1
15592,vatansever95,111,1
11337,vate01,39,1
13608,vate01,39,1
5083,vathanan,104,1
8422,vavan,43,1
16011,vaxxx84,59,1
2200,vaxxx84,42,2
11514,vazchand,88,1
6000,vazchand,57,2
9305,vazia_pupkin_351,38,1
1930,vazibon,48,1
8798,vchess4,155,1
8764,vchess4,112,2
8775,vchess4,98,3
8779,vchess4,97,4
8769,vchess4,82,5
8762,vchess4,80,6
8795,vchess4,71,7
8782,vchess4,68,8
8788,vchess4,65,9
8770,vchess4,61,10
8786,vchess4,60,11
8771,vchess4,59,12
8759,vchess4,56,13
8789,vchess4,50,14
8765,vchess4,44,15
8761,vchess4,42,16
8791,vchess4,39,17
650,vchess4,28,18
8773,vchess4,20,19
8790,vchess4,16,20
17943,vcoves,86,1
17938,vcoves,82,2
17935,vcoves,66,3
17940,vcoves,58,4
17936,vcoves,29,5
11755,vecrosc,75,1
1862,vega2015,100,1
4419,vega2015,88,2
16687,vektor-mw,62,1
16688,vektor-mw,49,2
12368,veljkovic,99,1
18441,velkymatko,33,1
5079,velocyberaptor,69,1
15398,velomosh,76,1
4155,velvetgreen,91,1
9136,vemund,45,1
17705,venetosergio,66,1
702,venetosergio,56,2
2775,venkata722,32,1
1885,ventdunord,59,1
14890,venthur,81,1
1178,verduzzo,21,1
4921,verikt,54,1
13710,vertis9016,72,1
19463,vertis9016,65,2
2276,vertis9016,37,3
5087,verybro,123,1
16662,verylongusername,106,1
16652,verylongusername,93,2
16654,verylongusername,62,3
16650,verylongusername,59,4
16656,verylongusername,57,5
16667,verylongusername,57,5
16671,verylongusername,57,5
16666,verylongusername,53,8
16665,verylongusername,47,9
16669,verylongusername,43,10
16661,verylongusername,37,11
16664,verylongusername,29,12
16657,verylongusername,27,13
14822,vevo57,32,1
13415,vevochi,74,1
19922,vevochi,54,2
2312,vezir9,29,1
4781,vezirtonyukuk,65,1
4783,vezirtonyukuk,49,2
10766,vfhbz,46,1
17411,vfhcbr,52,1
2383,vfhfnvfhfn22,136,1
2356,vfhfnvfhfn22,100,2
2374,vfhfnvfhfn22,92,3
2391,vfhfnvfhfn22,85,4
2393,vfhfnvfhfn22,81,5
2388,vfhfnvfhfn22,74,6
2377,vfhfnvfhfn22,54,7
2387,vfhfnvfhfn22,52,8
2371,vfhfnvfhfn22,51,9
2372,vfhfnvfhfn22,50,10
2369,vfhfnvfhfn22,49,11
2378,vfhfnvfhfn22,45,12
2381,vfhfnvfhfn22,45,12
2359,vfhfnvfhfn22,43,14
2360,vfhfnvfhfn22,35,15
2364,vfhfnvfhfn22,34,16
2361,vfhfnvfhfn22,32,17
2366,vfhfnvfhfn22,25,18
2367,vfhfnvfhfn22,15,19
17053,vfr25,95,1
16139,vft2017,93,1
4311,viamilitaris,9,1
19838,viansrg,62,1
16857,vibraz,88,1
15845,vic_mark,164,1
15847,vic_mark,107,2
15856,vic_mark,81,3
15867,vic_mark,72,4
15872,vic_mark,67,5
15853,vic_mark,58,6
15859,vic_mark,46,7
15843,vic_mark,44,8
15846,vic_mark,42,9
15855,vic_mark,37,10
15866,vic_mark,35,11
15862,vic_mark,28,12
11653,vic_mark,23,13
15849,vic_mark,23,13
15863,vic_mark,21,15
15850,vic_mark,20,16
15858,vic_mark,19,17
15854,vic_mark,17,18
15868,vic_mark,9,19
18889,viccoren,96,1
5968,vicente_gar_bra,104,1
8926,vicenteorl,68,1
5450,vicenzo2115,83,1
10969,vicky1990,35,1
8355,vicma4070,54,1
5691,vicmisab,48,1
17222,victor010389,118,1
4799,victor1944,64,1
12135,victor42,77,1
1544,victor946c,6,1
16510,victorbrz,63,1
16511,victorbrz,54,2
16514,victorbrz,54,2
16516,victorbrz,50,4
16518,victorbrz,48,5
18267,victorfofao,75,1
9144,victorgarcia,62,1
1742,victorioan,46,1
16197,victoryflay,64,1
12760,victress,92,1
12763,victress,67,2
12754,victress,57,3
12764,victress,52,4
12757,victress,22,5
12762,victress,17,6
1730,vietbigz123,73,1
13129,vigoregino,34,1
33,vihaandumir,54,1
8767,vikt0r_ua,97,1
11465,viktor-1977,76,1
2864,viktor1649,114,1
10541,viktor1962,38,1
11250,viktor1962,38,1
19915,viktor4545,116,1
15667,viktor65,25,1
4867,viktor_winner,62,1
16786,viktorkabtov,90,1
17869,viktorovihc,43,1
17119,viktorr,110,1
17125,viktorr,87,2
17117,viktorr,81,3
17122,viktorr,81,3
17135,viktorr,78,5
17123,viktorr,66,6
17133,viktorr,66,6
17113,viktorr,53,8
17104,viktorr,52,9
17120,viktorr,49,10
17107,viktorr,48,11
17127,viktorr,36,12
17108,viktorr,29,13
17131,viktorr,27,14
17114,viktorr,20,15
17138,viktorr,20,15
17128,viktorr,16,17
17134,viktorr,2,18
4889,vilassarxavi,84,1
11788,vilenjak,48,1
11844,villis,53,1
8022,vinakao,34,1
3908,vinc123,132,1
15820,vinc123,52,2
13648,vincent76,37,1
10428,vindiomax,101,1
14190,vineetg101,91,1
14192,vineetg101,68,2
329,vineetg101,34,3
611,vinhancock,70,1
19821,vinhasale,127,1
17531,vinhasale,61,2
17530,vinhasale,52,3
17169,vinhasale,44,4
7679,vini700,92,1
19716,vini700,46,2
11771,vini700,31,3
4616,viniciusalves,23,1
15612,viniciuscaetano,107,1
11863,vinkotokic,60,1
19956,vinodvninan,54,1
9567,vinothkumar_k,35,1
18795,vinte22ois,47,1
3424,vinxitv,102,1
3413,vinxitv,70,2
3417,vinxitv,60,3
3419,vinxitv,53,4
3425,vinxitv,15,5
3415,vinxitv,5,6
16059,viperfish12,102,1
3435,vipvio,11,1
10718,virata,19,1
536,virgil777,79,1
16187,virgilscope,66,1
16188,virgilscope,61,2
17945,virtchess,44,1
6180,virussport,125,1
6148,visagifc20,43,1
1060,vishalvasans1,86,1
1064,vishalvasans1,69,2
1059,vishalvasans1,59,3
1061,vishalvasans1,52,4
1051,vishalvasans1,43,5
1053,vishalvasans1,41,6
1065,vishalvasans1,40,7
1054,vishalvasans1,30,8
1056,vishalvasans1,16,9
8409,vishwathg,104,1
8413,vishwathg,72,2
8406,vishwathg,71,3
8410,vishwathg,69,4
16162,visokos,74,1
19261,viswannabe,122,1
19264,viswannabe,64,2
19273,viswannabe,58,3
19288,viswannabe,54,4
19291,viswannabe,53,5
19294,viswannabe,51,6
19296,viswannabe,49,7
19267,viswannabe,48,8
19271,viswannabe,46,9
19279,viswannabe,44,10
19281,viswannabe,40,11
19283,viswannabe,37,12
19269,viswannabe,32,13
19289,viswannabe,31,14
19295,viswannabe,29,15
19299,viswannabe,28,16
19285,viswannabe,26,17
19259,viswannabe,24,18
19302,viswannabe,24,18
19277,viswannabe,23,20
19266,viswannabe,22,21
19276,viswannabe,12,22
10513,vit2014,117,1
11222,vit2014,117,1
17703,vit216,119,1
17701,vit216,43,2
18658,vita_chess,48,1
17139,vitalie053,74,1
9208,vitalijuscenz,57,1
11375,vitaminex,91,1
13466,vitaminex,91,1
2185,vitaminex,35,3
13352,vitaminex,35,3
14429,vitaminex,27,5
4670,vitasf,50,1
13633,vithu92,81,1
10274,vitorsoares,21,1
18683,vittoriopiva,92,1
7897,vittoriopiva,31,2
7367,vivacaligula,106,1
7371,vivacaligula,79,2
7360,vivacaligula,72,3
7362,vivacaligula,70,4
7369,vivacaligula,57,5
7365,vivacaligula,48,6
7372,vivacaligula,46,7
9710,vjhjpjd,114,1
16219,vjs,101,1
2375,vk999,70,1
1580,vkmansftw,102,1
13154,vkmansftw,102,1
14772,vkmansftw,102,1
722,vkmansftw,78,4
12210,vkmansftw,78,4
17380,vkmansftw,32,6
1577,vkmansftw,19,7
13151,vkmansftw,19,7
14769,vkmansftw,19,7
14826,vkrish,33,1
7402,vl_bo,108,1
17118,vlad1945,95,1
11519,vlad1956,43,1
3295,vlad3949,153,1
11160,vlada4937,71,1
1392,vlada555,168,1
8992,vlada555,164,2
1387,vlada555,98,3
17076,vladapfc,73,1
2370,vladimir-1,68,1
10568,vladimir-kramnik-1,117,1
11277,vladimir-kramnik-1,117,1
10533,vladimir-kramnik-1,114,3
11242,vladimir-kramnik-1,114,3
10545,vladimir-kramnik-1,113,5
11254,vladimir-kramnik-1,113,5
10564,vladimir-kramnik-1,102,7
11273,vladimir-kramnik-1,102,7
10574,vladimir-kramnik-1,97,9
11283,vladimir-kramnik-1,97,9
10532,vladimir-kramnik-1,87,11
11241,vladimir-kramnik-1,87,11
10538,vladimir-kramnik-1,86,13
11247,vladimir-kramnik-1,86,13
10528,vladimir-kramnik-1,85,15
11237,vladimir-kramnik-1,85,15
10555,vladimir-kramnik-1,73,17
11264,vladimir-kramnik-1,73,17
10557,vladimir-kramnik-1,66,19
11266,vladimir-kramnik-1,66,19
10549,vladimir-kramnik-1,59,21
11258,vladimir-kramnik-1,59,21
10536,vladimir-kramnik-1,49,23
11245,vladimir-kramnik-1,49,23
10527,vladimir-kramnik-1,43,25
11236,vladimir-kramnik-1,43,25
10565,vladimir-kramnik-1,35,27
11274,vladimir-kramnik-1,35,27
10556,vladimir-kramnik-1,34,29
11265,vladimir-kramnik-1,34,29
10560,vladimir-kramnik-1,25,31
11269,vladimir-kramnik-1,25,31
10558,vladimir-kramnik-1,22,33
11267,vladimir-kramnik-1,22,33
10546,vladimir-kramnik-1,13,35
11255,vladimir-kramnik-1,13,35
13528,vladimir07,102,1
9946,vladimir15,53,1
4251,vladimir56,27,1
6639,vladimir5678765,89,1
11054,vladimir_shindin,85,1
9295,vladimir_shindin,43,2
2476,vladimiraraque1234,17,1
16193,vladimird7777,103,1
18388,vladimirsunrise,98,1
5230,vladimirzozulya1500,52,1
5232,vladimirzozulya1500,48,2
13781,vladis063,37,1
14486,vlado-gambit,38,1
5880,vladpav,57,1
2975,vlepac,41,1
15067,vmalinovskiy87,54,1
7297,voguha,93,1
17617,voguha,32,2
2162,void_pyromancer1808,64,1
15527,voin55115,51,1
19843,vojne29,171,1
19474,vokizre_n,123,1
8077,vokizre_n,36,2
15017,volkano,43,1
3160,volodya51,105,1
9542,volodyakedr,51,1
6537,volpe_v2,45,1
15133,volturi,72,1
10315,von,18,1
10116,voodooo,83,1
10131,voodooo,60,2
10141,voodooo,57,3
10126,voodooo,47,4
10124,voodooo,39,5
10119,voodooo,35,6
10129,voodooo,25,7
10117,voodooo,23,8
10134,voodooo,23,8
10133,voodooo,3,10
12274,vopice,66,1
13519,voselok,54,1
17082,votaquimby,65,1
6011,vova111,79,1
9031,vova1954,59,1
6279,vova72,18,1
8242,vovaemel515,40,1
17396,vovankrsv,12,1
11013,vovkakuz,177,1
11025,vovkakuz,98,2
11014,vovkakuz,88,3
11001,vovkakuz,85,4
11020,vovkakuz,73,5
11021,vovkakuz,70,6
11009,vovkakuz,65,7
11026,vovkakuz,61,8
11028,vovkakuz,57,9
10995,vovkakuz,56,10
11006,vovkakuz,56,10
11019,vovkakuz,56,10
11015,vovkakuz,53,13
11027,vovkakuz,50,14
11022,vovkakuz,49,15
11002,vovkakuz,48,16
11010,vovkakuz,48,16
11008,vovkakuz,46,18
11024,vovkakuz,44,19
11030,vovkakuz,42,20
11000,vovkakuz,40,21
11012,vovkakuz,39,22
11029,vovkakuz,39,22
10996,vovkakuz,37,24
10998,vovkakuz,36,25
11004,vovkakuz,35,26
11017,vovkakuz,29,27
11018,vovkakuz,28,28
11031,vovkakuz,28,28
11011,vovkakuz,25,30
10999,vovkakuz,23,31
11005,vovkakuz,19,32
11016,vovkakuz,16,33
11003,vovkakuz,7,34
11023,vovkakuz,7,34
18482,vovo38,37,1
12088,vox767,46,1
7941,vpk1,46,1
289,vpull9,62,1
16434,vr1,102,1
8330,vrajv,56,1
13957,vratesh_gangal,59,1
11805,vrg2311,25,1
19238,vrg2311,25,1
7558,vrn_chess,93,1
15852,vroiflap,57,1
18177,vrtek,119,1
16086,vsat1968,89,1
15095,vsevolod13,27,1
18186,vslivka,60,1
18864,vsrbigcrunch,67,1
13488,vstrochku,84,1
4010,vsulca,41,1
9428,vtguy34,84,1
4857,vturuz,41,1
1024,vudo1012,129,1
1022,vudo1012,66,2
2801,vukosi,58,1
2803,vukosi,38,2
5546,vulcanforge,116,1
10946,vulpecula_tngh,122,1
10444,vulpinigunner,13,1
14102,vusalrasulzade,36,1
7640,vvaassee,69,1
13801,vve_jouzi,113,1
8193,vw2,42,1
10975,vya39550,86,1
14794,vya39550,14,2
9282,vzg100,111,1
9260,vzg100,90,2
9277,vzg100,70,3
9265,vzg100,69,4
9267,vzg100,68,5
9279,vzg100,66,6
9264,vzg100,63,7
9271,vzg100,51,8
9275,vzg100,48,9
9268,vzg100,47,10
9273,vzg100,38,11
9281,vzg100,28,12
750,w-j,4,1
10154,w-w-j-b-d,59,1
18538,wack,129,1
18412,wack,38,2
10937,wacoomba,59,1
17390,waeltech,62,1
321,wahana81,20,1
4000,waheed500,52,1
19723,wahyono,65,1
6884,wait-wait-go,103,1
18630,wait-wait-go,103,1
4615,walacasita,89,1
7146,walang,11,1
12170,wald3n,60,1
490,waldi65,60,1
5438,walenti,84,1
17238,waliays,49,1
5318,walidsh,69,1
12736,walkingwarrobots,2,1
860,wall-of-shields,70,1
858,wall-of-shields,42,2
12335,wall-of-shields,42,2
14691,walle92,46,1
14100,walrus80s,53,1
11562,walter1861,48,1
15032,waltersafarian,42,1
20016,waltersafarian,42,1
2697,walterwolf,41,1
5693,wandernato,125,1
6544,wangman72,80,1
16408,wanheim,11,1
966,warera,89,1
964,warera,62,2
9642,wargoss,75,1
6251,warhacker,86,1
8201,warofbeef,76,1
7051,warrior89,31,1
8412,warrior_king,58,1
13373,warriorspirit,73,1
8531,warriorwarrior,125,1
13554,warshoe,15,1
1604,warsom1,45,1
19536,warumer,38,1
14383,wasabisensei,36,1
2075,wassenaar,60,1
8695,wave_wall,4,1
2788,wawrinka,56,1
17489,waywarder2,89,1
17488,waywarder2,72,2
14630,wblake66,127,1
17497,wblake66,66,2
6676,wblake66,2,3
7430,wbrown358,72,1
14334,wcd44,111,1
4317,wchermanne,69,1
1498,webchessplayer,129,1
7955,webkin,120,1
7925,webkin,86,2
7927,webkin,70,3
7951,webkin,67,4
7936,webkin,65,5
7950,webkin,60,6
7948,webkin,56,7
7924,webkin,55,8
7921,webkin,52,9
7929,webkin,50,10
7945,webkin,45,11
7928,webkin,41,12
7935,webkin,40,13
7942,webkin,40,13
7944,webkin,33,15
7934,webkin,29,16
7940,webkin,23,17
3581,wei2,41,1
14439,weidmam1976,129,1
17078,weir_93,33,1
9527,welcome0001,37,1
14896,welcomx,117,1
17681,wellsaid,55,1
17675,wellsaid,37,2
17677,wellsaid,35,3
6197,wenjian,143,1
6806,werill,83,1
5159,weskin,59,1
5157,weskin,43,2
16812,wesleydqi,17,1
7804,wetcardboardbox,22,1
4996,wf,57,1
3486,whatnext,40,1
16353,whatnext,40,1
3541,whatnext,28,3
18905,whatthefoxsays,50,1
7343,whatzup109,69,1
6173,wheede,68,1
5760,whfo,96,1
4591,whiskey4blood,59,1
41,white_queen_1990,32,1
6600,white_slonik,23,1
967,whiteduke,119,1
18463,whiteduke,62,2
4175,whitegaba,91,1
1100,whitewing,26,1
8488,whitnot,39,1
7662,whyisthat,14,1
13254,whyshy,93,1
13251,whyshy,77,2
13252,whyshy,53,3
10314,whzgud,49,1
10312,whzgud,33,2
10316,whzgud,25,3
10311,whzgud,19,4
1209,whzzzz,62,1
19640,whzzzz,62,1
19627,widemax,44,1
1601,widja,49,1
8728,widow_queen,63,1
720,wiggleitjiggleit,79,1
12208,wiggleitjiggleit,79,1
718,wiggleitjiggleit,62,3
12206,wiggleitjiggleit,62,3
713,wiggleitjiggleit,54,5
12201,wiggleitjiggleit,54,5
717,wiggleitjiggleit,51,7
12205,wiggleitjiggleit,51,7
12200,wiggleitjiggleit,44,9
721,wiggleitjiggleit,32,10
12209,wiggleitjiggleit,32,10
12199,wiggleitjiggleit,16,12
1125,wikiplayschess,80,1
6964,wikiplayschess,54,2
6966,wikiplayschess,50,3
6968,wikiplayschess,50,3
15378,wiktor_dudkiewicz,109,1
15375,wiktor_dudkiewicz,53,2
15380,wiktor_dudkiewicz,43,3
15374,wiktor_dudkiewicz,37,4
1710,wilce,101,1
19515,wilce,68,2
16380,wildkeeper,100,1
8198,wilfree,66,1
16241,wilinski_28,97,1
16243,wilinski_28,73,2
16236,wilinski_28,54,3
16237,wilinski_28,51,4
16231,wilinski_28,31,5
16239,wilinski_28,29,6
16235,wilinski_28,27,7
16233,wilinski_28,23,8
693,wilk,89,1
6020,wilk,70,2
12582,will_sun,92,1
7271,willam_drum,128,1
701,willconquer,49,1
2658,willdaplum,75,1
2653,willdaplum,43,2
2657,willdaplum,38,3
2654,willdaplum,33,4
2659,willdaplum,32,5
18728,williamduque82,55,1
5201,williamho_2,121,1
12606,williammb,52,1
4685,williamyen,51,1
4687,williamyen,35,2
4689,williamyen,11,3
11656,williamzhi,119,1
11660,williamzhi,67,2
11657,williamzhi,49,3
7339,willietrz,67,1
7650,willoh101,55,1
7642,willoh101,34,2
7647,willoh101,27,3
7649,willoh101,26,4
7652,willoh101,4,5
8146,wills831,58,1
7555,willyjohnson,100,1
7552,willyjohnson,98,2
7557,willyjohnson,77,3
7559,willyjohnson,68,4
7562,willyjohnson,55,5
7564,willyjohnson,52,6
4504,wilmar1,110,1
55,wing175,8,1
5426,wiryo12,120,1
18330,wiryo12,120,1
5932,wisdomfromthelord,56,1
5934,wisdomfromthelord,49,2
3901,wisepanther,153,1
3905,wisepanther,56,2
3898,wisepanther,41,3
3900,wisepanther,30,4
3897,wisepanther,5,5
3013,wishiwasbetter,60,1
12740,wishiwasgm,131,1
13533,witnik,62,1
8453,wizard_nick,103,1
8455,wizard_nick,76,2
8464,wizard_nick,75,3
8458,wizard_nick,68,4
8462,wizard_nick,44,5
19603,wizardchess007,32,1
1744,wkruger45,69,1
7520,wlira,23,1
6203,wobbels,25,1
14966,wojand,138,1
15004,wojand,124,2
14962,wojand,113,3
15003,wojand,74,4
14980,wojand,72,5
14997,wojand,61,6
14998,wojand,60,7
14974,wojand,55,8
14970,wojand,49,9
14967,wojand,47,10
14964,wojand,43,11
14994,wojand,42,12
14973,wojand,41,13
14999,wojand,36,14
14971,wojand,33,15
14985,wojand,31,16
14987,wojand,28,17
14977,wojand,24,18
14990,wojand,20,19
14199,woland52,95,1
4028,wolf1108,39,1
4031,wolf1108,32,2
19436,wolf21,74,1
1906,wolf2875,62,1
805,wolf80,77,1
12240,wolf80,77,1
15210,wolf_wick,31,1
5773,wolfdomination,104,1
5776,wolfdomination,26,2
5775,wolfdomination,5,3
2946,wolfevelyn,46,1
561,wolfevelyn,45,2
14202,wolfi57,86,1
15426,wombelspeck,43,1
15851,wonderworker,62,1
9140,woodham,115,1
9162,woodham,115,1
9158,woodham,99,3
9161,woodham,81,4
9160,woodham,78,5
9138,woodham,71,6
9143,woodham,55,7
9165,woodham,54,8
9145,woodham,52,9
9149,woodham,50,10
9142,woodham,36,11
9147,woodham,36,11
9150,woodham,34,13
9135,woodham,30,14
9151,woodham,30,14
9139,woodham,29,16
9154,woodham,22,17
16192,woolfe,52,1
15349,wowei,91,1
9505,wozza,75,1
2061,wpao,86,1
59,wpc96,44,1
9003,wphoag,77,1
11083,wpolo65,46,1
17782,wqf7,77,1
19761,wqf7,42,2
16360,wran-gler,31,1
14931,wrest92,28,1
14754,wronski,13,1
2209,wtfhsyn,137,1
13329,wujo,96,1
19825,wutang22,44,1
12824,wwwserg,124,1
7821,x-karpov,73,1
7823,x-karpov,60,2
19301,x-meister,127,1
14315,x-meister,52,2
7031,x0x0l,86,1
17827,x15421542,9,1
9617,x2o97,2,1
9620,x2o97,2,1
9623,x2o97,2,1
2572,x2w94,50,1
9266,x60,103,1
14899,xaabiii9,24,1
9082,xadji,5,1
5647,xadrez1234,111,1
9555,xadrezzchess,66,1
18423,xajik,51,1
8148,xamaxs,49,1
7783,xamio,69,1
7766,xamio,58,2
7775,xamio,49,3
7780,xamio,48,4
7770,xamio,45,5
7777,xamio,28,6
7773,xamio,27,7
7768,xamio,21,8
7769,xamio,14,9
7763,xamio,13,10
5818,xandersky,27,1
3964,xaneca,42,1
10867,xapo,49,1
202,xapoh,59,1
11429,xapoh,59,1
13756,xapoh,59,1
19077,xapoh,59,1
7156,xaquax,17,1
8662,xaquax,17,1
9164,xaviarov,32,1
5518,xavier-cox,36,1
17427,xavixbcn,31,1
18096,xavmarti,88,1
10942,xavyay,88,1
4681,xbishop,63,1
4683,xbishop,57,2
4678,xbishop,36,3
4679,xbishop,28,4
4682,xbishop,22,5
4304,xblazin_grape,60,1
4297,xblazin_grape,38,2
4306,xblazin_grape,20,3
4307,xblazin_grape,14,4
12600,xccam,47,1
10758,xchuko,56,1
13375,xclasher,20,1
9731,xcyrusx,63,1
15075,xdaw,68,1
5215,xdvictorsousa,25,1
7946,xearo,116,1
4414,xeltamvp,112,1
6414,xeltamvp,34,2
7397,xenceri,13,1
2828,xenelvill,78,1
8551,xerxes123,95,1
5712,xerxes123,92,2
19991,xilften1,142,1
5829,ximler80,16,1
9201,xinos,119,1
9205,xinos,114,2
9192,xinos,85,3
9202,xinos,79,4
9190,xinos,74,5
9189,xinos,58,6
9197,xinos,45,7
19427,xiomic,59,1
15607,xjunior,101,1
15269,xkqc7nt7,74,1
13619,xkx212,130,1
12855,xkx212,30,2
9169,xlmichael,96,1
9166,xlmichael,18,2
9168,xlmichael,11,3
16404,xnappa,37,1
15070,xroland,54,1
8901,xromm,39,1
6071,xsan_dr,61,1
11203,xsnake,99,1
12429,xstorm59,75,1
12430,xstorm59,59,2
12428,xstorm59,41,3
10473,xstyle,68,1
18957,xterm,115,1
4119,xx_domi_xx,48,1
4120,xx_domi_xx,7,2
19610,xxblinkxx,47,1
4907,xxchessislifexx,25,1
14119,xxcrunchypebblexx,86,1
14116,xxcrunchypebblexx,69,2
14117,xxcrunchypebblexx,57,3
5873,xxfudoxx,62,1
13134,xxmlgswegxx,38,1
13136,xxmlgswegxx,35,2
4636,xxofficialmasterxx,81,1
4639,xxofficialmasterxx,69,2
4627,xxofficialmasterxx,39,3
4628,xxofficialmasterxx,38,4
4641,xxofficialmasterxx,31,5
4623,xxofficialmasterxx,30,6
4633,xxofficialmasterxx,19,7
4634,xxofficialmasterxx,13,8
4631,xxofficialmasterxx,9,9
4625,xxofficialmasterxx,2,10
1207,xxpampy,120,1
15703,xxvn,69,1
13652,xxx3000,49,1
13651,xxx3000,45,2
13823,xyliah,45,1
18948,xymuha,102,1
8676,xymuha,69,2
18101,xyz2804,110,1
18100,xyz2804,34,2
11577,xyzos,30,1
17154,y_d,54,1
10796,y_d,53,2
13305,y_d,45,3
5100,y_d,16,4
11679,yadi18,45,1
19971,yago666,73,1
10724,yahourt,19,1
15625,yahya_alsharafi,209,1
4141,yak42,32,1
6013,yakovlevolegg84,41,1
6980,yalda,70,1
5135,yalda_b,36,1
356,yalicapkini,111,1
11070,yambe,45,1
3099,yan2003,103,1
19729,yangster23,52,1
16116,yann1k94,72,1
2132,yannikov,23,1
17861,yarangu97,44,1
12710,yarbis,58,1
6381,yarkiller,87,1
14856,yash26,72,1
17679,yastenet,42,1
11069,yasumi,75,1
12815,yatishseeni,62,1
1436,yatrikpatel,125,1
3832,yavor_20,59,1
10850,yazdaniyalda,39,1
16182,yazeed_bani_saleem,95,1
16154,yazeed_bani_saleem,88,2
16185,yazeed_bani_saleem,88,2
16174,yazeed_bani_saleem,83,4
16176,yazeed_bani_saleem,69,5
16167,yazeed_bani_saleem,66,6
16159,yazeed_bani_saleem,52,7
16177,yazeed_bani_saleem,51,8
16160,yazeed_bani_saleem,33,9
16179,yazeed_bani_saleem,33,9
16169,yazeed_bani_saleem,32,11
16165,yazeed_bani_saleem,15,12
5071,yazid7,25,1
16847,ydnydn,58,1
882,yeaheatdick,38,1
18856,yebiwe1337,24,1
6731,yefi,57,1
12115,yehia1978,87,1
16210,yehorka,128,1
15220,yellow_dragon,103,1
15222,yellow_dragon,96,2
15253,yellow_dragon,95,3
15244,yellow_dragon,88,4
15247,yellow_dragon,81,5
15252,yellow_dragon,80,6
15232,yellow_dragon,79,7
15237,yellow_dragon,75,8
15242,yellow_dragon,74,9
15239,yellow_dragon,69,10
15225,yellow_dragon,64,11
15261,yellow_dragon,63,12
15262,yellow_dragon,63,12
15263,yellow_dragon,59,14
15234,yellow_dragon,58,15
15229,yellow_dragon,57,16
15256,yellow_dragon,54,17
15219,yellow_dragon,51,18
15236,yellow_dragon,48,19
15245,yellow_dragon,40,20
15259,yellow_dragon,39,21
15249,yellow_dragon,37,22
15231,yellow_dragon,36,23
15265,yellow_dragon,28,24
12751,yellowdragoon,29,1
13989,yellowsparrow22,47,1
1895,yemintun,33,1
7384,yesconnor,79,1
7382,yesconnor,55,2
17647,yesman81,70,1
19895,ygoul88,54,1
9606,yht,71,1
9608,yht,68,2
9615,yht,23,3
9610,yht,4,4
9609,yht,2,5
9611,yht,2,5
3881,yigitberkekinci,52,1
2354,yigitdenizk,47,1
2355,yigitdenizk,30,2
6909,yilmazibo,63,1
13813,yingshen,49,1
4026,ykaya,85,1
15678,yo10,41,1
2717,yoboygames,39,1
15548,yogogmxde,55,1
8153,yokocito,91,1
8157,yokocito,78,2
8160,yokocito,75,3
8150,yokocito,67,4
8156,yokocito,66,5
8158,yokocito,62,6
8161,yokocito,56,7
8149,yokocito,54,8
8154,yokocito,30,9
3782,yolanda23,111,1
18398,yolcuchess,63,1
3241,yolo12,22,1
10030,yoloman,38,1
3989,yonaltimur,101,1
3991,yonaltimur,46,2
3990,yonaltimur,40,3
10220,yop88,47,1
504,yorashi,41,1
16246,yoriy,81,1
16215,yoriyo,53,1
19899,yory21,71,1
17768,yory21,63,2
2026,yory21,13,3
9048,yoshibuddies,69,1
9050,yoshibuddies,66,2
17780,yosimenew,38,1
14139,yotastrejos,76,1
14150,yotastrejos,70,2
14155,yotastrejos,68,3
14156,yotastrejos,68,3
14136,yotastrejos,67,5
14160,yotastrejos,65,6
14135,yotastrejos,60,7
14158,yotastrejos,56,8
14132,yotastrejos,54,9
14143,yotastrejos,52,10
14142,yotastrejos,48,11
14161,yotastrejos,47,12
14134,yotastrejos,46,13
14145,yotastrejos,36,14
14148,yotastrejos,36,14
14153,yotastrejos,19,16
15669,youberion,56,1
1096,youknowwho_79,85,1
1093,youknowwho_79,74,2
1094,youknowwho_79,33,3
5774,youngmoney2299,11,1
14656,youngxehanort,144,1
12124,youngxehanort,75,2
12714,younishd,90,1
12715,younishd,69,2
8388,youralterego,122,1
8365,youralterego,119,2
8373,youralterego,101,3
8379,youralterego,83,4
8363,youralterego,60,5
8392,youralterego,54,6
8383,youralterego,52,7
8385,youralterego,49,8
8394,youralterego,49,8
8371,youralterego,46,10
8361,youralterego,44,11
8367,youralterego,39,12
8376,youralterego,39,12
8396,youralterego,37,14
8366,youralterego,25,15
8380,youralterego,7,16
8390,youralterego,7,16
8386,youralterego,3,18
12994,youredeadmeat,152,1
13006,youredeadmeat,118,2
13005,youredeadmeat,107,3
13003,youredeadmeat,106,4
13008,youredeadmeat,101,5
13013,youredeadmeat,100,6
13001,youredeadmeat,84,7
12998,youredeadmeat,73,8
12986,youredeadmeat,57,9
13002,youredeadmeat,57,9
12982,youredeadmeat,56,11
12984,youredeadmeat,51,12
12976,youredeadmeat,44,13
12988,youredeadmeat,43,14
12992,youredeadmeat,42,15
13016,youredeadmeat,42,15
12977,youredeadmeat,40,17
12995,youredeadmeat,34,18
13014,youredeadmeat,30,19
12980,youredeadmeat,28,20
12985,youredeadmeat,20,21
14924,yoursister69,83,1
8661,yovictoria,54,1
18597,yozi,40,1
10713,yra,63,1
13321,yrathor,93,1
4248,yriy555,39,1
18970,ysnnlc,74,1
5491,ytdvvc,124,1
5494,ytdvvc,92,2
5488,ytdvvc,58,3
5492,ytdvvc,30,4
16830,yudaradika,115,1
8909,yudha_ahmad,48,1
15264,yudi-aja,122,1
5014,yudov33,24,1
15890,yugo_amaryl,34,1
5633,yuldan,55,1
9276,yuli123,40,1
17093,yuliliyn,88,1
8777,yulius,58,1
1814,yungceasar,124,1
7561,yunibar,71,1
18245,yura01061977,117,1
11971,yura01061977,55,2
8763,yura1204,51,1
9367,yura163,79,1
8792,yura_kudr,40,1
8793,yura_kudr,23,2
6843,yurasic1296,79,1
16519,yuredouglas,78,1
16513,yuredouglas,48,2
16515,yuredouglas,42,3
16512,yuredouglas,30,4
16517,yuredouglas,29,5
2110,yurer,75,1
10008,yurij_shuvalov,103,1
4247,yuriy_yosyfovych,56,1
11783,yurtali,33,1
5213,yusiko,36,1
7103,yustas_ru,115,1
11703,yusuf2012,58,1
19326,yusuf2012,58,1
18298,yusufakkar,25,1
13428,yusuforel64,37,1
19736,yuyu2,69,1
10550,yventus2014,79,1
11259,yventus2014,79,1
16456,yves3,68,1
13092,yvesanchouk,69,1
7448,yyo,81,1
15954,yyo,70,2
15956,yyo,42,3
9658,z257275,39,1
4897,zabac,63,1
14107,zabalawyzamalkawy,111,1
16312,zacandcheese,96,1
16314,zacandcheese,94,2
16318,zacandcheese,77,3
16315,zacandcheese,47,4
16309,zacandcheese,32,5
16310,zacandcheese,23,6
8757,zach_08,26,1
5938,zachary_mac,21,1
14056,zachs86,139,1
14208,zaeemalam,108,1
14211,zaeemalam,52,2
14209,zaeemalam,48,3
14207,zaeemalam,12,4
11510,zaferalt,92,1
19258,zaferalt,92,1
5129,zagadochnik,46,1
6744,zaho3a,82,1
4006,zaid-taha,149,1
4165,zainescu,70,1
2778,zakhar42,52,1
17389,zaki_ryad,101,1
17384,zaki_ryad,85,2
17383,zaki_ryad,83,3
17386,zaki_ryad,79,4
17387,zaki_ryad,74,5
17395,zaki_ryad,73,6
17391,zaki_ryad,65,7
17381,zaki_ryad,19,8
5462,zalgiris15,7,1
5463,zalgiris15,7,1
5465,zalgiris15,7,1
4595,zalupa_konya,4,1
9579,zamuradnisa,25,1
17149,zapala,212,1
17173,zapala,133,2
17157,zapala,129,3
17177,zapala,127,4
17164,zapala,120,5
17146,zapala,115,6
17171,zapala,114,7
17143,zapala,90,8
17147,zapala,85,9
17185,zapala,77,10
17175,zapala,65,11
17163,zapala,57,12
17142,zapala,56,13
17156,zapala,42,14
17166,zapala,41,15
17161,zapala,36,16
17186,zapala,36,16
16124,zapala,34,18
17159,zapala,33,19
17151,zapala,32,20
17179,zapala,32,20
17170,zapala,30,22
17184,zapala,28,23
17182,zapala,20,24
17141,zapala,16,25
16854,zapatapak,47,1
8288,zar,105,1
15975,zarathustra7,49,1
10177,zarrabi57,80,1
16147,zarrrbazan,46,1
4861,zasada238,31,1
15614,zatrikion,33,1
18930,zavator,111,1
19538,zaychik13,58,1
10288,zazz4,79,1
10290,zazz4,66,2
10286,zazz4,65,3
10292,zazz4,50,4
10283,zazz4,47,5
10285,zazz4,35,6
9576,zbakov,17,1
3958,zbigniewes,61,1
10273,zbyszektato,53,1
833,zdb,66,1
12310,zdb,66,1
8656,zdv,44,1
9605,ze_cat,45,1
7653,zeedo,26,1
7380,zeferino,11,1
13133,zeitgeist12345,57,1
7381,zekikache,21,1
17933,zeliboba,42,1
6260,zeljko54,82,1
9456,zembelek,37,1
19826,zen3000,145,1
19845,zen3000,126,2
19852,zen3000,98,3
19865,zen3000,98,3
19829,zen3000,68,5
19842,zen3000,66,6
19850,zen3000,66,6
19840,zen3000,60,8
19851,zen3000,59,9
19861,zen3000,59,9
19832,zen3000,57,11
19857,zen3000,54,12
19847,zen3000,49,13
19836,zen3000,45,14
19854,zen3000,43,15
19823,zen3000,42,16
19834,zen3000,41,17
19835,zen3000,37,18
19866,zen3000,31,19
19856,zen3000,30,20
19855,zen3000,29,21
19828,zen3000,14,22
19864,zen3000,11,23
19844,zen3000,3,24
12484,zenchess,76,1
18953,zenchess,69,2
16450,zenga,41,1
19410,zenonrock,34,1
10627,zenz,24,1
6102,zephyrovitch,164,1
4553,zeppo,46,1
10500,zer001,57,1
10612,zer001,39,2
12617,zeratulsh,41,1
17150,zero747,16,1
5155,zeropsykoge,10,1
4637,zeyadyasser,28,1
16605,zeyzeynep,36,1
12590,zharar,78,1
19394,zharptytsia,91,1
19395,zharptytsia,29,2
11546,zhaska,122,1
11520,zhaska,120,2
11535,zhaska,120,2
11539,zhaska,114,4
11515,zhaska,112,5
11551,zhaska,112,5
11541,zhaska,106,7
11550,zhaska,102,8
11529,zhaska,94,9
11537,zhaska,91,10
11522,zhaska,90,11
11533,zhaska,84,12
11527,zhaska,83,13
11548,zhaska,77,14
11544,zhaska,59,15
11526,zhaska,53,16
11516,zhaska,39,17
11552,zhaska,38,18
11518,zhaska,35,19
11532,zhaska,35,19
11523,zhaska,29,21
16673,zhasulan_astana,35,1
13417,zher0,78,1
13423,zher0,72,2
13404,zher0,61,3
13406,zher0,61,3
13407,zher0,59,5
13410,zher0,59,5
13419,zher0,55,7
13413,zher0,53,8
13414,zher0,50,9
13416,zher0,49,10
13405,zher0,47,11
13412,zher0,47,11
13418,zher0,45,13
13409,zher0,44,14
13411,zher0,39,15
13408,zher0,26,16
13421,zher0,24,17
8181,zhilenkov,58,1
16261,zhugan,17,1
11804,ziaad98,2,1
19237,ziaad98,2,1
17561,ziad26150,58,1
5822,zigar,11,1
13556,zih07,216,1
1166,zihi,50,1
4692,zilic1,79,1
4690,zilic1,57,2
11377,ziltoid,29,1
13468,ziltoid,29,1
11875,zilzalon,164,1
13807,zilzalon,143,2
13805,zilzalon,47,3
10178,zima1947,40,1
15522,zinedine100,54,1
5360,zingtingaling,41,1
17709,zipa1936,51,1
7869,zito_olaybal_jr,143,1
7863,zito_olaybal_jr,89,2
7866,zito_olaybal_jr,79,3
7857,zito_olaybal_jr,69,4
7865,zito_olaybal_jr,57,5
7867,zito_olaybal_jr,56,6
7861,zito_olaybal_jr,49,7
7860,zito_olaybal_jr,45,8
7864,zito_olaybal_jr,45,8
7862,zito_olaybal_jr,36,10
7858,zito_olaybal_jr,25,11
7868,zito_olaybal_jr,22,12
17382,zivlou,174,1
1486,zixi52,98,1
13096,zixi52,98,1
1489,zixi52,75,3
13099,zixi52,75,3
1484,zixi52,57,5
13094,zixi52,57,5
1488,zixi52,41,7
13098,zixi52,41,7
1487,zixi52,35,9
13097,zixi52,35,9
7917,ziyizhang,98,1
7911,zizonaz,70,1
4747,zjfward,41,1
12303,zlijohnny,66,1
8287,zloyboy,37,1
7352,zmey65,149,1
16710,zmflavius,34,1
7351,zobairq,115,1
4577,zoerichi,60,1
4579,zoerichi,56,2
4587,zoerichi,50,3
4588,zoerichi,50,3
4582,zoerichi,36,5
4585,zoerichi,29,6
4596,zoerichi,20,7
4583,zoerichi,18,8
4599,zoerichi,18,8
4578,zoerichi,10,10
4592,zoerichi,10,10
4594,zoerichi,9,12
4590,zoerichi,6,13
17508,zolap,55,1
19882,zolezoreks,55,1
19466,zombie1451,135,1
16199,zombywo0f,48,1
4914,zonvolt,42,1
8104,zootv,52,1
2297,zoran55,151,1
3915,zorandjordje,67,1
9839,zorannojic,161,1
11920,zorfo08,138,1
6216,zormit,23,1
80,zoro55,64,1
4883,zoro94,157,1
4872,zoro94,122,2
4881,zoro94,110,3
4879,zoro94,87,4
4877,zoro94,64,5
4885,zoro94,64,5
4886,zoro94,2,7
9327,zoroka,60,1
9041,zoroka,44,2
3861,zortex24,119,1
1071,zovar,90,1
12653,zovar,90,1
14520,zovar,90,1
11850,zoxi064,50,1
165,zpectral-chess,34,1
14981,zpytasz,51,1
17257,zpytasz,37,2
16540,zsisk22,164,1
16559,zsisk22,93,2
16541,zsisk22,79,3
16558,zsisk22,57,4
8810,zubajda,44,1
7526,zubejan,49,1
7085,zubi03,42,1
16766,zubkov1,71,1
4740,zubkov1,33,2
6634,zubr2110,81,1
740,zugaddict,48,1
12449,zugaddict,10,2
17726,zugzwang-m8,83,1
18097,zugzwang13,45,1
18763,zulik,58,1
2315,zuluwarrior,78,1
7937,zurdo57,72,1
1453,zuzaramos,58,1
1098,zv_dim,52,1
11188,zvonehr,142,1
9099,zvonimir1932,65,1
15673,zvonkonikolic,33,1
2571,zx10r,59,1
13971,zxxx48923,98,1
10396,zynko,103,1
10397,zynko,87,2
10400,zynko,63,3
10401,zynko,43,4
4722,zzeecco,22,1
17215,zztopillo,26,1
14972,zzzbbb,63,1
19205,zzzimon,70,1
